ISO-10303-21;
HEADER;
/****************************************************************
 * Generated by software with PDElib inside                    *
 * PDElib Version v51a, created Tue 11/30/2010                  *
 * ITI Transcendata (http://www.transcendata.com/)              *
 ****************************************************************/
FILE_DESCRIPTION((''),'2;1');
FILE_NAME('P:\\E-Switch Secure\\3D_MODELS_STP_FORMAT\\320.01E11xxx.stp','2017-12-12T15:06:58',('mroman'),(''),'Autodesk Inventor 2012','Autodesk Inventor 2012','');
FILE_SCHEMA(('CONFIG_CONTROL_DESIGN'));
ENDSEC;
DATA;
#5=APPLICATION_CONTEXT('configuration controlled 3D designs of mechanical parts and assemblies');
#6=APPLICATION_PROTOCOL_DEFINITION('International Standard','ap203_configuration_controlled_3d_design_of_mechanical_parts_and_assemblies_mim_lf',2004,#5);
#7=PRODUCT_CONTEXT('',#5,'mechanical');
#8=PRODUCT('320.01E11xxx','320.01E11xxx',$,(#7));
#9=PRODUCT_RELATED_PRODUCT_CATEGORY('part',$,(#8));
#10=PRODUCT_DEFINITION_FORMATION('',$,#8);
#11=PRODUCT_DEFINITION_CONTEXT('part definition',#5,'design');
#12=PRODUCT_DEFINITION('',$,#10,#11);
#18=(NAMED_UNIT(*)PLANE_ANGLE_UNIT()SI_UNIT($,.RADIAN.));
#19=DIMENSIONAL_EXPONENTS(0.0,0.0,0.0,0.0,0.0,0.0,0.0);
#20=PLANE_ANGLE_MEASURE_WITH_UNIT(PLANE_ANGLE_MEASURE(0.0174532925),#18);
#24=(CONVERSION_BASED_UNIT('DEGREE',#20)NAMED_UNIT(#19)PLANE_ANGLE_UNIT());
#28=(NAMED_UNIT(*)SI_UNIT($,.STERADIAN.)SOLID_ANGLE_UNIT());
#32=(LENGTH_UNIT()NAMED_UNIT(*)SI_UNIT(.CENTI.,.METRE.));
#33=DIMENSIONAL_EXPONENTS(1.0,0.0,0.0,0.0,0.0,0.0,0.0);
#34=LENGTH_MEASURE_WITH_UNIT(LENGTH_MEASURE(2.54),#32);
#38=(CONVERSION_BASED_UNIT('INCH',#34)LENGTH_UNIT()NAMED_UNIT(#33));
#40=UNCERTAINTY_MEASURE_WITH_UNIT(LENGTH_MEASURE(0.000393700787402),#38,'DISTANCE_ACCURACY_VALUE','');
#42=(GEOMETRIC_REPRESENTATION_CONTEXT(3)GLOBAL_UNCERTAINTY_ASSIGNED_CONTEXT((#40))GLOBAL_UNIT_ASSIGNED_CONTEXT((#24,#28,#38))REPRESENTATION_CONTEXT('None','None'));
#43=AXIS2_PLACEMENT_3D('',#44,#45,#46);
#44=CARTESIAN_POINT('',(0.0,0.0,0.0));
#45=DIRECTION('',(0.0,0.0,1.0));
#46=DIRECTION('',(1.0,0.0,0.0));
#47=SHAPE_REPRESENTATION('',(#43),#42);
#48=PRODUCT_DEFINITION_SHAPE('','',#12);
#49=SHAPE_DEFINITION_REPRESENTATION(#48,#47);
#55=(NAMED_UNIT(*)PLANE_ANGLE_UNIT()SI_UNIT($,.RADIAN.));
#56=DIMENSIONAL_EXPONENTS(0.0,0.0,0.0,0.0,0.0,0.0,0.0);
#57=PLANE_ANGLE_MEASURE_WITH_UNIT(PLANE_ANGLE_MEASURE(0.0174532925),#55);
#61=(CONVERSION_BASED_UNIT('DEGREE',#57)NAMED_UNIT(#56)PLANE_ANGLE_UNIT());
#65=(NAMED_UNIT(*)SI_UNIT($,.STERADIAN.)SOLID_ANGLE_UNIT());
#69=(LENGTH_UNIT()NAMED_UNIT(*)SI_UNIT(.MILLI.,.METRE.));
#71=UNCERTAINTY_MEASURE_WITH_UNIT(LENGTH_MEASURE(0.000001),#69,'DISTANCE_ACCURACY_VALUE','');
#73=(GEOMETRIC_REPRESENTATION_CONTEXT(3)GLOBAL_UNCERTAINTY_ASSIGNED_CONTEXT((#71))GLOBAL_UNIT_ASSIGNED_CONTEXT((#61,#65,#69))REPRESENTATION_CONTEXT('','3D'));
#74=CARTESIAN_POINT('',(-0.206692913385827,-6.981232E-017,0.047244094488189));
#75=DIRECTION('',(-0.707106781186548,4.332054E-016,-0.707106781186547));
#76=DIRECTION('',(-0.707106781186547,0.0,0.707106781186548));
#77=AXIS2_PLACEMENT_3D('',#74,#75,#76);
#78=PLANE('',#77);
#79=CARTESIAN_POINT('',(-0.206692913385827,-0.080708661417323,0.047244094488189));
#80=VERTEX_POINT('',#79);
#81=CARTESIAN_POINT('',(-0.226377952755905,-0.080708661417323,0.066929133858268));
#82=VERTEX_POINT('',#81);
#83=CARTESIAN_POINT('',(-0.206692913385827,-0.080708661417323,0.047244094488189));
#84=DIRECTION('',(-0.707106781186538,-1.395812E-014,0.707106781186557));
#85=VECTOR('',#84,0.027838849653014);
#86=LINE('',#83,#85);
#87=EDGE_CURVE('',#80,#82,#86,.T.);
#88=ORIENTED_EDGE('',*,*,#87,.F.);
#89=CARTESIAN_POINT('',(-0.206692913385827,0.080708661417323,0.047244094488189));
#90=VERTEX_POINT('',#89);
#91=CARTESIAN_POINT('',(-0.206692913385827,0.080708661417323,0.047244094488189));
#92=DIRECTION('',(0.0,-1.0,0.0));
#93=VECTOR('',#92,0.161417322834646);
#94=LINE('',#91,#93);
#95=EDGE_CURVE('',#90,#80,#94,.T.);
#96=ORIENTED_EDGE('',*,*,#95,.F.);
#97=CARTESIAN_POINT('',(-0.226377952755905,0.080708661417323,0.066929133858268));
#98=VERTEX_POINT('',#97);
#99=CARTESIAN_POINT('',(-0.226377952755905,0.080708661417323,0.066929133858268));
#100=DIRECTION('',(0.707106781186538,1.096710E-014,-0.707106781186557));
#101=VECTOR('',#100,0.027838849653014);
#102=LINE('',#99,#101);
#103=EDGE_CURVE('',#98,#90,#102,.T.);
#104=ORIENTED_EDGE('',*,*,#103,.F.);
#105=CARTESIAN_POINT('',(-0.226377952755905,-0.080708661417323,0.066929133858268));
#106=DIRECTION('',(0.0,1.0,0.0));
#107=VECTOR('',#106,0.161417322834646);
#108=LINE('',#105,#107);
#109=EDGE_CURVE('',#82,#98,#108,.T.);
#110=ORIENTED_EDGE('',*,*,#109,.F.);
#111=EDGE_LOOP('',(#88,#96,#104,#110));
#112=FACE_OUTER_BOUND('',#111,.T.);
#113=ADVANCED_FACE('',(#112),#78,.F.);
#114=CARTESIAN_POINT('',(-0.226377952755905,-9.498512E-017,0.066929133858268));
#115=DIRECTION('',(-1.0,0.0,0.0));
#116=DIRECTION('',(0.0,0.0,1.0));
#117=AXIS2_PLACEMENT_3D('',#114,#115,#116);
#118=PLANE('',#117);
#119=CARTESIAN_POINT('',(-0.226377952755905,-0.080708661417323,0.155511811023622));
#120=VERTEX_POINT('',#119);
#121=CARTESIAN_POINT('',(-0.226377952755905,-0.080708661417323,0.066929133858268));
#122=DIRECTION('',(0.0,0.0,1.0));
#123=VECTOR('',#122,0.088582677165354);
#124=LINE('',#121,#123);
#125=EDGE_CURVE('',#82,#120,#124,.T.);
#126=ORIENTED_EDGE('',*,*,#125,.F.);
#127=ORIENTED_EDGE('',*,*,#109,.T.);
#128=CARTESIAN_POINT('',(-0.226377952755905,0.080708661417323,0.155511811023622));
#129=VERTEX_POINT('',#128);
#130=CARTESIAN_POINT('',(-0.226377952755905,0.080708661417323,0.155511811023622));
#131=DIRECTION('',(0.0,0.0,-1.0));
#132=VECTOR('',#131,0.088582677165354);
#133=LINE('',#130,#132);
#134=EDGE_CURVE('',#129,#98,#133,.T.);
#135=ORIENTED_EDGE('',*,*,#134,.F.);
#136=CARTESIAN_POINT('',(-0.226377952755905,-0.080708661417323,0.155511811023622));
#137=DIRECTION('',(0.0,1.0,0.0));
#138=VECTOR('',#137,0.161417322834646);
#139=LINE('',#136,#138);
#140=EDGE_CURVE('',#120,#129,#139,.T.);
#141=ORIENTED_EDGE('',*,*,#140,.F.);
#142=EDGE_LOOP('',(#126,#127,#135,#141));
#143=FACE_OUTER_BOUND('',#142,.T.);
#144=ADVANCED_FACE('',(#143),#118,.F.);
#145=CARTESIAN_POINT('',(-0.226377952755905,-1.787588E-016,0.155511811023622));
#146=DIRECTION('',(0.0,0.0,1.0));
#147=DIRECTION('',(1.0,0.0,0.0));
#148=AXIS2_PLACEMENT_3D('',#145,#146,#147);
#149=PLANE('',#148);
#150=CARTESIAN_POINT('',(-0.206692913385827,-0.080708661417323,0.155511811023622));
#151=VERTEX_POINT('',#150);
#152=CARTESIAN_POINT('',(-0.226377952755905,-0.080708661417323,0.155511811023622));
#153=DIRECTION('',(1.0,0.0,0.0));
#154=VECTOR('',#153,0.019685039370078);
#155=LINE('',#152,#154);
#156=EDGE_CURVE('',#120,#151,#155,.T.);
#157=ORIENTED_EDGE('',*,*,#156,.F.);
#158=ORIENTED_EDGE('',*,*,#140,.T.);
#159=CARTESIAN_POINT('',(-0.206692913385827,0.080708661417323,0.155511811023622));
#160=VERTEX_POINT('',#159);
#161=CARTESIAN_POINT('',(-0.206692913385827,0.080708661417323,0.155511811023622));
#162=DIRECTION('',(-1.0,0.0,0.0));
#163=VECTOR('',#162,0.019685039370078);
#164=LINE('',#161,#163);
#165=EDGE_CURVE('',#160,#129,#164,.T.);
#166=ORIENTED_EDGE('',*,*,#165,.F.);
#167=CARTESIAN_POINT('',(-0.206692913385827,-0.080708661417323,0.155511811023622));
#168=DIRECTION('',(0.0,1.0,0.0));
#169=VECTOR('',#168,0.161417322834646);
#170=LINE('',#167,#169);
#171=EDGE_CURVE('',#151,#160,#170,.T.);
#172=ORIENTED_EDGE('',*,*,#171,.F.);
#173=EDGE_LOOP('',(#157,#158,#166,#172));
#174=FACE_OUTER_BOUND('',#173,.T.);
#175=ADVANCED_FACE('',(#174),#149,.F.);
#176=CARTESIAN_POINT('',(-0.206692913385827,0.206692913385827,0.244094488188976));
#177=DIRECTION('',(-1.0,0.0,0.0));
#178=DIRECTION('',(0.0,0.0,1.0));
#179=AXIS2_PLACEMENT_3D('',#176,#177,#178);
#180=PLANE('',#179);
#181=ORIENTED_EDGE('',*,*,#171,.T.);
#182=CARTESIAN_POINT('',(-0.206692913385827,0.080708661417323,0.179133858267717));
#183=VERTEX_POINT('',#182);
#184=CARTESIAN_POINT('',(-0.206692913385827,0.080708661417323,0.155511811023622));
#185=DIRECTION('',(0.0,0.0,1.0));
#186=VECTOR('',#185,0.023622047244094);
#187=LINE('',#184,#186);
#188=EDGE_CURVE('',#160,#183,#187,.T.);
#189=ORIENTED_EDGE('',*,*,#188,.T.);
#190=CARTESIAN_POINT('',(-0.206692913385827,0.120078740157481,0.179133858267717));
#191=VERTEX_POINT('',#190);
#192=CARTESIAN_POINT('',(-0.206692913385827,0.080708661417323,0.179133858267717));
#193=DIRECTION('',(0.0,1.0,0.0));
#194=VECTOR('',#193,0.039370078740158);
#195=LINE('',#192,#194);
#196=EDGE_CURVE('',#183,#191,#195,.T.);
#197=ORIENTED_EDGE('',*,*,#196,.T.);
#198=CARTESIAN_POINT('',(-0.206692913385827,0.120078740157481,0.047244094488189));
#199=VERTEX_POINT('',#198);
#200=CARTESIAN_POINT('',(-0.206692913385827,0.120078740157481,0.179133858267717));
#201=DIRECTION('',(0.0,0.0,-1.0));
#202=VECTOR('',#201,0.131889763779528);
#203=LINE('',#200,#202);
#204=EDGE_CURVE('',#191,#199,#203,.T.);
#205=ORIENTED_EDGE('',*,*,#204,.T.);
#206=CARTESIAN_POINT('',(-0.206692913385827,0.206692913385827,0.047244094488189));
#207=VERTEX_POINT('',#206);
#208=CARTESIAN_POINT('',(-0.206692913385827,0.206692913385827,0.047244094488189));
#209=DIRECTION('',(0.0,-1.0,0.0));
#210=VECTOR('',#209,0.086614173228346);
#211=LINE('',#208,#210);
#212=EDGE_CURVE('',#207,#199,#211,.T.);
#213=ORIENTED_EDGE('',*,*,#212,.F.);
#214=CARTESIAN_POINT('',(-0.206692913385827,0.206692913385827,0.244094488188976));
#215=VERTEX_POINT('',#214);
#216=CARTESIAN_POINT('',(-0.206692913385827,0.206692913385827,0.244094488188976));
#217=DIRECTION('',(0.0,0.0,-1.0));
#218=VECTOR('',#217,0.196850393700788);
#219=LINE('',#216,#218);
#220=EDGE_CURVE('',#215,#207,#219,.T.);
#221=ORIENTED_EDGE('',*,*,#220,.F.);
#222=CARTESIAN_POINT('',(-0.206692913385827,-0.206692913385827,0.244094488188976));
#223=VERTEX_POINT('',#222);
#224=CARTESIAN_POINT('',(-0.206692913385827,-0.206692913385827,0.244094488188976));
#225=DIRECTION('',(0.0,1.0,0.0));
#226=VECTOR('',#225,0.413385826771654);
#227=LINE('',#224,#226);
#228=EDGE_CURVE('',#223,#215,#227,.T.);
#229=ORIENTED_EDGE('',*,*,#228,.F.);
#230=CARTESIAN_POINT('',(-0.206692913385827,-0.206692913385827,0.047244094488189));
#231=VERTEX_POINT('',#230);
#232=CARTESIAN_POINT('',(-0.206692913385827,-0.206692913385827,0.244094488188976));
#233=DIRECTION('',(0.0,0.0,-1.0));
#234=VECTOR('',#233,0.196850393700788);
#235=LINE('',#232,#234);
#236=EDGE_CURVE('',#223,#231,#235,.T.);
#237=ORIENTED_EDGE('',*,*,#236,.T.);
#238=CARTESIAN_POINT('',(-0.206692913385827,-0.12007874015748,0.047244094488189));
#239=VERTEX_POINT('',#238);
#240=CARTESIAN_POINT('',(-0.206692913385827,-0.12007874015748,0.047244094488189));
#241=DIRECTION('',(0.0,-1.0,0.0));
#242=VECTOR('',#241,0.086614173228347);
#243=LINE('',#240,#242);
#244=EDGE_CURVE('',#239,#231,#243,.T.);
#245=ORIENTED_EDGE('',*,*,#244,.F.);
#246=CARTESIAN_POINT('',(-0.206692913385827,-0.12007874015748,0.179133858267717));
#247=VERTEX_POINT('',#246);
#248=CARTESIAN_POINT('',(-0.206692913385827,-0.12007874015748,0.047244094488189));
#249=DIRECTION('',(0.0,0.0,1.0));
#250=VECTOR('',#249,0.131889763779528);
#251=LINE('',#248,#250);
#252=EDGE_CURVE('',#239,#247,#251,.T.);
#253=ORIENTED_EDGE('',*,*,#252,.T.);
#254=CARTESIAN_POINT('',(-0.206692913385827,-0.080708661417323,0.179133858267717));
#255=VERTEX_POINT('',#254);
#256=CARTESIAN_POINT('',(-0.206692913385827,-0.12007874015748,0.179133858267717));
#257=DIRECTION('',(0.0,1.0,0.0));
#258=VECTOR('',#257,0.039370078740158);
#259=LINE('',#256,#258);
#260=EDGE_CURVE('',#247,#255,#259,.T.);
#261=ORIENTED_EDGE('',*,*,#260,.T.);
#262=CARTESIAN_POINT('',(-0.206692913385827,-0.080708661417323,0.179133858267717));
#263=DIRECTION('',(0.0,0.0,-1.0));
#264=VECTOR('',#263,0.023622047244094);
#265=LINE('',#262,#264);
#266=EDGE_CURVE('',#255,#151,#265,.T.);
#267=ORIENTED_EDGE('',*,*,#266,.T.);
#268=EDGE_LOOP('',(#181,#189,#197,#205,#213,#221,#229,#237,#245,#253,#261,#267));
#269=FACE_OUTER_BOUND('',#268,.T.);
#270=ADVANCED_FACE('',(#269),#180,.F.);
#271=CARTESIAN_POINT('',(0.226377952755906,6.556435E-017,0.066929133858268));
#272=DIRECTION('',(0.707106781186547,1.292454E-015,-0.707106781186548));
#273=DIRECTION('',(-0.707106781186548,0.0,-0.707106781186547));
#274=AXIS2_PLACEMENT_3D('',#271,#272,#273);
#275=PLANE('',#274);
#276=CARTESIAN_POINT('',(0.206692913385827,-0.080708661417323,0.047244094488189));
#277=VERTEX_POINT('',#276);
#278=CARTESIAN_POINT('',(0.226377952755905,-0.080708661417323,0.066929133858267));
#279=VERTEX_POINT('',#278);
#280=CARTESIAN_POINT('',(0.206692913385827,-0.080708661417323,0.047244094488189));
#281=DIRECTION('',(0.707106781186544,-4.486539E-015,0.707106781186551));
#282=VECTOR('',#281,0.027838849653013);
#283=LINE('',#280,#282);
#284=EDGE_CURVE('',#277,#279,#283,.T.);
#285=ORIENTED_EDGE('',*,*,#284,.T.);
#286=CARTESIAN_POINT('',(0.226377952755905,0.080708661417323,0.066929133858268));
#287=VERTEX_POINT('',#286);
#288=CARTESIAN_POINT('',(0.226377952755905,-0.080708661417323,0.066929133858267));
#289=DIRECTION('',(0.0,1.0,0.0));
#290=VECTOR('',#289,0.161417322834646);
#291=LINE('',#288,#290);
#292=EDGE_CURVE('',#279,#287,#291,.T.);
#293=ORIENTED_EDGE('',*,*,#292,.T.);
#294=CARTESIAN_POINT('',(0.206692913385827,0.080708661417323,0.047244094488189));
#295=VERTEX_POINT('',#294);
#296=CARTESIAN_POINT('',(0.226377952755905,0.080708661417323,0.066929133858268));
#297=DIRECTION('',(-0.707106781186539,2.991026E-015,-0.707106781186556));
#298=VECTOR('',#297,0.027838849653013);
#299=LINE('',#296,#298);
#300=EDGE_CURVE('',#287,#295,#299,.T.);
#301=ORIENTED_EDGE('',*,*,#300,.T.);
#302=CARTESIAN_POINT('',(0.206692913385827,-0.080708661417323,0.047244094488189));
#303=DIRECTION('',(0.0,1.0,0.0));
#304=VECTOR('',#303,0.161417322834646);
#305=LINE('',#302,#304);
#306=EDGE_CURVE('',#277,#295,#305,.T.);
#307=ORIENTED_EDGE('',*,*,#306,.F.);
#308=EDGE_LOOP('',(#285,#293,#301,#307));
#309=FACE_OUTER_BOUND('',#308,.T.);
#310=ADVANCED_FACE('',(#309),#275,.F.);
#311=CARTESIAN_POINT('',(0.226377952755905,0.080708661417323,0.111220472440945));
#312=DIRECTION('',(1.0,0.0,0.0));
#313=DIRECTION('',(0.0,0.0,-1.0));
#314=AXIS2_PLACEMENT_3D('',#311,#312,#313);
#315=PLANE('',#314);
#316=CARTESIAN_POINT('',(0.226377952755906,-0.080708661417323,0.155511811023622));
#317=VERTEX_POINT('',#316);
#318=CARTESIAN_POINT('',(0.226377952755905,-0.080708661417323,0.066929133858267));
#319=DIRECTION('',(0.0,0.0,1.0));
#320=VECTOR('',#319,0.088582677165354);
#321=LINE('',#318,#320);
#322=EDGE_CURVE('',#279,#317,#321,.T.);
#323=ORIENTED_EDGE('',*,*,#322,.T.);
#324=CARTESIAN_POINT('',(0.226377952755905,0.080708661417323,0.155511811023622));
#325=VERTEX_POINT('',#324);
#326=CARTESIAN_POINT('',(0.226377952755906,-0.080708661417323,0.155511811023622));
#327=DIRECTION('',(0.0,1.0,0.0));
#328=VECTOR('',#327,0.161417322834646);
#329=LINE('',#326,#328);
#330=EDGE_CURVE('',#317,#325,#329,.T.);
#331=ORIENTED_EDGE('',*,*,#330,.T.);
#332=CARTESIAN_POINT('',(0.226377952755905,0.080708661417323,0.155511811023622));
#333=DIRECTION('',(0.0,0.0,-1.0));
#334=VECTOR('',#333,0.088582677165354);
#335=LINE('',#332,#334);
#336=EDGE_CURVE('',#325,#287,#335,.T.);
#337=ORIENTED_EDGE('',*,*,#336,.T.);
#338=ORIENTED_EDGE('',*,*,#292,.F.);
#339=EDGE_LOOP('',(#323,#331,#337,#338));
#340=FACE_OUTER_BOUND('',#339,.T.);
#341=ADVANCED_FACE('',(#340),#315,.F.);
#342=CARTESIAN_POINT('',(0.226377952755906,-2.185478E-017,0.155511811023622));
#343=DIRECTION('',(0.0,0.0,1.0));
#344=DIRECTION('',(1.0,0.0,0.0));
#345=AXIS2_PLACEMENT_3D('',#342,#343,#344);
#346=PLANE('',#345);
#347=CARTESIAN_POINT('',(0.206692913385827,-0.080708661417323,0.155511811023622));
#348=VERTEX_POINT('',#347);
#349=CARTESIAN_POINT('',(0.226377952755906,-0.080708661417323,0.155511811023622));
#350=DIRECTION('',(-1.0,0.0,0.0));
#351=VECTOR('',#350,0.019685039370078);
#352=LINE('',#349,#351);
#353=EDGE_CURVE('',#317,#348,#352,.T.);
#354=ORIENTED_EDGE('',*,*,#353,.T.);
#355=CARTESIAN_POINT('',(0.206692913385827,0.080708661417323,0.155511811023622));
#356=VERTEX_POINT('',#355);
#357=CARTESIAN_POINT('',(0.206692913385827,0.080708661417323,0.155511811023622));
#358=DIRECTION('',(0.0,-1.0,0.0));
#359=VECTOR('',#358,0.161417322834646);
#360=LINE('',#357,#359);
#361=EDGE_CURVE('',#356,#348,#360,.T.);
#362=ORIENTED_EDGE('',*,*,#361,.F.);
#363=CARTESIAN_POINT('',(0.206692913385827,0.080708661417323,0.155511811023622));
#364=DIRECTION('',(1.0,0.0,0.0));
#365=VECTOR('',#364,0.019685039370078);
#366=LINE('',#363,#365);
#367=EDGE_CURVE('',#356,#325,#366,.T.);
#368=ORIENTED_EDGE('',*,*,#367,.T.);
#369=ORIENTED_EDGE('',*,*,#330,.F.);
#370=EDGE_LOOP('',(#354,#362,#368,#369));
#371=FACE_OUTER_BOUND('',#370,.T.);
#372=ADVANCED_FACE('',(#371),#346,.F.);
#373=CARTESIAN_POINT('',(0.0,-0.226377952755905,0.066929133858268));
#374=DIRECTION('',(0.0,-0.707106781186548,-0.707106781186547));
#375=DIRECTION('',(-1.0,0.0,0.0));
#376=AXIS2_PLACEMENT_3D('',#373,#374,#375);
#377=PLANE('',#376);
#378=CARTESIAN_POINT('',(-0.080708661417323,-0.206692913385827,0.047244094488189));
#379=VERTEX_POINT('',#378);
#380=CARTESIAN_POINT('',(-0.080708661417323,-0.226377952755905,0.066929133858268));
#381=VERTEX_POINT('',#380);
#382=CARTESIAN_POINT('',(-0.080708661417323,-0.206692913385827,0.047244094488189));
#383=DIRECTION('',(-1.495513E-015,-0.707106781186542,0.707106781186553));
#384=VECTOR('',#383,0.027838849653013);
#385=LINE('',#382,#384);
#386=EDGE_CURVE('',#379,#381,#385,.T.);
#387=ORIENTED_EDGE('',*,*,#386,.T.);
#388=CARTESIAN_POINT('',(0.080708661417323,-0.226377952755905,0.066929133858268));
#389=VERTEX_POINT('',#388);
#390=CARTESIAN_POINT('',(-0.080708661417323,-0.226377952755905,0.066929133858268));
#391=DIRECTION('',(1.0,0.0,0.0));
#392=VECTOR('',#391,0.161417322834646);
#393=LINE('',#390,#392);
#394=EDGE_CURVE('',#381,#389,#393,.T.);
#395=ORIENTED_EDGE('',*,*,#394,.T.);
#396=CARTESIAN_POINT('',(0.080708661417323,-0.206692913385827,0.047244094488189));
#397=VERTEX_POINT('',#396);
#398=CARTESIAN_POINT('',(0.080708661417323,-0.226377952755905,0.066929133858268));
#399=DIRECTION('',(-1.994017E-015,0.707106781186541,-0.707106781186554));
#400=VECTOR('',#399,0.027838849653013);
#401=LINE('',#398,#400);
#402=EDGE_CURVE('',#389,#397,#401,.T.);
#403=ORIENTED_EDGE('',*,*,#402,.T.);
#404=CARTESIAN_POINT('',(-0.080708661417323,-0.206692913385827,0.047244094488189));
#405=DIRECTION('',(1.0,0.0,0.0));
#406=VECTOR('',#405,0.161417322834646);
#407=LINE('',#404,#406);
#408=EDGE_CURVE('',#379,#397,#407,.T.);
#409=ORIENTED_EDGE('',*,*,#408,.F.);
#410=EDGE_LOOP('',(#387,#395,#403,#409));
#411=FACE_OUTER_BOUND('',#410,.T.);
#412=ADVANCED_FACE('',(#411),#377,.F.);
#413=CARTESIAN_POINT('',(0.080708661417323,-0.226377952755905,0.111220472440945));
#414=DIRECTION('',(0.0,-1.0,0.0));
#415=DIRECTION('',(0.0,0.0,-1.0));
#416=AXIS2_PLACEMENT_3D('',#413,#414,#415);
#417=PLANE('',#416);
#418=CARTESIAN_POINT('',(-0.080708661417323,-0.226377952755905,0.155511811023622));
#419=VERTEX_POINT('',#418);
#420=CARTESIAN_POINT('',(-0.080708661417323,-0.226377952755905,0.066929133858268));
#421=DIRECTION('',(0.0,0.0,1.0));
#422=VECTOR('',#421,0.088582677165354);
#423=LINE('',#420,#422);
#424=EDGE_CURVE('',#381,#419,#423,.T.);
#425=ORIENTED_EDGE('',*,*,#424,.T.);
#426=CARTESIAN_POINT('',(0.080708661417323,-0.226377952755905,0.155511811023622));
#427=VERTEX_POINT('',#426);
#428=CARTESIAN_POINT('',(-0.080708661417323,-0.226377952755905,0.155511811023622));
#429=DIRECTION('',(1.0,0.0,0.0));
#430=VECTOR('',#429,0.161417322834646);
#431=LINE('',#428,#430);
#432=EDGE_CURVE('',#419,#427,#431,.T.);
#433=ORIENTED_EDGE('',*,*,#432,.T.);
#434=CARTESIAN_POINT('',(0.080708661417323,-0.226377952755905,0.155511811023622));
#435=DIRECTION('',(0.0,0.0,-1.0));
#436=VECTOR('',#435,0.088582677165354);
#437=LINE('',#434,#436);
#438=EDGE_CURVE('',#427,#389,#437,.T.);
#439=ORIENTED_EDGE('',*,*,#438,.T.);
#440=ORIENTED_EDGE('',*,*,#394,.F.);
#441=EDGE_LOOP('',(#425,#433,#439,#440));
#442=FACE_OUTER_BOUND('',#441,.T.);
#443=ADVANCED_FACE('',(#442),#417,.F.);
#444=CARTESIAN_POINT('',(0.0,-0.226377952755905,0.155511811023622));
#445=DIRECTION('',(0.0,0.0,1.0));
#446=DIRECTION('',(1.0,0.0,0.0));
#447=AXIS2_PLACEMENT_3D('',#444,#445,#446);
#448=PLANE('',#447);
#449=CARTESIAN_POINT('',(-0.080708661417323,-0.206692913385827,0.155511811023622));
#450=VERTEX_POINT('',#449);
#451=CARTESIAN_POINT('',(-0.080708661417323,-0.226377952755905,0.155511811023622));
#452=DIRECTION('',(0.0,1.0,0.0));
#453=VECTOR('',#452,0.019685039370078);
#454=LINE('',#451,#453);
#455=EDGE_CURVE('',#419,#450,#454,.T.);
#456=ORIENTED_EDGE('',*,*,#455,.T.);
#457=CARTESIAN_POINT('',(0.080708661417323,-0.206692913385827,0.155511811023622));
#458=VERTEX_POINT('',#457);
#459=CARTESIAN_POINT('',(0.080708661417323,-0.206692913385827,0.155511811023622));
#460=DIRECTION('',(-1.0,0.0,0.0));
#461=VECTOR('',#460,0.161417322834646);
#462=LINE('',#459,#461);
#463=EDGE_CURVE('',#458,#450,#462,.T.);
#464=ORIENTED_EDGE('',*,*,#463,.F.);
#465=CARTESIAN_POINT('',(0.080708661417323,-0.206692913385827,0.155511811023622));
#466=DIRECTION('',(0.0,-1.0,0.0));
#467=VECTOR('',#466,0.019685039370078);
#468=LINE('',#465,#467);
#469=EDGE_CURVE('',#458,#427,#468,.T.);
#470=ORIENTED_EDGE('',*,*,#469,.T.);
#471=ORIENTED_EDGE('',*,*,#432,.F.);
#472=EDGE_LOOP('',(#456,#464,#470,#471));
#473=FACE_OUTER_BOUND('',#472,.T.);
#474=ADVANCED_FACE('',(#473),#448,.F.);
#475=CARTESIAN_POINT('',(0.0,0.206692913385827,0.047244094488189));
#476=DIRECTION('',(0.0,0.707106781186548,-0.707106781186547));
#477=DIRECTION('',(-1.0,0.0,0.0));
#478=AXIS2_PLACEMENT_3D('',#475,#476,#477);
#479=PLANE('',#478);
#480=CARTESIAN_POINT('',(-0.080708661417323,0.206692913385827,0.047244094488189));
#481=VERTEX_POINT('',#480);
#482=CARTESIAN_POINT('',(-0.080708661417323,0.226377952755905,0.066929133858268));
#483=VERTEX_POINT('',#482);
#484=CARTESIAN_POINT('',(-0.080708661417323,0.206692913385827,0.047244094488189));
#485=DIRECTION('',(9.970087E-016,0.707106781186549,0.707106781186546));
#486=VECTOR('',#485,0.027838849653014);
#487=LINE('',#484,#486);
#488=EDGE_CURVE('',#481,#483,#487,.T.);
#489=ORIENTED_EDGE('',*,*,#488,.F.);
#490=CARTESIAN_POINT('',(0.080708661417323,0.206692913385827,0.047244094488189));
#491=VERTEX_POINT('',#490);
#492=CARTESIAN_POINT('',(0.080708661417323,0.206692913385827,0.047244094488189));
#493=DIRECTION('',(-1.0,0.0,0.0));
#494=VECTOR('',#493,0.161417322834646);
#495=LINE('',#492,#494);
#496=EDGE_CURVE('',#491,#481,#495,.T.);
#497=ORIENTED_EDGE('',*,*,#496,.F.);
#498=CARTESIAN_POINT('',(0.080708661417323,0.226377952755905,0.066929133858268));
#499=VERTEX_POINT('',#498);
#500=CARTESIAN_POINT('',(0.080708661417323,0.226377952755905,0.066929133858268));
#501=DIRECTION('',(-1.994017E-015,-0.707106781186541,-0.707106781186554));
#502=VECTOR('',#501,0.027838849653013);
#503=LINE('',#500,#502);
#504=EDGE_CURVE('',#499,#491,#503,.T.);
#505=ORIENTED_EDGE('',*,*,#504,.F.);
#506=CARTESIAN_POINT('',(-0.080708661417323,0.226377952755905,0.066929133858268));
#507=DIRECTION('',(1.0,0.0,0.0));
#508=VECTOR('',#507,0.161417322834646);
#509=LINE('',#506,#508);
#510=EDGE_CURVE('',#483,#499,#509,.T.);
#511=ORIENTED_EDGE('',*,*,#510,.F.);
#512=EDGE_LOOP('',(#489,#497,#505,#511));
#513=FACE_OUTER_BOUND('',#512,.T.);
#514=ADVANCED_FACE('',(#513),#479,.F.);
#515=CARTESIAN_POINT('',(0.0,0.226377952755905,0.066929133858268));
#516=DIRECTION('',(0.0,1.0,0.0));
#517=DIRECTION('',(0.0,0.0,1.0));
#518=AXIS2_PLACEMENT_3D('',#515,#516,#517);
#519=PLANE('',#518);
#520=CARTESIAN_POINT('',(-0.080708661417323,0.226377952755905,0.155511811023622));
#521=VERTEX_POINT('',#520);
#522=CARTESIAN_POINT('',(-0.080708661417323,0.226377952755905,0.066929133858268));
#523=DIRECTION('',(0.0,0.0,1.0));
#524=VECTOR('',#523,0.088582677165354);
#525=LINE('',#522,#524);
#526=EDGE_CURVE('',#483,#521,#525,.T.);
#527=ORIENTED_EDGE('',*,*,#526,.F.);
#528=ORIENTED_EDGE('',*,*,#510,.T.);
#529=CARTESIAN_POINT('',(0.080708661417323,0.226377952755905,0.155511811023622));
#530=VERTEX_POINT('',#529);
#531=CARTESIAN_POINT('',(0.080708661417323,0.226377952755905,0.155511811023622));
#532=DIRECTION('',(0.0,0.0,-1.0));
#533=VECTOR('',#532,0.088582677165354);
#534=LINE('',#531,#533);
#535=EDGE_CURVE('',#530,#499,#534,.T.);
#536=ORIENTED_EDGE('',*,*,#535,.F.);
#537=CARTESIAN_POINT('',(-0.080708661417323,0.226377952755905,0.155511811023622));
#538=DIRECTION('',(1.0,0.0,0.0));
#539=VECTOR('',#538,0.161417322834646);
#540=LINE('',#537,#539);
#541=EDGE_CURVE('',#521,#530,#540,.T.);
#542=ORIENTED_EDGE('',*,*,#541,.F.);
#543=EDGE_LOOP('',(#527,#528,#536,#542));
#544=FACE_OUTER_BOUND('',#543,.T.);
#545=ADVANCED_FACE('',(#544),#519,.F.);
#546=CARTESIAN_POINT('',(0.0,0.226377952755905,0.155511811023622));
#547=DIRECTION('',(0.0,0.0,1.0));
#548=DIRECTION('',(1.0,0.0,0.0));
#549=AXIS2_PLACEMENT_3D('',#546,#547,#548);
#550=PLANE('',#549);
#551=CARTESIAN_POINT('',(-0.080708661417323,0.206692913385827,0.155511811023622));
#552=VERTEX_POINT('',#551);
#553=CARTESIAN_POINT('',(-0.080708661417323,0.226377952755905,0.155511811023622));
#554=DIRECTION('',(0.0,-1.0,0.0));
#555=VECTOR('',#554,0.019685039370078);
#556=LINE('',#553,#555);
#557=EDGE_CURVE('',#521,#552,#556,.T.);
#558=ORIENTED_EDGE('',*,*,#557,.F.);
#559=ORIENTED_EDGE('',*,*,#541,.T.);
#560=CARTESIAN_POINT('',(0.080708661417323,0.206692913385827,0.155511811023622));
#561=VERTEX_POINT('',#560);
#562=CARTESIAN_POINT('',(0.080708661417323,0.206692913385827,0.155511811023622));
#563=DIRECTION('',(0.0,1.0,0.0));
#564=VECTOR('',#563,0.019685039370078);
#565=LINE('',#562,#564);
#566=EDGE_CURVE('',#561,#530,#565,.T.);
#567=ORIENTED_EDGE('',*,*,#566,.F.);
#568=CARTESIAN_POINT('',(-0.080708661417323,0.206692913385827,0.155511811023622));
#569=DIRECTION('',(1.0,0.0,0.0));
#570=VECTOR('',#569,0.161417322834646);
#571=LINE('',#568,#570);
#572=EDGE_CURVE('',#552,#561,#571,.T.);
#573=ORIENTED_EDGE('',*,*,#572,.F.);
#574=EDGE_LOOP('',(#558,#559,#567,#573));
#575=FACE_OUTER_BOUND('',#574,.T.);
#576=ADVANCED_FACE('',(#575),#550,.F.);
#577=CARTESIAN_POINT('',(0.206692913385827,0.206692913385827,0.244094488188976));
#578=DIRECTION('',(0.0,1.0,0.0));
#579=DIRECTION('',(0.0,0.0,1.0));
#580=AXIS2_PLACEMENT_3D('',#577,#578,#579);
#581=PLANE('',#580);
#582=ORIENTED_EDGE('',*,*,#572,.T.);
#583=CARTESIAN_POINT('',(0.080708661417323,0.206692913385827,0.179133858267717));
#584=VERTEX_POINT('',#583);
#585=CARTESIAN_POINT('',(0.080708661417323,0.206692913385827,0.155511811023622));
#586=DIRECTION('',(0.0,0.0,1.0));
#587=VECTOR('',#586,0.023622047244095);
#588=LINE('',#585,#587);
#589=EDGE_CURVE('',#561,#584,#588,.T.);
#590=ORIENTED_EDGE('',*,*,#589,.T.);
#591=CARTESIAN_POINT('',(0.12007874015748,0.206692913385827,0.179133858267717));
#592=VERTEX_POINT('',#591);
#593=CARTESIAN_POINT('',(0.080708661417323,0.206692913385827,0.179133858267717));
#594=DIRECTION('',(1.0,0.0,0.0));
#595=VECTOR('',#594,0.039370078740157);
#596=LINE('',#593,#595);
#597=EDGE_CURVE('',#584,#592,#596,.T.);
#598=ORIENTED_EDGE('',*,*,#597,.T.);
#599=CARTESIAN_POINT('',(0.12007874015748,0.206692913385827,0.047244094488189));
#600=VERTEX_POINT('',#599);
#601=CARTESIAN_POINT('',(0.12007874015748,0.206692913385827,0.179133858267717));
#602=DIRECTION('',(0.0,0.0,-1.0));
#603=VECTOR('',#602,0.131889763779528);
#604=LINE('',#601,#603);
#605=EDGE_CURVE('',#592,#600,#604,.T.);
#606=ORIENTED_EDGE('',*,*,#605,.T.);
#607=CARTESIAN_POINT('',(0.195557373524622,0.206692913385827,0.047244094488189));
#608=VERTEX_POINT('',#607);
#609=CARTESIAN_POINT('',(0.195557373524622,0.206692913385827,0.047244094488189));
#610=DIRECTION('',(-1.0,0.0,0.0));
#611=VECTOR('',#610,0.075478633367141);
#612=LINE('',#609,#611);
#613=EDGE_CURVE('',#608,#600,#612,.T.);
#614=ORIENTED_EDGE('',*,*,#613,.F.);
#615=CARTESIAN_POINT('',(0.206692913385827,0.206692913385827,0.047244094488189));
#616=VERTEX_POINT('',#615);
#617=CARTESIAN_POINT('',(0.206692913385827,0.206692913385827,0.047244094488189));
#618=DIRECTION('',(-1.0,0.0,0.0));
#619=VECTOR('',#618,0.011135539861205);
#620=LINE('',#617,#619);
#621=EDGE_CURVE('',#616,#608,#620,.T.);
#622=ORIENTED_EDGE('',*,*,#621,.F.);
#623=CARTESIAN_POINT('',(0.206692913385827,0.206692913385827,0.244094488188976));
#624=VERTEX_POINT('',#623);
#625=CARTESIAN_POINT('',(0.206692913385827,0.206692913385827,0.244094488188976));
#626=DIRECTION('',(0.0,0.0,-1.0));
#627=VECTOR('',#626,0.196850393700788);
#628=LINE('',#625,#627);
#629=EDGE_CURVE('',#624,#616,#628,.T.);
#630=ORIENTED_EDGE('',*,*,#629,.F.);
#631=CARTESIAN_POINT('',(-0.206692913385827,0.206692913385827,0.244094488188976));
#632=DIRECTION('',(1.0,0.0,0.0));
#633=VECTOR('',#632,0.413385826771654);
#634=LINE('',#631,#633);
#635=EDGE_CURVE('',#215,#624,#634,.T.);
#636=ORIENTED_EDGE('',*,*,#635,.F.);
#637=ORIENTED_EDGE('',*,*,#220,.T.);
#638=CARTESIAN_POINT('',(-0.12007874015748,0.206692913385827,0.047244094488189));
#639=VERTEX_POINT('',#638);
#640=CARTESIAN_POINT('',(-0.12007874015748,0.206692913385827,0.047244094488189));
#641=DIRECTION('',(-1.0,0.0,0.0));
#642=VECTOR('',#641,0.086614173228346);
#643=LINE('',#640,#642);
#644=EDGE_CURVE('',#639,#207,#643,.T.);
#645=ORIENTED_EDGE('',*,*,#644,.F.);
#646=CARTESIAN_POINT('',(-0.12007874015748,0.206692913385827,0.179133858267717));
#647=VERTEX_POINT('',#646);
#648=CARTESIAN_POINT('',(-0.12007874015748,0.206692913385827,0.047244094488189));
#649=DIRECTION('',(0.0,0.0,1.0));
#650=VECTOR('',#649,0.131889763779528);
#651=LINE('',#648,#650);
#652=EDGE_CURVE('',#639,#647,#651,.T.);
#653=ORIENTED_EDGE('',*,*,#652,.T.);
#654=CARTESIAN_POINT('',(-0.080708661417323,0.206692913385827,0.179133858267717));
#655=VERTEX_POINT('',#654);
#656=CARTESIAN_POINT('',(-0.12007874015748,0.206692913385827,0.179133858267717));
#657=DIRECTION('',(1.0,0.0,0.0));
#658=VECTOR('',#657,0.039370078740158);
#659=LINE('',#656,#658);
#660=EDGE_CURVE('',#647,#655,#659,.T.);
#661=ORIENTED_EDGE('',*,*,#660,.T.);
#662=CARTESIAN_POINT('',(-0.080708661417323,0.206692913385827,0.179133858267717));
#663=DIRECTION('',(0.0,0.0,-1.0));
#664=VECTOR('',#663,0.023622047244095);
#665=LINE('',#662,#664);
#666=EDGE_CURVE('',#655,#552,#665,.T.);
#667=ORIENTED_EDGE('',*,*,#666,.T.);
#668=EDGE_LOOP('',(#582,#590,#598,#606,#614,#622,#630,#636,#637,#645,#653,#661,#667));
#669=FACE_OUTER_BOUND('',#668,.T.);
#670=ADVANCED_FACE('',(#669),#581,.F.);
#671=CARTESIAN_POINT('',(0.174606299212598,0.186417322834646,0.0));
#672=DIRECTION('',(0.707106781186546,0.707106781186549,0.0));
#673=DIRECTION('',(0.0,0.0,-1.0));
#674=AXIS2_PLACEMENT_3D('',#671,#672,#673);
#675=PLANE('',#674);
#676=CARTESIAN_POINT('',(0.174606299212598,0.186417322834646,0.039370078740157));
#677=VERTEX_POINT('',#676);
#678=CARTESIAN_POINT('',(0.186417322834646,0.174606299212599,0.039370078740157));
#679=VERTEX_POINT('',#678);
#680=CARTESIAN_POINT('',(0.174606299212598,0.186417322834646,0.039370078740157));
#681=DIRECTION('',(0.707106781186548,-0.707106781186547,0.0));
#682=VECTOR('',#681,0.016703309791808);
#683=LINE('',#680,#682);
#684=EDGE_CURVE('',#677,#679,#683,.T.);
#685=ORIENTED_EDGE('',*,*,#684,.F.);
#686=CARTESIAN_POINT('',(0.174606299212598,0.186417322834646,0.0));
#687=VERTEX_POINT('',#686);
#688=CARTESIAN_POINT('',(0.174606299212598,0.186417322834646,0.0));
#689=DIRECTION('',(0.0,0.0,1.0));
#690=VECTOR('',#689,0.039370078740157);
#691=LINE('',#688,#690);
#692=EDGE_CURVE('',#687,#677,#691,.T.);
#693=ORIENTED_EDGE('',*,*,#692,.F.);
#694=CARTESIAN_POINT('',(0.186417322834646,0.174606299212599,0.0));
#695=VERTEX_POINT('',#694);
#696=CARTESIAN_POINT('',(0.186417322834646,0.174606299212599,0.0));
#697=DIRECTION('',(-0.707106781186548,0.707106781186547,0.0));
#698=VECTOR('',#697,0.016703309791808);
#699=LINE('',#696,#698);
#700=EDGE_CURVE('',#695,#687,#699,.T.);
#701=ORIENTED_EDGE('',*,*,#700,.F.);
#702=CARTESIAN_POINT('',(0.186417322834646,0.174606299212599,0.0));
#703=DIRECTION('',(0.0,0.0,1.0));
#704=VECTOR('',#703,0.039370078740157);
#705=LINE('',#702,#704);
#706=EDGE_CURVE('',#695,#679,#705,.T.);
#707=ORIENTED_EDGE('',*,*,#706,.T.);
#708=EDGE_LOOP('',(#685,#693,#701,#707));
#709=FACE_OUTER_BOUND('',#708,.T.);
#710=ADVANCED_FACE('',(#709),#675,.F.);
#711=CARTESIAN_POINT('',(0.186417322834646,0.174606299212599,0.0));
#712=DIRECTION('',(0.707106781186549,-0.707106781186546,0.0));
#713=DIRECTION('',(0.0,0.0,-1.0));
#714=AXIS2_PLACEMENT_3D('',#711,#712,#713);
#715=PLANE('',#714);
#716=CARTESIAN_POINT('',(0.125171853598016,0.113360829975968,0.039370078740157));
#717=VERTEX_POINT('',#716);
#718=CARTESIAN_POINT('',(0.186417322834646,0.174606299212599,0.039370078740157));
#719=DIRECTION('',(-0.707106781186546,-0.707106781186549,0.0));
#720=VECTOR('',#719,0.086614173228347);
#721=LINE('',#718,#720);
#722=EDGE_CURVE('',#679,#717,#721,.T.);
#723=ORIENTED_EDGE('',*,*,#722,.F.);
#724=ORIENTED_EDGE('',*,*,#706,.F.);
#725=CARTESIAN_POINT('',(0.125171853598016,0.113360829975968,0.0));
#726=VERTEX_POINT('',#725);
#727=CARTESIAN_POINT('',(0.125171853598016,0.113360829975968,0.0));
#728=DIRECTION('',(0.707106781186546,0.707106781186549,0.0));
#729=VECTOR('',#728,0.086614173228347);
#730=LINE('',#727,#729);
#731=EDGE_CURVE('',#726,#695,#730,.T.);
#732=ORIENTED_EDGE('',*,*,#731,.F.);
#733=CARTESIAN_POINT('',(0.125171853598016,0.113360829975968,0.0));
#734=DIRECTION('',(0.0,0.0,1.0));
#735=VECTOR('',#734,0.039370078740157);
#736=LINE('',#733,#735);
#737=EDGE_CURVE('',#726,#717,#736,.T.);
#738=ORIENTED_EDGE('',*,*,#737,.T.);
#739=EDGE_LOOP('',(#723,#724,#732,#738));
#740=FACE_OUTER_BOUND('',#739,.T.);
#741=ADVANCED_FACE('',(#740),#715,.F.);
#742=CARTESIAN_POINT('',(0.125171853598016,0.113360829975968,0.0));
#743=DIRECTION('',(-0.707106781186546,-0.707106781186549,0.0));
#744=DIRECTION('',(0.0,0.0,1.0));
#745=AXIS2_PLACEMENT_3D('',#742,#743,#744);
#746=PLANE('',#745);
#747=CARTESIAN_POINT('',(0.113360829975968,0.125171853598015,0.039370078740157));
#748=VERTEX_POINT('',#747);
#749=CARTESIAN_POINT('',(0.125171853598016,0.113360829975968,0.039370078740157));
#750=DIRECTION('',(-0.70710678118655,0.707106781186545,0.0));
#751=VECTOR('',#750,0.016703309791808);
#752=LINE('',#749,#751);
#753=EDGE_CURVE('',#717,#748,#752,.T.);
#754=ORIENTED_EDGE('',*,*,#753,.F.);
#755=ORIENTED_EDGE('',*,*,#737,.F.);
#756=CARTESIAN_POINT('',(0.113360829975968,0.125171853598015,0.0));
#757=VERTEX_POINT('',#756);
#758=CARTESIAN_POINT('',(0.113360829975968,0.125171853598015,0.0));
#759=DIRECTION('',(0.70710678118655,-0.707106781186545,0.0));
#760=VECTOR('',#759,0.016703309791808);
#761=LINE('',#758,#760);
#762=EDGE_CURVE('',#757,#726,#761,.T.);
#763=ORIENTED_EDGE('',*,*,#762,.F.);
#764=CARTESIAN_POINT('',(0.113360829975968,0.125171853598015,0.0));
#765=DIRECTION('',(0.0,0.0,1.0));
#766=VECTOR('',#765,0.039370078740157);
#767=LINE('',#764,#766);
#768=EDGE_CURVE('',#757,#748,#767,.T.);
#769=ORIENTED_EDGE('',*,*,#768,.T.);
#770=EDGE_LOOP('',(#754,#755,#763,#769));
#771=FACE_OUTER_BOUND('',#770,.T.);
#772=ADVANCED_FACE('',(#771),#746,.F.);
#773=CARTESIAN_POINT('',(0.113360829975968,0.125171853598015,0.0));
#774=DIRECTION('',(-0.707106781186549,0.707106781186546,0.0));
#775=DIRECTION('',(0.0,0.0,1.0));
#776=AXIS2_PLACEMENT_3D('',#773,#774,#775);
#777=PLANE('',#776);
#778=CARTESIAN_POINT('',(0.113360829975968,0.125171853598015,0.039370078740157));
#779=DIRECTION('',(0.707106781186546,0.707106781186549,0.0));
#780=VECTOR('',#779,0.086614173228346);
#781=LINE('',#778,#780);
#782=EDGE_CURVE('',#748,#677,#781,.T.);
#783=ORIENTED_EDGE('',*,*,#782,.F.);
#784=ORIENTED_EDGE('',*,*,#768,.F.);
#785=CARTESIAN_POINT('',(0.174606299212598,0.186417322834646,0.0));
#786=DIRECTION('',(-0.707106781186546,-0.707106781186549,0.0));
#787=VECTOR('',#786,0.086614173228346);
#788=LINE('',#785,#787);
#789=EDGE_CURVE('',#687,#757,#788,.T.);
#790=ORIENTED_EDGE('',*,*,#789,.F.);
#791=ORIENTED_EDGE('',*,*,#692,.T.);
#792=EDGE_LOOP('',(#783,#784,#790,#791));
#793=FACE_OUTER_BOUND('',#792,.T.);
#794=ADVANCED_FACE('',(#793),#777,.F.);
#795=CARTESIAN_POINT('',(0.149889076405307,0.149889076405307,0.039370078740157));
#796=DIRECTION('',(0.0,0.0,1.0));
#797=DIRECTION('',(1.0,0.0,0.0));
#798=AXIS2_PLACEMENT_3D('',#795,#796,#797);
#799=PLANE('',#798);
#800=ORIENTED_EDGE('',*,*,#684,.T.);
#801=ORIENTED_EDGE('',*,*,#722,.T.);
#802=ORIENTED_EDGE('',*,*,#753,.T.);
#803=ORIENTED_EDGE('',*,*,#782,.T.);
#804=EDGE_LOOP('',(#800,#801,#802,#803));
#805=FACE_OUTER_BOUND('',#804,.T.);
#806=ADVANCED_FACE('',(#805),#799,.F.);
#807=CARTESIAN_POINT('',(-0.074606299212599,-0.013582677165355,0.0));
#808=DIRECTION('',(0.707106781186546,0.707106781186549,0.0));
#809=DIRECTION('',(0.0,0.0,-1.0));
#810=AXIS2_PLACEMENT_3D('',#807,#808,#809);
#811=PLANE('',#810);
#812=CARTESIAN_POINT('',(-0.074606299212599,-0.013582677165355,0.039370078740157));
#813=VERTEX_POINT('',#812);
#814=CARTESIAN_POINT('',(-0.013360829975969,-0.074828146401985,0.039370078740157));
#815=VERTEX_POINT('',#814);
#816=CARTESIAN_POINT('',(-0.074606299212599,-0.013582677165355,0.039370078740157));
#817=DIRECTION('',(0.707106781186549,-0.707106781186546,0.0));
#818=VECTOR('',#817,0.086614173228346);
#819=LINE('',#816,#818);
#820=EDGE_CURVE('',#813,#815,#819,.T.);
#821=ORIENTED_EDGE('',*,*,#820,.F.);
#822=CARTESIAN_POINT('',(-0.074606299212599,-0.013582677165355,0.0));
#823=VERTEX_POINT('',#822);
#824=CARTESIAN_POINT('',(-0.074606299212599,-0.013582677165355,0.0));
#825=DIRECTION('',(0.0,0.0,1.0));
#826=VECTOR('',#825,0.039370078740157);
#827=LINE('',#824,#826);
#828=EDGE_CURVE('',#823,#813,#827,.T.);
#829=ORIENTED_EDGE('',*,*,#828,.F.);
#830=CARTESIAN_POINT('',(-0.013360829975969,-0.074828146401985,0.0));
#831=VERTEX_POINT('',#830);
#832=CARTESIAN_POINT('',(-0.013360829975969,-0.074828146401985,0.0));
#833=DIRECTION('',(-0.707106781186549,0.707106781186546,0.0));
#834=VECTOR('',#833,0.086614173228346);
#835=LINE('',#832,#834);
#836=EDGE_CURVE('',#831,#823,#835,.T.);
#837=ORIENTED_EDGE('',*,*,#836,.F.);
#838=CARTESIAN_POINT('',(-0.013360829975969,-0.074828146401985,0.0));
#839=DIRECTION('',(0.0,0.0,1.0));
#840=VECTOR('',#839,0.039370078740157);
#841=LINE('',#838,#840);
#842=EDGE_CURVE('',#831,#815,#841,.T.);
#843=ORIENTED_EDGE('',*,*,#842,.T.);
#844=EDGE_LOOP('',(#821,#829,#837,#843));
#845=FACE_OUTER_BOUND('',#844,.T.);
#846=ADVANCED_FACE('',(#845),#811,.F.);
#847=CARTESIAN_POINT('',(-0.013360829975969,-0.074828146401985,0.0));
#848=DIRECTION('',(0.707106781186547,-0.707106781186548,0.0));
#849=DIRECTION('',(0.0,0.0,-1.0));
#850=AXIS2_PLACEMENT_3D('',#847,#848,#849);
#851=PLANE('',#850);
#852=CARTESIAN_POINT('',(-0.025171853598016,-0.086639170024032,0.039370078740157));
#853=VERTEX_POINT('',#852);
#854=CARTESIAN_POINT('',(-0.013360829975969,-0.074828146401985,0.039370078740157));
#855=DIRECTION('',(-0.707106781186548,-0.707106781186547,0.0));
#856=VECTOR('',#855,0.016703309791808);
#857=LINE('',#854,#856);
#858=EDGE_CURVE('',#815,#853,#857,.T.);
#859=ORIENTED_EDGE('',*,*,#858,.F.);
#860=ORIENTED_EDGE('',*,*,#842,.F.);
#861=CARTESIAN_POINT('',(-0.025171853598016,-0.086639170024032,0.0));
#862=VERTEX_POINT('',#861);
#863=CARTESIAN_POINT('',(-0.025171853598016,-0.086639170024032,0.0));
#864=DIRECTION('',(0.707106781186548,0.707106781186547,0.0));
#865=VECTOR('',#864,0.016703309791808);
#866=LINE('',#863,#865);
#867=EDGE_CURVE('',#862,#831,#866,.T.);
#868=ORIENTED_EDGE('',*,*,#867,.F.);
#869=CARTESIAN_POINT('',(-0.025171853598016,-0.086639170024032,0.0));
#870=DIRECTION('',(0.0,0.0,1.0));
#871=VECTOR('',#870,0.039370078740157);
#872=LINE('',#869,#871);
#873=EDGE_CURVE('',#862,#853,#872,.T.);
#874=ORIENTED_EDGE('',*,*,#873,.T.);
#875=EDGE_LOOP('',(#859,#860,#868,#874));
#876=FACE_OUTER_BOUND('',#875,.T.);
#877=ADVANCED_FACE('',(#876),#851,.F.);
#878=CARTESIAN_POINT('',(-0.025171853598016,-0.086639170024032,0.0));
#879=DIRECTION('',(-0.707106781186546,-0.707106781186549,0.0));
#880=DIRECTION('',(0.0,0.0,1.0));
#881=AXIS2_PLACEMENT_3D('',#878,#879,#880);
#882=PLANE('',#881);
#883=CARTESIAN_POINT('',(-0.086417322834646,-0.025393700787402,0.039370078740157));
#884=VERTEX_POINT('',#883);
#885=CARTESIAN_POINT('',(-0.025171853598016,-0.086639170024032,0.039370078740157));
#886=DIRECTION('',(-0.707106781186549,0.707106781186546,0.0));
#887=VECTOR('',#886,0.086614173228346);
#888=LINE('',#885,#887);
#889=EDGE_CURVE('',#853,#884,#888,.T.);
#890=ORIENTED_EDGE('',*,*,#889,.F.);
#891=ORIENTED_EDGE('',*,*,#873,.F.);
#892=CARTESIAN_POINT('',(-0.086417322834646,-0.025393700787402,0.0));
#893=VERTEX_POINT('',#892);
#894=CARTESIAN_POINT('',(-0.086417322834646,-0.025393700787402,0.0));
#895=DIRECTION('',(0.707106781186549,-0.707106781186546,0.0));
#896=VECTOR('',#895,0.086614173228346);
#897=LINE('',#894,#896);
#898=EDGE_CURVE('',#893,#862,#897,.T.);
#899=ORIENTED_EDGE('',*,*,#898,.F.);
#900=CARTESIAN_POINT('',(-0.086417322834646,-0.025393700787402,0.0));
#901=DIRECTION('',(0.0,0.0,1.0));
#902=VECTOR('',#901,0.039370078740157);
#903=LINE('',#900,#902);
#904=EDGE_CURVE('',#893,#884,#903,.T.);
#905=ORIENTED_EDGE('',*,*,#904,.T.);
#906=EDGE_LOOP('',(#890,#891,#899,#905));
#907=FACE_OUTER_BOUND('',#906,.T.);
#908=ADVANCED_FACE('',(#907),#882,.F.);
#909=CARTESIAN_POINT('',(-0.086417322834646,-0.025393700787402,0.0));
#910=DIRECTION('',(-0.707106781186548,0.707106781186547,0.0));
#911=DIRECTION('',(0.0,0.0,1.0));
#912=AXIS2_PLACEMENT_3D('',#909,#910,#911);
#913=PLANE('',#912);
#914=CARTESIAN_POINT('',(-0.086417322834646,-0.025393700787402,0.039370078740157));
#915=DIRECTION('',(0.707106781186547,0.707106781186548,0.0));
#916=VECTOR('',#915,0.016703309791808);
#917=LINE('',#914,#916);
#918=EDGE_CURVE('',#884,#813,#917,.T.);
#919=ORIENTED_EDGE('',*,*,#918,.F.);
#920=ORIENTED_EDGE('',*,*,#904,.F.);
#921=CARTESIAN_POINT('',(-0.074606299212599,-0.013582677165355,0.0));
#922=DIRECTION('',(-0.707106781186547,-0.707106781186548,0.0));
#923=VECTOR('',#922,0.016703309791808);
#924=LINE('',#921,#923);
#925=EDGE_CURVE('',#823,#893,#924,.T.);
#926=ORIENTED_EDGE('',*,*,#925,.F.);
#927=ORIENTED_EDGE('',*,*,#828,.T.);
#928=EDGE_LOOP('',(#919,#920,#926,#927));
#929=FACE_OUTER_BOUND('',#928,.T.);
#930=ADVANCED_FACE('',(#929),#913,.F.);
#931=CARTESIAN_POINT('',(-0.049889076405308,-0.050110923594694,0.039370078740157));
#932=DIRECTION('',(0.0,0.0,1.0));
#933=DIRECTION('',(1.0,0.0,0.0));
#934=AXIS2_PLACEMENT_3D('',#931,#932,#933);
#935=PLANE('',#934);
#936=ORIENTED_EDGE('',*,*,#820,.T.);
#937=ORIENTED_EDGE('',*,*,#858,.T.);
#938=ORIENTED_EDGE('',*,*,#889,.T.);
#939=ORIENTED_EDGE('',*,*,#918,.T.);
#940=EDGE_LOOP('',(#936,#937,#938,#939));
#941=FACE_OUTER_BOUND('',#940,.T.);
#942=ADVANCED_FACE('',(#941),#935,.F.);
#943=CARTESIAN_POINT('',(0.035399080922342,0.105457402642168,0.0));
#944=DIRECTION('',(0.707106781186547,0.707106781186548,0.0));
#945=DIRECTION('',(0.0,0.0,-1.0));
#946=AXIS2_PLACEMENT_3D('',#943,#944,#945);
#947=PLANE('',#946);
#948=CARTESIAN_POINT('',(0.035399080922342,0.105457402642168,-0.003937007874016));
#949=VERTEX_POINT('',#948);
#950=CARTESIAN_POINT('',(0.00780424447998,0.13305223908453,-0.003937007874016));
#951=VERTEX_POINT('',#950);
#952=CARTESIAN_POINT('',(0.035399080922342,0.105457402642168,-0.003937007874016));
#953=DIRECTION('',(-0.707106781186548,0.707106781186547,0.0));
#954=VECTOR('',#953,0.039024991948256);
#955=LINE('',#952,#954);
#956=EDGE_CURVE('',#949,#951,#955,.T.);
#957=ORIENTED_EDGE('',*,*,#956,.T.);
#958=CARTESIAN_POINT('',(0.00780424447998,0.13305223908453,0.0));
#959=VERTEX_POINT('',#958);
#960=CARTESIAN_POINT('',(0.00780424447998,0.13305223908453,0.0));
#961=DIRECTION('',(0.0,0.0,-1.0));
#962=VECTOR('',#961,0.003937007874016);
#963=LINE('',#960,#962);
#964=EDGE_CURVE('',#959,#951,#963,.T.);
#965=ORIENTED_EDGE('',*,*,#964,.F.);
#966=CARTESIAN_POINT('',(0.035399080922342,0.105457402642168,0.0));
#967=VERTEX_POINT('',#966);
#968=CARTESIAN_POINT('',(0.035399080922342,0.105457402642168,0.0));
#969=DIRECTION('',(-0.707106781186548,0.707106781186547,0.0));
#970=VECTOR('',#969,0.039024991948256);
#971=LINE('',#968,#970);
#972=EDGE_CURVE('',#967,#959,#971,.T.);
#973=ORIENTED_EDGE('',*,*,#972,.F.);
#974=CARTESIAN_POINT('',(0.035399080922342,0.105457402642168,0.0));
#975=DIRECTION('',(0.0,0.0,-1.0));
#976=VECTOR('',#975,0.003937007874016);
#977=LINE('',#974,#976);
#978=EDGE_CURVE('',#967,#949,#977,.T.);
#979=ORIENTED_EDGE('',*,*,#978,.T.);
#980=EDGE_LOOP('',(#957,#965,#973,#979));
#981=FACE_OUTER_BOUND('',#980,.T.);
#982=ADVANCED_FACE('',(#981),#947,.T.);
#983=CARTESIAN_POINT('',(0.004844244723187,0.12888277706152,0.0));
#984=CARTESIAN_POINT('',(0.005894567217533,0.131269873639579,0.0));
#985=CARTESIAN_POINT('',(0.00780424447998,0.13305223908453,0.0));
#986=CARTESIAN_POINT('',(0.004844244723187,0.12888277706152,-0.004724409448819));
#987=CARTESIAN_POINT('',(0.005894567217533,0.131269873639579,-0.004724409448819));
#988=CARTESIAN_POINT('',(0.00780424447998,0.13305223908453,-0.004724409448819));
#989=B_SPLINE_SURFACE_WITH_KNOTS('',2,1,((#983,#986),(#984,#987),(#985,#988)),.UNSPECIFIED.,.F.,.F.,.F.,(3,3),(2,2),(-1.0,0.0),(0.0,0.012),.UNSPECIFIED.);
#990=CARTESIAN_POINT('',(0.004844244723187,0.12888277706152,-0.003937007874016));
#991=VERTEX_POINT('',#990);
#992=CARTESIAN_POINT('',(0.00780424447998,0.13305223908453,-0.003937007874016));
#993=CARTESIAN_POINT('',(0.005894567217533,0.131269873639579,-0.003937007874016));
#994=CARTESIAN_POINT('',(0.004844244723187,0.12888277706152,-0.003937007874016));
#995=QUASI_UNIFORM_CURVE('',2,(#992,#993,#994),.UNSPECIFIED.,.F.,.U.);
#996=EDGE_CURVE('',#951,#991,#995,.T.);
#997=ORIENTED_EDGE('',*,*,#996,.T.);
#998=CARTESIAN_POINT('',(0.004844244723187,0.12888277706152,0.0));
#999=VERTEX_POINT('',#998);
#1000=CARTESIAN_POINT('',(0.004844244723187,0.12888277706152,0.0));
#1001=DIRECTION('',(0.0,0.0,-1.0));
#1002=VECTOR('',#1001,0.003937007874016);
#1003=LINE('',#1000,#1002);
#1004=EDGE_CURVE('',#999,#991,#1003,.T.);
#1005=ORIENTED_EDGE('',*,*,#1004,.F.);
#1006=CARTESIAN_POINT('',(0.00780424447998,0.13305223908453,0.0));
#1007=CARTESIAN_POINT('',(0.005894567217533,0.131269873639579,0.0));
#1008=CARTESIAN_POINT('',(0.004844244723187,0.12888277706152,0.0));
#1009=QUASI_UNIFORM_CURVE('',2,(#1006,#1007,#1008),.UNSPECIFIED.,.F.,.U.);
#1010=EDGE_CURVE('',#959,#999,#1009,.T.);
#1011=ORIENTED_EDGE('',*,*,#1010,.F.);
#1012=ORIENTED_EDGE('',*,*,#964,.T.);
#1013=EDGE_LOOP('',(#997,#1005,#1011,#1012));
#1014=FACE_OUTER_BOUND('',#1013,.T.);
#1015=ADVANCED_FACE('',(#1014),#989,.T.);
#1016=CARTESIAN_POINT('',(0.003061879278236,0.106921488543377,0.0));
#1017=CARTESIAN_POINT('',(0.002266180418883,0.114910305091281,0.0));
#1018=CARTESIAN_POINT('',(0.003061879278236,0.124999766627877,0.0));
#1019=CARTESIAN_POINT('',(0.004844244723187,0.12888277706152,0.0));
#1020=CARTESIAN_POINT('',(0.003061879278236,0.106921488543377,-0.004724409448819));
#1021=CARTESIAN_POINT('',(0.002266180418883,0.114910305091281,-0.004724409448819));
#1022=CARTESIAN_POINT('',(0.003061879278236,0.124999766627877,-0.004724409448819));
#1023=CARTESIAN_POINT('',(0.004844244723187,0.12888277706152,-0.004724409448819));
#1024=B_SPLINE_SURFACE_WITH_KNOTS('',3,1,((#1016,#1020),(#1017,#1021),(#1018,#1022),(#1019,#1023)),.UNSPECIFIED.,.F.,.F.,.F.,(4,4),(2,2),(-1.0,0.0),(0.0,0.012),.UNSPECIFIED.);
#1025=CARTESIAN_POINT('',(0.003061879278236,0.106921488543377,-0.003937007874016));
#1026=VERTEX_POINT('',#1025);
#1027=CARTESIAN_POINT('',(0.004844244723187,0.12888277706152,-0.003937007874016));
#1028=CARTESIAN_POINT('',(0.003061879278236,0.124999766627877,-0.003937007874016));
#1029=CARTESIAN_POINT('',(0.002266180418883,0.114910305091281,-0.003937007874016));
#1030=CARTESIAN_POINT('',(0.003061879278236,0.106921488543377,-0.003937007874016));
#1031=QUASI_UNIFORM_CURVE('',3,(#1027,#1028,#1029,#1030),.UNSPECIFIED.,.F.,.U.);
#1032=EDGE_CURVE('',#991,#1026,#1031,.T.);
#1033=ORIENTED_EDGE('',*,*,#1032,.T.);
#1034=CARTESIAN_POINT('',(0.003061879278236,0.106921488543377,0.0));
#1035=VERTEX_POINT('',#1034);
#1036=CARTESIAN_POINT('',(0.003061879278236,0.106921488543377,0.0));
#1037=DIRECTION('',(0.0,0.0,-1.0));
#1038=VECTOR('',#1037,0.003937007874016);
#1039=LINE('',#1036,#1038);
#1040=EDGE_CURVE('',#1035,#1026,#1039,.T.);
#1041=ORIENTED_EDGE('',*,*,#1040,.F.);
#1042=CARTESIAN_POINT('',(0.004844244723187,0.12888277706152,0.0));
#1043=CARTESIAN_POINT('',(0.003061879278236,0.124999766627877,0.0));
#1044=CARTESIAN_POINT('',(0.002266180418883,0.114910305091281,0.0));
#1045=CARTESIAN_POINT('',(0.003061879278236,0.106921488543377,0.0));
#1046=QUASI_UNIFORM_CURVE('',3,(#1042,#1043,#1044,#1045),.UNSPECIFIED.,.F.,.U.);
#1047=EDGE_CURVE('',#999,#1035,#1046,.T.);
#1048=ORIENTED_EDGE('',*,*,#1047,.F.);
#1049=ORIENTED_EDGE('',*,*,#1004,.T.);
#1050=EDGE_LOOP('',(#1033,#1041,#1048,#1049));
#1051=FACE_OUTER_BOUND('',#1050,.T.);
#1052=ADVANCED_FACE('',(#1051),#1024,.T.);
#1053=CARTESIAN_POINT('',(-0.000407367748543,0.080345146640987,0.0));
#1054=CARTESIAN_POINT('',(0.002520804053876,0.083273318443406,0.0));
#1055=CARTESIAN_POINT('',(0.004239513590079,0.094540414291845,0.0));
#1056=CARTESIAN_POINT('',(0.003061879278236,0.106921488543377,0.0));
#1057=CARTESIAN_POINT('',(-0.000407367748543,0.080345146640987,-0.004724409448819));
#1058=CARTESIAN_POINT('',(0.002520804053876,0.083273318443406,-0.004724409448819));
#1059=CARTESIAN_POINT('',(0.004239513590079,0.094540414291845,-0.004724409448819));
#1060=CARTESIAN_POINT('',(0.003061879278236,0.106921488543377,-0.004724409448819));
#1061=B_SPLINE_SURFACE_WITH_KNOTS('',3,1,((#1053,#1057),(#1054,#1058),(#1055,#1059),(#1056,#1060)),.UNSPECIFIED.,.F.,.F.,.F.,(4,4),(2,2),(-1.0,0.0),(0.0,0.012),.UNSPECIFIED.);
#1062=CARTESIAN_POINT('',(-0.000407367748543,0.080345146640987,-0.003937007874016));
#1063=VERTEX_POINT('',#1062);
#1064=CARTESIAN_POINT('',(0.003061879278236,0.106921488543377,-0.003937007874016));
#1065=CARTESIAN_POINT('',(0.004239513590079,0.094540414291845,-0.003937007874016));
#1066=CARTESIAN_POINT('',(0.002520804053876,0.083273318443406,-0.003937007874016));
#1067=CARTESIAN_POINT('',(-0.000407367748543,0.080345146640987,-0.003937007874016));
#1068=QUASI_UNIFORM_CURVE('',3,(#1064,#1065,#1066,#1067),.UNSPECIFIED.,.F.,.U.);
#1069=EDGE_CURVE('',#1026,#1063,#1068,.T.);
#1070=ORIENTED_EDGE('',*,*,#1069,.T.);
#1071=CARTESIAN_POINT('',(-0.000407367748543,0.080345146640987,0.0));
#1072=VERTEX_POINT('',#1071);
#1073=CARTESIAN_POINT('',(-0.000407367748543,0.080345146640987,0.0));
#1074=DIRECTION('',(0.0,0.0,-1.0));
#1075=VECTOR('',#1074,0.003937007874016);
#1076=LINE('',#1073,#1075);
#1077=EDGE_CURVE('',#1072,#1063,#1076,.T.);
#1078=ORIENTED_EDGE('',*,*,#1077,.F.);
#1079=CARTESIAN_POINT('',(0.003061879278236,0.106921488543377,0.0));
#1080=CARTESIAN_POINT('',(0.004239513590079,0.094540414291845,0.0));
#1081=CARTESIAN_POINT('',(0.002520804053876,0.083273318443406,0.0));
#1082=CARTESIAN_POINT('',(-0.000407367748543,0.080345146640987,0.0));
#1083=QUASI_UNIFORM_CURVE('',3,(#1079,#1080,#1081,#1082),.UNSPECIFIED.,.F.,.U.);
#1084=EDGE_CURVE('',#1035,#1072,#1083,.T.);
#1085=ORIENTED_EDGE('',*,*,#1084,.F.);
#1086=ORIENTED_EDGE('',*,*,#1040,.T.);
#1087=EDGE_LOOP('',(#1070,#1078,#1085,#1086));
#1088=FACE_OUTER_BOUND('',#1087,.T.);
#1089=ADVANCED_FACE('',(#1088),#1061,.T.);
#1090=CARTESIAN_POINT('',(-0.015493818121876,0.080981705728469,0.0));
#1091=CARTESIAN_POINT('',(-0.011992743140722,0.077480630747316,0.0));
#1092=CARTESIAN_POINT('',(-0.003462851368458,0.077289663021072,0.0));
#1093=CARTESIAN_POINT('',(-0.000407367748543,0.080345146640987,0.0));
#1094=CARTESIAN_POINT('',(-0.015493818121876,0.080981705728469,-0.004724409448819));
#1095=CARTESIAN_POINT('',(-0.011992743140722,0.077480630747316,-0.004724409448819));
#1096=CARTESIAN_POINT('',(-0.003462851368458,0.077289663021072,-0.004724409448819));
#1097=CARTESIAN_POINT('',(-0.000407367748543,0.080345146640987,-0.004724409448819));
#1098=B_SPLINE_SURFACE_WITH_KNOTS('',3,1,((#1090,#1094),(#1091,#1095),(#1092,#1096),(#1093,#1097)),.UNSPECIFIED.,.F.,.F.,.F.,(4,4),(2,2),(-1.0,0.0),(0.0,0.012),.UNSPECIFIED.);
#1099=CARTESIAN_POINT('',(-0.015493818121876,0.080981705728469,-0.003937007874016));
#1100=VERTEX_POINT('',#1099);
#1101=CARTESIAN_POINT('',(-0.000407367748543,0.080345146640987,-0.003937007874016));
#1102=CARTESIAN_POINT('',(-0.003462851368458,0.077289663021072,-0.003937007874016));
#1103=CARTESIAN_POINT('',(-0.011992743140722,0.077480630747316,-0.003937007874016));
#1104=CARTESIAN_POINT('',(-0.015493818121876,0.080981705728469,-0.003937007874016));
#1105=QUASI_UNIFORM_CURVE('',3,(#1101,#1102,#1103,#1104),.UNSPECIFIED.,.F.,.U.);
#1106=EDGE_CURVE('',#1063,#1100,#1105,.T.);
#1107=ORIENTED_EDGE('',*,*,#1106,.T.);
#1108=CARTESIAN_POINT('',(-0.015493818121876,0.080981705728469,0.0));
#1109=VERTEX_POINT('',#1108);
#1110=CARTESIAN_POINT('',(-0.015493818121876,0.080981705728469,0.0));
#1111=DIRECTION('',(0.0,0.0,-1.0));
#1112=VECTOR('',#1111,0.003937007874016);
#1113=LINE('',#1110,#1112);
#1114=EDGE_CURVE('',#1109,#1100,#1113,.T.);
#1115=ORIENTED_EDGE('',*,*,#1114,.F.);
#1116=CARTESIAN_POINT('',(-0.000407367748543,0.080345146640987,0.0));
#1117=CARTESIAN_POINT('',(-0.003462851368458,0.077289663021072,0.0));
#1118=CARTESIAN_POINT('',(-0.011992743140722,0.077480630747316,0.0));
#1119=CARTESIAN_POINT('',(-0.015493818121876,0.080981705728469,0.0));
#1120=QUASI_UNIFORM_CURVE('',3,(#1116,#1117,#1118,#1119),.UNSPECIFIED.,.F.,.U.);
#1121=EDGE_CURVE('',#1072,#1109,#1120,.T.);
#1122=ORIENTED_EDGE('',*,*,#1121,.F.);
#1123=ORIENTED_EDGE('',*,*,#1077,.T.);
#1124=EDGE_LOOP('',(#1107,#1115,#1122,#1123));
#1125=FACE_OUTER_BOUND('',#1124,.T.);
#1126=ADVANCED_FACE('',(#1125),#1098,.T.);
#1127=CARTESIAN_POINT('',(-0.015271022441257,0.097500414048638,0.0));
#1128=CARTESIAN_POINT('',(-0.019154032874899,0.093553747706247,0.0));
#1129=CARTESIAN_POINT('',(-0.019185860829273,0.084673748435867,0.0));
#1130=CARTESIAN_POINT('',(-0.015493818121876,0.080981705728469,0.0));
#1131=CARTESIAN_POINT('',(-0.015271022441257,0.097500414048638,-0.004724409448819));
#1132=CARTESIAN_POINT('',(-0.019154032874899,0.093553747706247,-0.004724409448819));
#1133=CARTESIAN_POINT('',(-0.019185860829273,0.084673748435867,-0.004724409448819));
#1134=CARTESIAN_POINT('',(-0.015493818121876,0.080981705728469,-0.004724409448819));
#1135=B_SPLINE_SURFACE_WITH_KNOTS('',3,1,((#1127,#1131),(#1128,#1132),(#1129,#1133),(#1130,#1134)),.UNSPECIFIED.,.F.,.F.,.F.,(4,4),(2,2),(-1.0,0.0),(0.0,0.012),.UNSPECIFIED.);
#1136=CARTESIAN_POINT('',(-0.015271022441257,0.097500414048638,-0.003937007874016));
#1137=VERTEX_POINT('',#1136);
#1138=CARTESIAN_POINT('',(-0.015493818121876,0.080981705728469,-0.003937007874016));
#1139=CARTESIAN_POINT('',(-0.019185860829273,0.084673748435867,-0.003937007874016));
#1140=CARTESIAN_POINT('',(-0.019154032874899,0.093553747706247,-0.003937007874016));
#1141=CARTESIAN_POINT('',(-0.015271022441257,0.097500414048638,-0.003937007874016));
#1142=QUASI_UNIFORM_CURVE('',3,(#1138,#1139,#1140,#1141),.UNSPECIFIED.,.F.,.U.);
#1143=EDGE_CURVE('',#1100,#1137,#1142,.T.);
#1144=ORIENTED_EDGE('',*,*,#1143,.T.);
#1145=CARTESIAN_POINT('',(-0.015271022441257,0.097500414048638,0.0));
#1146=VERTEX_POINT('',#1145);
#1147=CARTESIAN_POINT('',(-0.015271022441257,0.097500414048638,0.0));
#1148=DIRECTION('',(0.0,0.0,-1.0));
#1149=VECTOR('',#1148,0.003937007874016);
#1150=LINE('',#1147,#1149);
#1151=EDGE_CURVE('',#1146,#1137,#1150,.T.);
#1152=ORIENTED_EDGE('',*,*,#1151,.F.);
#1153=CARTESIAN_POINT('',(-0.015493818121876,0.080981705728469,0.0));
#1154=CARTESIAN_POINT('',(-0.019185860829273,0.084673748435867,0.0));
#1155=CARTESIAN_POINT('',(-0.019154032874899,0.093553747706247,0.0));
#1156=CARTESIAN_POINT('',(-0.015271022441257,0.097500414048638,0.0));
#1157=QUASI_UNIFORM_CURVE('',3,(#1153,#1154,#1155,#1156),.UNSPECIFIED.,.F.,.U.);
#1158=EDGE_CURVE('',#1109,#1146,#1157,.T.);
#1159=ORIENTED_EDGE('',*,*,#1158,.F.);
#1160=ORIENTED_EDGE('',*,*,#1114,.T.);
#1161=EDGE_LOOP('',(#1144,#1152,#1159,#1160));
#1162=FACE_OUTER_BOUND('',#1161,.T.);
#1163=ADVANCED_FACE('',(#1162),#1135,.T.);
#1164=CARTESIAN_POINT('',(-0.015271022441257,0.097500414048638,0.0));
#1165=DIRECTION('',(0.631389942201288,0.77546549948212,0.0));
#1166=DIRECTION('',(0.0,0.0,-1.0));
#1167=AXIS2_PLACEMENT_3D('',#1164,#1165,#1166);
#1168=PLANE('',#1167);
#1169=CARTESIAN_POINT('',(-0.021095538091721,0.102242779250382,-0.003937007874016));
#1170=VERTEX_POINT('',#1169);
#1171=CARTESIAN_POINT('',(-0.015271022441257,0.097500414048638,-0.003937007874016));
#1172=DIRECTION('',(-0.775465499482121,0.631389942201288,0.0));
#1173=VECTOR('',#1172,0.007510992628755);
#1174=LINE('',#1171,#1173);
#1175=EDGE_CURVE('',#1137,#1170,#1174,.T.);
#1176=ORIENTED_EDGE('',*,*,#1175,.T.);
#1177=CARTESIAN_POINT('',(-0.021095538091721,0.102242779250382,0.0));
#1178=VERTEX_POINT('',#1177);
#1179=CARTESIAN_POINT('',(-0.021095538091721,0.102242779250382,0.0));
#1180=DIRECTION('',(0.0,0.0,-1.0));
#1181=VECTOR('',#1180,0.003937007874016);
#1182=LINE('',#1179,#1181);
#1183=EDGE_CURVE('',#1178,#1170,#1182,.T.);
#1184=ORIENTED_EDGE('',*,*,#1183,.F.);
#1185=CARTESIAN_POINT('',(-0.015271022441257,0.097500414048638,0.0));
#1186=DIRECTION('',(-0.775465499482121,0.631389942201288,0.0));
#1187=VECTOR('',#1186,0.007510992628755);
#1188=LINE('',#1185,#1187);
#1189=EDGE_CURVE('',#1146,#1178,#1188,.T.);
#1190=ORIENTED_EDGE('',*,*,#1189,.F.);
#1191=ORIENTED_EDGE('',*,*,#1151,.T.);
#1192=EDGE_LOOP('',(#1176,#1184,#1190,#1191));
#1193=FACE_OUTER_BOUND('',#1192,.T.);
#1194=ADVANCED_FACE('',(#1193),#1168,.T.);
#1195=CARTESIAN_POINT('',(-0.019599624236137,0.076621275979215,0.0));
#1196=CARTESIAN_POINT('',(-0.025551451704097,0.082573103447175,0.0));
#1197=CARTESIAN_POINT('',(-0.026442634426573,0.095813532466809,0.0));
#1198=CARTESIAN_POINT('',(-0.021095538091721,0.102242779250382,0.0));
#1199=CARTESIAN_POINT('',(-0.019599624236137,0.076621275979215,-0.004724409448819));
#1200=CARTESIAN_POINT('',(-0.025551451704097,0.082573103447175,-0.004724409448819));
#1201=CARTESIAN_POINT('',(-0.026442634426573,0.095813532466809,-0.004724409448819));
#1202=CARTESIAN_POINT('',(-0.021095538091721,0.102242779250382,-0.004724409448819));
#1203=B_SPLINE_SURFACE_WITH_KNOTS('',3,1,((#1195,#1199),(#1196,#1200),(#1197,#1201),(#1198,#1202)),.UNSPECIFIED.,.F.,.F.,.F.,(4,4),(2,2),(-1.0,0.0),(0.0,0.012),.UNSPECIFIED.);
#1204=CARTESIAN_POINT('',(-0.019599624236137,0.076621275979215,-0.003937007874016));
#1205=VERTEX_POINT('',#1204);
#1206=CARTESIAN_POINT('',(-0.021095538091721,0.102242779250382,-0.003937007874016));
#1207=CARTESIAN_POINT('',(-0.026442634426573,0.095813532466809,-0.003937007874016));
#1208=CARTESIAN_POINT('',(-0.025551451704097,0.082573103447175,-0.003937007874016));
#1209=CARTESIAN_POINT('',(-0.019599624236137,0.076621275979215,-0.003937007874016));
#1210=QUASI_UNIFORM_CURVE('',3,(#1206,#1207,#1208,#1209),.UNSPECIFIED.,.F.,.U.);
#1211=EDGE_CURVE('',#1170,#1205,#1210,.T.);
#1212=ORIENTED_EDGE('',*,*,#1211,.T.);
#1213=CARTESIAN_POINT('',(-0.019599624236137,0.076621275979215,0.0));
#1214=VERTEX_POINT('',#1213);
#1215=CARTESIAN_POINT('',(-0.019599624236137,0.076621275979215,0.0));
#1216=DIRECTION('',(0.0,0.0,-1.0));
#1217=VECTOR('',#1216,0.003937007874016);
#1218=LINE('',#1215,#1217);
#1219=EDGE_CURVE('',#1214,#1205,#1218,.T.);
#1220=ORIENTED_EDGE('',*,*,#1219,.F.);
#1221=CARTESIAN_POINT('',(-0.021095538091721,0.102242779250382,0.0));
#1222=CARTESIAN_POINT('',(-0.026442634426573,0.095813532466809,0.0));
#1223=CARTESIAN_POINT('',(-0.025551451704097,0.082573103447175,0.0));
#1224=CARTESIAN_POINT('',(-0.019599624236137,0.076621275979215,0.0));
#1225=QUASI_UNIFORM_CURVE('',3,(#1221,#1222,#1223,#1224),.UNSPECIFIED.,.F.,.U.);
#1226=EDGE_CURVE('',#1178,#1214,#1225,.T.);
#1227=ORIENTED_EDGE('',*,*,#1226,.F.);
#1228=ORIENTED_EDGE('',*,*,#1183,.T.);
#1229=EDGE_LOOP('',(#1212,#1220,#1227,#1228));
#1230=FACE_OUTER_BOUND('',#1229,.T.);
#1231=ADVANCED_FACE('',(#1230),#1203,.T.);
#1232=CARTESIAN_POINT('',(0.005003384495058,0.07518901803238,0.0));
#1233=CARTESIAN_POINT('',(0.000070051567069,0.070255685104391,0.0));
#1234=CARTESIAN_POINT('',(-0.013584140859428,0.070605792602506,0.0));
#1235=CARTESIAN_POINT('',(-0.019599624236137,0.076621275979215,0.0));
#1236=CARTESIAN_POINT('',(0.005003384495058,0.07518901803238,-0.004724409448819));
#1237=CARTESIAN_POINT('',(0.000070051567069,0.070255685104391,-0.004724409448819));
#1238=CARTESIAN_POINT('',(-0.013584140859428,0.070605792602506,-0.004724409448819));
#1239=CARTESIAN_POINT('',(-0.019599624236137,0.076621275979215,-0.004724409448819));
#1240=B_SPLINE_SURFACE_WITH_KNOTS('',3,1,((#1232,#1236),(#1233,#1237),(#1234,#1238),(#1235,#1239)),.UNSPECIFIED.,.F.,.F.,.F.,(4,4),(2,2),(-1.0,0.0),(0.0,0.012),.UNSPECIFIED.);
#1241=CARTESIAN_POINT('',(0.005003384495058,0.07518901803238,-0.003937007874016));
#1242=VERTEX_POINT('',#1241);
#1243=CARTESIAN_POINT('',(-0.019599624236137,0.076621275979215,-0.003937007874016));
#1244=CARTESIAN_POINT('',(-0.013584140859428,0.070605792602506,-0.003937007874016));
#1245=CARTESIAN_POINT('',(0.000070051567069,0.070255685104391,-0.003937007874016));
#1246=CARTESIAN_POINT('',(0.005003384495058,0.07518901803238,-0.003937007874016));
#1247=QUASI_UNIFORM_CURVE('',3,(#1243,#1244,#1245,#1246),.UNSPECIFIED.,.F.,.U.);
#1248=EDGE_CURVE('',#1205,#1242,#1247,.T.);
#1249=ORIENTED_EDGE('',*,*,#1248,.T.);
#1250=CARTESIAN_POINT('',(0.005003384495058,0.07518901803238,0.0));
#1251=VERTEX_POINT('',#1250);
#1252=CARTESIAN_POINT('',(0.005003384495058,0.07518901803238,0.0));
#1253=DIRECTION('',(0.0,0.0,-1.0));
#1254=VECTOR('',#1253,0.003937007874016);
#1255=LINE('',#1252,#1254);
#1256=EDGE_CURVE('',#1251,#1242,#1255,.T.);
#1257=ORIENTED_EDGE('',*,*,#1256,.F.);
#1258=CARTESIAN_POINT('',(-0.019599624236137,0.076621275979215,0.0));
#1259=CARTESIAN_POINT('',(-0.013584140859428,0.070605792602506,0.0));
#1260=CARTESIAN_POINT('',(0.000070051567069,0.070255685104391,0.0));
#1261=CARTESIAN_POINT('',(0.005003384495058,0.07518901803238,0.0));
#1262=QUASI_UNIFORM_CURVE('',3,(#1258,#1259,#1260,#1261),.UNSPECIFIED.,.F.,.U.);
#1263=EDGE_CURVE('',#1214,#1251,#1262,.T.);
#1264=ORIENTED_EDGE('',*,*,#1263,.F.);
#1265=ORIENTED_EDGE('',*,*,#1219,.T.);
#1266=EDGE_LOOP('',(#1249,#1257,#1264,#1265));
#1267=FACE_OUTER_BOUND('',#1266,.T.);
#1268=ADVANCED_FACE('',(#1267),#1240,.T.);
#1269=CARTESIAN_POINT('',(0.010064029240543,0.104884499463434,0.0));
#1270=CARTESIAN_POINT('',(0.01089155605427,0.094699554063715,0.0));
#1271=CARTESIAN_POINT('',(0.010318652875536,0.084578264572745,0.0));
#1272=CARTESIAN_POINT('',(0.007517792890613,0.077703426427935,0.0));
#1273=CARTESIAN_POINT('',(0.005003384495058,0.07518901803238,0.0));
#1274=CARTESIAN_POINT('',(0.010064029240543,0.104884499463434,-0.004724409448819));
#1275=CARTESIAN_POINT('',(0.01089155605427,0.094699554063715,-0.004724409448819));
#1276=CARTESIAN_POINT('',(0.010318652875536,0.084578264572745,-0.004724409448819));
#1277=CARTESIAN_POINT('',(0.007517792890613,0.077703426427935,-0.004724409448819));
#1278=CARTESIAN_POINT('',(0.005003384495058,0.07518901803238,-0.004724409448819));
#1279=B_SPLINE_SURFACE_WITH_KNOTS('',4,1,((#1269,#1274),(#1270,#1275),(#1271,#1276),(#1272,#1277),(#1273,#1278)),.UNSPECIFIED.,.F.,.F.,.F.,(5,5),(2,2),(-1.0,0.0),(0.0,0.012),.UNSPECIFIED.);
#1280=CARTESIAN_POINT('',(0.010064029240543,0.104884499463434,-0.003937007874016));
#1281=VERTEX_POINT('',#1280);
#1282=CARTESIAN_POINT('',(0.005003384495058,0.07518901803238,-0.003937007874016));
#1283=CARTESIAN_POINT('',(0.007517792890613,0.077703426427935,-0.003937007874016));
#1284=CARTESIAN_POINT('',(0.010318652875536,0.084578264572745,-0.003937007874016));
#1285=CARTESIAN_POINT('',(0.01089155605427,0.094699554063715,-0.003937007874016));
#1286=CARTESIAN_POINT('',(0.010064029240543,0.104884499463434,-0.003937007874016));
#1287=QUASI_UNIFORM_CURVE('',4,(#1282,#1283,#1284,#1285,#1286),.UNSPECIFIED.,.F.,.U.);
#1288=EDGE_CURVE('',#1242,#1281,#1287,.T.);
#1289=ORIENTED_EDGE('',*,*,#1288,.T.);
#1290=CARTESIAN_POINT('',(0.010064029240543,0.104884499463434,0.0));
#1291=VERTEX_POINT('',#1290);
#1292=CARTESIAN_POINT('',(0.010064029240543,0.104884499463434,0.0));
#1293=DIRECTION('',(0.0,0.0,-1.0));
#1294=VECTOR('',#1293,0.003937007874016);
#1295=LINE('',#1292,#1294);
#1296=EDGE_CURVE('',#1291,#1281,#1295,.T.);
#1297=ORIENTED_EDGE('',*,*,#1296,.F.);
#1298=CARTESIAN_POINT('',(0.005003384495058,0.07518901803238,0.0));
#1299=CARTESIAN_POINT('',(0.007517792890613,0.077703426427935,0.0));
#1300=CARTESIAN_POINT('',(0.010318652875536,0.084578264572745,0.0));
#1301=CARTESIAN_POINT('',(0.01089155605427,0.094699554063715,0.0));
#1302=CARTESIAN_POINT('',(0.010064029240543,0.104884499463434,0.0));
#1303=QUASI_UNIFORM_CURVE('',4,(#1298,#1299,#1300,#1301,#1302),.UNSPECIFIED.,.F.,.U.);
#1304=EDGE_CURVE('',#1251,#1291,#1303,.T.);
#1305=ORIENTED_EDGE('',*,*,#1304,.F.);
#1306=ORIENTED_EDGE('',*,*,#1256,.T.);
#1307=EDGE_LOOP('',(#1289,#1297,#1305,#1306));
#1308=FACE_OUTER_BOUND('',#1307,.T.);
#1309=ADVANCED_FACE('',(#1308),#1279,.T.);
#1310=CARTESIAN_POINT('',(0.010000373331794,0.120989444376738,0.0));
#1311=CARTESIAN_POINT('',(0.009459298107434,0.118729659616176,0.0));
#1312=CARTESIAN_POINT('',(0.009300158335564,0.113350735326949,0.0));
#1313=CARTESIAN_POINT('',(0.010064029240543,0.104884499463434,0.0));
#1314=CARTESIAN_POINT('',(0.010000373331794,0.120989444376738,-0.004724409448819));
#1315=CARTESIAN_POINT('',(0.009459298107434,0.118729659616176,-0.004724409448819));
#1316=CARTESIAN_POINT('',(0.009300158335564,0.113350735326949,-0.004724409448819));
#1317=CARTESIAN_POINT('',(0.010064029240543,0.104884499463434,-0.004724409448819));
#1318=B_SPLINE_SURFACE_WITH_KNOTS('',3,1,((#1310,#1314),(#1311,#1315),(#1312,#1316),(#1313,#1317)),.UNSPECIFIED.,.F.,.F.,.F.,(4,4),(2,2),(-1.0,0.0),(0.0,0.012),.UNSPECIFIED.);
#1319=CARTESIAN_POINT('',(0.010000373331794,0.120989444376738,-0.003937007874016));
#1320=VERTEX_POINT('',#1319);
#1321=CARTESIAN_POINT('',(0.010064029240543,0.104884499463434,-0.003937007874016));
#1322=CARTESIAN_POINT('',(0.009300158335564,0.113350735326949,-0.003937007874016));
#1323=CARTESIAN_POINT('',(0.009459298107434,0.118729659616176,-0.003937007874016));
#1324=CARTESIAN_POINT('',(0.010000373331794,0.120989444376738,-0.003937007874016));
#1325=QUASI_UNIFORM_CURVE('',3,(#1321,#1322,#1323,#1324),.UNSPECIFIED.,.F.,.U.);
#1326=EDGE_CURVE('',#1281,#1320,#1325,.T.);
#1327=ORIENTED_EDGE('',*,*,#1326,.T.);
#1328=CARTESIAN_POINT('',(0.010000373331794,0.120989444376738,0.0));
#1329=VERTEX_POINT('',#1328);
#1330=CARTESIAN_POINT('',(0.010000373331794,0.120989444376738,0.0));
#1331=DIRECTION('',(0.0,0.0,-1.0));
#1332=VECTOR('',#1331,0.003937007874016);
#1333=LINE('',#1330,#1332);
#1334=EDGE_CURVE('',#1329,#1320,#1333,.T.);
#1335=ORIENTED_EDGE('',*,*,#1334,.F.);
#1336=CARTESIAN_POINT('',(0.010064029240543,0.104884499463434,0.0));
#1337=CARTESIAN_POINT('',(0.009300158335564,0.113350735326949,0.0));
#1338=CARTESIAN_POINT('',(0.009459298107434,0.118729659616176,0.0));
#1339=CARTESIAN_POINT('',(0.010000373331794,0.120989444376738,0.0));
#1340=QUASI_UNIFORM_CURVE('',3,(#1336,#1337,#1338,#1339),.UNSPECIFIED.,.F.,.U.);
#1341=EDGE_CURVE('',#1291,#1329,#1340,.T.);
#1342=ORIENTED_EDGE('',*,*,#1341,.F.);
#1343=ORIENTED_EDGE('',*,*,#1296,.T.);
#1344=EDGE_LOOP('',(#1327,#1335,#1342,#1343));
#1345=FACE_OUTER_BOUND('',#1344,.T.);
#1346=ADVANCED_FACE('',(#1345),#1318,.T.);
#1347=CARTESIAN_POINT('',(0.010000373331794,0.120989444376738,0.0));
#1348=DIRECTION('',(-0.707106781186547,-0.707106781186548,0.0));
#1349=DIRECTION('',(0.0,0.0,1.0));
#1350=AXIS2_PLACEMENT_3D('',#1347,#1348,#1349);
#1351=PLANE('',#1350);
#1352=CARTESIAN_POINT('',(0.030465747994354,0.100524069714179,-0.003937007874016));
#1353=VERTEX_POINT('',#1352);
#1354=CARTESIAN_POINT('',(0.010000373331794,0.120989444376738,-0.003937007874016));
#1355=DIRECTION('',(0.707106781186548,-0.707106781186547,0.0));
#1356=VECTOR('',#1355,0.028942410406838);
#1357=LINE('',#1354,#1356);
#1358=EDGE_CURVE('',#1320,#1353,#1357,.T.);
#1359=ORIENTED_EDGE('',*,*,#1358,.T.);
#1360=CARTESIAN_POINT('',(0.030465747994354,0.100524069714179,0.0));
#1361=VERTEX_POINT('',#1360);
#1362=CARTESIAN_POINT('',(0.030465747994354,0.100524069714179,0.0));
#1363=DIRECTION('',(0.0,0.0,-1.0));
#1364=VECTOR('',#1363,0.003937007874016);
#1365=LINE('',#1362,#1364);
#1366=EDGE_CURVE('',#1361,#1353,#1365,.T.);
#1367=ORIENTED_EDGE('',*,*,#1366,.F.);
#1368=CARTESIAN_POINT('',(0.010000373331794,0.120989444376738,0.0));
#1369=DIRECTION('',(0.707106781186548,-0.707106781186547,0.0));
#1370=VECTOR('',#1369,0.028942410406838);
#1371=LINE('',#1368,#1370);
#1372=EDGE_CURVE('',#1329,#1361,#1371,.T.);
#1373=ORIENTED_EDGE('',*,*,#1372,.F.);
#1374=ORIENTED_EDGE('',*,*,#1334,.T.);
#1375=EDGE_LOOP('',(#1359,#1367,#1373,#1374));
#1376=FACE_OUTER_BOUND('',#1375,.T.);
#1377=ADVANCED_FACE('',(#1376),#1351,.T.);
#1378=CARTESIAN_POINT('',(0.030465747994354,0.100524069714179,0.0));
#1379=DIRECTION('',(0.707106781186549,-0.707106781186546,0.0));
#1380=DIRECTION('',(0.0,0.0,-1.0));
#1381=AXIS2_PLACEMENT_3D('',#1378,#1379,#1380);
#1382=PLANE('',#1381);
#1383=CARTESIAN_POINT('',(0.030465747994354,0.100524069714179,-0.003937007874016));
#1384=DIRECTION('',(0.707106781186545,0.70710678118655,0.0));
#1385=VECTOR('',#1384,0.006976786334463);
#1386=LINE('',#1383,#1385);
#1387=EDGE_CURVE('',#1353,#949,#1386,.T.);
#1388=ORIENTED_EDGE('',*,*,#1387,.T.);
#1389=ORIENTED_EDGE('',*,*,#978,.F.);
#1390=CARTESIAN_POINT('',(0.030465747994354,0.100524069714179,0.0));
#1391=DIRECTION('',(0.707106781186545,0.70710678118655,0.0));
#1392=VECTOR('',#1391,0.006976786334463);
#1393=LINE('',#1390,#1392);
#1394=EDGE_CURVE('',#1361,#967,#1393,.T.);
#1395=ORIENTED_EDGE('',*,*,#1394,.F.);
#1396=ORIENTED_EDGE('',*,*,#1366,.T.);
#1397=EDGE_LOOP('',(#1388,#1389,#1395,#1396));
#1398=FACE_OUTER_BOUND('',#1397,.T.);
#1399=ADVANCED_FACE('',(#1398),#1382,.T.);
#1400=CARTESIAN_POINT('',(0.003157368022858,0.099076178770941,-0.003937007874016));
#1401=DIRECTION('',(0.0,0.0,1.0));
#1402=DIRECTION('',(1.0,0.0,0.0));
#1403=AXIS2_PLACEMENT_3D('',#1400,#1401,#1402);
#1404=PLANE('',#1403);
#1405=ORIENTED_EDGE('',*,*,#956,.F.);
#1406=ORIENTED_EDGE('',*,*,#1387,.F.);
#1407=ORIENTED_EDGE('',*,*,#1358,.F.);
#1408=ORIENTED_EDGE('',*,*,#1326,.F.);
#1409=ORIENTED_EDGE('',*,*,#1288,.F.);
#1410=ORIENTED_EDGE('',*,*,#1248,.F.);
#1411=ORIENTED_EDGE('',*,*,#1211,.F.);
#1412=ORIENTED_EDGE('',*,*,#1175,.F.);
#1413=ORIENTED_EDGE('',*,*,#1143,.F.);
#1414=ORIENTED_EDGE('',*,*,#1106,.F.);
#1415=ORIENTED_EDGE('',*,*,#1069,.F.);
#1416=ORIENTED_EDGE('',*,*,#1032,.F.);
#1417=ORIENTED_EDGE('',*,*,#996,.F.);
#1418=EDGE_LOOP('',(#1405,#1406,#1407,#1408,#1409,#1410,#1411,#1412,#1413,#1414,#1415,#1416,#1417));
#1419=FACE_OUTER_BOUND('',#1418,.T.);
#1420=ADVANCED_FACE('',(#1419),#1404,.F.);
#1421=CARTESIAN_POINT('',(-0.190248367815171,-0.099183596208426,0.0));
#1422=DIRECTION('',(0.707106781186547,0.707106781186548,0.0));
#1423=DIRECTION('',(0.0,0.0,-1.0));
#1424=AXIS2_PLACEMENT_3D('',#1421,#1422,#1423);
#1425=PLANE('',#1424);
#1426=CARTESIAN_POINT('',(-0.190248367815171,-0.099183596208426,-0.003937007874016));
#1427=VERTEX_POINT('',#1426);
#1428=CARTESIAN_POINT('',(-0.203329657062934,-0.086102306960663,-0.003937007874016));
#1429=VERTEX_POINT('',#1428);
#1430=CARTESIAN_POINT('',(-0.190248367815171,-0.099183596208426,-0.003937007874016));
#1431=DIRECTION('',(-0.707106781186549,0.707106781186546,0.0));
#1432=VECTOR('',#1431,0.018499736667512);
#1433=LINE('',#1430,#1432);
#1434=EDGE_CURVE('',#1427,#1429,#1433,.T.);
#1435=ORIENTED_EDGE('',*,*,#1434,.F.);
#1436=CARTESIAN_POINT('',(-0.190248367815171,-0.099183596208426,0.0));
#1437=VERTEX_POINT('',#1436);
#1438=CARTESIAN_POINT('',(-0.190248367815171,-0.099183596208426,0.0));
#1439=DIRECTION('',(0.0,0.0,-1.0));
#1440=VECTOR('',#1439,0.003937007874016);
#1441=LINE('',#1438,#1440);
#1442=EDGE_CURVE('',#1437,#1427,#1441,.T.);
#1443=ORIENTED_EDGE('',*,*,#1442,.F.);
#1444=CARTESIAN_POINT('',(-0.203329657062934,-0.086102306960663,0.0));
#1445=VERTEX_POINT('',#1444);
#1446=CARTESIAN_POINT('',(-0.203329657062934,-0.086102306960663,0.0));
#1447=DIRECTION('',(0.707106781186547,-0.707106781186548,0.0));
#1448=VECTOR('',#1447,0.018499736667512);
#1449=LINE('',#1446,#1448);
#1450=EDGE_CURVE('',#1445,#1437,#1449,.T.);
#1451=ORIENTED_EDGE('',*,*,#1450,.F.);
#1452=CARTESIAN_POINT('',(-0.203329657062934,-0.086102306960663,0.0));
#1453=DIRECTION('',(0.0,0.0,-1.0));
#1454=VECTOR('',#1453,0.003937007874016);
#1455=LINE('',#1452,#1454);
#1456=EDGE_CURVE('',#1445,#1429,#1455,.T.);
#1457=ORIENTED_EDGE('',*,*,#1456,.T.);
#1458=EDGE_LOOP('',(#1435,#1443,#1451,#1457));
#1459=FACE_OUTER_BOUND('',#1458,.T.);
#1460=ADVANCED_FACE('',(#1459),#1425,.F.);
#1461=CARTESIAN_POINT('',(-0.203329657062934,-0.086102306960663,0.0));
#1462=DIRECTION('',(-0.984104536318246,0.177590150621735,0.0));
#1463=DIRECTION('',(0.0,0.0,1.0));
#1464=AXIS2_PLACEMENT_3D('',#1461,#1462,#1463);
#1465=PLANE('',#1464);
#1466=CARTESIAN_POINT('',(-0.209090516804649,-0.118025745197905,-0.003937007874016));
#1467=VERTEX_POINT('',#1466);
#1468=CARTESIAN_POINT('',(-0.203329657062934,-0.086102306960663,-0.003937007874016));
#1469=DIRECTION('',(-0.177590150621735,-0.984104536318246,0.0));
#1470=VECTOR('',#1469,0.032439072333387);
#1471=LINE('',#1468,#1470);
#1472=EDGE_CURVE('',#1429,#1467,#1471,.T.);
#1473=ORIENTED_EDGE('',*,*,#1472,.F.);
#1474=ORIENTED_EDGE('',*,*,#1456,.F.);
#1475=CARTESIAN_POINT('',(-0.209090516804649,-0.118025745197905,0.0));
#1476=VERTEX_POINT('',#1475);
#1477=CARTESIAN_POINT('',(-0.209090516804649,-0.118025745197905,0.0));
#1478=DIRECTION('',(0.177590150621735,0.984104536318246,0.0));
#1479=VECTOR('',#1478,0.032439072333387);
#1480=LINE('',#1477,#1479);
#1481=EDGE_CURVE('',#1476,#1445,#1480,.T.);
#1482=ORIENTED_EDGE('',*,*,#1481,.F.);
#1483=CARTESIAN_POINT('',(-0.209090516804649,-0.118025745197905,0.0));
#1484=DIRECTION('',(0.0,0.0,-1.0));
#1485=VECTOR('',#1484,0.003937007874016);
#1486=LINE('',#1483,#1485);
#1487=EDGE_CURVE('',#1476,#1467,#1486,.T.);
#1488=ORIENTED_EDGE('',*,*,#1487,.T.);
#1489=EDGE_LOOP('',(#1473,#1474,#1482,#1488));
#1490=FACE_OUTER_BOUND('',#1489,.T.);
#1491=ADVANCED_FACE('',(#1490),#1465,.F.);
#1492=CARTESIAN_POINT('',(-0.209090516804649,-0.118025745197905,0.0));
#1493=DIRECTION('',(0.707106781186548,-0.707106781186547,0.0));
#1494=DIRECTION('',(0.0,0.0,-1.0));
#1495=AXIS2_PLACEMENT_3D('',#1492,#1493,#1494);
#1496=PLANE('',#1495);
#1497=CARTESIAN_POINT('',(-0.209090516804649,-0.118025745197905,-0.003937007874016));
#1498=DIRECTION('',(0.707106781186547,0.707106781186548,0.0));
#1499=VECTOR('',#1498,0.026646822645176);
#1500=LINE('',#1497,#1499);
#1501=EDGE_CURVE('',#1467,#1427,#1500,.T.);
#1502=ORIENTED_EDGE('',*,*,#1501,.F.);
#1503=ORIENTED_EDGE('',*,*,#1487,.F.);
#1504=CARTESIAN_POINT('',(-0.190248367815171,-0.099183596208426,0.0));
#1505=DIRECTION('',(-0.707106781186548,-0.707106781186547,0.0));
#1506=VECTOR('',#1505,0.026646822645176);
#1507=LINE('',#1504,#1506);
#1508=EDGE_CURVE('',#1437,#1476,#1507,.T.);
#1509=ORIENTED_EDGE('',*,*,#1508,.F.);
#1510=ORIENTED_EDGE('',*,*,#1442,.T.);
#1511=EDGE_LOOP('',(#1502,#1503,#1509,#1510));
#1512=FACE_OUTER_BOUND('',#1511,.T.);
#1513=ADVANCED_FACE('',(#1512),#1496,.F.);
#1514=CARTESIAN_POINT('',(-0.185537830567801,-0.094473058961056,0.0));
#1515=DIRECTION('',(0.707106781186546,0.707106781186549,0.0));
#1516=DIRECTION('',(0.0,0.0,-1.0));
#1517=AXIS2_PLACEMENT_3D('',#1514,#1515,#1516);
#1518=PLANE('',#1517);
#1519=CARTESIAN_POINT('',(-0.185537830567801,-0.094473058961056,-0.003937007874016));
#1520=VERTEX_POINT('',#1519);
#1521=CARTESIAN_POINT('',(-0.203647936606675,-0.076362952922182,-0.003937007874016));
#1522=VERTEX_POINT('',#1521);
#1523=CARTESIAN_POINT('',(-0.185537830567801,-0.094473058961056,-0.003937007874016));
#1524=DIRECTION('',(-0.70710678118655,0.707106781186545,0.0));
#1525=VECTOR('',#1524,0.025611557576191);
#1526=LINE('',#1523,#1525);
#1527=EDGE_CURVE('',#1520,#1522,#1526,.T.);
#1528=ORIENTED_EDGE('',*,*,#1527,.T.);
#1529=CARTESIAN_POINT('',(-0.203647936606675,-0.076362952922182,0.0));
#1530=VERTEX_POINT('',#1529);
#1531=CARTESIAN_POINT('',(-0.203647936606675,-0.076362952922182,0.0));
#1532=DIRECTION('',(0.0,0.0,-1.0));
#1533=VECTOR('',#1532,0.003937007874016);
#1534=LINE('',#1531,#1533);
#1535=EDGE_CURVE('',#1530,#1522,#1534,.T.);
#1536=ORIENTED_EDGE('',*,*,#1535,.F.);
#1537=CARTESIAN_POINT('',(-0.185537830567801,-0.094473058961056,0.0));
#1538=VERTEX_POINT('',#1537);
#1539=CARTESIAN_POINT('',(-0.185537830567801,-0.094473058961056,0.0));
#1540=DIRECTION('',(-0.70710678118655,0.707106781186545,0.0));
#1541=VECTOR('',#1540,0.025611557576191);
#1542=LINE('',#1539,#1541);
#1543=EDGE_CURVE('',#1538,#1530,#1542,.T.);
#1544=ORIENTED_EDGE('',*,*,#1543,.F.);
#1545=CARTESIAN_POINT('',(-0.185537830567801,-0.094473058961056,0.0));
#1546=DIRECTION('',(0.0,0.0,-1.0));
#1547=VECTOR('',#1546,0.003937007874016);
#1548=LINE('',#1545,#1547);
#1549=EDGE_CURVE('',#1538,#1520,#1548,.T.);
#1550=ORIENTED_EDGE('',*,*,#1549,.T.);
#1551=EDGE_LOOP('',(#1528,#1536,#1544,#1550));
#1552=FACE_OUTER_BOUND('',#1551,.T.);
#1553=ADVANCED_FACE('',(#1552),#1518,.T.);
#1554=CARTESIAN_POINT('',(-0.203647936606675,-0.076362952922182,0.0));
#1555=DIRECTION('',(-0.707106781186548,0.707106781186548,0.0));
#1556=DIRECTION('',(0.0,0.0,1.0));
#1557=AXIS2_PLACEMENT_3D('',#1554,#1555,#1556);
#1558=PLANE('',#1557);
#1559=CARTESIAN_POINT('',(-0.208358473854045,-0.081073490169552,-0.003937007874016));
#1560=VERTEX_POINT('',#1559);
#1561=CARTESIAN_POINT('',(-0.203647936606675,-0.076362952922182,-0.003937007874016));
#1562=DIRECTION('',(-0.707106781186542,-0.707106781186553,0.0));
#1563=VECTOR('',#1562,0.006661705661294);
#1564=LINE('',#1561,#1563);
#1565=EDGE_CURVE('',#1522,#1560,#1564,.T.);
#1566=ORIENTED_EDGE('',*,*,#1565,.T.);
#1567=CARTESIAN_POINT('',(-0.208358473854045,-0.081073490169552,0.0));
#1568=VERTEX_POINT('',#1567);
#1569=CARTESIAN_POINT('',(-0.208358473854045,-0.081073490169552,0.0));
#1570=DIRECTION('',(0.0,0.0,-1.0));
#1571=VECTOR('',#1570,0.003937007874016);
#1572=LINE('',#1569,#1571);
#1573=EDGE_CURVE('',#1568,#1560,#1572,.T.);
#1574=ORIENTED_EDGE('',*,*,#1573,.F.);
#1575=CARTESIAN_POINT('',(-0.203647936606675,-0.076362952922182,0.0));
#1576=DIRECTION('',(-0.707106781186542,-0.707106781186553,0.0));
#1577=VECTOR('',#1576,0.006661705661294);
#1578=LINE('',#1575,#1577);
#1579=EDGE_CURVE('',#1530,#1568,#1578,.T.);
#1580=ORIENTED_EDGE('',*,*,#1579,.F.);
#1581=ORIENTED_EDGE('',*,*,#1535,.T.);
#1582=EDGE_LOOP('',(#1566,#1574,#1580,#1581));
#1583=FACE_OUTER_BOUND('',#1582,.T.);
#1584=ADVANCED_FACE('',(#1583),#1558,.T.);
#1585=CARTESIAN_POINT('',(-0.208358473854045,-0.081073490169552,0.0));
#1586=DIRECTION('',(-0.985191773635221,0.171456026903366,0.0));
#1587=DIRECTION('',(0.0,0.0,1.0));
#1588=AXIS2_PLACEMENT_3D('',#1585,#1586,#1587);
#1589=PLANE('',#1588);
#1590=CARTESIAN_POINT('',(-0.216379118356323,-0.127160368103277,-0.003937007874016));
#1591=VERTEX_POINT('',#1590);
#1592=CARTESIAN_POINT('',(-0.208358473854045,-0.081073490169552,-0.003937007874016));
#1593=DIRECTION('',(-0.171456026903367,-0.985191773635221,0.0));
#1594=VECTOR('',#1593,0.046779600852402);
#1595=LINE('',#1592,#1594);
#1596=EDGE_CURVE('',#1560,#1591,#1595,.T.);
#1597=ORIENTED_EDGE('',*,*,#1596,.T.);
#1598=CARTESIAN_POINT('',(-0.216379118356323,-0.127160368103277,0.0));
#1599=VERTEX_POINT('',#1598);
#1600=CARTESIAN_POINT('',(-0.216379118356323,-0.127160368103277,0.0));
#1601=DIRECTION('',(0.0,0.0,-1.0));
#1602=VECTOR('',#1601,0.003937007874016);
#1603=LINE('',#1600,#1602);
#1604=EDGE_CURVE('',#1599,#1591,#1603,.T.);
#1605=ORIENTED_EDGE('',*,*,#1604,.F.);
#1606=CARTESIAN_POINT('',(-0.208358473854045,-0.081073490169552,0.0));
#1607=DIRECTION('',(-0.171456026903367,-0.985191773635221,0.0));
#1608=VECTOR('',#1607,0.046779600852402);
#1609=LINE('',#1606,#1608);
#1610=EDGE_CURVE('',#1568,#1599,#1609,.T.);
#1611=ORIENTED_EDGE('',*,*,#1610,.F.);
#1612=ORIENTED_EDGE('',*,*,#1573,.T.);
#1613=EDGE_LOOP('',(#1597,#1605,#1611,#1612));
#1614=FACE_OUTER_BOUND('',#1613,.T.);
#1615=ADVANCED_FACE('',(#1614),#1589,.T.);
#1616=CARTESIAN_POINT('',(-0.216379118356323,-0.127160368103277,0.0));
#1617=DIRECTION('',(-0.707106781186548,-0.707106781186548,0.0));
#1618=DIRECTION('',(0.0,0.0,1.0));
#1619=AXIS2_PLACEMENT_3D('',#1616,#1617,#1618);
#1620=PLANE('',#1619);
#1621=CARTESIAN_POINT('',(-0.212177828378939,-0.131361658080661,-0.003937007874016));
#1622=VERTEX_POINT('',#1621);
#1623=CARTESIAN_POINT('',(-0.216379118356323,-0.127160368103277,-0.003937007874016));
#1624=DIRECTION('',(0.70710678118655,-0.707106781186545,0.0));
#1625=VECTOR('',#1624,0.005941521265478);
#1626=LINE('',#1623,#1625);
#1627=EDGE_CURVE('',#1591,#1622,#1626,.T.);
#1628=ORIENTED_EDGE('',*,*,#1627,.T.);
#1629=CARTESIAN_POINT('',(-0.212177828378939,-0.131361658080661,0.0));
#1630=VERTEX_POINT('',#1629);
#1631=CARTESIAN_POINT('',(-0.212177828378939,-0.131361658080661,0.0));
#1632=DIRECTION('',(0.0,0.0,-1.0));
#1633=VECTOR('',#1632,0.003937007874016);
#1634=LINE('',#1631,#1633);
#1635=EDGE_CURVE('',#1630,#1622,#1634,.T.);
#1636=ORIENTED_EDGE('',*,*,#1635,.F.);
#1637=CARTESIAN_POINT('',(-0.216379118356323,-0.127160368103277,0.0));
#1638=DIRECTION('',(0.70710678118655,-0.707106781186545,0.0));
#1639=VECTOR('',#1638,0.005941521265478);
#1640=LINE('',#1637,#1639);
#1641=EDGE_CURVE('',#1599,#1630,#1640,.T.);
#1642=ORIENTED_EDGE('',*,*,#1641,.F.);
#1643=ORIENTED_EDGE('',*,*,#1604,.T.);
#1644=EDGE_LOOP('',(#1628,#1636,#1642,#1643));
#1645=FACE_OUTER_BOUND('',#1644,.T.);
#1646=ADVANCED_FACE('',(#1645),#1620,.T.);
#1647=CARTESIAN_POINT('',(-0.212177828378939,-0.131361658080661,0.0));
#1648=DIRECTION('',(0.707106781186548,-0.707106781186547,0.0));
#1649=DIRECTION('',(0.0,0.0,-1.0));
#1650=AXIS2_PLACEMENT_3D('',#1647,#1648,#1649);
#1651=PLANE('',#1650);
#1652=CARTESIAN_POINT('',(-0.185124067160937,-0.104307896862659,-0.003937007874016));
#1653=VERTEX_POINT('',#1652);
#1654=CARTESIAN_POINT('',(-0.212177828378939,-0.131361658080661,-0.003937007874016));
#1655=DIRECTION('',(0.707106781186547,0.707106781186548,0.0));
#1656=VECTOR('',#1655,0.038259796027702);
#1657=LINE('',#1654,#1656);
#1658=EDGE_CURVE('',#1622,#1653,#1657,.T.);
#1659=ORIENTED_EDGE('',*,*,#1658,.T.);
#1660=CARTESIAN_POINT('',(-0.185124067160937,-0.104307896862659,0.0));
#1661=VERTEX_POINT('',#1660);
#1662=CARTESIAN_POINT('',(-0.185124067160937,-0.104307896862659,0.0));
#1663=DIRECTION('',(0.0,0.0,-1.0));
#1664=VECTOR('',#1663,0.003937007874016);
#1665=LINE('',#1662,#1664);
#1666=EDGE_CURVE('',#1661,#1653,#1665,.T.);
#1667=ORIENTED_EDGE('',*,*,#1666,.F.);
#1668=CARTESIAN_POINT('',(-0.212177828378939,-0.131361658080661,0.0));
#1669=DIRECTION('',(0.707106781186547,0.707106781186548,0.0));
#1670=VECTOR('',#1669,0.038259796027702);
#1671=LINE('',#1668,#1670);
#1672=EDGE_CURVE('',#1630,#1661,#1671,.T.);
#1673=ORIENTED_EDGE('',*,*,#1672,.F.);
#1674=ORIENTED_EDGE('',*,*,#1635,.T.);
#1675=EDGE_LOOP('',(#1659,#1667,#1673,#1674));
#1676=FACE_OUTER_BOUND('',#1675,.T.);
#1677=ADVANCED_FACE('',(#1676),#1651,.T.);
#1678=CARTESIAN_POINT('',(-0.185124067160937,-0.104307896862659,0.0));
#1679=DIRECTION('',(-0.707106781186548,-0.707106781186548,0.0));
#1680=DIRECTION('',(0.0,0.0,1.0));
#1681=AXIS2_PLACEMENT_3D('',#1678,#1679,#1680);
#1682=PLANE('',#1681);
#1683=CARTESIAN_POINT('',(-0.179490519236718,-0.109941444786879,-0.003937007874016));
#1684=VERTEX_POINT('',#1683);
#1685=CARTESIAN_POINT('',(-0.185124067160937,-0.104307896862659,-0.003937007874016));
#1686=DIRECTION('',(0.707106781186547,-0.707106781186548,0.0));
#1687=VECTOR('',#1686,0.00796703987871);
#1688=LINE('',#1685,#1687);
#1689=EDGE_CURVE('',#1653,#1684,#1688,.T.);
#1690=ORIENTED_EDGE('',*,*,#1689,.T.);
#1691=CARTESIAN_POINT('',(-0.179490519236718,-0.109941444786879,0.0));
#1692=VERTEX_POINT('',#1691);
#1693=CARTESIAN_POINT('',(-0.179490519236718,-0.109941444786879,0.0));
#1694=DIRECTION('',(0.0,0.0,-1.0));
#1695=VECTOR('',#1694,0.003937007874016);
#1696=LINE('',#1693,#1695);
#1697=EDGE_CURVE('',#1692,#1684,#1696,.T.);
#1698=ORIENTED_EDGE('',*,*,#1697,.F.);
#1699=CARTESIAN_POINT('',(-0.185124067160937,-0.104307896862659,0.0));
#1700=DIRECTION('',(0.707106781186547,-0.707106781186548,0.0));
#1701=VECTOR('',#1700,0.00796703987871);
#1702=LINE('',#1699,#1701);
#1703=EDGE_CURVE('',#1661,#1692,#1702,.T.);
#1704=ORIENTED_EDGE('',*,*,#1703,.F.);
#1705=ORIENTED_EDGE('',*,*,#1666,.T.);
#1706=EDGE_LOOP('',(#1690,#1698,#1704,#1705));
#1707=FACE_OUTER_BOUND('',#1706,.T.);
#1708=ADVANCED_FACE('',(#1707),#1682,.T.);
#1709=CARTESIAN_POINT('',(-0.179490519236718,-0.109941444786879,0.0));
#1710=DIRECTION('',(0.707106781186548,-0.707106781186548,0.0));
#1711=DIRECTION('',(0.0,0.0,-1.0));
#1712=AXIS2_PLACEMENT_3D('',#1709,#1710,#1711);
#1713=PLANE('',#1712);
#1714=CARTESIAN_POINT('',(-0.174779981989348,-0.105230907539509,-0.003937007874016));
#1715=VERTEX_POINT('',#1714);
#1716=CARTESIAN_POINT('',(-0.179490519236718,-0.109941444786879,-0.003937007874016));
#1717=DIRECTION('',(0.707106781186548,0.707106781186548,0.0));
#1718=VECTOR('',#1717,0.006661705661294);
#1719=LINE('',#1716,#1718);
#1720=EDGE_CURVE('',#1684,#1715,#1719,.T.);
#1721=ORIENTED_EDGE('',*,*,#1720,.T.);
#1722=CARTESIAN_POINT('',(-0.174779981989348,-0.105230907539509,0.0));
#1723=VERTEX_POINT('',#1722);
#1724=CARTESIAN_POINT('',(-0.174779981989348,-0.105230907539509,0.0));
#1725=DIRECTION('',(0.0,0.0,-1.0));
#1726=VECTOR('',#1725,0.003937007874016);
#1727=LINE('',#1724,#1726);
#1728=EDGE_CURVE('',#1723,#1715,#1727,.T.);
#1729=ORIENTED_EDGE('',*,*,#1728,.F.);
#1730=CARTESIAN_POINT('',(-0.179490519236718,-0.109941444786879,0.0));
#1731=DIRECTION('',(0.707106781186548,0.707106781186548,0.0));
#1732=VECTOR('',#1731,0.006661705661294);
#1733=LINE('',#1730,#1732);
#1734=EDGE_CURVE('',#1692,#1723,#1733,.T.);
#1735=ORIENTED_EDGE('',*,*,#1734,.F.);
#1736=ORIENTED_EDGE('',*,*,#1697,.T.);
#1737=EDGE_LOOP('',(#1721,#1729,#1735,#1736));
#1738=FACE_OUTER_BOUND('',#1737,.T.);
#1739=ADVANCED_FACE('',(#1738),#1713,.T.);
#1740=CARTESIAN_POINT('',(-0.174779981989348,-0.105230907539509,0.0));
#1741=DIRECTION('',(0.707106781186548,0.707106781186548,0.0));
#1742=DIRECTION('',(0.0,0.0,-1.0));
#1743=AXIS2_PLACEMENT_3D('',#1740,#1741,#1742);
#1744=PLANE('',#1743);
#1745=CARTESIAN_POINT('',(-0.180413529913567,-0.09959735961529,-0.003937007874016));
#1746=VERTEX_POINT('',#1745);
#1747=CARTESIAN_POINT('',(-0.174779981989348,-0.105230907539509,-0.003937007874016));
#1748=DIRECTION('',(-0.707106781186546,0.707106781186549,0.0));
#1749=VECTOR('',#1748,0.00796703987871);
#1750=LINE('',#1747,#1749);
#1751=EDGE_CURVE('',#1715,#1746,#1750,.T.);
#1752=ORIENTED_EDGE('',*,*,#1751,.T.);
#1753=CARTESIAN_POINT('',(-0.180413529913567,-0.09959735961529,0.0));
#1754=VERTEX_POINT('',#1753);
#1755=CARTESIAN_POINT('',(-0.180413529913567,-0.09959735961529,0.0));
#1756=DIRECTION('',(0.0,0.0,-1.0));
#1757=VECTOR('',#1756,0.003937007874016);
#1758=LINE('',#1755,#1757);
#1759=EDGE_CURVE('',#1754,#1746,#1758,.T.);
#1760=ORIENTED_EDGE('',*,*,#1759,.F.);
#1761=CARTESIAN_POINT('',(-0.174779981989348,-0.105230907539509,0.0));
#1762=DIRECTION('',(-0.707106781186546,0.707106781186549,0.0));
#1763=VECTOR('',#1762,0.00796703987871);
#1764=LINE('',#1761,#1763);
#1765=EDGE_CURVE('',#1723,#1754,#1764,.T.);
#1766=ORIENTED_EDGE('',*,*,#1765,.F.);
#1767=ORIENTED_EDGE('',*,*,#1728,.T.);
#1768=EDGE_LOOP('',(#1752,#1760,#1766,#1767));
#1769=FACE_OUTER_BOUND('',#1768,.T.);
#1770=ADVANCED_FACE('',(#1769),#1744,.T.);
#1771=CARTESIAN_POINT('',(-0.180413529913567,-0.09959735961529,0.0));
#1772=DIRECTION('',(0.707106781186549,-0.707106781186546,0.0));
#1773=DIRECTION('',(0.0,0.0,-1.0));
#1774=AXIS2_PLACEMENT_3D('',#1771,#1772,#1773);
#1775=PLANE('',#1774);
#1776=CARTESIAN_POINT('',(-0.170419552240094,-0.089603381941816,-0.003937007874016));
#1777=VERTEX_POINT('',#1776);
#1778=CARTESIAN_POINT('',(-0.180413529913567,-0.09959735961529,-0.003937007874016));
#1779=DIRECTION('',(0.707106781186545,0.70710678118655,0.0));
#1780=VECTOR('',#1779,0.01413361876788);
#1781=LINE('',#1778,#1780);
#1782=EDGE_CURVE('',#1746,#1777,#1781,.T.);
#1783=ORIENTED_EDGE('',*,*,#1782,.T.);
#1784=CARTESIAN_POINT('',(-0.170419552240094,-0.089603381941816,0.0));
#1785=VERTEX_POINT('',#1784);
#1786=CARTESIAN_POINT('',(-0.170419552240094,-0.089603381941816,0.0));
#1787=DIRECTION('',(0.0,0.0,-1.0));
#1788=VECTOR('',#1787,0.003937007874016);
#1789=LINE('',#1786,#1788);
#1790=EDGE_CURVE('',#1785,#1777,#1789,.T.);
#1791=ORIENTED_EDGE('',*,*,#1790,.F.);
#1792=CARTESIAN_POINT('',(-0.180413529913567,-0.09959735961529,0.0));
#1793=DIRECTION('',(0.707106781186545,0.70710678118655,0.0));
#1794=VECTOR('',#1793,0.01413361876788);
#1795=LINE('',#1792,#1794);
#1796=EDGE_CURVE('',#1754,#1785,#1795,.T.);
#1797=ORIENTED_EDGE('',*,*,#1796,.F.);
#1798=ORIENTED_EDGE('',*,*,#1759,.T.);
#1799=EDGE_LOOP('',(#1783,#1791,#1797,#1798));
#1800=FACE_OUTER_BOUND('',#1799,.T.);
#1801=ADVANCED_FACE('',(#1800),#1775,.T.);
#1802=CARTESIAN_POINT('',(-0.170419552240094,-0.089603381941816,0.0));
#1803=DIRECTION('',(0.707106781186548,0.707106781186548,0.0));
#1804=DIRECTION('',(0.0,0.0,-1.0));
#1805=AXIS2_PLACEMENT_3D('',#1802,#1803,#1804);
#1806=PLANE('',#1805);
#1807=CARTESIAN_POINT('',(-0.175543852894327,-0.084479081287583,-0.003937007874016));
#1808=VERTEX_POINT('',#1807);
#1809=CARTESIAN_POINT('',(-0.170419552240094,-0.089603381941816,-0.003937007874016));
#1810=DIRECTION('',(-0.707106781186547,0.707106781186547,0.0));
#1811=VECTOR('',#1810,0.007246855482894);
#1812=LINE('',#1809,#1811);
#1813=EDGE_CURVE('',#1777,#1808,#1812,.T.);
#1814=ORIENTED_EDGE('',*,*,#1813,.T.);
#1815=CARTESIAN_POINT('',(-0.175543852894327,-0.084479081287583,0.0));
#1816=VERTEX_POINT('',#1815);
#1817=CARTESIAN_POINT('',(-0.175543852894327,-0.084479081287583,0.0));
#1818=DIRECTION('',(0.0,0.0,-1.0));
#1819=VECTOR('',#1818,0.003937007874016);
#1820=LINE('',#1817,#1819);
#1821=EDGE_CURVE('',#1816,#1808,#1820,.T.);
#1822=ORIENTED_EDGE('',*,*,#1821,.F.);
#1823=CARTESIAN_POINT('',(-0.170419552240094,-0.089603381941816,0.0));
#1824=DIRECTION('',(-0.707106781186547,0.707106781186547,0.0));
#1825=VECTOR('',#1824,0.007246855482894);
#1826=LINE('',#1823,#1825);
#1827=EDGE_CURVE('',#1785,#1816,#1826,.T.);
#1828=ORIENTED_EDGE('',*,*,#1827,.F.);
#1829=ORIENTED_EDGE('',*,*,#1790,.T.);
#1830=EDGE_LOOP('',(#1814,#1822,#1828,#1829));
#1831=FACE_OUTER_BOUND('',#1830,.T.);
#1832=ADVANCED_FACE('',(#1831),#1806,.T.);
#1833=CARTESIAN_POINT('',(-0.175543852894327,-0.084479081287583,0.0));
#1834=DIRECTION('',(-0.707106781186548,0.707106781186548,0.0));
#1835=DIRECTION('',(0.0,0.0,1.0));
#1836=AXIS2_PLACEMENT_3D('',#1833,#1834,#1835);
#1837=PLANE('',#1836);
#1838=CARTESIAN_POINT('',(-0.175543852894327,-0.084479081287583,-0.003937007874016));
#1839=DIRECTION('',(-0.707106781186547,-0.707106781186548,0.0));
#1840=VECTOR('',#1839,0.01413361876788);
#1841=LINE('',#1838,#1840);
#1842=EDGE_CURVE('',#1808,#1520,#1841,.T.);
#1843=ORIENTED_EDGE('',*,*,#1842,.T.);
#1844=ORIENTED_EDGE('',*,*,#1549,.F.);
#1845=CARTESIAN_POINT('',(-0.175543852894327,-0.084479081287583,0.0));
#1846=DIRECTION('',(-0.707106781186547,-0.707106781186548,0.0));
#1847=VECTOR('',#1846,0.01413361876788);
#1848=LINE('',#1845,#1847);
#1849=EDGE_CURVE('',#1816,#1538,#1848,.T.);
#1850=ORIENTED_EDGE('',*,*,#1849,.F.);
#1851=ORIENTED_EDGE('',*,*,#1821,.T.);
#1852=EDGE_LOOP('',(#1843,#1844,#1850,#1851));
#1853=FACE_OUTER_BOUND('',#1852,.T.);
#1854=ADVANCED_FACE('',(#1853),#1837,.T.);
#1855=CARTESIAN_POINT('',(-0.195717410160239,-0.101880872813474,-0.003937007874016));
#1856=DIRECTION('',(0.0,0.0,1.0));
#1857=DIRECTION('',(1.0,0.0,0.0));
#1858=AXIS2_PLACEMENT_3D('',#1855,#1856,#1857);
#1859=PLANE('',#1858);
#1860=ORIENTED_EDGE('',*,*,#1527,.F.);
#1861=ORIENTED_EDGE('',*,*,#1842,.F.);
#1862=ORIENTED_EDGE('',*,*,#1813,.F.);
#1863=ORIENTED_EDGE('',*,*,#1782,.F.);
#1864=ORIENTED_EDGE('',*,*,#1751,.F.);
#1865=ORIENTED_EDGE('',*,*,#1720,.F.);
#1866=ORIENTED_EDGE('',*,*,#1689,.F.);
#1867=ORIENTED_EDGE('',*,*,#1658,.F.);
#1868=ORIENTED_EDGE('',*,*,#1627,.F.);
#1869=ORIENTED_EDGE('',*,*,#1596,.F.);
#1870=ORIENTED_EDGE('',*,*,#1565,.F.);
#1871=EDGE_LOOP('',(#1860,#1861,#1862,#1863,#1864,#1865,#1866,#1867,#1868,#1869,#1870));
#1872=FACE_OUTER_BOUND('',#1871,.T.);
#1873=ORIENTED_EDGE('',*,*,#1434,.T.);
#1874=ORIENTED_EDGE('',*,*,#1472,.T.);
#1875=ORIENTED_EDGE('',*,*,#1501,.T.);
#1876=EDGE_LOOP('',(#1873,#1874,#1875));
#1877=FACE_BOUND('',#1876,.T.);
#1878=ADVANCED_FACE('',(#1872,#1877),#1859,.F.);
#1879=CARTESIAN_POINT('',(0.073690244306683,-0.113968438427496,0.0));
#1880=DIRECTION('',(0.707106781186546,-0.707106781186549,0.0));
#1881=DIRECTION('',(0.0,0.0,-1.0));
#1882=AXIS2_PLACEMENT_3D('',#1879,#1880,#1881);
#1883=PLANE('',#1882);
#1884=CARTESIAN_POINT('',(0.073690244306683,-0.113968438427496,-0.003937007874016));
#1885=VERTEX_POINT('',#1884);
#1886=CARTESIAN_POINT('',(0.103926800962097,-0.083731881772082,-0.003937007874016));
#1887=VERTEX_POINT('',#1886);
#1888=CARTESIAN_POINT('',(0.073690244306683,-0.113968438427496,-0.003937007874016));
#1889=DIRECTION('',(0.707106781186549,0.707106781186546,0.0));
#1890=VECTOR('',#1889,0.042760948501549);
#1891=LINE('',#1888,#1890);
#1892=EDGE_CURVE('',#1885,#1887,#1891,.T.);
#1893=ORIENTED_EDGE('',*,*,#1892,.T.);
#1894=CARTESIAN_POINT('',(0.103926800962097,-0.083731881772082,0.0));
#1895=VERTEX_POINT('',#1894);
#1896=CARTESIAN_POINT('',(0.103926800962097,-0.083731881772082,0.0));
#1897=DIRECTION('',(0.0,0.0,-1.0));
#1898=VECTOR('',#1897,0.003937007874016);
#1899=LINE('',#1896,#1898);
#1900=EDGE_CURVE('',#1895,#1887,#1899,.T.);
#1901=ORIENTED_EDGE('',*,*,#1900,.F.);
#1902=CARTESIAN_POINT('',(0.073690244306683,-0.113968438427496,0.0));
#1903=VERTEX_POINT('',#1902);
#1904=CARTESIAN_POINT('',(0.073690244306683,-0.113968438427496,0.0));
#1905=DIRECTION('',(0.707106781186549,0.707106781186546,0.0));
#1906=VECTOR('',#1905,0.042760948501549);
#1907=LINE('',#1904,#1906);
#1908=EDGE_CURVE('',#1903,#1895,#1907,.T.);
#1909=ORIENTED_EDGE('',*,*,#1908,.F.);
#1910=CARTESIAN_POINT('',(0.073690244306683,-0.113968438427496,0.0));
#1911=DIRECTION('',(0.0,0.0,-1.0));
#1912=VECTOR('',#1911,0.003937007874016);
#1913=LINE('',#1910,#1912);
#1914=EDGE_CURVE('',#1903,#1885,#1913,.T.);
#1915=ORIENTED_EDGE('',*,*,#1914,.T.);
#1916=EDGE_LOOP('',(#1893,#1901,#1909,#1915));
#1917=FACE_OUTER_BOUND('',#1916,.T.);
#1918=ADVANCED_FACE('',(#1917),#1883,.T.);
#1919=CARTESIAN_POINT('',(0.103926800962097,-0.083731881772082,0.0));
#1920=DIRECTION('',(0.707106781186548,0.707106781186547,0.0));
#1921=DIRECTION('',(0.0,0.0,-1.0));
#1922=AXIS2_PLACEMENT_3D('',#1919,#1920,#1921);
#1923=PLANE('',#1922);
#1924=CARTESIAN_POINT('',(0.098993468034108,-0.078798548844093,-0.003937007874016));
#1925=VERTEX_POINT('',#1924);
#1926=CARTESIAN_POINT('',(0.103926800962097,-0.083731881772082,-0.003937007874016));
#1927=DIRECTION('',(-0.707106781186545,0.707106781186551,0.0));
#1928=VECTOR('',#1927,0.006976786334463);
#1929=LINE('',#1926,#1928);
#1930=EDGE_CURVE('',#1887,#1925,#1929,.T.);
#1931=ORIENTED_EDGE('',*,*,#1930,.T.);
#1932=CARTESIAN_POINT('',(0.098993468034108,-0.078798548844093,0.0));
#1933=VERTEX_POINT('',#1932);
#1934=CARTESIAN_POINT('',(0.098993468034108,-0.078798548844093,0.0));
#1935=DIRECTION('',(0.0,0.0,-1.0));
#1936=VECTOR('',#1935,0.003937007874016);
#1937=LINE('',#1934,#1936);
#1938=EDGE_CURVE('',#1933,#1925,#1937,.T.);
#1939=ORIENTED_EDGE('',*,*,#1938,.F.);
#1940=CARTESIAN_POINT('',(0.103926800962097,-0.083731881772082,0.0));
#1941=DIRECTION('',(-0.707106781186545,0.707106781186551,0.0));
#1942=VECTOR('',#1941,0.006976786334463);
#1943=LINE('',#1940,#1942);
#1944=EDGE_CURVE('',#1895,#1933,#1943,.T.);
#1945=ORIENTED_EDGE('',*,*,#1944,.F.);
#1946=ORIENTED_EDGE('',*,*,#1900,.T.);
#1947=EDGE_LOOP('',(#1931,#1939,#1945,#1946));
#1948=FACE_OUTER_BOUND('',#1947,.T.);
#1949=ADVANCED_FACE('',(#1948),#1923,.T.);
#1950=CARTESIAN_POINT('',(0.098993468034108,-0.078798548844093,0.0));
#1951=DIRECTION('',(-0.707106781186546,0.707106781186549,0.0));
#1952=DIRECTION('',(0.0,0.0,1.0));
#1953=AXIS2_PLACEMENT_3D('',#1950,#1951,#1952);
#1954=PLANE('',#1953);
#1955=CARTESIAN_POINT('',(0.074294975439791,-0.10349704143841,-0.003937007874016));
#1956=VERTEX_POINT('',#1955);
#1957=CARTESIAN_POINT('',(0.098993468034108,-0.078798548844093,-0.003937007874016));
#1958=DIRECTION('',(-0.707106781186549,-0.707106781186546,0.0));
#1959=VECTOR('',#1958,0.034928943197055);
#1960=LINE('',#1957,#1959);
#1961=EDGE_CURVE('',#1925,#1956,#1960,.T.);
#1962=ORIENTED_EDGE('',*,*,#1961,.T.);
#1963=CARTESIAN_POINT('',(0.074294975439791,-0.10349704143841,0.0));
#1964=VERTEX_POINT('',#1963);
#1965=CARTESIAN_POINT('',(0.074294975439791,-0.10349704143841,0.0));
#1966=DIRECTION('',(0.0,0.0,-1.0));
#1967=VECTOR('',#1966,0.003937007874016);
#1968=LINE('',#1965,#1967);
#1969=EDGE_CURVE('',#1964,#1956,#1968,.T.);
#1970=ORIENTED_EDGE('',*,*,#1969,.F.);
#1971=CARTESIAN_POINT('',(0.098993468034108,-0.078798548844093,0.0));
#1972=DIRECTION('',(-0.707106781186549,-0.707106781186546,0.0));
#1973=VECTOR('',#1972,0.034928943197055);
#1974=LINE('',#1971,#1973);
#1975=EDGE_CURVE('',#1933,#1964,#1974,.T.);
#1976=ORIENTED_EDGE('',*,*,#1975,.F.);
#1977=ORIENTED_EDGE('',*,*,#1938,.T.);
#1978=EDGE_LOOP('',(#1962,#1970,#1976,#1977));
#1979=FACE_OUTER_BOUND('',#1978,.T.);
#1980=ADVANCED_FACE('',(#1979),#1954,.T.);
#1981=CARTESIAN_POINT('',(0.074294975439791,-0.10349704143841,0.0));
#1982=DIRECTION('',(0.707106781186549,0.707106781186546,0.0));
#1983=DIRECTION('',(0.0,0.0,-1.0));
#1984=AXIS2_PLACEMENT_3D('',#1981,#1982,#1983);
#1985=PLANE('',#1984);
#1986=CARTESIAN_POINT('',(0.061531965735769,-0.090734031734388,-0.003937007874016));
#1987=VERTEX_POINT('',#1986);
#1988=CARTESIAN_POINT('',(0.074294975439791,-0.10349704143841,-0.003937007874016));
#1989=DIRECTION('',(-0.707106781186546,0.707106781186549,0.0));
#1990=VECTOR('',#1989,0.018049621420127);
#1991=LINE('',#1988,#1990);
#1992=EDGE_CURVE('',#1956,#1987,#1991,.T.);
#1993=ORIENTED_EDGE('',*,*,#1992,.T.);
#1994=CARTESIAN_POINT('',(0.061531965735769,-0.090734031734388,0.0));
#1995=VERTEX_POINT('',#1994);
#1996=CARTESIAN_POINT('',(0.061531965735769,-0.090734031734388,0.0));
#1997=DIRECTION('',(0.0,0.0,-1.0));
#1998=VECTOR('',#1997,0.003937007874016);
#1999=LINE('',#1996,#1998);
#2000=EDGE_CURVE('',#1995,#1987,#1999,.T.);
#2001=ORIENTED_EDGE('',*,*,#2000,.F.);
#2002=CARTESIAN_POINT('',(0.074294975439791,-0.10349704143841,0.0));
#2003=DIRECTION('',(-0.707106781186546,0.707106781186549,0.0));
#2004=VECTOR('',#2003,0.018049621420127);
#2005=LINE('',#2002,#2004);
#2006=EDGE_CURVE('',#1964,#1995,#2005,.T.);
#2007=ORIENTED_EDGE('',*,*,#2006,.F.);
#2008=ORIENTED_EDGE('',*,*,#1969,.T.);
#2009=EDGE_LOOP('',(#1993,#2001,#2007,#2008));
#2010=FACE_OUTER_BOUND('',#2009,.T.);
#2011=ADVANCED_FACE('',(#2010),#1985,.T.);
#2012=CARTESIAN_POINT('',(0.061531965735769,-0.090734031734388,0.0));
#2013=DIRECTION('',(0.707106781186546,-0.707106781186549,0.0));
#2014=DIRECTION('',(0.0,0.0,-1.0));
#2015=AXIS2_PLACEMENT_3D('',#2012,#2013,#2014);
#2016=PLANE('',#2015);
#2017=CARTESIAN_POINT('',(0.084670888565755,-0.067595108904403,-0.003937007874016));
#2018=VERTEX_POINT('',#2017);
#2019=CARTESIAN_POINT('',(0.061531965735769,-0.090734031734388,-0.003937007874016));
#2020=DIRECTION('',(0.707106781186549,0.707106781186546,0.0));
#2021=VECTOR('',#2020,0.032723378484869);
#2022=LINE('',#2019,#2021);
#2023=EDGE_CURVE('',#1987,#2018,#2022,.T.);
#2024=ORIENTED_EDGE('',*,*,#2023,.T.);
#2025=CARTESIAN_POINT('',(0.084670888565755,-0.067595108904403,0.0));
#2026=VERTEX_POINT('',#2025);
#2027=CARTESIAN_POINT('',(0.084670888565755,-0.067595108904403,0.0));
#2028=DIRECTION('',(0.0,0.0,-1.0));
#2029=VECTOR('',#2028,0.003937007874016);
#2030=LINE('',#2027,#2029);
#2031=EDGE_CURVE('',#2026,#2018,#2030,.T.);
#2032=ORIENTED_EDGE('',*,*,#2031,.F.);
#2033=CARTESIAN_POINT('',(0.061531965735769,-0.090734031734388,0.0));
#2034=DIRECTION('',(0.707106781186549,0.707106781186546,0.0));
#2035=VECTOR('',#2034,0.032723378484869);
#2036=LINE('',#2033,#2035);
#2037=EDGE_CURVE('',#1995,#2026,#2036,.T.);
#2038=ORIENTED_EDGE('',*,*,#2037,.F.);
#2039=ORIENTED_EDGE('',*,*,#2000,.T.);
#2040=EDGE_LOOP('',(#2024,#2032,#2038,#2039));
#2041=FACE_OUTER_BOUND('',#2040,.T.);
#2042=ADVANCED_FACE('',(#2041),#2016,.T.);
#2043=CARTESIAN_POINT('',(0.084670888565755,-0.067595108904403,0.0));
#2044=DIRECTION('',(0.707106781186549,0.707106781186546,0.0));
#2045=DIRECTION('',(0.0,0.0,-1.0));
#2046=AXIS2_PLACEMENT_3D('',#2043,#2044,#2045);
#2047=PLANE('',#2046);
#2048=CARTESIAN_POINT('',(0.079737555637766,-0.062661775976415,-0.003937007874016));
#2049=VERTEX_POINT('',#2048);
#2050=CARTESIAN_POINT('',(0.084670888565755,-0.067595108904403,-0.003937007874016));
#2051=DIRECTION('',(-0.707106781186545,0.70710678118655,0.0));
#2052=VECTOR('',#2051,0.006976786334463);
#2053=LINE('',#2050,#2052);
#2054=EDGE_CURVE('',#2018,#2049,#2053,.T.);
#2055=ORIENTED_EDGE('',*,*,#2054,.T.);
#2056=CARTESIAN_POINT('',(0.079737555637766,-0.062661775976415,0.0));
#2057=VERTEX_POINT('',#2056);
#2058=CARTESIAN_POINT('',(0.079737555637766,-0.062661775976415,0.0));
#2059=DIRECTION('',(0.0,0.0,-1.0));
#2060=VECTOR('',#2059,0.003937007874016);
#2061=LINE('',#2058,#2060);
#2062=EDGE_CURVE('',#2057,#2049,#2061,.T.);
#2063=ORIENTED_EDGE('',*,*,#2062,.F.);
#2064=CARTESIAN_POINT('',(0.084670888565755,-0.067595108904403,0.0));
#2065=DIRECTION('',(-0.707106781186545,0.70710678118655,0.0));
#2066=VECTOR('',#2065,0.006976786334463);
#2067=LINE('',#2064,#2066);
#2068=EDGE_CURVE('',#2026,#2057,#2067,.T.);
#2069=ORIENTED_EDGE('',*,*,#2068,.F.);
#2070=ORIENTED_EDGE('',*,*,#2031,.T.);
#2071=EDGE_LOOP('',(#2055,#2063,#2069,#2070));
#2072=FACE_OUTER_BOUND('',#2071,.T.);
#2073=ADVANCED_FACE('',(#2072),#2047,.T.);
#2074=CARTESIAN_POINT('',(0.079737555637766,-0.062661775976415,0.0));
#2075=DIRECTION('',(-0.707106781186546,0.707106781186549,0.0));
#2076=DIRECTION('',(0.0,0.0,1.0));
#2077=AXIS2_PLACEMENT_3D('',#2074,#2075,#2076);
#2078=PLANE('',#2077);
#2079=CARTESIAN_POINT('',(0.056598632807781,-0.0858006988064,-0.003937007874016));
#2080=VERTEX_POINT('',#2079);
#2081=CARTESIAN_POINT('',(0.079737555637766,-0.062661775976415,-0.003937007874016));
#2082=DIRECTION('',(-0.707106781186549,-0.707106781186546,0.0));
#2083=VECTOR('',#2082,0.032723378484869);
#2084=LINE('',#2081,#2083);
#2085=EDGE_CURVE('',#2049,#2080,#2084,.T.);
#2086=ORIENTED_EDGE('',*,*,#2085,.T.);
#2087=CARTESIAN_POINT('',(0.056598632807781,-0.0858006988064,0.0));
#2088=VERTEX_POINT('',#2087);
#2089=CARTESIAN_POINT('',(0.056598632807781,-0.0858006988064,0.0));
#2090=DIRECTION('',(0.0,0.0,-1.0));
#2091=VECTOR('',#2090,0.003937007874016);
#2092=LINE('',#2089,#2091);
#2093=EDGE_CURVE('',#2088,#2080,#2092,.T.);
#2094=ORIENTED_EDGE('',*,*,#2093,.F.);
#2095=CARTESIAN_POINT('',(0.079737555637766,-0.062661775976415,0.0));
#2096=DIRECTION('',(-0.707106781186549,-0.707106781186546,0.0));
#2097=VECTOR('',#2096,0.032723378484869);
#2098=LINE('',#2095,#2097);
#2099=EDGE_CURVE('',#2057,#2088,#2098,.T.);
#2100=ORIENTED_EDGE('',*,*,#2099,.F.);
#2101=ORIENTED_EDGE('',*,*,#2062,.T.);
#2102=EDGE_LOOP('',(#2086,#2094,#2100,#2101));
#2103=FACE_OUTER_BOUND('',#2102,.T.);
#2104=ADVANCED_FACE('',(#2103),#2078,.T.);
#2105=CARTESIAN_POINT('',(0.056598632807781,-0.0858006988064,0.0));
#2106=DIRECTION('',(0.707106781186549,0.707106781186546,0.0));
#2107=DIRECTION('',(0.0,0.0,-1.0));
#2108=AXIS2_PLACEMENT_3D('',#2105,#2106,#2107);
#2109=PLANE('',#2108);
#2110=CARTESIAN_POINT('',(0.042403365156923,-0.071605431155542,-0.003937007874016));
#2111=VERTEX_POINT('',#2110);
#2112=CARTESIAN_POINT('',(0.056598632807781,-0.0858006988064,-0.003937007874016));
#2113=DIRECTION('',(-0.707106781186546,0.707106781186549,0.0));
#2114=VECTOR('',#2113,0.020075140033359);
#2115=LINE('',#2112,#2114);
#2116=EDGE_CURVE('',#2080,#2111,#2115,.T.);
#2117=ORIENTED_EDGE('',*,*,#2116,.T.);
#2118=CARTESIAN_POINT('',(0.042403365156923,-0.071605431155542,0.0));
#2119=VERTEX_POINT('',#2118);
#2120=CARTESIAN_POINT('',(0.042403365156923,-0.071605431155542,0.0));
#2121=DIRECTION('',(0.0,0.0,-1.0));
#2122=VECTOR('',#2121,0.003937007874016);
#2123=LINE('',#2120,#2122);
#2124=EDGE_CURVE('',#2119,#2111,#2123,.T.);
#2125=ORIENTED_EDGE('',*,*,#2124,.F.);
#2126=CARTESIAN_POINT('',(0.056598632807781,-0.0858006988064,0.0));
#2127=DIRECTION('',(-0.707106781186546,0.707106781186549,0.0));
#2128=VECTOR('',#2127,0.020075140033359);
#2129=LINE('',#2126,#2128);
#2130=EDGE_CURVE('',#2088,#2119,#2129,.T.);
#2131=ORIENTED_EDGE('',*,*,#2130,.F.);
#2132=ORIENTED_EDGE('',*,*,#2093,.T.);
#2133=EDGE_LOOP('',(#2117,#2125,#2131,#2132));
#2134=FACE_OUTER_BOUND('',#2133,.T.);
#2135=ADVANCED_FACE('',(#2134),#2109,.T.);
#2136=CARTESIAN_POINT('',(0.042403365156923,-0.071605431155542,0.0));
#2137=DIRECTION('',(0.707106781186546,-0.707106781186549,0.0));
#2138=DIRECTION('',(0.0,0.0,-1.0));
#2139=AXIS2_PLACEMENT_3D('',#2136,#2137,#2138);
#2140=PLANE('',#2139);
#2141=CARTESIAN_POINT('',(0.068056696382464,-0.045952099930002,-0.003937007874016));
#2142=VERTEX_POINT('',#2141);
#2143=CARTESIAN_POINT('',(0.042403365156923,-0.071605431155542,-0.003937007874016));
#2144=DIRECTION('',(0.707106781186549,0.707106781186546,0.0));
#2145=VECTOR('',#2144,0.036279288939209);
#2146=LINE('',#2143,#2145);
#2147=EDGE_CURVE('',#2111,#2142,#2146,.T.);
#2148=ORIENTED_EDGE('',*,*,#2147,.T.);
#2149=CARTESIAN_POINT('',(0.068056696382464,-0.045952099930002,0.0));
#2150=VERTEX_POINT('',#2149);
#2151=CARTESIAN_POINT('',(0.068056696382464,-0.045952099930002,0.0));
#2152=DIRECTION('',(0.0,0.0,-1.0));
#2153=VECTOR('',#2152,0.003937007874016);
#2154=LINE('',#2151,#2153);
#2155=EDGE_CURVE('',#2150,#2142,#2154,.T.);
#2156=ORIENTED_EDGE('',*,*,#2155,.F.);
#2157=CARTESIAN_POINT('',(0.042403365156923,-0.071605431155542,0.0));
#2158=DIRECTION('',(0.707106781186549,0.707106781186546,0.0));
#2159=VECTOR('',#2158,0.036279288939209);
#2160=LINE('',#2157,#2159);
#2161=EDGE_CURVE('',#2119,#2150,#2160,.T.);
#2162=ORIENTED_EDGE('',*,*,#2161,.F.);
#2163=ORIENTED_EDGE('',*,*,#2124,.T.);
#2164=EDGE_LOOP('',(#2148,#2156,#2162,#2163));
#2165=FACE_OUTER_BOUND('',#2164,.T.);
#2166=ADVANCED_FACE('',(#2165),#2140,.T.);
#2167=CARTESIAN_POINT('',(0.068056696382464,-0.045952099930002,0.0));
#2168=DIRECTION('',(0.707106781186548,0.707106781186548,0.0));
#2169=DIRECTION('',(0.0,0.0,-1.0));
#2170=AXIS2_PLACEMENT_3D('',#2167,#2168,#2169);
#2171=PLANE('',#2170);
#2172=CARTESIAN_POINT('',(0.063123363454475,-0.041018767002013,-0.003937007874016));
#2173=VERTEX_POINT('',#2172);
#2174=CARTESIAN_POINT('',(0.068056696382464,-0.045952099930002,-0.003937007874016));
#2175=DIRECTION('',(-0.707106781186547,0.707106781186548,0.0));
#2176=VECTOR('',#2175,0.006976786334463);
#2177=LINE('',#2174,#2176);
#2178=EDGE_CURVE('',#2142,#2173,#2177,.T.);
#2179=ORIENTED_EDGE('',*,*,#2178,.T.);
#2180=CARTESIAN_POINT('',(0.063123363454475,-0.041018767002013,0.0));
#2181=VERTEX_POINT('',#2180);
#2182=CARTESIAN_POINT('',(0.063123363454475,-0.041018767002013,0.0));
#2183=DIRECTION('',(0.0,0.0,-1.0));
#2184=VECTOR('',#2183,0.003937007874016);
#2185=LINE('',#2182,#2184);
#2186=EDGE_CURVE('',#2181,#2173,#2185,.T.);
#2187=ORIENTED_EDGE('',*,*,#2186,.F.);
#2188=CARTESIAN_POINT('',(0.068056696382464,-0.045952099930002,0.0));
#2189=DIRECTION('',(-0.707106781186547,0.707106781186548,0.0));
#2190=VECTOR('',#2189,0.006976786334463);
#2191=LINE('',#2188,#2190);
#2192=EDGE_CURVE('',#2150,#2181,#2191,.T.);
#2193=ORIENTED_EDGE('',*,*,#2192,.F.);
#2194=ORIENTED_EDGE('',*,*,#2155,.T.);
#2195=EDGE_LOOP('',(#2179,#2187,#2193,#2194));
#2196=FACE_OUTER_BOUND('',#2195,.T.);
#2197=ADVANCED_FACE('',(#2196),#2171,.T.);
#2198=CARTESIAN_POINT('',(0.063123363454475,-0.041018767002013,0.0));
#2199=DIRECTION('',(-0.707106781186546,0.707106781186549,0.0));
#2200=DIRECTION('',(0.0,0.0,1.0));
#2201=AXIS2_PLACEMENT_3D('',#2198,#2199,#2200);
#2202=PLANE('',#2201);
#2203=CARTESIAN_POINT('',(0.031931968167838,-0.07221016228865,-0.003937007874016));
#2204=VERTEX_POINT('',#2203);
#2205=CARTESIAN_POINT('',(0.063123363454475,-0.041018767002013,-0.003937007874016));
#2206=DIRECTION('',(-0.707106781186549,-0.707106781186546,0.0));
#2207=VECTOR('',#2206,0.044111294243703);
#2208=LINE('',#2205,#2207);
#2209=EDGE_CURVE('',#2173,#2204,#2208,.T.);
#2210=ORIENTED_EDGE('',*,*,#2209,.T.);
#2211=CARTESIAN_POINT('',(0.031931968167838,-0.07221016228865,0.0));
#2212=VERTEX_POINT('',#2211);
#2213=CARTESIAN_POINT('',(0.031931968167838,-0.07221016228865,0.0));
#2214=DIRECTION('',(0.0,0.0,-1.0));
#2215=VECTOR('',#2214,0.003937007874016);
#2216=LINE('',#2213,#2215);
#2217=EDGE_CURVE('',#2212,#2204,#2216,.T.);
#2218=ORIENTED_EDGE('',*,*,#2217,.F.);
#2219=CARTESIAN_POINT('',(0.063123363454475,-0.041018767002013,0.0));
#2220=DIRECTION('',(-0.707106781186549,-0.707106781186546,0.0));
#2221=VECTOR('',#2220,0.044111294243703);
#2222=LINE('',#2219,#2221);
#2223=EDGE_CURVE('',#2181,#2212,#2222,.T.);
#2224=ORIENTED_EDGE('',*,*,#2223,.F.);
#2225=ORIENTED_EDGE('',*,*,#2186,.T.);
#2226=EDGE_LOOP('',(#2210,#2218,#2224,#2225));
#2227=FACE_OUTER_BOUND('',#2226,.T.);
#2228=ADVANCED_FACE('',(#2227),#2202,.T.);
#2229=CARTESIAN_POINT('',(0.031931968167838,-0.07221016228865,0.0));
#2230=DIRECTION('',(-0.707106781186549,-0.707106781186546,0.0));
#2231=DIRECTION('',(0.0,0.0,1.0));
#2232=AXIS2_PLACEMENT_3D('',#2229,#2230,#2231);
#2233=PLANE('',#2232);
#2234=CARTESIAN_POINT('',(0.031931968167838,-0.07221016228865,-0.003937007874016));
#2235=DIRECTION('',(0.707106781186546,-0.707106781186549,0.0));
#2236=VECTOR('',#2235,0.059055120456876);
#2237=LINE('',#2234,#2236);
#2238=EDGE_CURVE('',#2204,#1885,#2237,.T.);
#2239=ORIENTED_EDGE('',*,*,#2238,.T.);
#2240=ORIENTED_EDGE('',*,*,#1914,.F.);
#2241=CARTESIAN_POINT('',(0.031931968167838,-0.07221016228865,0.0));
#2242=DIRECTION('',(0.707106781186546,-0.707106781186549,0.0));
#2243=VECTOR('',#2242,0.059055120456876);
#2244=LINE('',#2241,#2243);
#2245=EDGE_CURVE('',#2212,#1903,#2244,.T.);
#2246=ORIENTED_EDGE('',*,*,#2245,.F.);
#2247=ORIENTED_EDGE('',*,*,#2217,.T.);
#2248=EDGE_LOOP('',(#2239,#2240,#2246,#2247));
#2249=FACE_OUTER_BOUND('',#2248,.T.);
#2250=ADVANCED_FACE('',(#2249),#2233,.T.);
#2251=CARTESIAN_POINT('',(0.066223032997347,-0.079660641906556,-0.003937007874016));
#2252=DIRECTION('',(0.0,0.0,1.0));
#2253=DIRECTION('',(1.0,0.0,0.0));
#2254=AXIS2_PLACEMENT_3D('',#2251,#2252,#2253);
#2255=PLANE('',#2254);
#2256=ORIENTED_EDGE('',*,*,#1892,.F.);
#2257=ORIENTED_EDGE('',*,*,#2238,.F.);
#2258=ORIENTED_EDGE('',*,*,#2209,.F.);
#2259=ORIENTED_EDGE('',*,*,#2178,.F.);
#2260=ORIENTED_EDGE('',*,*,#2147,.F.);
#2261=ORIENTED_EDGE('',*,*,#2116,.F.);
#2262=ORIENTED_EDGE('',*,*,#2085,.F.);
#2263=ORIENTED_EDGE('',*,*,#2054,.F.);
#2264=ORIENTED_EDGE('',*,*,#2023,.F.);
#2265=ORIENTED_EDGE('',*,*,#1992,.F.);
#2266=ORIENTED_EDGE('',*,*,#1961,.F.);
#2267=ORIENTED_EDGE('',*,*,#1930,.F.);
#2268=EDGE_LOOP('',(#2256,#2257,#2258,#2259,#2260,#2261,#2262,#2263,#2264,#2265,#2266,#2267));
#2269=FACE_OUTER_BOUND('',#2268,.T.);
#2270=ADVANCED_FACE('',(#2269),#2255,.F.);
#2271=CARTESIAN_POINT('',(0.075046183691664,-0.184188968669006,0.0));
#2272=DIRECTION('',(-0.258819045102497,-0.965925826289075,0.0));
#2273=DIRECTION('',(0.0,0.0,-1.0));
#2274=AXIS2_PLACEMENT_3D('',#2271,#2272,#2273);
#2275=PLANE('',#2274);
#2276=CARTESIAN_POINT('',(0.075046183691664,-0.184188968669006,-0.003937007874016));
#2277=VERTEX_POINT('',#2276);
#2278=CARTESIAN_POINT('',(0.162869417679888,-0.207721133292837,-0.003937007874016));
#2279=VERTEX_POINT('',#2278);
#2280=CARTESIAN_POINT('',(0.075046183691664,-0.184188968669006,-0.003937007874016));
#2281=DIRECTION('',(0.965925826289075,-0.258819045102497,0.0));
#2282=VECTOR('',#2281,0.090921302234588);
#2283=LINE('',#2280,#2282);
#2284=EDGE_CURVE('',#2277,#2279,#2283,.T.);
#2285=ORIENTED_EDGE('',*,*,#2284,.T.);
#2286=CARTESIAN_POINT('',(0.162869417679888,-0.207721133292837,0.0));
#2287=VERTEX_POINT('',#2286);
#2288=CARTESIAN_POINT('',(0.162869417679888,-0.207721133292837,0.0));
#2289=DIRECTION('',(0.0,0.0,-1.0));
#2290=VECTOR('',#2289,0.003937007874016);
#2291=LINE('',#2288,#2290);
#2292=EDGE_CURVE('',#2287,#2279,#2291,.T.);
#2293=ORIENTED_EDGE('',*,*,#2292,.F.);
#2294=CARTESIAN_POINT('',(0.075046183691664,-0.184188968669006,0.0));
#2295=VERTEX_POINT('',#2294);
#2296=CARTESIAN_POINT('',(0.075046183691664,-0.184188968669006,0.0));
#2297=DIRECTION('',(0.965925826289075,-0.258819045102497,0.0));
#2298=VECTOR('',#2297,0.090921302234588);
#2299=LINE('',#2296,#2298);
#2300=EDGE_CURVE('',#2295,#2287,#2299,.T.);
#2301=ORIENTED_EDGE('',*,*,#2300,.F.);
#2302=CARTESIAN_POINT('',(0.075046183691664,-0.184188968669006,0.0));
#2303=DIRECTION('',(0.0,0.0,-1.0));
#2304=VECTOR('',#2303,0.003937007874016);
#2305=LINE('',#2302,#2304);
#2306=EDGE_CURVE('',#2295,#2277,#2305,.T.);
#2307=ORIENTED_EDGE('',*,*,#2306,.T.);
#2308=EDGE_LOOP('',(#2285,#2293,#2301,#2307));
#2309=FACE_OUTER_BOUND('',#2308,.T.);
#2310=ADVANCED_FACE('',(#2309),#2275,.T.);
#2311=CARTESIAN_POINT('',(0.162869417679888,-0.207721133292837,0.0));
#2312=DIRECTION('',(0.707106781186546,-0.707106781186549,0.0));
#2313=DIRECTION('',(0.0,0.0,-1.0));
#2314=AXIS2_PLACEMENT_3D('',#2311,#2312,#2313);
#2315=PLANE('',#2314);
#2316=CARTESIAN_POINT('',(0.219808201887337,-0.150782349085388,-0.003937007874016));
#2317=VERTEX_POINT('',#2316);
#2318=CARTESIAN_POINT('',(0.162869417679888,-0.207721133292837,-0.003937007874016));
#2319=DIRECTION('',(0.707106781186549,0.707106781186546,0.0));
#2320=VECTOR('',#2319,0.08052360085121);
#2321=LINE('',#2318,#2320);
#2322=EDGE_CURVE('',#2279,#2317,#2321,.T.);
#2323=ORIENTED_EDGE('',*,*,#2322,.T.);
#2324=CARTESIAN_POINT('',(0.219808201887337,-0.150782349085388,0.0));
#2325=VERTEX_POINT('',#2324);
#2326=CARTESIAN_POINT('',(0.219808201887337,-0.150782349085388,0.0));
#2327=DIRECTION('',(0.0,0.0,-1.0));
#2328=VECTOR('',#2327,0.003937007874016);
#2329=LINE('',#2326,#2328);
#2330=EDGE_CURVE('',#2325,#2317,#2329,.T.);
#2331=ORIENTED_EDGE('',*,*,#2330,.F.);
#2332=CARTESIAN_POINT('',(0.162869417679888,-0.207721133292837,0.0));
#2333=DIRECTION('',(0.707106781186549,0.707106781186546,0.0));
#2334=VECTOR('',#2333,0.08052360085121);
#2335=LINE('',#2332,#2334);
#2336=EDGE_CURVE('',#2287,#2325,#2335,.T.);
#2337=ORIENTED_EDGE('',*,*,#2336,.F.);
#2338=ORIENTED_EDGE('',*,*,#2292,.T.);
#2339=EDGE_LOOP('',(#2323,#2331,#2337,#2338));
#2340=FACE_OUTER_BOUND('',#2339,.T.);
#2341=ADVANCED_FACE('',(#2340),#2315,.T.);
#2342=CARTESIAN_POINT('',(0.219808201887337,-0.150782349085388,0.0));
#2343=DIRECTION('',(0.258819045102499,0.965925826289074,0.0));
#2344=DIRECTION('',(0.0,0.0,1.0));
#2345=AXIS2_PLACEMENT_3D('',#2342,#2343,#2344);
#2346=PLANE('',#2345);
#2347=CARTESIAN_POINT('',(0.211025878488515,-0.148429132623005,-0.003937007874016));
#2348=VERTEX_POINT('',#2347);
#2349=CARTESIAN_POINT('',(0.219808201887337,-0.150782349085388,-0.003937007874016));
#2350=DIRECTION('',(-0.965925826289074,0.2588190451025,0.0));
#2351=VECTOR('',#2350,0.009092130223459);
#2352=LINE('',#2349,#2351);
#2353=EDGE_CURVE('',#2317,#2348,#2352,.T.);
#2354=ORIENTED_EDGE('',*,*,#2353,.T.);
#2355=CARTESIAN_POINT('',(0.211025878488515,-0.148429132623005,0.0));
#2356=VERTEX_POINT('',#2355);
#2357=CARTESIAN_POINT('',(0.211025878488515,-0.148429132623005,0.0));
#2358=DIRECTION('',(0.0,0.0,-1.0));
#2359=VECTOR('',#2358,0.003937007874016);
#2360=LINE('',#2357,#2359);
#2361=EDGE_CURVE('',#2356,#2348,#2360,.T.);
#2362=ORIENTED_EDGE('',*,*,#2361,.F.);
#2363=CARTESIAN_POINT('',(0.219808201887337,-0.150782349085388,0.0));
#2364=DIRECTION('',(-0.965925826289074,0.2588190451025,0.0));
#2365=VECTOR('',#2364,0.009092130223459);
#2366=LINE('',#2363,#2365);
#2367=EDGE_CURVE('',#2325,#2356,#2366,.T.);
#2368=ORIENTED_EDGE('',*,*,#2367,.F.);
#2369=ORIENTED_EDGE('',*,*,#2330,.T.);
#2370=EDGE_LOOP('',(#2354,#2362,#2368,#2369));
#2371=FACE_OUTER_BOUND('',#2370,.T.);
#2372=ADVANCED_FACE('',(#2371),#2346,.T.);
#2373=CARTESIAN_POINT('',(0.211025878488515,-0.148429132623005,0.0));
#2374=DIRECTION('',(-0.707106781186546,0.707106781186549,0.0));
#2375=DIRECTION('',(0.0,0.0,1.0));
#2376=AXIS2_PLACEMENT_3D('',#2373,#2374,#2375);
#2377=PLANE('',#2376);
#2378=CARTESIAN_POINT('',(0.160516201217504,-0.198938809894015,-0.003937007874016));
#2379=VERTEX_POINT('',#2378);
#2380=CARTESIAN_POINT('',(0.211025878488515,-0.148429132623005,-0.003937007874016));
#2381=DIRECTION('',(-0.707106781186548,-0.707106781186547,0.0));
#2382=VECTOR('',#2381,0.071431470627751);
#2383=LINE('',#2380,#2382);
#2384=EDGE_CURVE('',#2348,#2379,#2383,.T.);
#2385=ORIENTED_EDGE('',*,*,#2384,.T.);
#2386=CARTESIAN_POINT('',(0.160516201217504,-0.198938809894015,0.0));
#2387=VERTEX_POINT('',#2386);
#2388=CARTESIAN_POINT('',(0.160516201217504,-0.198938809894015,0.0));
#2389=DIRECTION('',(0.0,0.0,-1.0));
#2390=VECTOR('',#2389,0.003937007874016);
#2391=LINE('',#2388,#2390);
#2392=EDGE_CURVE('',#2387,#2379,#2391,.T.);
#2393=ORIENTED_EDGE('',*,*,#2392,.F.);
#2394=CARTESIAN_POINT('',(0.211025878488515,-0.148429132623005,0.0));
#2395=DIRECTION('',(-0.707106781186548,-0.707106781186547,0.0));
#2396=VECTOR('',#2395,0.071431470627751);
#2397=LINE('',#2394,#2396);
#2398=EDGE_CURVE('',#2356,#2387,#2397,.T.);
#2399=ORIENTED_EDGE('',*,*,#2398,.F.);
#2400=ORIENTED_EDGE('',*,*,#2361,.T.);
#2401=EDGE_LOOP('',(#2385,#2393,#2399,#2400));
#2402=FACE_OUTER_BOUND('',#2401,.T.);
#2403=ADVANCED_FACE('',(#2402),#2377,.T.);
#2404=CARTESIAN_POINT('',(0.160516201217504,-0.198938809894015,0.0));
#2405=DIRECTION('',(0.258819045102497,0.965925826289075,0.0));
#2406=DIRECTION('',(0.0,0.0,1.0));
#2407=AXIS2_PLACEMENT_3D('',#2404,#2405,#2406);
#2408=PLANE('',#2407);
#2409=CARTESIAN_POINT('',(0.129778069321626,-0.190702552275674,-0.003937007874016));
#2410=VERTEX_POINT('',#2409);
#2411=CARTESIAN_POINT('',(0.160516201217504,-0.198938809894015,-0.003937007874016));
#2412=DIRECTION('',(-0.965925826289075,0.258819045102496,0.0));
#2413=VECTOR('',#2412,0.031822455782106);
#2414=LINE('',#2411,#2413);
#2415=EDGE_CURVE('',#2379,#2410,#2414,.T.);
#2416=ORIENTED_EDGE('',*,*,#2415,.T.);
#2417=CARTESIAN_POINT('',(0.129778069321626,-0.190702552275674,0.0));
#2418=VERTEX_POINT('',#2417);
#2419=CARTESIAN_POINT('',(0.129778069321626,-0.190702552275674,0.0));
#2420=DIRECTION('',(0.0,0.0,-1.0));
#2421=VECTOR('',#2420,0.003937007874016);
#2422=LINE('',#2419,#2421);
#2423=EDGE_CURVE('',#2418,#2410,#2422,.T.);
#2424=ORIENTED_EDGE('',*,*,#2423,.F.);
#2425=CARTESIAN_POINT('',(0.160516201217504,-0.198938809894015,0.0));
#2426=DIRECTION('',(-0.965925826289075,0.258819045102496,0.0));
#2427=VECTOR('',#2426,0.031822455782106);
#2428=LINE('',#2425,#2427);
#2429=EDGE_CURVE('',#2387,#2418,#2428,.T.);
#2430=ORIENTED_EDGE('',*,*,#2429,.F.);
#2431=ORIENTED_EDGE('',*,*,#2392,.T.);
#2432=EDGE_LOOP('',(#2416,#2424,#2430,#2431));
#2433=FACE_OUTER_BOUND('',#2432,.T.);
#2434=ADVANCED_FACE('',(#2433),#2408,.T.);
#2435=CARTESIAN_POINT('',(0.129778069321626,-0.190702552275674,0.0));
#2436=DIRECTION('',(0.707106781186546,-0.707106781186549,0.0));
#2437=DIRECTION('',(0.0,0.0,-1.0));
#2438=AXIS2_PLACEMENT_3D('',#2435,#2436,#2437);
#2439=PLANE('',#2438);
#2440=CARTESIAN_POINT('',(0.180287746592637,-0.140192875004663,-0.003937007874016));
#2441=VERTEX_POINT('',#2440);
#2442=CARTESIAN_POINT('',(0.129778069321626,-0.190702552275674,-0.003937007874016));
#2443=DIRECTION('',(0.707106781186549,0.707106781186546,0.0));
#2444=VECTOR('',#2443,0.071431470627752);
#2445=LINE('',#2442,#2444);
#2446=EDGE_CURVE('',#2410,#2441,#2445,.T.);
#2447=ORIENTED_EDGE('',*,*,#2446,.T.);
#2448=CARTESIAN_POINT('',(0.180287746592637,-0.140192875004663,0.0));
#2449=VERTEX_POINT('',#2448);
#2450=CARTESIAN_POINT('',(0.180287746592637,-0.140192875004663,0.0));
#2451=DIRECTION('',(0.0,0.0,-1.0));
#2452=VECTOR('',#2451,0.003937007874016);
#2453=LINE('',#2450,#2452);
#2454=EDGE_CURVE('',#2449,#2441,#2453,.T.);
#2455=ORIENTED_EDGE('',*,*,#2454,.F.);
#2456=CARTESIAN_POINT('',(0.129778069321626,-0.190702552275674,0.0));
#2457=DIRECTION('',(0.707106781186549,0.707106781186546,0.0));
#2458=VECTOR('',#2457,0.071431470627752);
#2459=LINE('',#2456,#2458);
#2460=EDGE_CURVE('',#2418,#2449,#2459,.T.);
#2461=ORIENTED_EDGE('',*,*,#2460,.F.);
#2462=ORIENTED_EDGE('',*,*,#2423,.T.);
#2463=EDGE_LOOP('',(#2447,#2455,#2461,#2462));
#2464=FACE_OUTER_BOUND('',#2463,.T.);
#2465=ADVANCED_FACE('',(#2464),#2439,.T.);
#2466=CARTESIAN_POINT('',(0.180287746592637,-0.140192875004663,0.0));
#2467=DIRECTION('',(0.258819045102499,0.965925826289074,0.0));
#2468=DIRECTION('',(0.0,0.0,1.0));
#2469=AXIS2_PLACEMENT_3D('',#2466,#2467,#2468);
#2470=PLANE('',#2469);
#2471=CARTESIAN_POINT('',(0.171505423193815,-0.13783965854228,-0.003937007874016));
#2472=VERTEX_POINT('',#2471);
#2473=CARTESIAN_POINT('',(0.180287746592637,-0.140192875004663,-0.003937007874016));
#2474=DIRECTION('',(-0.965925826289075,0.258819045102496,0.0));
#2475=VECTOR('',#2474,0.009092130223459);
#2476=LINE('',#2473,#2475);
#2477=EDGE_CURVE('',#2441,#2472,#2476,.T.);
#2478=ORIENTED_EDGE('',*,*,#2477,.T.);
#2479=CARTESIAN_POINT('',(0.171505423193815,-0.13783965854228,0.0));
#2480=VERTEX_POINT('',#2479);
#2481=CARTESIAN_POINT('',(0.171505423193815,-0.13783965854228,0.0));
#2482=DIRECTION('',(0.0,0.0,-1.0));
#2483=VECTOR('',#2482,0.003937007874016);
#2484=LINE('',#2481,#2483);
#2485=EDGE_CURVE('',#2480,#2472,#2484,.T.);
#2486=ORIENTED_EDGE('',*,*,#2485,.F.);
#2487=CARTESIAN_POINT('',(0.180287746592637,-0.140192875004663,0.0));
#2488=DIRECTION('',(-0.965925826289075,0.258819045102496,0.0));
#2489=VECTOR('',#2488,0.009092130223459);
#2490=LINE('',#2487,#2489);
#2491=EDGE_CURVE('',#2449,#2480,#2490,.T.);
#2492=ORIENTED_EDGE('',*,*,#2491,.F.);
#2493=ORIENTED_EDGE('',*,*,#2454,.T.);
#2494=EDGE_LOOP('',(#2478,#2486,#2492,#2493));
#2495=FACE_OUTER_BOUND('',#2494,.T.);
#2496=ADVANCED_FACE('',(#2495),#2470,.T.);
#2497=CARTESIAN_POINT('',(0.171505423193815,-0.13783965854228,0.0));
#2498=DIRECTION('',(-0.707106781186546,0.707106781186549,0.0));
#2499=DIRECTION('',(0.0,0.0,1.0));
#2500=AXIS2_PLACEMENT_3D('',#2497,#2498,#2499);
#2501=PLANE('',#2500);
#2502=CARTESIAN_POINT('',(0.120995745922806,-0.188349335813289,-0.003937007874016));
#2503=VERTEX_POINT('',#2502);
#2504=CARTESIAN_POINT('',(0.171505423193815,-0.13783965854228,-0.003937007874016));
#2505=DIRECTION('',(-0.707106781186549,-0.707106781186546,0.0));
#2506=VECTOR('',#2505,0.071431470627749);
#2507=LINE('',#2504,#2506);
#2508=EDGE_CURVE('',#2472,#2503,#2507,.T.);
#2509=ORIENTED_EDGE('',*,*,#2508,.T.);
#2510=CARTESIAN_POINT('',(0.120995745922806,-0.188349335813289,0.0));
#2511=VERTEX_POINT('',#2510);
#2512=CARTESIAN_POINT('',(0.120995745922806,-0.188349335813289,0.0));
#2513=DIRECTION('',(0.0,0.0,-1.0));
#2514=VECTOR('',#2513,0.003937007874016);
#2515=LINE('',#2512,#2514);
#2516=EDGE_CURVE('',#2511,#2503,#2515,.T.);
#2517=ORIENTED_EDGE('',*,*,#2516,.F.);
#2518=CARTESIAN_POINT('',(0.171505423193815,-0.13783965854228,0.0));
#2519=DIRECTION('',(-0.707106781186549,-0.707106781186546,0.0));
#2520=VECTOR('',#2519,0.071431470627749);
#2521=LINE('',#2518,#2520);
#2522=EDGE_CURVE('',#2480,#2511,#2521,.T.);
#2523=ORIENTED_EDGE('',*,*,#2522,.F.);
#2524=ORIENTED_EDGE('',*,*,#2485,.T.);
#2525=EDGE_LOOP('',(#2509,#2517,#2523,#2524));
#2526=FACE_OUTER_BOUND('',#2525,.T.);
#2527=ADVANCED_FACE('',(#2526),#2501,.T.);
#2528=CARTESIAN_POINT('',(0.120995745922806,-0.188349335813289,0.0));
#2529=DIRECTION('',(0.258819045102426,0.965925826289094,0.0));
#2530=DIRECTION('',(0.0,0.0,1.0));
#2531=AXIS2_PLACEMENT_3D('',#2528,#2529,#2530);
#2532=PLANE('',#2531);
#2533=CARTESIAN_POINT('',(0.090257614026926,-0.18011307819495,-0.003937007874016));
#2534=VERTEX_POINT('',#2533);
#2535=CARTESIAN_POINT('',(0.120995745922806,-0.188349335813289,-0.003937007874016));
#2536=DIRECTION('',(-0.965925826289094,0.258819045102426,0.0));
#2537=VECTOR('',#2536,0.031822455782107);
#2538=LINE('',#2535,#2537);
#2539=EDGE_CURVE('',#2503,#2534,#2538,.T.);
#2540=ORIENTED_EDGE('',*,*,#2539,.T.);
#2541=CARTESIAN_POINT('',(0.090257614026926,-0.18011307819495,0.0));
#2542=VERTEX_POINT('',#2541);
#2543=CARTESIAN_POINT('',(0.090257614026926,-0.18011307819495,0.0));
#2544=DIRECTION('',(0.0,0.0,-1.0));
#2545=VECTOR('',#2544,0.003937007874016);
#2546=LINE('',#2543,#2545);
#2547=EDGE_CURVE('',#2542,#2534,#2546,.T.);
#2548=ORIENTED_EDGE('',*,*,#2547,.F.);
#2549=CARTESIAN_POINT('',(0.120995745922806,-0.188349335813289,0.0));
#2550=DIRECTION('',(-0.965925826289094,0.258819045102426,0.0));
#2551=VECTOR('',#2550,0.031822455782107);
#2552=LINE('',#2549,#2551);
#2553=EDGE_CURVE('',#2511,#2542,#2552,.T.);
#2554=ORIENTED_EDGE('',*,*,#2553,.F.);
#2555=ORIENTED_EDGE('',*,*,#2516,.T.);
#2556=EDGE_LOOP('',(#2540,#2548,#2554,#2555));
#2557=FACE_OUTER_BOUND('',#2556,.T.);
#2558=ADVANCED_FACE('',(#2557),#2532,.T.);
#2559=CARTESIAN_POINT('',(0.090257614026926,-0.18011307819495,0.0));
#2560=DIRECTION('',(0.707106781186547,-0.707106781186548,0.0));
#2561=DIRECTION('',(0.0,0.0,-1.0));
#2562=AXIS2_PLACEMENT_3D('',#2559,#2560,#2561);
#2563=PLANE('',#2562);
#2564=CARTESIAN_POINT('',(0.140767291297937,-0.129603400923938,-0.003937007874016));
#2565=VERTEX_POINT('',#2564);
#2566=CARTESIAN_POINT('',(0.090257614026926,-0.18011307819495,-0.003937007874016));
#2567=DIRECTION('',(0.707106781186548,0.707106781186547,0.0));
#2568=VECTOR('',#2567,0.071431470627753);
#2569=LINE('',#2566,#2568);
#2570=EDGE_CURVE('',#2534,#2565,#2569,.T.);
#2571=ORIENTED_EDGE('',*,*,#2570,.T.);
#2572=CARTESIAN_POINT('',(0.140767291297937,-0.129603400923938,0.0));
#2573=VERTEX_POINT('',#2572);
#2574=CARTESIAN_POINT('',(0.140767291297937,-0.129603400923938,0.0));
#2575=DIRECTION('',(0.0,0.0,-1.0));
#2576=VECTOR('',#2575,0.003937007874016);
#2577=LINE('',#2574,#2576);
#2578=EDGE_CURVE('',#2573,#2565,#2577,.T.);
#2579=ORIENTED_EDGE('',*,*,#2578,.F.);
#2580=CARTESIAN_POINT('',(0.090257614026926,-0.18011307819495,0.0));
#2581=DIRECTION('',(0.707106781186548,0.707106781186547,0.0));
#2582=VECTOR('',#2581,0.071431470627753);
#2583=LINE('',#2580,#2582);
#2584=EDGE_CURVE('',#2542,#2573,#2583,.T.);
#2585=ORIENTED_EDGE('',*,*,#2584,.F.);
#2586=ORIENTED_EDGE('',*,*,#2547,.T.);
#2587=EDGE_LOOP('',(#2571,#2579,#2585,#2586));
#2588=FACE_OUTER_BOUND('',#2587,.T.);
#2589=ADVANCED_FACE('',(#2588),#2563,.T.);
#2590=CARTESIAN_POINT('',(0.140767291297937,-0.129603400923938,0.0));
#2591=DIRECTION('',(0.258819045102498,0.965925826289074,0.0));
#2592=DIRECTION('',(0.0,0.0,1.0));
#2593=AXIS2_PLACEMENT_3D('',#2590,#2591,#2592);
#2594=PLANE('',#2593);
#2595=CARTESIAN_POINT('',(0.131984967899115,-0.127250184461555,-0.003937007874016));
#2596=VERTEX_POINT('',#2595);
#2597=CARTESIAN_POINT('',(0.140767291297937,-0.129603400923938,-0.003937007874016));
#2598=DIRECTION('',(-0.965925826289074,0.258819045102499,0.0));
#2599=VECTOR('',#2598,0.009092130223459);
#2600=LINE('',#2597,#2599);
#2601=EDGE_CURVE('',#2565,#2596,#2600,.T.);
#2602=ORIENTED_EDGE('',*,*,#2601,.T.);
#2603=CARTESIAN_POINT('',(0.131984967899115,-0.127250184461555,0.0));
#2604=VERTEX_POINT('',#2603);
#2605=CARTESIAN_POINT('',(0.131984967899115,-0.127250184461555,0.0));
#2606=DIRECTION('',(0.0,0.0,-1.0));
#2607=VECTOR('',#2606,0.003937007874016);
#2608=LINE('',#2605,#2607);
#2609=EDGE_CURVE('',#2604,#2596,#2608,.T.);
#2610=ORIENTED_EDGE('',*,*,#2609,.F.);
#2611=CARTESIAN_POINT('',(0.140767291297937,-0.129603400923938,0.0));
#2612=DIRECTION('',(-0.965925826289074,0.258819045102499,0.0));
#2613=VECTOR('',#2612,0.009092130223459);
#2614=LINE('',#2611,#2613);
#2615=EDGE_CURVE('',#2573,#2604,#2614,.T.);
#2616=ORIENTED_EDGE('',*,*,#2615,.F.);
#2617=ORIENTED_EDGE('',*,*,#2578,.T.);
#2618=EDGE_LOOP('',(#2602,#2610,#2616,#2617));
#2619=FACE_OUTER_BOUND('',#2618,.T.);
#2620=ADVANCED_FACE('',(#2619),#2594,.T.);
#2621=CARTESIAN_POINT('',(0.131984967899115,-0.127250184461555,0.0));
#2622=DIRECTION('',(-0.707106781186547,0.707106781186548,0.0));
#2623=DIRECTION('',(0.0,0.0,1.0));
#2624=AXIS2_PLACEMENT_3D('',#2621,#2622,#2623);
#2625=PLANE('',#2624);
#2626=CARTESIAN_POINT('',(0.131984967899115,-0.127250184461555,-0.003937007874016));
#2627=DIRECTION('',(-0.707106781186548,-0.707106781186547,0.0));
#2628=VECTOR('',#2627,0.080523600851212);
#2629=LINE('',#2626,#2628);
#2630=EDGE_CURVE('',#2596,#2277,#2629,.T.);
#2631=ORIENTED_EDGE('',*,*,#2630,.T.);
#2632=ORIENTED_EDGE('',*,*,#2306,.F.);
#2633=CARTESIAN_POINT('',(0.131984967899115,-0.127250184461555,0.0));
#2634=DIRECTION('',(-0.707106781186548,-0.707106781186547,0.0));
#2635=VECTOR('',#2634,0.080523600851212);
#2636=LINE('',#2633,#2635);
#2637=EDGE_CURVE('',#2604,#2295,#2636,.T.);
#2638=ORIENTED_EDGE('',*,*,#2637,.F.);
#2639=ORIENTED_EDGE('',*,*,#2609,.T.);
#2640=EDGE_LOOP('',(#2631,#2632,#2638,#2639));
#2641=FACE_OUTER_BOUND('',#2640,.T.);
#2642=ADVANCED_FACE('',(#2641),#2625,.T.);
#2643=CARTESIAN_POINT('',(0.143774400061281,-0.171138451605416,-0.003937007874016));
#2644=DIRECTION('',(0.0,0.0,1.0));
#2645=DIRECTION('',(1.0,0.0,0.0));
#2646=AXIS2_PLACEMENT_3D('',#2643,#2644,#2645);
#2647=PLANE('',#2646);
#2648=ORIENTED_EDGE('',*,*,#2284,.F.);
#2649=ORIENTED_EDGE('',*,*,#2630,.F.);
#2650=ORIENTED_EDGE('',*,*,#2601,.F.);
#2651=ORIENTED_EDGE('',*,*,#2570,.F.);
#2652=ORIENTED_EDGE('',*,*,#2539,.F.);
#2653=ORIENTED_EDGE('',*,*,#2508,.F.);
#2654=ORIENTED_EDGE('',*,*,#2477,.F.);
#2655=ORIENTED_EDGE('',*,*,#2446,.F.);
#2656=ORIENTED_EDGE('',*,*,#2415,.F.);
#2657=ORIENTED_EDGE('',*,*,#2384,.F.);
#2658=ORIENTED_EDGE('',*,*,#2353,.F.);
#2659=ORIENTED_EDGE('',*,*,#2322,.F.);
#2660=EDGE_LOOP('',(#2648,#2649,#2650,#2651,#2652,#2653,#2654,#2655,#2656,#2657,#2658,#2659));
#2661=FACE_OUTER_BOUND('',#2660,.T.);
#2662=ADVANCED_FACE('',(#2661),#2647,.F.);
#2663=CARTESIAN_POINT('',(0.082824867212056,-0.021317263244433,0.0));
#2664=DIRECTION('',(-0.707106781186549,-0.707106781186546,0.0));
#2665=DIRECTION('',(0.0,0.0,1.0));
#2666=AXIS2_PLACEMENT_3D('',#2663,#2664,#2665);
#2667=PLANE('',#2666);
#2668=CARTESIAN_POINT('',(0.082824867212056,-0.021317263244433,-0.003937007874016));
#2669=VERTEX_POINT('',#2668);
#2670=CARTESIAN_POINT('',(0.115480348399903,-0.05397274443228,-0.003937007874016));
#2671=VERTEX_POINT('',#2670);
#2672=CARTESIAN_POINT('',(0.082824867212056,-0.021317263244433,-0.003937007874016));
#2673=DIRECTION('',(0.707106781186546,-0.707106781186549,0.0));
#2674=VECTOR('',#2673,0.046181824381673);
#2675=LINE('',#2672,#2674);
#2676=EDGE_CURVE('',#2669,#2671,#2675,.T.);
#2677=ORIENTED_EDGE('',*,*,#2676,.T.);
#2678=CARTESIAN_POINT('',(0.115480348399903,-0.05397274443228,0.0));
#2679=VERTEX_POINT('',#2678);
#2680=CARTESIAN_POINT('',(0.115480348399903,-0.05397274443228,0.0));
#2681=DIRECTION('',(0.0,0.0,-1.0));
#2682=VECTOR('',#2681,0.003937007874016);
#2683=LINE('',#2680,#2682);
#2684=EDGE_CURVE('',#2679,#2671,#2683,.T.);
#2685=ORIENTED_EDGE('',*,*,#2684,.F.);
#2686=CARTESIAN_POINT('',(0.082824867212056,-0.021317263244433,0.0));
#2687=VERTEX_POINT('',#2686);
#2688=CARTESIAN_POINT('',(0.082824867212056,-0.021317263244433,0.0));
#2689=DIRECTION('',(0.707106781186546,-0.707106781186549,0.0));
#2690=VECTOR('',#2689,0.046181824381673);
#2691=LINE('',#2688,#2690);
#2692=EDGE_CURVE('',#2687,#2679,#2691,.T.);
#2693=ORIENTED_EDGE('',*,*,#2692,.F.);
#2694=CARTESIAN_POINT('',(0.082824867212056,-0.021317263244433,0.0));
#2695=DIRECTION('',(0.0,0.0,-1.0));
#2696=VECTOR('',#2695,0.003937007874016);
#2697=LINE('',#2694,#2696);
#2698=EDGE_CURVE('',#2687,#2669,#2697,.T.);
#2699=ORIENTED_EDGE('',*,*,#2698,.T.);
#2700=EDGE_LOOP('',(#2677,#2685,#2693,#2699));
#2701=FACE_OUTER_BOUND('',#2700,.T.);
#2702=ADVANCED_FACE('',(#2701),#2667,.T.);
#2703=CARTESIAN_POINT('',(0.099057123942857,-0.058046722592167,0.0));
#2704=CARTESIAN_POINT('',(0.102335403243391,-0.056550808736584,0.0));
#2705=CARTESIAN_POINT('',(0.111883789555627,-0.054068228295402,0.0));
#2706=CARTESIAN_POINT('',(0.115480348399903,-0.05397274443228,0.0));
#2707=CARTESIAN_POINT('',(0.099057123942857,-0.058046722592167,-0.004724409448819));
#2708=CARTESIAN_POINT('',(0.102335403243391,-0.056550808736584,-0.004724409448819));
#2709=CARTESIAN_POINT('',(0.111883789555627,-0.054068228295402,-0.004724409448819));
#2710=CARTESIAN_POINT('',(0.115480348399903,-0.05397274443228,-0.004724409448819));
#2711=B_SPLINE_SURFACE_WITH_KNOTS('',3,1,((#2703,#2707),(#2704,#2708),(#2705,#2709),(#2706,#2710)),.UNSPECIFIED.,.F.,.F.,.F.,(4,4),(2,2),(-1.0,0.0),(0.0,0.012),.UNSPECIFIED.);
#2712=CARTESIAN_POINT('',(0.099057123942857,-0.058046722592167,-0.003937007874016));
#2713=VERTEX_POINT('',#2712);
#2714=CARTESIAN_POINT('',(0.115480348399903,-0.05397274443228,-0.003937007874016));
#2715=CARTESIAN_POINT('',(0.111883789555627,-0.054068228295402,-0.003937007874016));
#2716=CARTESIAN_POINT('',(0.102335403243391,-0.056550808736584,-0.003937007874016));
#2717=CARTESIAN_POINT('',(0.099057123942857,-0.058046722592167,-0.003937007874016));
#2718=QUASI_UNIFORM_CURVE('',3,(#2714,#2715,#2716,#2717),.UNSPECIFIED.,.F.,.U.);
#2719=EDGE_CURVE('',#2671,#2713,#2718,.T.);
#2720=ORIENTED_EDGE('',*,*,#2719,.T.);
#2721=CARTESIAN_POINT('',(0.099057123942857,-0.058046722592167,0.0));
#2722=VERTEX_POINT('',#2721);
#2723=CARTESIAN_POINT('',(0.099057123942857,-0.058046722592167,0.0));
#2724=DIRECTION('',(0.0,0.0,-1.0));
#2725=VECTOR('',#2724,0.003937007874016);
#2726=LINE('',#2723,#2725);
#2727=EDGE_CURVE('',#2722,#2713,#2726,.T.);
#2728=ORIENTED_EDGE('',*,*,#2727,.F.);
#2729=CARTESIAN_POINT('',(0.115480348399903,-0.05397274443228,0.0));
#2730=CARTESIAN_POINT('',(0.111883789555627,-0.054068228295402,0.0));
#2731=CARTESIAN_POINT('',(0.102335403243391,-0.056550808736584,0.0));
#2732=CARTESIAN_POINT('',(0.099057123942857,-0.058046722592167,0.0));
#2733=QUASI_UNIFORM_CURVE('',3,(#2729,#2730,#2731,#2732),.UNSPECIFIED.,.F.,.U.);
#2734=EDGE_CURVE('',#2679,#2722,#2733,.T.);
#2735=ORIENTED_EDGE('',*,*,#2734,.F.);
#2736=ORIENTED_EDGE('',*,*,#2684,.T.);
#2737=EDGE_LOOP('',(#2720,#2728,#2735,#2736));
#2738=FACE_OUTER_BOUND('',#2737,.T.);
#2739=ADVANCED_FACE('',(#2738),#2711,.T.);
#2740=CARTESIAN_POINT('',(0.099057123942857,-0.058046722592167,0.0));
#2741=DIRECTION('',(-0.707106781186551,-0.707106781186544,0.0));
#2742=DIRECTION('',(0.0,0.0,1.0));
#2743=AXIS2_PLACEMENT_3D('',#2740,#2741,#2742);
#2744=PLANE('',#2743);
#2745=CARTESIAN_POINT('',(0.104022284825219,-0.06301188347453,-0.003937007874016));
#2746=VERTEX_POINT('',#2745);
#2747=CARTESIAN_POINT('',(0.099057123942857,-0.058046722592167,-0.003937007874016));
#2748=DIRECTION('',(0.707106781186546,-0.70710678118655,0.0));
#2749=VECTOR('',#2748,0.007021797859202);
#2750=LINE('',#2747,#2749);
#2751=EDGE_CURVE('',#2713,#2746,#2750,.T.);
#2752=ORIENTED_EDGE('',*,*,#2751,.T.);
#2753=CARTESIAN_POINT('',(0.104022284825219,-0.06301188347453,0.0));
#2754=VERTEX_POINT('',#2753);
#2755=CARTESIAN_POINT('',(0.104022284825219,-0.06301188347453,0.0));
#2756=DIRECTION('',(0.0,0.0,-1.0));
#2757=VECTOR('',#2756,0.003937007874016);
#2758=LINE('',#2755,#2757);
#2759=EDGE_CURVE('',#2754,#2746,#2758,.T.);
#2760=ORIENTED_EDGE('',*,*,#2759,.F.);
#2761=CARTESIAN_POINT('',(0.099057123942857,-0.058046722592167,0.0));
#2762=DIRECTION('',(0.707106781186546,-0.70710678118655,0.0));
#2763=VECTOR('',#2762,0.007021797859202);
#2764=LINE('',#2761,#2763);
#2765=EDGE_CURVE('',#2722,#2754,#2764,.T.);
#2766=ORIENTED_EDGE('',*,*,#2765,.F.);
#2767=ORIENTED_EDGE('',*,*,#2727,.T.);
#2768=EDGE_LOOP('',(#2752,#2760,#2766,#2767));
#2769=FACE_OUTER_BOUND('',#2768,.T.);
#2770=ADVANCED_FACE('',(#2769),#2744,.T.);
#2771=CARTESIAN_POINT('',(0.126556476522096,-0.061420485755824,0.0));
#2772=CARTESIAN_POINT('',(0.122514326316583,-0.060051883717737,0.0));
#2773=CARTESIAN_POINT('',(0.110324219791295,-0.060720270759593,0.0));
#2774=CARTESIAN_POINT('',(0.104022284825219,-0.06301188347453,0.0));
#2775=CARTESIAN_POINT('',(0.126556476522096,-0.061420485755824,-0.004724409448819));
#2776=CARTESIAN_POINT('',(0.122514326316583,-0.060051883717737,-0.004724409448819));
#2777=CARTESIAN_POINT('',(0.110324219791295,-0.060720270759593,-0.004724409448819));
#2778=CARTESIAN_POINT('',(0.104022284825219,-0.06301188347453,-0.004724409448819));
#2779=B_SPLINE_SURFACE_WITH_KNOTS('',3,1,((#2771,#2775),(#2772,#2776),(#2773,#2777),(#2774,#2778)),.UNSPECIFIED.,.F.,.F.,.F.,(4,4),(2,2),(-1.0,0.0),(0.0,0.012),.UNSPECIFIED.);
#2780=CARTESIAN_POINT('',(0.126556476522096,-0.061420485755824,-0.003937007874016));
#2781=VERTEX_POINT('',#2780);
#2782=CARTESIAN_POINT('',(0.104022284825219,-0.06301188347453,-0.003937007874016));
#2783=CARTESIAN_POINT('',(0.110324219791295,-0.060720270759593,-0.003937007874016));
#2784=CARTESIAN_POINT('',(0.122514326316583,-0.060051883717737,-0.003937007874016));
#2785=CARTESIAN_POINT('',(0.126556476522096,-0.061420485755824,-0.003937007874016));
#2786=QUASI_UNIFORM_CURVE('',3,(#2782,#2783,#2784,#2785),.UNSPECIFIED.,.F.,.U.);
#2787=EDGE_CURVE('',#2746,#2781,#2786,.T.);
#2788=ORIENTED_EDGE('',*,*,#2787,.T.);
#2789=CARTESIAN_POINT('',(0.126556476522096,-0.061420485755824,0.0));
#2790=VERTEX_POINT('',#2789);
#2791=CARTESIAN_POINT('',(0.126556476522096,-0.061420485755824,0.0));
#2792=DIRECTION('',(0.0,0.0,-1.0));
#2793=VECTOR('',#2792,0.003937007874016);
#2794=LINE('',#2791,#2793);
#2795=EDGE_CURVE('',#2790,#2781,#2794,.T.);
#2796=ORIENTED_EDGE('',*,*,#2795,.F.);
#2797=CARTESIAN_POINT('',(0.104022284825219,-0.06301188347453,0.0));
#2798=CARTESIAN_POINT('',(0.110324219791295,-0.060720270759593,0.0));
#2799=CARTESIAN_POINT('',(0.122514326316583,-0.060051883717737,0.0));
#2800=CARTESIAN_POINT('',(0.126556476522096,-0.061420485755824,0.0));
#2801=QUASI_UNIFORM_CURVE('',3,(#2797,#2798,#2799,#2800),.UNSPECIFIED.,.F.,.U.);
#2802=EDGE_CURVE('',#2754,#2790,#2801,.T.);
#2803=ORIENTED_EDGE('',*,*,#2802,.F.);
#2804=ORIENTED_EDGE('',*,*,#2759,.T.);
#2805=EDGE_LOOP('',(#2788,#2796,#2803,#2804));
#2806=FACE_OUTER_BOUND('',#2805,.T.);
#2807=ADVANCED_FACE('',(#2806),#2779,.T.);
#2808=CARTESIAN_POINT('',(0.126556476522096,-0.061420485755824,0.0));
#2809=DIRECTION('',(0.707106781186549,-0.707106781186546,0.0));
#2810=DIRECTION('',(0.0,0.0,-1.0));
#2811=AXIS2_PLACEMENT_3D('',#2808,#2809,#2810);
#2812=PLANE('',#2811);
#2813=CARTESIAN_POINT('',(0.129866583777005,-0.058110378500916,-0.003937007874016));
#2814=VERTEX_POINT('',#2813);
#2815=CARTESIAN_POINT('',(0.126556476522096,-0.061420485755824,-0.003937007874016));
#2816=DIRECTION('',(0.707106781186542,0.707106781186553,0.0));
#2817=VECTOR('',#2816,0.004681198572801);
#2818=LINE('',#2815,#2817);
#2819=EDGE_CURVE('',#2781,#2814,#2818,.T.);
#2820=ORIENTED_EDGE('',*,*,#2819,.T.);
#2821=CARTESIAN_POINT('',(0.129866583777005,-0.058110378500916,0.0));
#2822=VERTEX_POINT('',#2821);
#2823=CARTESIAN_POINT('',(0.129866583777005,-0.058110378500916,0.0));
#2824=DIRECTION('',(0.0,0.0,-1.0));
#2825=VECTOR('',#2824,0.003937007874016);
#2826=LINE('',#2823,#2825);
#2827=EDGE_CURVE('',#2822,#2814,#2826,.T.);
#2828=ORIENTED_EDGE('',*,*,#2827,.F.);
#2829=CARTESIAN_POINT('',(0.126556476522096,-0.061420485755824,0.0));
#2830=DIRECTION('',(0.707106781186542,0.707106781186553,0.0));
#2831=VECTOR('',#2830,0.004681198572801);
#2832=LINE('',#2829,#2831);
#2833=EDGE_CURVE('',#2790,#2822,#2832,.T.);
#2834=ORIENTED_EDGE('',*,*,#2833,.F.);
#2835=ORIENTED_EDGE('',*,*,#2795,.T.);
#2836=EDGE_LOOP('',(#2820,#2828,#2834,#2835));
#2837=FACE_OUTER_BOUND('',#2836,.T.);
#2838=ADVANCED_FACE('',(#2837),#2812,.T.);
#2839=CARTESIAN_POINT('',(0.129866583777005,-0.058110378500916,0.0));
#2840=DIRECTION('',(0.707106781186549,0.707106781186546,0.0));
#2841=DIRECTION('',(0.0,0.0,-1.0));
#2842=AXIS2_PLACEMENT_3D('',#2839,#2840,#2841);
#2843=PLANE('',#2842);
#2844=CARTESIAN_POINT('',(0.087949167866289,-0.0161929625902,-0.003937007874016));
#2845=VERTEX_POINT('',#2844);
#2846=CARTESIAN_POINT('',(0.129866583777005,-0.058110378500916,-0.003937007874016));
#2847=DIRECTION('',(-0.707106781186546,0.707106781186549,0.0));
#2848=VECTOR('',#2847,0.059280178080568);
#2849=LINE('',#2846,#2848);
#2850=EDGE_CURVE('',#2814,#2845,#2849,.T.);
#2851=ORIENTED_EDGE('',*,*,#2850,.T.);
#2852=CARTESIAN_POINT('',(0.087949167866289,-0.0161929625902,0.0));
#2853=VERTEX_POINT('',#2852);
#2854=CARTESIAN_POINT('',(0.087949167866289,-0.0161929625902,0.0));
#2855=DIRECTION('',(0.0,0.0,-1.0));
#2856=VECTOR('',#2855,0.003937007874016);
#2857=LINE('',#2854,#2856);
#2858=EDGE_CURVE('',#2853,#2845,#2857,.T.);
#2859=ORIENTED_EDGE('',*,*,#2858,.F.);
#2860=CARTESIAN_POINT('',(0.129866583777005,-0.058110378500916,0.0));
#2861=DIRECTION('',(-0.707106781186546,0.707106781186549,0.0));
#2862=VECTOR('',#2861,0.059280178080568);
#2863=LINE('',#2860,#2862);
#2864=EDGE_CURVE('',#2822,#2853,#2863,.T.);
#2865=ORIENTED_EDGE('',*,*,#2864,.F.);
#2866=ORIENTED_EDGE('',*,*,#2827,.T.);
#2867=EDGE_LOOP('',(#2851,#2859,#2865,#2866));
#2868=FACE_OUTER_BOUND('',#2867,.T.);
#2869=ADVANCED_FACE('',(#2868),#2843,.T.);
#2870=CARTESIAN_POINT('',(0.087949167866289,-0.0161929625902,0.0));
#2871=DIRECTION('',(-0.707106781186547,0.707106781186548,0.0));
#2872=DIRECTION('',(0.0,0.0,1.0));
#2873=AXIS2_PLACEMENT_3D('',#2870,#2871,#2872);
#2874=PLANE('',#2873);
#2875=CARTESIAN_POINT('',(0.087949167866289,-0.0161929625902,-0.003937007874016));
#2876=DIRECTION('',(-0.707106781186548,-0.707106781186547,0.0));
#2877=VECTOR('',#2876,0.007246855482894);
#2878=LINE('',#2875,#2877);
#2879=EDGE_CURVE('',#2845,#2669,#2878,.T.);
#2880=ORIENTED_EDGE('',*,*,#2879,.T.);
#2881=ORIENTED_EDGE('',*,*,#2698,.F.);
#2882=CARTESIAN_POINT('',(0.087949167866289,-0.0161929625902,0.0));
#2883=DIRECTION('',(-0.707106781186548,-0.707106781186547,0.0));
#2884=VECTOR('',#2883,0.007246855482894);
#2885=LINE('',#2882,#2884);
#2886=EDGE_CURVE('',#2853,#2687,#2885,.T.);
#2887=ORIENTED_EDGE('',*,*,#2886,.F.);
#2888=ORIENTED_EDGE('',*,*,#2858,.T.);
#2889=EDGE_LOOP('',(#2880,#2881,#2887,#2888));
#2890=FACE_OUTER_BOUND('',#2889,.T.);
#2891=ADVANCED_FACE('',(#2890),#2874,.T.);
#2892=CARTESIAN_POINT('',(0.106142573848997,-0.043409459760706,-0.003937007874016));
#2893=DIRECTION('',(0.0,0.0,1.0));
#2894=DIRECTION('',(1.0,0.0,0.0));
#2895=AXIS2_PLACEMENT_3D('',#2892,#2893,#2894);
#2896=PLANE('',#2895);
#2897=ORIENTED_EDGE('',*,*,#2676,.F.);
#2898=ORIENTED_EDGE('',*,*,#2879,.F.);
#2899=ORIENTED_EDGE('',*,*,#2850,.F.);
#2900=ORIENTED_EDGE('',*,*,#2819,.F.);
#2901=ORIENTED_EDGE('',*,*,#2787,.F.);
#2902=ORIENTED_EDGE('',*,*,#2751,.F.);
#2903=ORIENTED_EDGE('',*,*,#2719,.F.);
#2904=EDGE_LOOP('',(#2897,#2898,#2899,#2900,#2901,#2902,#2903));
#2905=FACE_OUTER_BOUND('',#2904,.T.);
#2906=ADVANCED_FACE('',(#2905),#2896,.F.);
#2907=CARTESIAN_POINT('',(-0.081944212967539,0.015295181787785,0.0));
#2908=CARTESIAN_POINT('',(-0.084999696587455,0.0183506654077,0.0));
#2909=CARTESIAN_POINT('',(-0.093083996998481,0.01873260086019,0.0));
#2910=CARTESIAN_POINT('',(-0.098335609470211,0.01526335383341,0.0));
#2911=CARTESIAN_POINT('',(-0.081944212967539,0.015295181787785,-0.004724409448819));
#2912=CARTESIAN_POINT('',(-0.084999696587455,0.0183506654077,-0.004724409448819));
#2913=CARTESIAN_POINT('',(-0.093083996998481,0.01873260086019,-0.004724409448819));
#2914=CARTESIAN_POINT('',(-0.098335609470211,0.01526335383341,-0.004724409448819));
#2915=B_SPLINE_SURFACE_WITH_KNOTS('',3,1,((#2907,#2911),(#2908,#2912),(#2909,#2913),(#2910,#2914)),.UNSPECIFIED.,.F.,.F.,.F.,(4,4),(2,2),(-1.0,0.0),(0.0,0.012),.UNSPECIFIED.);
#2916=CARTESIAN_POINT('',(-0.098335609470211,0.01526335383341,-0.003937007874016));
#2917=VERTEX_POINT('',#2916);
#2918=CARTESIAN_POINT('',(-0.081944212967539,0.015295181787785,-0.003937007874016));
#2919=VERTEX_POINT('',#2918);
#2920=CARTESIAN_POINT('',(-0.098335609470211,0.01526335383341,-0.003937007874016));
#2921=CARTESIAN_POINT('',(-0.093083996998481,0.01873260086019,-0.003937007874016));
#2922=CARTESIAN_POINT('',(-0.084999696587455,0.0183506654077,-0.003937007874016));
#2923=CARTESIAN_POINT('',(-0.081944212967539,0.015295181787785,-0.003937007874016));
#2924=QUASI_UNIFORM_CURVE('',3,(#2920,#2921,#2922,#2923),.UNSPECIFIED.,.F.,.U.);
#2925=EDGE_CURVE('',#2917,#2919,#2924,.T.);
#2926=ORIENTED_EDGE('',*,*,#2925,.T.);
#2927=CARTESIAN_POINT('',(-0.081944212967539,0.015295181787785,0.0));
#2928=VERTEX_POINT('',#2927);
#2929=CARTESIAN_POINT('',(-0.081944212967539,0.015295181787785,0.0));
#2930=DIRECTION('',(0.0,0.0,-1.0));
#2931=VECTOR('',#2930,0.003937007874016);
#2932=LINE('',#2929,#2931);
#2933=EDGE_CURVE('',#2928,#2919,#2932,.T.);
#2934=ORIENTED_EDGE('',*,*,#2933,.F.);
#2935=CARTESIAN_POINT('',(-0.098335609470211,0.01526335383341,0.0));
#2936=VERTEX_POINT('',#2935);
#2937=CARTESIAN_POINT('',(-0.098335609470211,0.01526335383341,0.0));
#2938=CARTESIAN_POINT('',(-0.093083996998481,0.01873260086019,0.0));
#2939=CARTESIAN_POINT('',(-0.084999696587455,0.0183506654077,0.0));
#2940=CARTESIAN_POINT('',(-0.081944212967539,0.015295181787785,0.0));
#2941=QUASI_UNIFORM_CURVE('',3,(#2937,#2938,#2939,#2940),.UNSPECIFIED.,.F.,.U.);
#2942=EDGE_CURVE('',#2936,#2928,#2941,.T.);
#2943=ORIENTED_EDGE('',*,*,#2942,.F.);
#2944=CARTESIAN_POINT('',(-0.098335609470211,0.01526335383341,0.0));
#2945=DIRECTION('',(0.0,0.0,-1.0));
#2946=VECTOR('',#2945,0.003937007874016);
#2947=LINE('',#2944,#2946);
#2948=EDGE_CURVE('',#2936,#2917,#2947,.T.);
#2949=ORIENTED_EDGE('',*,*,#2948,.T.);
#2950=EDGE_LOOP('',(#2926,#2934,#2943,#2949));
#2951=FACE_OUTER_BOUND('',#2950,.T.);
#2952=ADVANCED_FACE('',(#2951),#2915,.T.);
#2953=CARTESIAN_POINT('',(-0.082071524785036,-0.002019225391737,0.0));
#2954=CARTESIAN_POINT('',(-0.078379482077638,0.001672817315661,0.0));
#2955=CARTESIAN_POINT('',(-0.07831582616889,0.011666794989135,0.0));
#2956=CARTESIAN_POINT('',(-0.081944212967539,0.015295181787785,0.0));
#2957=CARTESIAN_POINT('',(-0.082071524785036,-0.002019225391737,-0.004724409448819));
#2958=CARTESIAN_POINT('',(-0.078379482077638,0.001672817315661,-0.004724409448819));
#2959=CARTESIAN_POINT('',(-0.07831582616889,0.011666794989135,-0.004724409448819));
#2960=CARTESIAN_POINT('',(-0.081944212967539,0.015295181787785,-0.004724409448819));
#2961=B_SPLINE_SURFACE_WITH_KNOTS('',3,1,((#2953,#2957),(#2954,#2958),(#2955,#2959),(#2956,#2960)),.UNSPECIFIED.,.F.,.F.,.F.,(4,4),(2,2),(-1.0,0.0),(0.0,0.012),.UNSPECIFIED.);
#2962=CARTESIAN_POINT('',(-0.082071524785036,-0.002019225391737,-0.003937007874016));
#2963=VERTEX_POINT('',#2962);
#2964=CARTESIAN_POINT('',(-0.081944212967539,0.015295181787785,-0.003937007874016));
#2965=CARTESIAN_POINT('',(-0.07831582616889,0.011666794989135,-0.003937007874016));
#2966=CARTESIAN_POINT('',(-0.078379482077638,0.001672817315661,-0.003937007874016));
#2967=CARTESIAN_POINT('',(-0.082071524785036,-0.002019225391737,-0.003937007874016));
#2968=QUASI_UNIFORM_CURVE('',3,(#2964,#2965,#2966,#2967),.UNSPECIFIED.,.F.,.U.);
#2969=EDGE_CURVE('',#2919,#2963,#2968,.T.);
#2970=ORIENTED_EDGE('',*,*,#2969,.T.);
#2971=CARTESIAN_POINT('',(-0.082071524785036,-0.002019225391737,0.0));
#2972=VERTEX_POINT('',#2971);
#2973=CARTESIAN_POINT('',(-0.082071524785036,-0.002019225391737,0.0));
#2974=DIRECTION('',(0.0,0.0,-1.0));
#2975=VECTOR('',#2974,0.003937007874016);
#2976=LINE('',#2973,#2975);
#2977=EDGE_CURVE('',#2972,#2963,#2976,.T.);
#2978=ORIENTED_EDGE('',*,*,#2977,.F.);
#2979=CARTESIAN_POINT('',(-0.081944212967539,0.015295181787785,0.0));
#2980=CARTESIAN_POINT('',(-0.07831582616889,0.011666794989135,0.0));
#2981=CARTESIAN_POINT('',(-0.078379482077638,0.001672817315661,0.0));
#2982=CARTESIAN_POINT('',(-0.082071524785036,-0.002019225391737,0.0));
#2983=QUASI_UNIFORM_CURVE('',3,(#2979,#2980,#2981,#2982),.UNSPECIFIED.,.F.,.U.);
#2984=EDGE_CURVE('',#2928,#2972,#2983,.T.);
#2985=ORIENTED_EDGE('',*,*,#2984,.F.);
#2986=ORIENTED_EDGE('',*,*,#2933,.T.);
#2987=EDGE_LOOP('',(#2970,#2978,#2985,#2986));
#2988=FACE_OUTER_BOUND('',#2987,.T.);
#2989=ADVANCED_FACE('',(#2988),#2961,.T.);
#2990=CARTESIAN_POINT('',(-0.098367437424585,-0.001955569482988,0.0));
#2991=CARTESIAN_POINT('',(-0.094802706534684,-0.00552030037289,0.0));
#2992=CARTESIAN_POINT('',(-0.085604427720563,-0.005552128327264,0.0));
#2993=CARTESIAN_POINT('',(-0.082071524785036,-0.002019225391737,0.0));
#2994=CARTESIAN_POINT('',(-0.098367437424585,-0.001955569482988,-0.004724409448819));
#2995=CARTESIAN_POINT('',(-0.094802706534684,-0.00552030037289,-0.004724409448819));
#2996=CARTESIAN_POINT('',(-0.085604427720563,-0.005552128327264,-0.004724409448819));
#2997=CARTESIAN_POINT('',(-0.082071524785036,-0.002019225391737,-0.004724409448819));
#2998=B_SPLINE_SURFACE_WITH_KNOTS('',3,1,((#2990,#2994),(#2991,#2995),(#2992,#2996),(#2993,#2997)),.UNSPECIFIED.,.F.,.F.,.F.,(4,4),(2,2),(-1.0,0.0),(0.0,0.012),.UNSPECIFIED.);
#2999=CARTESIAN_POINT('',(-0.098367437424585,-0.001955569482988,-0.003937007874016));
#3000=VERTEX_POINT('',#2999);
#3001=CARTESIAN_POINT('',(-0.082071524785036,-0.002019225391737,-0.003937007874016));
#3002=CARTESIAN_POINT('',(-0.085604427720563,-0.005552128327264,-0.003937007874016));
#3003=CARTESIAN_POINT('',(-0.094802706534684,-0.00552030037289,-0.003937007874016));
#3004=CARTESIAN_POINT('',(-0.098367437424585,-0.001955569482988,-0.003937007874016));
#3005=QUASI_UNIFORM_CURVE('',3,(#3001,#3002,#3003,#3004),.UNSPECIFIED.,.F.,.U.);
#3006=EDGE_CURVE('',#2963,#3000,#3005,.T.);
#3007=ORIENTED_EDGE('',*,*,#3006,.T.);
#3008=CARTESIAN_POINT('',(-0.098367437424585,-0.001955569482988,0.0));
#3009=VERTEX_POINT('',#3008);
#3010=CARTESIAN_POINT('',(-0.098367437424585,-0.001955569482988,0.0));
#3011=DIRECTION('',(0.0,0.0,-1.0));
#3012=VECTOR('',#3011,0.003937007874016);
#3013=LINE('',#3010,#3012);
#3014=EDGE_CURVE('',#3009,#3000,#3013,.T.);
#3015=ORIENTED_EDGE('',*,*,#3014,.F.);
#3016=CARTESIAN_POINT('',(-0.082071524785036,-0.002019225391737,0.0));
#3017=CARTESIAN_POINT('',(-0.085604427720563,-0.005552128327264,0.0));
#3018=CARTESIAN_POINT('',(-0.094802706534684,-0.00552030037289,0.0));
#3019=CARTESIAN_POINT('',(-0.098367437424585,-0.001955569482988,0.0));
#3020=QUASI_UNIFORM_CURVE('',3,(#3016,#3017,#3018,#3019),.UNSPECIFIED.,.F.,.U.);
#3021=EDGE_CURVE('',#2972,#3009,#3020,.T.);
#3022=ORIENTED_EDGE('',*,*,#3021,.F.);
#3023=ORIENTED_EDGE('',*,*,#2977,.T.);
#3024=EDGE_LOOP('',(#3007,#3015,#3022,#3023));
#3025=FACE_OUTER_BOUND('',#3024,.T.);
#3026=ADVANCED_FACE('',(#3025),#2998,.T.);
#3027=CARTESIAN_POINT('',(-0.101391093090126,0.002213892540021,0.0));
#3028=CARTESIAN_POINT('',(-0.09979969537142,-0.000523311536153,0.0));
#3029=CARTESIAN_POINT('',(-0.098367437424585,-0.001955569482988,0.0));
#3030=CARTESIAN_POINT('',(-0.101391093090126,0.002213892540021,-0.004724409448819));
#3031=CARTESIAN_POINT('',(-0.09979969537142,-0.000523311536153,-0.004724409448819));
#3032=CARTESIAN_POINT('',(-0.098367437424585,-0.001955569482988,-0.004724409448819));
#3033=B_SPLINE_SURFACE_WITH_KNOTS('',2,1,((#3027,#3030),(#3028,#3031),(#3029,#3032)),.UNSPECIFIED.,.F.,.F.,.F.,(3,3),(2,2),(-1.0,0.0),(0.0,0.012),.UNSPECIFIED.);
#3034=CARTESIAN_POINT('',(-0.101391093090126,0.002213892540021,-0.003937007874016));
#3035=VERTEX_POINT('',#3034);
#3036=CARTESIAN_POINT('',(-0.098367437424585,-0.001955569482988,-0.003937007874016));
#3037=CARTESIAN_POINT('',(-0.09979969537142,-0.000523311536153,-0.003937007874016));
#3038=CARTESIAN_POINT('',(-0.101391093090126,0.002213892540021,-0.003937007874016));
#3039=QUASI_UNIFORM_CURVE('',2,(#3036,#3037,#3038),.UNSPECIFIED.,.F.,.U.);
#3040=EDGE_CURVE('',#3000,#3035,#3039,.T.);
#3041=ORIENTED_EDGE('',*,*,#3040,.T.);
#3042=CARTESIAN_POINT('',(-0.101391093090126,0.002213892540021,0.0));
#3043=VERTEX_POINT('',#3042);
#3044=CARTESIAN_POINT('',(-0.101391093090126,0.002213892540021,0.0));
#3045=DIRECTION('',(0.0,0.0,-1.0));
#3046=VECTOR('',#3045,0.003937007874016);
#3047=LINE('',#3044,#3046);
#3048=EDGE_CURVE('',#3043,#3035,#3047,.T.);
#3049=ORIENTED_EDGE('',*,*,#3048,.F.);
#3050=CARTESIAN_POINT('',(-0.098367437424585,-0.001955569482988,0.0));
#3051=CARTESIAN_POINT('',(-0.09979969537142,-0.000523311536153,0.0));
#3052=CARTESIAN_POINT('',(-0.101391093090126,0.002213892540021,0.0));
#3053=QUASI_UNIFORM_CURVE('',2,(#3050,#3051,#3052),.UNSPECIFIED.,.F.,.U.);
#3054=EDGE_CURVE('',#3009,#3043,#3053,.T.);
#3055=ORIENTED_EDGE('',*,*,#3054,.F.);
#3056=ORIENTED_EDGE('',*,*,#3014,.T.);
#3057=EDGE_LOOP('',(#3041,#3049,#3055,#3056));
#3058=FACE_OUTER_BOUND('',#3057,.T.);
#3059=ADVANCED_FACE('',(#3058),#3033,.T.);
#3060=CARTESIAN_POINT('',(-0.101391093090126,0.002213892540021,0.0));
#3061=DIRECTION('',(-0.786663753569448,0.617381680016525,0.0));
#3062=DIRECTION('',(0.0,0.0,1.0));
#3063=AXIS2_PLACEMENT_3D('',#3060,#3061,#3062);
#3064=PLANE('',#3063);
#3065=CARTESIAN_POINT('',(-0.105337759432517,-0.00281492425109,-0.003937007874016));
#3066=VERTEX_POINT('',#3065);
#3067=CARTESIAN_POINT('',(-0.101391093090126,0.002213892540021,-0.003937007874016));
#3068=DIRECTION('',(-0.617381680016526,-0.786663753569447,0.0));
#3069=VECTOR('',#3068,0.006392587389838);
#3070=LINE('',#3067,#3069);
#3071=EDGE_CURVE('',#3035,#3066,#3070,.T.);
#3072=ORIENTED_EDGE('',*,*,#3071,.T.);
#3073=CARTESIAN_POINT('',(-0.105337759432517,-0.00281492425109,0.0));
#3074=VERTEX_POINT('',#3073);
#3075=CARTESIAN_POINT('',(-0.105337759432517,-0.00281492425109,0.0));
#3076=DIRECTION('',(0.0,0.0,-1.0));
#3077=VECTOR('',#3076,0.003937007874016);
#3078=LINE('',#3075,#3077);
#3079=EDGE_CURVE('',#3074,#3066,#3078,.T.);
#3080=ORIENTED_EDGE('',*,*,#3079,.F.);
#3081=CARTESIAN_POINT('',(-0.101391093090126,0.002213892540021,0.0));
#3082=DIRECTION('',(-0.617381680016526,-0.786663753569447,0.0));
#3083=VECTOR('',#3082,0.006392587389838);
#3084=LINE('',#3081,#3083);
#3085=EDGE_CURVE('',#3043,#3074,#3084,.T.);
#3086=ORIENTED_EDGE('',*,*,#3085,.F.);
#3087=ORIENTED_EDGE('',*,*,#3048,.T.);
#3088=EDGE_LOOP('',(#3072,#3080,#3086,#3087));
#3089=FACE_OUTER_BOUND('',#3088,.T.);
#3090=ADVANCED_FACE('',(#3089),#3064,.T.);
#3091=CARTESIAN_POINT('',(-0.104446576710042,-0.003578795156069,0.0));
#3092=CARTESIAN_POINT('',(-0.104733028299409,-0.003292343566701,0.0));
#3093=CARTESIAN_POINT('',(-0.105337759432517,-0.00281492425109,0.0));
#3094=CARTESIAN_POINT('',(-0.104446576710042,-0.003578795156069,-0.004724409448819));
#3095=CARTESIAN_POINT('',(-0.104733028299409,-0.003292343566701,-0.004724409448819));
#3096=CARTESIAN_POINT('',(-0.105337759432517,-0.00281492425109,-0.004724409448819));
#3097=B_SPLINE_SURFACE_WITH_KNOTS('',2,1,((#3091,#3094),(#3092,#3095),(#3093,#3096)),.UNSPECIFIED.,.F.,.F.,.F.,(3,3),(2,2),(-1.0,0.0),(0.0,0.012),.UNSPECIFIED.);
#3098=CARTESIAN_POINT('',(-0.104446576710042,-0.003578795156069,-0.003937007874016));
#3099=VERTEX_POINT('',#3098);
#3100=CARTESIAN_POINT('',(-0.105337759432517,-0.00281492425109,-0.003937007874016));
#3101=CARTESIAN_POINT('',(-0.104733028299409,-0.003292343566701,-0.003937007874016));
#3102=CARTESIAN_POINT('',(-0.104446576710042,-0.003578795156069,-0.003937007874016));
#3103=QUASI_UNIFORM_CURVE('',2,(#3100,#3101,#3102),.UNSPECIFIED.,.F.,.U.);
#3104=EDGE_CURVE('',#3066,#3099,#3103,.T.);
#3105=ORIENTED_EDGE('',*,*,#3104,.T.);
#3106=CARTESIAN_POINT('',(-0.104446576710042,-0.003578795156069,0.0));
#3107=VERTEX_POINT('',#3106);
#3108=CARTESIAN_POINT('',(-0.104446576710042,-0.003578795156069,0.0));
#3109=DIRECTION('',(0.0,0.0,-1.0));
#3110=VECTOR('',#3109,0.003937007874016);
#3111=LINE('',#3108,#3110);
#3112=EDGE_CURVE('',#3107,#3099,#3111,.T.);
#3113=ORIENTED_EDGE('',*,*,#3112,.F.);
#3114=CARTESIAN_POINT('',(-0.105337759432517,-0.00281492425109,0.0));
#3115=CARTESIAN_POINT('',(-0.104733028299409,-0.003292343566701,0.0));
#3116=CARTESIAN_POINT('',(-0.104446576710042,-0.003578795156069,0.0));
#3117=QUASI_UNIFORM_CURVE('',2,(#3114,#3115,#3116),.UNSPECIFIED.,.F.,.U.);
#3118=EDGE_CURVE('',#3074,#3107,#3117,.T.);
#3119=ORIENTED_EDGE('',*,*,#3118,.F.);
#3120=ORIENTED_EDGE('',*,*,#3079,.T.);
#3121=EDGE_LOOP('',(#3105,#3113,#3119,#3120));
#3122=FACE_OUTER_BOUND('',#3121,.T.);
#3123=ADVANCED_FACE('',(#3122),#3097,.T.);
#3124=CARTESIAN_POINT('',(-0.10288700694571,-0.019079008936265,0.0));
#3125=CARTESIAN_POINT('',(-0.099354104010183,-0.015546106000738,0.0));
#3126=CARTESIAN_POINT('',(-0.101168297409508,-0.006857074456603,0.0));
#3127=CARTESIAN_POINT('',(-0.104446576710042,-0.003578795156069,0.0));
#3128=CARTESIAN_POINT('',(-0.10288700694571,-0.019079008936265,-0.004724409448819));
#3129=CARTESIAN_POINT('',(-0.099354104010183,-0.015546106000738,-0.004724409448819));
#3130=CARTESIAN_POINT('',(-0.101168297409508,-0.006857074456603,-0.004724409448819));
#3131=CARTESIAN_POINT('',(-0.104446576710042,-0.003578795156069,-0.004724409448819));
#3132=B_SPLINE_SURFACE_WITH_KNOTS('',3,1,((#3124,#3128),(#3125,#3129),(#3126,#3130),(#3127,#3131)),.UNSPECIFIED.,.F.,.F.,.F.,(4,4),(2,2),(-1.0,0.0),(0.0,0.012),.UNSPECIFIED.);
#3133=CARTESIAN_POINT('',(-0.10288700694571,-0.019079008936265,-0.003937007874016));
#3134=VERTEX_POINT('',#3133);
#3135=CARTESIAN_POINT('',(-0.104446576710042,-0.003578795156069,-0.003937007874016));
#3136=CARTESIAN_POINT('',(-0.101168297409508,-0.006857074456603,-0.003937007874016));
#3137=CARTESIAN_POINT('',(-0.099354104010183,-0.015546106000738,-0.003937007874016));
#3138=CARTESIAN_POINT('',(-0.10288700694571,-0.019079008936265,-0.003937007874016));
#3139=QUASI_UNIFORM_CURVE('',3,(#3135,#3136,#3137,#3138),.UNSPECIFIED.,.F.,.U.);
#3140=EDGE_CURVE('',#3099,#3134,#3139,.T.);
#3141=ORIENTED_EDGE('',*,*,#3140,.T.);
#3142=CARTESIAN_POINT('',(-0.10288700694571,-0.019079008936265,0.0));
#3143=VERTEX_POINT('',#3142);
#3144=CARTESIAN_POINT('',(-0.10288700694571,-0.019079008936265,0.0));
#3145=DIRECTION('',(0.0,0.0,-1.0));
#3146=VECTOR('',#3145,0.003937007874016);
#3147=LINE('',#3144,#3146);
#3148=EDGE_CURVE('',#3143,#3134,#3147,.T.);
#3149=ORIENTED_EDGE('',*,*,#3148,.F.);
#3150=CARTESIAN_POINT('',(-0.104446576710042,-0.003578795156069,0.0));
#3151=CARTESIAN_POINT('',(-0.101168297409508,-0.006857074456603,0.0));
#3152=CARTESIAN_POINT('',(-0.099354104010183,-0.015546106000738,0.0));
#3153=CARTESIAN_POINT('',(-0.10288700694571,-0.019079008936265,0.0));
#3154=QUASI_UNIFORM_CURVE('',3,(#3150,#3151,#3152,#3153),.UNSPECIFIED.,.F.,.U.);
#3155=EDGE_CURVE('',#3107,#3143,#3154,.T.);
#3156=ORIENTED_EDGE('',*,*,#3155,.F.);
#3157=ORIENTED_EDGE('',*,*,#3112,.T.);
#3158=EDGE_LOOP('',(#3141,#3149,#3156,#3157));
#3159=FACE_OUTER_BOUND('',#3158,.T.);
#3160=ADVANCED_FACE('',(#3159),#3132,.T.);
#3161=CARTESIAN_POINT('',(-0.11625474778284,-0.018760729392524,0.0));
#3162=CARTESIAN_POINT('',(-0.113231092117299,-0.021784385058065,0.0));
#3163=CARTESIAN_POINT('',(-0.105719694885007,-0.021911696875562,0.0));
#3164=CARTESIAN_POINT('',(-0.10288700694571,-0.019079008936265,0.0));
#3165=CARTESIAN_POINT('',(-0.11625474778284,-0.018760729392524,-0.004724409448819));
#3166=CARTESIAN_POINT('',(-0.113231092117299,-0.021784385058065,-0.004724409448819));
#3167=CARTESIAN_POINT('',(-0.105719694885007,-0.021911696875562,-0.004724409448819));
#3168=CARTESIAN_POINT('',(-0.10288700694571,-0.019079008936265,-0.004724409448819));
#3169=B_SPLINE_SURFACE_WITH_KNOTS('',3,1,((#3161,#3165),(#3162,#3166),(#3163,#3167),(#3164,#3168)),.UNSPECIFIED.,.F.,.F.,.F.,(4,4),(2,2),(-1.0,0.0),(0.0,0.012),.UNSPECIFIED.);
#3170=CARTESIAN_POINT('',(-0.11625474778284,-0.018760729392524,-0.003937007874016));
#3171=VERTEX_POINT('',#3170);
#3172=CARTESIAN_POINT('',(-0.10288700694571,-0.019079008936265,-0.003937007874016));
#3173=CARTESIAN_POINT('',(-0.105719694885007,-0.021911696875562,-0.003937007874016));
#3174=CARTESIAN_POINT('',(-0.113231092117299,-0.021784385058065,-0.003937007874016));
#3175=CARTESIAN_POINT('',(-0.11625474778284,-0.018760729392524,-0.003937007874016));
#3176=QUASI_UNIFORM_CURVE('',3,(#3172,#3173,#3174,#3175),.UNSPECIFIED.,.F.,.U.);
#3177=EDGE_CURVE('',#3134,#3171,#3176,.T.);
#3178=ORIENTED_EDGE('',*,*,#3177,.T.);
#3179=CARTESIAN_POINT('',(-0.11625474778284,-0.018760729392524,0.0));
#3180=VERTEX_POINT('',#3179);
#3181=CARTESIAN_POINT('',(-0.11625474778284,-0.018760729392524,0.0));
#3182=DIRECTION('',(0.0,0.0,-1.0));
#3183=VECTOR('',#3182,0.003937007874016);
#3184=LINE('',#3181,#3183);
#3185=EDGE_CURVE('',#3180,#3171,#3184,.T.);
#3186=ORIENTED_EDGE('',*,*,#3185,.F.);
#3187=CARTESIAN_POINT('',(-0.10288700694571,-0.019079008936265,0.0));
#3188=CARTESIAN_POINT('',(-0.105719694885007,-0.021911696875562,0.0));
#3189=CARTESIAN_POINT('',(-0.113231092117299,-0.021784385058065,0.0));
#3190=CARTESIAN_POINT('',(-0.11625474778284,-0.018760729392524,0.0));
#3191=QUASI_UNIFORM_CURVE('',3,(#3187,#3188,#3189,#3190),.UNSPECIFIED.,.F.,.U.);
#3192=EDGE_CURVE('',#3143,#3180,#3191,.T.);
#3193=ORIENTED_EDGE('',*,*,#3192,.F.);
#3194=ORIENTED_EDGE('',*,*,#3148,.T.);
#3195=EDGE_LOOP('',(#3178,#3186,#3193,#3194));
#3196=FACE_OUTER_BOUND('',#3195,.T.);
#3197=ADVANCED_FACE('',(#3196),#3169,.T.);
#3198=CARTESIAN_POINT('',(-0.11625474778284,-0.003674279019191,0.0));
#3199=CARTESIAN_POINT('',(-0.119469371174627,-0.008034708768445,0.0));
#3200=CARTESIAN_POINT('',(-0.119246575494008,-0.015768901681356,0.0));
#3201=CARTESIAN_POINT('',(-0.11625474778284,-0.018760729392524,0.0));
#3202=CARTESIAN_POINT('',(-0.11625474778284,-0.003674279019191,-0.004724409448819));
#3203=CARTESIAN_POINT('',(-0.119469371174627,-0.008034708768445,-0.004724409448819));
#3204=CARTESIAN_POINT('',(-0.119246575494008,-0.015768901681356,-0.004724409448819));
#3205=CARTESIAN_POINT('',(-0.11625474778284,-0.018760729392524,-0.004724409448819));
#3206=B_SPLINE_SURFACE_WITH_KNOTS('',3,1,((#3198,#3202),(#3199,#3203),(#3200,#3204),(#3201,#3205)),.UNSPECIFIED.,.F.,.F.,.F.,(4,4),(2,2),(-1.0,0.0),(0.0,0.012),.UNSPECIFIED.);
#3207=CARTESIAN_POINT('',(-0.11625474778284,-0.003674279019191,-0.003937007874016));
#3208=VERTEX_POINT('',#3207);
#3209=CARTESIAN_POINT('',(-0.11625474778284,-0.018760729392524,-0.003937007874016));
#3210=CARTESIAN_POINT('',(-0.119246575494008,-0.015768901681356,-0.003937007874016));
#3211=CARTESIAN_POINT('',(-0.119469371174627,-0.008034708768445,-0.003937007874016));
#3212=CARTESIAN_POINT('',(-0.11625474778284,-0.003674279019191,-0.003937007874016));
#3213=QUASI_UNIFORM_CURVE('',3,(#3209,#3210,#3211,#3212),.UNSPECIFIED.,.F.,.U.);
#3214=EDGE_CURVE('',#3171,#3208,#3213,.T.);
#3215=ORIENTED_EDGE('',*,*,#3214,.T.);
#3216=CARTESIAN_POINT('',(-0.11625474778284,-0.003674279019191,0.0));
#3217=VERTEX_POINT('',#3216);
#3218=CARTESIAN_POINT('',(-0.11625474778284,-0.003674279019191,0.0));
#3219=DIRECTION('',(0.0,0.0,-1.0));
#3220=VECTOR('',#3219,0.003937007874016);
#3221=LINE('',#3218,#3220);
#3222=EDGE_CURVE('',#3217,#3208,#3221,.T.);
#3223=ORIENTED_EDGE('',*,*,#3222,.F.);
#3224=CARTESIAN_POINT('',(-0.11625474778284,-0.018760729392524,0.0));
#3225=CARTESIAN_POINT('',(-0.119246575494008,-0.015768901681356,0.0));
#3226=CARTESIAN_POINT('',(-0.119469371174627,-0.008034708768445,0.0));
#3227=CARTESIAN_POINT('',(-0.11625474778284,-0.003674279019191,0.0));
#3228=QUASI_UNIFORM_CURVE('',3,(#3224,#3225,#3226,#3227),.UNSPECIFIED.,.F.,.U.);
#3229=EDGE_CURVE('',#3180,#3217,#3228,.T.);
#3230=ORIENTED_EDGE('',*,*,#3229,.F.);
#3231=ORIENTED_EDGE('',*,*,#3185,.T.);
#3232=EDGE_LOOP('',(#3215,#3223,#3230,#3231));
#3233=FACE_OUTER_BOUND('',#3232,.T.);
#3234=ADVANCED_FACE('',(#3233),#3206,.T.);
#3235=CARTESIAN_POINT('',(-0.11625474778284,-0.003674279019191,0.0));
#3236=DIRECTION('',(0.570557804307505,0.821257445594132,0.0));
#3237=DIRECTION('',(0.0,0.0,-1.0));
#3238=AXIS2_PLACEMENT_3D('',#3235,#3236,#3237);
#3239=PLANE('',#3238);
#3240=CARTESIAN_POINT('',(-0.122302059113923,0.000527010958193,-0.003937007874016));
#3241=VERTEX_POINT('',#3240);
#3242=CARTESIAN_POINT('',(-0.11625474778284,-0.003674279019191,-0.003937007874016));
#3243=DIRECTION('',(-0.821257445594132,0.570557804307506,0.0));
#3244=VECTOR('',#3243,0.007363478241233);
#3245=LINE('',#3242,#3244);
#3246=EDGE_CURVE('',#3208,#3241,#3245,.T.);
#3247=ORIENTED_EDGE('',*,*,#3246,.T.);
#3248=CARTESIAN_POINT('',(-0.122302059113923,0.000527010958193,0.0));
#3249=VERTEX_POINT('',#3248);
#3250=CARTESIAN_POINT('',(-0.122302059113923,0.000527010958193,0.0));
#3251=DIRECTION('',(0.0,0.0,-1.0));
#3252=VECTOR('',#3251,0.003937007874016);
#3253=LINE('',#3250,#3252);
#3254=EDGE_CURVE('',#3249,#3241,#3253,.T.);
#3255=ORIENTED_EDGE('',*,*,#3254,.F.);
#3256=CARTESIAN_POINT('',(-0.11625474778284,-0.003674279019191,0.0));
#3257=DIRECTION('',(-0.821257445594132,0.570557804307506,0.0));
#3258=VECTOR('',#3257,0.007363478241233);
#3259=LINE('',#3256,#3258);
#3260=EDGE_CURVE('',#3217,#3249,#3259,.T.);
#3261=ORIENTED_EDGE('',*,*,#3260,.F.);
#3262=ORIENTED_EDGE('',*,*,#3222,.T.);
#3263=EDGE_LOOP('',(#3247,#3255,#3261,#3262));
#3264=FACE_OUTER_BOUND('',#3263,.T.);
#3265=ADVANCED_FACE('',(#3264),#3239,.T.);
#3266=CARTESIAN_POINT('',(-0.120551521623347,-0.022866535506785,0.0));
#3267=CARTESIAN_POINT('',(-0.125516682505709,-0.017901374624422,0.0));
#3268=CARTESIAN_POINT('',(-0.126503349091307,-0.005583956281638,0.0));
#3269=CARTESIAN_POINT('',(-0.122302059113923,0.000527010958193,0.0));
#3270=CARTESIAN_POINT('',(-0.120551521623347,-0.022866535506785,-0.004724409448819));
#3271=CARTESIAN_POINT('',(-0.125516682505709,-0.017901374624422,-0.004724409448819));
#3272=CARTESIAN_POINT('',(-0.126503349091307,-0.005583956281638,-0.004724409448819));
#3273=CARTESIAN_POINT('',(-0.122302059113923,0.000527010958193,-0.004724409448819));
#3274=B_SPLINE_SURFACE_WITH_KNOTS('',3,1,((#3266,#3270),(#3267,#3271),(#3268,#3272),(#3269,#3273)),.UNSPECIFIED.,.F.,.F.,.F.,(4,4),(2,2),(-1.0,0.0),(0.0,0.012),.UNSPECIFIED.);
#3275=CARTESIAN_POINT('',(-0.120551521623347,-0.022866535506785,-0.003937007874016));
#3276=VERTEX_POINT('',#3275);
#3277=CARTESIAN_POINT('',(-0.122302059113923,0.000527010958193,-0.003937007874016));
#3278=CARTESIAN_POINT('',(-0.126503349091307,-0.005583956281638,-0.003937007874016));
#3279=CARTESIAN_POINT('',(-0.125516682505709,-0.017901374624422,-0.003937007874016));
#3280=CARTESIAN_POINT('',(-0.120551521623347,-0.022866535506785,-0.003937007874016));
#3281=QUASI_UNIFORM_CURVE('',3,(#3277,#3278,#3279,#3280),.UNSPECIFIED.,.F.,.U.);
#3282=EDGE_CURVE('',#3241,#3276,#3281,.T.);
#3283=ORIENTED_EDGE('',*,*,#3282,.T.);
#3284=CARTESIAN_POINT('',(-0.120551521623347,-0.022866535506785,0.0));
#3285=VERTEX_POINT('',#3284);
#3286=CARTESIAN_POINT('',(-0.120551521623347,-0.022866535506785,0.0));
#3287=DIRECTION('',(0.0,0.0,-1.0));
#3288=VECTOR('',#3287,0.003937007874016);
#3289=LINE('',#3286,#3288);
#3290=EDGE_CURVE('',#3285,#3276,#3289,.T.);
#3291=ORIENTED_EDGE('',*,*,#3290,.F.);
#3292=CARTESIAN_POINT('',(-0.122302059113923,0.000527010958193,0.0));
#3293=CARTESIAN_POINT('',(-0.126503349091307,-0.005583956281638,0.0));
#3294=CARTESIAN_POINT('',(-0.125516682505709,-0.017901374624422,0.0));
#3295=CARTESIAN_POINT('',(-0.120551521623347,-0.022866535506785,0.0));
#3296=QUASI_UNIFORM_CURVE('',3,(#3292,#3293,#3294,#3295),.UNSPECIFIED.,.F.,.U.);
#3297=EDGE_CURVE('',#3249,#3285,#3296,.T.);
#3298=ORIENTED_EDGE('',*,*,#3297,.F.);
#3299=ORIENTED_EDGE('',*,*,#3254,.T.);
#3300=EDGE_LOOP('',(#3283,#3291,#3298,#3299));
#3301=FACE_OUTER_BOUND('',#3300,.T.);
#3302=ADVANCED_FACE('',(#3301),#3274,.T.);
#3303=CARTESIAN_POINT('',(-0.097508082656484,-0.024266965499246,0.0));
#3304=CARTESIAN_POINT('',(-0.10034077059578,-0.027099653438543,0.0));
#3305=CARTESIAN_POINT('',(-0.108456898961181,-0.029104814564113,0.0));
#3306=CARTESIAN_POINT('',(-0.117145930505316,-0.026272126624816,0.0));
#3307=CARTESIAN_POINT('',(-0.120551521623347,-0.022866535506785,0.0));
#3308=CARTESIAN_POINT('',(-0.097508082656484,-0.024266965499246,-0.004724409448819));
#3309=CARTESIAN_POINT('',(-0.10034077059578,-0.027099653438543,-0.004724409448819));
#3310=CARTESIAN_POINT('',(-0.108456898961181,-0.029104814564113,-0.004724409448819));
#3311=CARTESIAN_POINT('',(-0.117145930505316,-0.026272126624816,-0.004724409448819));
#3312=CARTESIAN_POINT('',(-0.120551521623347,-0.022866535506785,-0.004724409448819));
#3313=B_SPLINE_SURFACE_WITH_KNOTS('',4,1,((#3303,#3308),(#3304,#3309),(#3305,#3310),(#3306,#3311),(#3307,#3312)),.UNSPECIFIED.,.F.,.F.,.F.,(5,5),(2,2),(-1.0,0.0),(0.0,0.012),.UNSPECIFIED.);
#3314=CARTESIAN_POINT('',(-0.097508082656484,-0.024266965499246,-0.003937007874016));
#3315=VERTEX_POINT('',#3314);
#3316=CARTESIAN_POINT('',(-0.120551521623347,-0.022866535506785,-0.003937007874016));
#3317=CARTESIAN_POINT('',(-0.117145930505316,-0.026272126624816,-0.003937007874016));
#3318=CARTESIAN_POINT('',(-0.108456898961181,-0.029104814564113,-0.003937007874016));
#3319=CARTESIAN_POINT('',(-0.10034077059578,-0.027099653438543,-0.003937007874016));
#3320=CARTESIAN_POINT('',(-0.097508082656484,-0.024266965499246,-0.003937007874016));
#3321=QUASI_UNIFORM_CURVE('',4,(#3316,#3317,#3318,#3319,#3320),.UNSPECIFIED.,.F.,.U.);
#3322=EDGE_CURVE('',#3276,#3315,#3321,.T.);
#3323=ORIENTED_EDGE('',*,*,#3322,.T.);
#3324=CARTESIAN_POINT('',(-0.097508082656484,-0.024266965499246,0.0));
#3325=VERTEX_POINT('',#3324);
#3326=CARTESIAN_POINT('',(-0.097508082656484,-0.024266965499246,0.0));
#3327=DIRECTION('',(0.0,0.0,-1.0));
#3328=VECTOR('',#3327,0.003937007874016);
#3329=LINE('',#3326,#3328);
#3330=EDGE_CURVE('',#3325,#3315,#3329,.T.);
#3331=ORIENTED_EDGE('',*,*,#3330,.F.);
#3332=CARTESIAN_POINT('',(-0.120551521623347,-0.022866535506785,0.0));
#3333=CARTESIAN_POINT('',(-0.117145930505316,-0.026272126624816,0.0));
#3334=CARTESIAN_POINT('',(-0.108456898961181,-0.029104814564113,0.0));
#3335=CARTESIAN_POINT('',(-0.10034077059578,-0.027099653438543,0.0));
#3336=CARTESIAN_POINT('',(-0.097508082656484,-0.024266965499246,0.0));
#3337=QUASI_UNIFORM_CURVE('',4,(#3332,#3333,#3334,#3335,#3336),.UNSPECIFIED.,.F.,.U.);
#3338=EDGE_CURVE('',#3285,#3325,#3337,.T.);
#3339=ORIENTED_EDGE('',*,*,#3338,.F.);
#3340=ORIENTED_EDGE('',*,*,#3290,.T.);
#3341=EDGE_LOOP('',(#3323,#3331,#3339,#3340));
#3342=FACE_OUTER_BOUND('',#3341,.T.);
#3343=ADVANCED_FACE('',(#3342),#3313,.T.);
#3344=CARTESIAN_POINT('',(-0.094802706534684,-0.010039869894015,0.0));
#3345=CARTESIAN_POINT('',(-0.093243136770352,-0.014209331917025,0.0));
#3346=CARTESIAN_POINT('',(-0.094802706534684,-0.021561589377446,0.0));
#3347=CARTESIAN_POINT('',(-0.097508082656484,-0.024266965499246,0.0));
#3348=CARTESIAN_POINT('',(-0.094802706534684,-0.010039869894015,-0.004724409448819));
#3349=CARTESIAN_POINT('',(-0.093243136770352,-0.014209331917025,-0.004724409448819));
#3350=CARTESIAN_POINT('',(-0.094802706534684,-0.021561589377446,-0.004724409448819));
#3351=CARTESIAN_POINT('',(-0.097508082656484,-0.024266965499246,-0.004724409448819));
#3352=B_SPLINE_SURFACE_WITH_KNOTS('',3,1,((#3344,#3348),(#3345,#3349),(#3346,#3350),(#3347,#3351)),.UNSPECIFIED.,.F.,.F.,.F.,(4,4),(2,2),(-1.0,0.0),(0.0,0.012),.UNSPECIFIED.);
#3353=CARTESIAN_POINT('',(-0.094802706534684,-0.010039869894015,-0.003937007874016));
#3354=VERTEX_POINT('',#3353);
#3355=CARTESIAN_POINT('',(-0.097508082656484,-0.024266965499246,-0.003937007874016));
#3356=CARTESIAN_POINT('',(-0.094802706534684,-0.021561589377446,-0.003937007874016));
#3357=CARTESIAN_POINT('',(-0.093243136770352,-0.014209331917025,-0.003937007874016));
#3358=CARTESIAN_POINT('',(-0.094802706534684,-0.010039869894015,-0.003937007874016));
#3359=QUASI_UNIFORM_CURVE('',3,(#3355,#3356,#3357,#3358),.UNSPECIFIED.,.F.,.U.);
#3360=EDGE_CURVE('',#3315,#3354,#3359,.T.);
#3361=ORIENTED_EDGE('',*,*,#3360,.T.);
#3362=CARTESIAN_POINT('',(-0.094802706534684,-0.010039869894015,0.0));
#3363=VERTEX_POINT('',#3362);
#3364=CARTESIAN_POINT('',(-0.094802706534684,-0.010039869894015,0.0));
#3365=DIRECTION('',(0.0,0.0,-1.0));
#3366=VECTOR('',#3365,0.003937007874016);
#3367=LINE('',#3364,#3366);
#3368=EDGE_CURVE('',#3363,#3354,#3367,.T.);
#3369=ORIENTED_EDGE('',*,*,#3368,.F.);
#3370=CARTESIAN_POINT('',(-0.097508082656484,-0.024266965499246,0.0));
#3371=CARTESIAN_POINT('',(-0.094802706534684,-0.021561589377446,0.0));
#3372=CARTESIAN_POINT('',(-0.093243136770352,-0.014209331917025,0.0));
#3373=CARTESIAN_POINT('',(-0.094802706534684,-0.010039869894015,0.0));
#3374=QUASI_UNIFORM_CURVE('',3,(#3370,#3371,#3372,#3373),.UNSPECIFIED.,.F.,.U.);
#3375=EDGE_CURVE('',#3325,#3363,#3374,.T.);
#3376=ORIENTED_EDGE('',*,*,#3375,.F.);
#3377=ORIENTED_EDGE('',*,*,#3330,.T.);
#3378=EDGE_LOOP('',(#3361,#3369,#3376,#3377));
#3379=FACE_OUTER_BOUND('',#3378,.T.);
#3380=ADVANCED_FACE('',(#3379),#3352,.T.);
#3381=CARTESIAN_POINT('',(-0.076724428450184,-0.007557289452833,0.0));
#3382=CARTESIAN_POINT('',(-0.080766578655697,-0.011599439658347,0.0));
#3383=CARTESIAN_POINT('',(-0.09021948110481,-0.012904385787686,0.0));
#3384=CARTESIAN_POINT('',(-0.094802706534684,-0.010039869894015,0.0));
#3385=CARTESIAN_POINT('',(-0.076724428450184,-0.007557289452833,-0.004724409448819));
#3386=CARTESIAN_POINT('',(-0.080766578655697,-0.011599439658347,-0.004724409448819));
#3387=CARTESIAN_POINT('',(-0.09021948110481,-0.012904385787686,-0.004724409448819));
#3388=CARTESIAN_POINT('',(-0.094802706534684,-0.010039869894015,-0.004724409448819));
#3389=B_SPLINE_SURFACE_WITH_KNOTS('',3,1,((#3381,#3385),(#3382,#3386),(#3383,#3387),(#3384,#3388)),.UNSPECIFIED.,.F.,.F.,.F.,(4,4),(2,2),(-1.0,0.0),(0.0,0.012),.UNSPECIFIED.);
#3390=CARTESIAN_POINT('',(-0.076724428450184,-0.007557289452833,-0.003937007874016));
#3391=VERTEX_POINT('',#3390);
#3392=CARTESIAN_POINT('',(-0.094802706534684,-0.010039869894015,-0.003937007874016));
#3393=CARTESIAN_POINT('',(-0.09021948110481,-0.012904385787686,-0.003937007874016));
#3394=CARTESIAN_POINT('',(-0.080766578655697,-0.011599439658347,-0.003937007874016));
#3395=CARTESIAN_POINT('',(-0.076724428450184,-0.007557289452833,-0.003937007874016));
#3396=QUASI_UNIFORM_CURVE('',3,(#3392,#3393,#3394,#3395),.UNSPECIFIED.,.F.,.U.);
#3397=EDGE_CURVE('',#3354,#3391,#3396,.T.);
#3398=ORIENTED_EDGE('',*,*,#3397,.T.);
#3399=CARTESIAN_POINT('',(-0.076724428450184,-0.007557289452833,0.0));
#3400=VERTEX_POINT('',#3399);
#3401=CARTESIAN_POINT('',(-0.076724428450184,-0.007557289452833,0.0));
#3402=DIRECTION('',(0.0,0.0,-1.0));
#3403=VECTOR('',#3402,0.003937007874016);
#3404=LINE('',#3401,#3403);
#3405=EDGE_CURVE('',#3400,#3391,#3404,.T.);
#3406=ORIENTED_EDGE('',*,*,#3405,.F.);
#3407=CARTESIAN_POINT('',(-0.094802706534684,-0.010039869894015,0.0));
#3408=CARTESIAN_POINT('',(-0.09021948110481,-0.012904385787686,0.0));
#3409=CARTESIAN_POINT('',(-0.080766578655697,-0.011599439658347,0.0));
#3410=CARTESIAN_POINT('',(-0.076724428450184,-0.007557289452833,0.0));
#3411=QUASI_UNIFORM_CURVE('',3,(#3407,#3408,#3409,#3410),.UNSPECIFIED.,.F.,.U.);
#3412=EDGE_CURVE('',#3363,#3400,#3411,.T.);
#3413=ORIENTED_EDGE('',*,*,#3412,.F.);
#3414=ORIENTED_EDGE('',*,*,#3368,.T.);
#3415=EDGE_LOOP('',(#3398,#3406,#3413,#3414));
#3416=FACE_OUTER_BOUND('',#3415,.T.);
#3417=ADVANCED_FACE('',(#3416),#3389,.T.);
#3418=CARTESIAN_POINT('',(-0.077742922990155,0.019560127673917,0.0));
#3419=CARTESIAN_POINT('',(-0.071663783704699,0.01348098838846,0.0));
#3420=CARTESIAN_POINT('',(-0.071281848252209,-0.002114709254859,0.0));
#3421=CARTESIAN_POINT('',(-0.076724428450184,-0.007557289452833,0.0));
#3422=CARTESIAN_POINT('',(-0.077742922990155,0.019560127673917,-0.004724409448819));
#3423=CARTESIAN_POINT('',(-0.071663783704699,0.01348098838846,-0.004724409448819));
#3424=CARTESIAN_POINT('',(-0.071281848252209,-0.002114709254859,-0.004724409448819));
#3425=CARTESIAN_POINT('',(-0.076724428450184,-0.007557289452833,-0.004724409448819));
#3426=B_SPLINE_SURFACE_WITH_KNOTS('',3,1,((#3418,#3422),(#3419,#3423),(#3420,#3424),(#3421,#3425)),.UNSPECIFIED.,.F.,.F.,.F.,(4,4),(2,2),(-1.0,0.0),(0.0,0.012),.UNSPECIFIED.);
#3427=CARTESIAN_POINT('',(-0.077742922990155,0.019560127673917,-0.003937007874016));
#3428=VERTEX_POINT('',#3427);
#3429=CARTESIAN_POINT('',(-0.076724428450184,-0.007557289452833,-0.003937007874016));
#3430=CARTESIAN_POINT('',(-0.071281848252209,-0.002114709254859,-0.003937007874016));
#3431=CARTESIAN_POINT('',(-0.071663783704699,0.01348098838846,-0.003937007874016));
#3432=CARTESIAN_POINT('',(-0.077742922990155,0.019560127673917,-0.003937007874016));
#3433=QUASI_UNIFORM_CURVE('',3,(#3429,#3430,#3431,#3432),.UNSPECIFIED.,.F.,.U.);
#3434=EDGE_CURVE('',#3391,#3428,#3433,.T.);
#3435=ORIENTED_EDGE('',*,*,#3434,.T.);
#3436=CARTESIAN_POINT('',(-0.077742922990155,0.019560127673917,0.0));
#3437=VERTEX_POINT('',#3436);
#3438=CARTESIAN_POINT('',(-0.077742922990155,0.019560127673917,0.0));
#3439=DIRECTION('',(0.0,0.0,-1.0));
#3440=VECTOR('',#3439,0.003937007874016);
#3441=LINE('',#3438,#3440);
#3442=EDGE_CURVE('',#3437,#3428,#3441,.T.);
#3443=ORIENTED_EDGE('',*,*,#3442,.F.);
#3444=CARTESIAN_POINT('',(-0.076724428450184,-0.007557289452833,0.0));
#3445=CARTESIAN_POINT('',(-0.071281848252209,-0.002114709254859,0.0));
#3446=CARTESIAN_POINT('',(-0.071663783704699,0.01348098838846,0.0));
#3447=CARTESIAN_POINT('',(-0.077742922990155,0.019560127673917,0.0));
#3448=QUASI_UNIFORM_CURVE('',3,(#3444,#3445,#3446,#3447),.UNSPECIFIED.,.F.,.U.);
#3449=EDGE_CURVE('',#3400,#3437,#3448,.T.);
#3450=ORIENTED_EDGE('',*,*,#3449,.F.);
#3451=ORIENTED_EDGE('',*,*,#3405,.T.);
#3452=EDGE_LOOP('',(#3435,#3443,#3450,#3451));
#3453=FACE_OUTER_BOUND('',#3452,.T.);
#3454=ADVANCED_FACE('',(#3453),#3426,.T.);
#3455=CARTESIAN_POINT('',(-0.102791523082588,0.0210560415295,0.0));
#3456=CARTESIAN_POINT('',(-0.097062491295246,0.02576657877687,0.0));
#3457=CARTESIAN_POINT('',(-0.083249159096878,0.025066363780639,0.0));
#3458=CARTESIAN_POINT('',(-0.077742922990155,0.019560127673917,0.0));
#3459=CARTESIAN_POINT('',(-0.102791523082588,0.0210560415295,-0.004724409448819));
#3460=CARTESIAN_POINT('',(-0.097062491295246,0.02576657877687,-0.004724409448819));
#3461=CARTESIAN_POINT('',(-0.083249159096878,0.025066363780639,-0.004724409448819));
#3462=CARTESIAN_POINT('',(-0.077742922990155,0.019560127673917,-0.004724409448819));
#3463=B_SPLINE_SURFACE_WITH_KNOTS('',3,1,((#3455,#3459),(#3456,#3460),(#3457,#3461),(#3458,#3462)),.UNSPECIFIED.,.F.,.F.,.F.,(4,4),(2,2),(-1.0,0.0),(0.0,0.012),.UNSPECIFIED.);
#3464=CARTESIAN_POINT('',(-0.102791523082588,0.0210560415295,-0.003937007874016));
#3465=VERTEX_POINT('',#3464);
#3466=CARTESIAN_POINT('',(-0.077742922990155,0.019560127673917,-0.003937007874016));
#3467=CARTESIAN_POINT('',(-0.083249159096878,0.025066363780639,-0.003937007874016));
#3468=CARTESIAN_POINT('',(-0.097062491295246,0.02576657877687,-0.003937007874016));
#3469=CARTESIAN_POINT('',(-0.102791523082588,0.0210560415295,-0.003937007874016));
#3470=QUASI_UNIFORM_CURVE('',3,(#3466,#3467,#3468,#3469),.UNSPECIFIED.,.F.,.U.);
#3471=EDGE_CURVE('',#3428,#3465,#3470,.T.);
#3472=ORIENTED_EDGE('',*,*,#3471,.T.);
#3473=CARTESIAN_POINT('',(-0.102791523082588,0.0210560415295,0.0));
#3474=VERTEX_POINT('',#3473);
#3475=CARTESIAN_POINT('',(-0.102791523082588,0.0210560415295,0.0));
#3476=DIRECTION('',(0.0,0.0,-1.0));
#3477=VECTOR('',#3476,0.003937007874016);
#3478=LINE('',#3475,#3477);
#3479=EDGE_CURVE('',#3474,#3465,#3478,.T.);
#3480=ORIENTED_EDGE('',*,*,#3479,.F.);
#3481=CARTESIAN_POINT('',(-0.077742922990155,0.019560127673917,0.0));
#3482=CARTESIAN_POINT('',(-0.083249159096878,0.025066363780639,0.0));
#3483=CARTESIAN_POINT('',(-0.097062491295246,0.02576657877687,0.0));
#3484=CARTESIAN_POINT('',(-0.102791523082588,0.0210560415295,0.0));
#3485=QUASI_UNIFORM_CURVE('',3,(#3481,#3482,#3483,#3484),.UNSPECIFIED.,.F.,.U.);
#3486=EDGE_CURVE('',#3437,#3474,#3485,.T.);
#3487=ORIENTED_EDGE('',*,*,#3486,.F.);
#3488=ORIENTED_EDGE('',*,*,#3442,.T.);
#3489=EDGE_LOOP('',(#3472,#3480,#3487,#3488));
#3490=FACE_OUTER_BOUND('',#3489,.T.);
#3491=ADVANCED_FACE('',(#3490),#3463,.T.);
#3492=CARTESIAN_POINT('',(-0.102791523082588,0.0210560415295,0.0));
#3493=DIRECTION('',(-0.792623989104599,-0.609710760849693,0.0));
#3494=DIRECTION('',(0.0,0.0,1.0));
#3495=AXIS2_PLACEMENT_3D('',#3492,#3493,#3494);
#3496=PLANE('',#3495);
#3497=CARTESIAN_POINT('',(-0.102791523082588,0.0210560415295,-0.003937007874016));
#3498=DIRECTION('',(0.609710760849694,-0.792623989104599,0.0));
#3499=VECTOR('',#3498,0.007308241708195);
#3500=LINE('',#3497,#3499);
#3501=EDGE_CURVE('',#3465,#2917,#3500,.T.);
#3502=ORIENTED_EDGE('',*,*,#3501,.T.);
#3503=ORIENTED_EDGE('',*,*,#2948,.F.);
#3504=CARTESIAN_POINT('',(-0.102791523082588,0.0210560415295,0.0));
#3505=DIRECTION('',(0.609710760849694,-0.792623989104599,0.0));
#3506=VECTOR('',#3505,0.007308241708195);
#3507=LINE('',#3504,#3506);
#3508=EDGE_CURVE('',#3474,#2936,#3507,.T.);
#3509=ORIENTED_EDGE('',*,*,#3508,.F.);
#3510=ORIENTED_EDGE('',*,*,#3479,.T.);
#3511=EDGE_LOOP('',(#3502,#3503,#3509,#3510));
#3512=FACE_OUTER_BOUND('',#3511,.T.);
#3513=ADVANCED_FACE('',(#3512),#3496,.T.);
#3514=CARTESIAN_POINT('',(-0.097634615945179,-0.003003091914464,-0.003937007874016));
#3515=DIRECTION('',(0.0,0.0,1.0));
#3516=DIRECTION('',(1.0,0.0,0.0));
#3517=AXIS2_PLACEMENT_3D('',#3514,#3515,#3516);
#3518=PLANE('',#3517);
#3519=ORIENTED_EDGE('',*,*,#2925,.F.);
#3520=ORIENTED_EDGE('',*,*,#3501,.F.);
#3521=ORIENTED_EDGE('',*,*,#3471,.F.);
#3522=ORIENTED_EDGE('',*,*,#3434,.F.);
#3523=ORIENTED_EDGE('',*,*,#3397,.F.);
#3524=ORIENTED_EDGE('',*,*,#3360,.F.);
#3525=ORIENTED_EDGE('',*,*,#3322,.F.);
#3526=ORIENTED_EDGE('',*,*,#3282,.F.);
#3527=ORIENTED_EDGE('',*,*,#3246,.F.);
#3528=ORIENTED_EDGE('',*,*,#3214,.F.);
#3529=ORIENTED_EDGE('',*,*,#3177,.F.);
#3530=ORIENTED_EDGE('',*,*,#3140,.F.);
#3531=ORIENTED_EDGE('',*,*,#3104,.F.);
#3532=ORIENTED_EDGE('',*,*,#3071,.F.);
#3533=ORIENTED_EDGE('',*,*,#3040,.F.);
#3534=ORIENTED_EDGE('',*,*,#3006,.F.);
#3535=ORIENTED_EDGE('',*,*,#2969,.F.);
#3536=EDGE_LOOP('',(#3519,#3520,#3521,#3522,#3523,#3524,#3525,#3526,#3527,#3528,#3529,#3530,#3531,#3532,#3533,#3534,#3535));
#3537=FACE_OUTER_BOUND('',#3536,.T.);
#3538=ADVANCED_FACE('',(#3537),#3518,.F.);
#3539=CARTESIAN_POINT('',(0.122855925654925,0.218440266782795,0.0));
#3540=DIRECTION('',(-0.707106781186549,0.707106781186546,0.0));
#3541=DIRECTION('',(0.0,0.0,1.0));
#3542=AXIS2_PLACEMENT_3D('',#3539,#3540,#3541);
#3543=PLANE('',#3542);
#3544=CARTESIAN_POINT('',(0.122855925654925,0.218440266782795,-0.003937007874016));
#3545=VERTEX_POINT('',#3544);
#3546=CARTESIAN_POINT('',(0.090200444467078,0.185784785594948,-0.003937007874016));
#3547=VERTEX_POINT('',#3546);
#3548=CARTESIAN_POINT('',(0.122855925654925,0.218440266782795,-0.003937007874016));
#3549=DIRECTION('',(-0.707106781186546,-0.707106781186549,0.0));
#3550=VECTOR('',#3549,0.046181824381673);
#3551=LINE('',#3548,#3550);
#3552=EDGE_CURVE('',#3545,#3547,#3551,.T.);
#3553=ORIENTED_EDGE('',*,*,#3552,.T.);
#3554=CARTESIAN_POINT('',(0.090200444467078,0.185784785594948,0.0));
#3555=VERTEX_POINT('',#3554);
#3556=CARTESIAN_POINT('',(0.090200444467078,0.185784785594948,0.0));
#3557=DIRECTION('',(0.0,0.0,-1.0));
#3558=VECTOR('',#3557,0.003937007874016);
#3559=LINE('',#3556,#3558);
#3560=EDGE_CURVE('',#3555,#3547,#3559,.T.);
#3561=ORIENTED_EDGE('',*,*,#3560,.F.);
#3562=CARTESIAN_POINT('',(0.122855925654925,0.218440266782795,0.0));
#3563=VERTEX_POINT('',#3562);
#3564=CARTESIAN_POINT('',(0.122855925654925,0.218440266782795,0.0));
#3565=DIRECTION('',(-0.707106781186546,-0.707106781186549,0.0));
#3566=VECTOR('',#3565,0.046181824381673);
#3567=LINE('',#3564,#3566);
#3568=EDGE_CURVE('',#3563,#3555,#3567,.T.);
#3569=ORIENTED_EDGE('',*,*,#3568,.F.);
#3570=CARTESIAN_POINT('',(0.122855925654925,0.218440266782795,0.0));
#3571=DIRECTION('',(0.0,0.0,-1.0));
#3572=VECTOR('',#3571,0.003937007874016);
#3573=LINE('',#3570,#3572);
#3574=EDGE_CURVE('',#3563,#3545,#3573,.T.);
#3575=ORIENTED_EDGE('',*,*,#3574,.T.);
#3576=EDGE_LOOP('',(#3553,#3561,#3569,#3575));
#3577=FACE_OUTER_BOUND('',#3576,.T.);
#3578=ADVANCED_FACE('',(#3577),#3543,.T.);
#3579=CARTESIAN_POINT('',(0.086126466307191,0.202208010051994,0.0));
#3580=CARTESIAN_POINT('',(0.087622380162774,0.198929730751459,0.0));
#3581=CARTESIAN_POINT('',(0.090104960603956,0.189381344439223,0.0));
#3582=CARTESIAN_POINT('',(0.090200444467078,0.185784785594948,0.0));
#3583=CARTESIAN_POINT('',(0.086126466307191,0.202208010051994,-0.004724409448819));
#3584=CARTESIAN_POINT('',(0.087622380162774,0.198929730751459,-0.004724409448819));
#3585=CARTESIAN_POINT('',(0.090104960603956,0.189381344439223,-0.004724409448819));
#3586=CARTESIAN_POINT('',(0.090200444467078,0.185784785594948,-0.004724409448819));
#3587=B_SPLINE_SURFACE_WITH_KNOTS('',3,1,((#3579,#3583),(#3580,#3584),(#3581,#3585),(#3582,#3586)),.UNSPECIFIED.,.F.,.F.,.F.,(4,4),(2,2),(-1.0,0.0),(0.0,0.012),.UNSPECIFIED.);
#3588=CARTESIAN_POINT('',(0.086126466307191,0.202208010051994,-0.003937007874016));
#3589=VERTEX_POINT('',#3588);
#3590=CARTESIAN_POINT('',(0.090200444467078,0.185784785594948,-0.003937007874016));
#3591=CARTESIAN_POINT('',(0.090104960603956,0.189381344439223,-0.003937007874016));
#3592=CARTESIAN_POINT('',(0.087622380162774,0.198929730751459,-0.003937007874016));
#3593=CARTESIAN_POINT('',(0.086126466307191,0.202208010051994,-0.003937007874016));
#3594=QUASI_UNIFORM_CURVE('',3,(#3590,#3591,#3592,#3593),.UNSPECIFIED.,.F.,.U.);
#3595=EDGE_CURVE('',#3547,#3589,#3594,.T.);
#3596=ORIENTED_EDGE('',*,*,#3595,.T.);
#3597=CARTESIAN_POINT('',(0.086126466307191,0.202208010051994,0.0));
#3598=VERTEX_POINT('',#3597);
#3599=CARTESIAN_POINT('',(0.086126466307191,0.202208010051994,0.0));
#3600=DIRECTION('',(0.0,0.0,-1.0));
#3601=VECTOR('',#3600,0.003937007874016);
#3602=LINE('',#3599,#3601);
#3603=EDGE_CURVE('',#3598,#3589,#3602,.T.);
#3604=ORIENTED_EDGE('',*,*,#3603,.F.);
#3605=CARTESIAN_POINT('',(0.090200444467078,0.185784785594948,0.0));
#3606=CARTESIAN_POINT('',(0.090104960603956,0.189381344439223,0.0));
#3607=CARTESIAN_POINT('',(0.087622380162774,0.198929730751459,0.0));
#3608=CARTESIAN_POINT('',(0.086126466307191,0.202208010051994,0.0));
#3609=QUASI_UNIFORM_CURVE('',3,(#3605,#3606,#3607,#3608),.UNSPECIFIED.,.F.,.U.);
#3610=EDGE_CURVE('',#3555,#3598,#3609,.T.);
#3611=ORIENTED_EDGE('',*,*,#3610,.F.);
#3612=ORIENTED_EDGE('',*,*,#3560,.T.);
#3613=EDGE_LOOP('',(#3596,#3604,#3611,#3612));
#3614=FACE_OUTER_BOUND('',#3613,.T.);
#3615=ADVANCED_FACE('',(#3614),#3587,.T.);
#3616=CARTESIAN_POINT('',(0.086126466307191,0.202208010051994,0.0));
#3617=DIRECTION('',(-0.707106781186551,0.707106781186544,0.0));
#3618=DIRECTION('',(0.0,0.0,1.0));
#3619=AXIS2_PLACEMENT_3D('',#3616,#3617,#3618);
#3620=PLANE('',#3619);
#3621=CARTESIAN_POINT('',(0.081161305424828,0.197242849169631,-0.003937007874016));
#3622=VERTEX_POINT('',#3621);
#3623=CARTESIAN_POINT('',(0.086126466307191,0.202208010051994,-0.003937007874016));
#3624=DIRECTION('',(-0.707106781186547,-0.707106781186548,0.0));
#3625=VECTOR('',#3624,0.007021797859202);
#3626=LINE('',#3623,#3625);
#3627=EDGE_CURVE('',#3589,#3622,#3626,.T.);
#3628=ORIENTED_EDGE('',*,*,#3627,.T.);
#3629=CARTESIAN_POINT('',(0.081161305424828,0.197242849169631,0.0));
#3630=VERTEX_POINT('',#3629);
#3631=CARTESIAN_POINT('',(0.081161305424828,0.197242849169631,0.0));
#3632=DIRECTION('',(0.0,0.0,-1.0));
#3633=VECTOR('',#3632,0.003937007874016);
#3634=LINE('',#3631,#3633);
#3635=EDGE_CURVE('',#3630,#3622,#3634,.T.);
#3636=ORIENTED_EDGE('',*,*,#3635,.F.);
#3637=CARTESIAN_POINT('',(0.086126466307191,0.202208010051994,0.0));
#3638=DIRECTION('',(-0.707106781186547,-0.707106781186548,0.0));
#3639=VECTOR('',#3638,0.007021797859202);
#3640=LINE('',#3637,#3639);
#3641=EDGE_CURVE('',#3598,#3630,#3640,.T.);
#3642=ORIENTED_EDGE('',*,*,#3641,.F.);
#3643=ORIENTED_EDGE('',*,*,#3603,.T.);
#3644=EDGE_LOOP('',(#3628,#3636,#3642,#3643));
#3645=FACE_OUTER_BOUND('',#3644,.T.);
#3646=ADVANCED_FACE('',(#3645),#3620,.T.);
#3647=CARTESIAN_POINT('',(0.082752703143534,0.174708657472754,0.0));
#3648=CARTESIAN_POINT('',(0.084121305181621,0.178750807678267,0.0));
#3649=CARTESIAN_POINT('',(0.083452918139765,0.190940914203555,0.0));
#3650=CARTESIAN_POINT('',(0.081161305424828,0.197242849169631,0.0));
#3651=CARTESIAN_POINT('',(0.082752703143534,0.174708657472754,-0.004724409448819));
#3652=CARTESIAN_POINT('',(0.084121305181621,0.178750807678267,-0.004724409448819));
#3653=CARTESIAN_POINT('',(0.083452918139765,0.190940914203555,-0.004724409448819));
#3654=CARTESIAN_POINT('',(0.081161305424828,0.197242849169631,-0.004724409448819));
#3655=B_SPLINE_SURFACE_WITH_KNOTS('',3,1,((#3647,#3651),(#3648,#3652),(#3649,#3653),(#3650,#3654)),.UNSPECIFIED.,.F.,.F.,.F.,(4,4),(2,2),(-1.0,0.0),(0.0,0.012),.UNSPECIFIED.);
#3656=CARTESIAN_POINT('',(0.082752703143534,0.174708657472754,-0.003937007874016));
#3657=VERTEX_POINT('',#3656);
#3658=CARTESIAN_POINT('',(0.081161305424828,0.197242849169631,-0.003937007874016));
#3659=CARTESIAN_POINT('',(0.083452918139765,0.190940914203555,-0.003937007874016));
#3660=CARTESIAN_POINT('',(0.084121305181621,0.178750807678267,-0.003937007874016));
#3661=CARTESIAN_POINT('',(0.082752703143534,0.174708657472754,-0.003937007874016));
#3662=QUASI_UNIFORM_CURVE('',3,(#3658,#3659,#3660,#3661),.UNSPECIFIED.,.F.,.U.);
#3663=EDGE_CURVE('',#3622,#3657,#3662,.T.);
#3664=ORIENTED_EDGE('',*,*,#3663,.T.);
#3665=CARTESIAN_POINT('',(0.082752703143534,0.174708657472754,0.0));
#3666=VERTEX_POINT('',#3665);
#3667=CARTESIAN_POINT('',(0.082752703143534,0.174708657472754,0.0));
#3668=DIRECTION('',(0.0,0.0,-1.0));
#3669=VECTOR('',#3668,0.003937007874016);
#3670=LINE('',#3667,#3669);
#3671=EDGE_CURVE('',#3666,#3657,#3670,.T.);
#3672=ORIENTED_EDGE('',*,*,#3671,.F.);
#3673=CARTESIAN_POINT('',(0.081161305424828,0.197242849169631,0.0));
#3674=CARTESIAN_POINT('',(0.083452918139765,0.190940914203555,0.0));
#3675=CARTESIAN_POINT('',(0.084121305181621,0.178750807678267,0.0));
#3676=CARTESIAN_POINT('',(0.082752703143534,0.174708657472754,0.0));
#3677=QUASI_UNIFORM_CURVE('',3,(#3673,#3674,#3675,#3676),.UNSPECIFIED.,.F.,.U.);
#3678=EDGE_CURVE('',#3630,#3666,#3677,.T.);
#3679=ORIENTED_EDGE('',*,*,#3678,.F.);
#3680=ORIENTED_EDGE('',*,*,#3635,.T.);
#3681=EDGE_LOOP('',(#3664,#3672,#3679,#3680));
#3682=FACE_OUTER_BOUND('',#3681,.T.);
#3683=ADVANCED_FACE('',(#3682),#3655,.T.);
#3684=CARTESIAN_POINT('',(0.082752703143534,0.174708657472754,0.0));
#3685=DIRECTION('',(-0.707106781186545,-0.70710678118655,0.0));
#3686=DIRECTION('',(0.0,0.0,1.0));
#3687=AXIS2_PLACEMENT_3D('',#3684,#3685,#3686);
#3688=PLANE('',#3687);
#3689=CARTESIAN_POINT('',(0.086062810398442,0.171398550217846,-0.003937007874016));
#3690=VERTEX_POINT('',#3689);
#3691=CARTESIAN_POINT('',(0.082752703143534,0.174708657472754,-0.003937007874016));
#3692=DIRECTION('',(0.707106781186555,-0.70710678118654,0.0));
#3693=VECTOR('',#3692,0.004681198572801);
#3694=LINE('',#3691,#3693);
#3695=EDGE_CURVE('',#3657,#3690,#3694,.T.);
#3696=ORIENTED_EDGE('',*,*,#3695,.T.);
#3697=CARTESIAN_POINT('',(0.086062810398442,0.171398550217846,0.0));
#3698=VERTEX_POINT('',#3697);
#3699=CARTESIAN_POINT('',(0.086062810398442,0.171398550217846,0.0));
#3700=DIRECTION('',(0.0,0.0,-1.0));
#3701=VECTOR('',#3700,0.003937007874016);
#3702=LINE('',#3699,#3701);
#3703=EDGE_CURVE('',#3698,#3690,#3702,.T.);
#3704=ORIENTED_EDGE('',*,*,#3703,.F.);
#3705=CARTESIAN_POINT('',(0.082752703143534,0.174708657472754,0.0));
#3706=DIRECTION('',(0.707106781186555,-0.70710678118654,0.0));
#3707=VECTOR('',#3706,0.004681198572801);
#3708=LINE('',#3705,#3707);
#3709=EDGE_CURVE('',#3666,#3698,#3708,.T.);
#3710=ORIENTED_EDGE('',*,*,#3709,.F.);
#3711=ORIENTED_EDGE('',*,*,#3671,.T.);
#3712=EDGE_LOOP('',(#3696,#3704,#3710,#3711));
#3713=FACE_OUTER_BOUND('',#3712,.T.);
#3714=ADVANCED_FACE('',(#3713),#3688,.T.);
#3715=CARTESIAN_POINT('',(0.086062810398442,0.171398550217846,0.0));
#3716=DIRECTION('',(0.707106781186548,-0.707106781186547,0.0));
#3717=DIRECTION('',(0.0,0.0,-1.0));
#3718=AXIS2_PLACEMENT_3D('',#3715,#3716,#3717);
#3719=PLANE('',#3718);
#3720=CARTESIAN_POINT('',(0.127980226309158,0.213315966128562,-0.003937007874016));
#3721=VERTEX_POINT('',#3720);
#3722=CARTESIAN_POINT('',(0.086062810398442,0.171398550217846,-0.003937007874016));
#3723=DIRECTION('',(0.707106781186547,0.707106781186548,0.0));
#3724=VECTOR('',#3723,0.059280178080568);
#3725=LINE('',#3722,#3724);
#3726=EDGE_CURVE('',#3690,#3721,#3725,.T.);
#3727=ORIENTED_EDGE('',*,*,#3726,.T.);
#3728=CARTESIAN_POINT('',(0.127980226309158,0.213315966128562,0.0));
#3729=VERTEX_POINT('',#3728);
#3730=CARTESIAN_POINT('',(0.127980226309158,0.213315966128562,0.0));
#3731=DIRECTION('',(0.0,0.0,-1.0));
#3732=VECTOR('',#3731,0.003937007874016);
#3733=LINE('',#3730,#3732);
#3734=EDGE_CURVE('',#3729,#3721,#3733,.T.);
#3735=ORIENTED_EDGE('',*,*,#3734,.F.);
#3736=CARTESIAN_POINT('',(0.086062810398442,0.171398550217846,0.0));
#3737=DIRECTION('',(0.707106781186547,0.707106781186548,0.0));
#3738=VECTOR('',#3737,0.059280178080568);
#3739=LINE('',#3736,#3738);
#3740=EDGE_CURVE('',#3698,#3729,#3739,.T.);
#3741=ORIENTED_EDGE('',*,*,#3740,.F.);
#3742=ORIENTED_EDGE('',*,*,#3703,.T.);
#3743=EDGE_LOOP('',(#3727,#3735,#3741,#3742));
#3744=FACE_OUTER_BOUND('',#3743,.T.);
#3745=ADVANCED_FACE('',(#3744),#3719,.T.);
#3746=CARTESIAN_POINT('',(0.127980226309158,0.213315966128562,0.0));
#3747=DIRECTION('',(0.707106781186545,0.70710678118655,0.0));
#3748=DIRECTION('',(0.0,0.0,-1.0));
#3749=AXIS2_PLACEMENT_3D('',#3746,#3747,#3748);
#3750=PLANE('',#3749);
#3751=CARTESIAN_POINT('',(0.127980226309158,0.213315966128562,-0.003937007874016));
#3752=DIRECTION('',(-0.70710678118655,0.707106781186545,0.0));
#3753=VECTOR('',#3752,0.007246855482894);
#3754=LINE('',#3751,#3753);
#3755=EDGE_CURVE('',#3721,#3545,#3754,.T.);
#3756=ORIENTED_EDGE('',*,*,#3755,.T.);
#3757=ORIENTED_EDGE('',*,*,#3574,.F.);
#3758=CARTESIAN_POINT('',(0.127980226309158,0.213315966128562,0.0));
#3759=DIRECTION('',(-0.70710678118655,0.707106781186545,0.0));
#3760=VECTOR('',#3759,0.007246855482894);
#3761=LINE('',#3758,#3760);
#3762=EDGE_CURVE('',#3729,#3563,#3761,.T.);
#3763=ORIENTED_EDGE('',*,*,#3762,.F.);
#3764=ORIENTED_EDGE('',*,*,#3734,.T.);
#3765=EDGE_LOOP('',(#3756,#3757,#3763,#3764));
#3766=FACE_OUTER_BOUND('',#3765,.T.);
#3767=ADVANCED_FACE('',(#3766),#3750,.T.);
#3768=CARTESIAN_POINT('',(0.100763729138652,0.195122560145854,-0.003937007874016));
#3769=DIRECTION('',(0.0,0.0,1.0));
#3770=DIRECTION('',(1.0,0.0,0.0));
#3771=AXIS2_PLACEMENT_3D('',#3768,#3769,#3770);
#3772=PLANE('',#3771);
#3773=ORIENTED_EDGE('',*,*,#3552,.F.);
#3774=ORIENTED_EDGE('',*,*,#3755,.F.);
#3775=ORIENTED_EDGE('',*,*,#3726,.F.);
#3776=ORIENTED_EDGE('',*,*,#3695,.F.);
#3777=ORIENTED_EDGE('',*,*,#3663,.F.);
#3778=ORIENTED_EDGE('',*,*,#3627,.F.);
#3779=ORIENTED_EDGE('',*,*,#3595,.F.);
#3780=EDGE_LOOP('',(#3773,#3774,#3775,#3776,#3777,#3778,#3779));
#3781=FACE_OUTER_BOUND('',#3780,.T.);
#3782=ADVANCED_FACE('',(#3781),#3772,.F.);
#3783=CARTESIAN_POINT('',(1.311287E-016,2.284819E-017,0.0));
#3784=DIRECTION('',(0.0,0.0,1.0));
#3785=DIRECTION('',(1.0,0.0,0.0));
#3786=AXIS2_PLACEMENT_3D('',#3783,#3784,#3785);
#3787=PLANE('',#3786);
#3788=CARTESIAN_POINT('',(-0.24507874015748,-0.202755905511811,0.0));
#3789=VERTEX_POINT('',#3788);
#3790=CARTESIAN_POINT('',(-0.225393700787402,-0.214121068291134,0.0));
#3791=VERTEX_POINT('',#3790);
#3792=CARTESIAN_POINT('',(-0.24507874015748,-0.202755905511811,0.0));
#3793=DIRECTION('',(0.866025403784439,-0.499999999999999,0.0));
#3794=VECTOR('',#3793,0.022730325558647);
#3795=LINE('',#3792,#3794);
#3796=EDGE_CURVE('',#3789,#3791,#3795,.T.);
#3797=ORIENTED_EDGE('',*,*,#3796,.T.);
#3798=CARTESIAN_POINT('',(-0.225393700787402,-0.102808065567133,0.0));
#3799=VERTEX_POINT('',#3798);
#3800=CARTESIAN_POINT('',(-0.225393700787402,-0.214121068291134,0.0));
#3801=DIRECTION('',(0.0,1.0,0.0));
#3802=VECTOR('',#3801,0.111313002724001);
#3803=LINE('',#3800,#3802);
#3804=EDGE_CURVE('',#3791,#3799,#3803,.T.);
#3805=ORIENTED_EDGE('',*,*,#3804,.T.);
#3806=CARTESIAN_POINT('',(-0.24507874015748,-0.114173228346457,0.0));
#3807=VERTEX_POINT('',#3806);
#3808=CARTESIAN_POINT('',(-0.225393700787402,-0.102808065567133,0.0));
#3809=DIRECTION('',(-0.866025403784439,-0.499999999999999,0.0));
#3810=VECTOR('',#3809,0.022730325558647);
#3811=LINE('',#3808,#3810);
#3812=EDGE_CURVE('',#3799,#3807,#3811,.T.);
#3813=ORIENTED_EDGE('',*,*,#3812,.T.);
#3814=CARTESIAN_POINT('',(-0.24507874015748,0.114173228346457,0.0));
#3815=VERTEX_POINT('',#3814);
#3816=CARTESIAN_POINT('',(-0.24507874015748,0.114173228346457,0.0));
#3817=DIRECTION('',(0.0,-1.0,0.0));
#3818=VECTOR('',#3817,0.228346456692913);
#3819=LINE('',#3816,#3818);
#3820=EDGE_CURVE('',#3815,#3807,#3819,.T.);
#3821=ORIENTED_EDGE('',*,*,#3820,.F.);
#3822=CARTESIAN_POINT('',(-0.225393700787402,0.102808065567133,0.0));
#3823=VERTEX_POINT('',#3822);
#3824=CARTESIAN_POINT('',(-0.24507874015748,0.114173228346457,0.0));
#3825=DIRECTION('',(0.866025403784438,-0.5,0.0));
#3826=VECTOR('',#3825,0.022730325558647);
#3827=LINE('',#3824,#3826);
#3828=EDGE_CURVE('',#3815,#3823,#3827,.T.);
#3829=ORIENTED_EDGE('',*,*,#3828,.T.);
#3830=CARTESIAN_POINT('',(-0.225393700787402,0.214121068291134,0.0));
#3831=VERTEX_POINT('',#3830);
#3832=CARTESIAN_POINT('',(-0.225393700787402,0.102808065567133,0.0));
#3833=DIRECTION('',(0.0,1.0,0.0));
#3834=VECTOR('',#3833,0.111313002724001);
#3835=LINE('',#3832,#3834);
#3836=EDGE_CURVE('',#3823,#3831,#3835,.T.);
#3837=ORIENTED_EDGE('',*,*,#3836,.T.);
#3838=CARTESIAN_POINT('',(-0.24507874015748,0.202755905511811,0.0));
#3839=VERTEX_POINT('',#3838);
#3840=CARTESIAN_POINT('',(-0.225393700787402,0.214121068291134,0.0));
#3841=DIRECTION('',(-0.866025403784439,-0.499999999999999,0.0));
#3842=VECTOR('',#3841,0.022730325558647);
#3843=LINE('',#3840,#3842);
#3844=EDGE_CURVE('',#3831,#3839,#3843,.T.);
#3845=ORIENTED_EDGE('',*,*,#3844,.T.);
#3846=CARTESIAN_POINT('',(-0.24507874015748,0.24507874015748,0.0));
#3847=VERTEX_POINT('',#3846);
#3848=CARTESIAN_POINT('',(-0.24507874015748,0.24507874015748,0.0));
#3849=DIRECTION('',(0.0,-1.0,0.0));
#3850=VECTOR('',#3849,0.04232283464567);
#3851=LINE('',#3848,#3850);
#3852=EDGE_CURVE('',#3847,#3839,#3851,.T.);
#3853=ORIENTED_EDGE('',*,*,#3852,.F.);
#3854=CARTESIAN_POINT('',(-0.202755905511811,0.24507874015748,0.0));
#3855=VERTEX_POINT('',#3854);
#3856=CARTESIAN_POINT('',(-0.202755905511811,0.24507874015748,0.0));
#3857=DIRECTION('',(-1.0,0.0,0.0));
#3858=VECTOR('',#3857,0.042322834645669);
#3859=LINE('',#3856,#3858);
#3860=EDGE_CURVE('',#3855,#3847,#3859,.T.);
#3861=ORIENTED_EDGE('',*,*,#3860,.F.);
#3862=CARTESIAN_POINT('',(-0.214121068291134,0.225393700787402,0.0));
#3863=VERTEX_POINT('',#3862);
#3864=CARTESIAN_POINT('',(-0.202755905511811,0.24507874015748,0.0));
#3865=DIRECTION('',(-0.500000000000001,-0.866025403784438,0.0));
#3866=VECTOR('',#3865,0.022730325558647);
#3867=LINE('',#3864,#3866);
#3868=EDGE_CURVE('',#3855,#3863,#3867,.T.);
#3869=ORIENTED_EDGE('',*,*,#3868,.T.);
#3870=CARTESIAN_POINT('',(-0.102808065567133,0.225393700787402,0.0));
#3871=VERTEX_POINT('',#3870);
#3872=CARTESIAN_POINT('',(-0.214121068291134,0.225393700787402,0.0));
#3873=DIRECTION('',(1.0,0.0,0.0));
#3874=VECTOR('',#3873,0.111313002724001);
#3875=LINE('',#3872,#3874);
#3876=EDGE_CURVE('',#3863,#3871,#3875,.T.);
#3877=ORIENTED_EDGE('',*,*,#3876,.T.);
#3878=CARTESIAN_POINT('',(-0.114173228346457,0.24507874015748,0.0));
#3879=VERTEX_POINT('',#3878);
#3880=CARTESIAN_POINT('',(-0.102808065567133,0.225393700787402,0.0));
#3881=DIRECTION('',(-0.500000000000001,0.866025403784438,0.0));
#3882=VECTOR('',#3881,0.022730325558647);
#3883=LINE('',#3880,#3882);
#3884=EDGE_CURVE('',#3871,#3879,#3883,.T.);
#3885=ORIENTED_EDGE('',*,*,#3884,.T.);
#3886=CARTESIAN_POINT('',(0.114173228346457,0.24507874015748,0.0));
#3887=VERTEX_POINT('',#3886);
#3888=CARTESIAN_POINT('',(0.114173228346457,0.24507874015748,0.0));
#3889=DIRECTION('',(-1.0,0.0,0.0));
#3890=VECTOR('',#3889,0.228346456692913);
#3891=LINE('',#3888,#3890);
#3892=EDGE_CURVE('',#3887,#3879,#3891,.T.);
#3893=ORIENTED_EDGE('',*,*,#3892,.F.);
#3894=CARTESIAN_POINT('',(0.102808065567133,0.225393700787402,0.0));
#3895=VERTEX_POINT('',#3894);
#3896=CARTESIAN_POINT('',(0.114173228346457,0.24507874015748,0.0));
#3897=DIRECTION('',(-0.499999999999999,-0.866025403784439,0.0));
#3898=VECTOR('',#3897,0.022730325558647);
#3899=LINE('',#3896,#3898);
#3900=EDGE_CURVE('',#3887,#3895,#3899,.T.);
#3901=ORIENTED_EDGE('',*,*,#3900,.T.);
#3902=CARTESIAN_POINT('',(0.214121068291134,0.225393700787402,0.0));
#3903=VERTEX_POINT('',#3902);
#3904=CARTESIAN_POINT('',(0.102808065567133,0.225393700787402,0.0));
#3905=DIRECTION('',(1.0,0.0,0.0));
#3906=VECTOR('',#3905,0.111313002724001);
#3907=LINE('',#3904,#3906);
#3908=EDGE_CURVE('',#3895,#3903,#3907,.T.);
#3909=ORIENTED_EDGE('',*,*,#3908,.T.);
#3910=CARTESIAN_POINT('',(0.202755905511811,0.24507874015748,0.0));
#3911=VERTEX_POINT('',#3910);
#3912=CARTESIAN_POINT('',(0.214121068291134,0.225393700787402,0.0));
#3913=DIRECTION('',(-0.500000000000001,0.866025403784438,0.0));
#3914=VECTOR('',#3913,0.022730325558647);
#3915=LINE('',#3912,#3914);
#3916=EDGE_CURVE('',#3903,#3911,#3915,.T.);
#3917=ORIENTED_EDGE('',*,*,#3916,.T.);
#3918=CARTESIAN_POINT('',(0.24507874015748,0.24507874015748,0.0));
#3919=VERTEX_POINT('',#3918);
#3920=CARTESIAN_POINT('',(0.24507874015748,0.24507874015748,0.0));
#3921=DIRECTION('',(-1.0,0.0,0.0));
#3922=VECTOR('',#3921,0.04232283464567);
#3923=LINE('',#3920,#3922);
#3924=EDGE_CURVE('',#3919,#3911,#3923,.T.);
#3925=ORIENTED_EDGE('',*,*,#3924,.F.);
#3926=CARTESIAN_POINT('',(0.24507874015748,0.202755905511811,0.0));
#3927=VERTEX_POINT('',#3926);
#3928=CARTESIAN_POINT('',(0.24507874015748,0.202755905511811,0.0));
#3929=DIRECTION('',(0.0,1.0,0.0));
#3930=VECTOR('',#3929,0.04232283464567);
#3931=LINE('',#3928,#3930);
#3932=EDGE_CURVE('',#3927,#3919,#3931,.T.);
#3933=ORIENTED_EDGE('',*,*,#3932,.F.);
#3934=CARTESIAN_POINT('',(0.225393700787402,0.214121068291134,0.0));
#3935=VERTEX_POINT('',#3934);
#3936=CARTESIAN_POINT('',(0.24507874015748,0.202755905511811,0.0));
#3937=DIRECTION('',(-0.866025403784439,0.499999999999999,0.0));
#3938=VECTOR('',#3937,0.022730325558647);
#3939=LINE('',#3936,#3938);
#3940=EDGE_CURVE('',#3927,#3935,#3939,.T.);
#3941=ORIENTED_EDGE('',*,*,#3940,.T.);
#3942=CARTESIAN_POINT('',(0.225393700787402,0.102808065567133,0.0));
#3943=VERTEX_POINT('',#3942);
#3944=CARTESIAN_POINT('',(0.225393700787402,0.214121068291134,0.0));
#3945=DIRECTION('',(0.0,-1.0,0.0));
#3946=VECTOR('',#3945,0.111313002724001);
#3947=LINE('',#3944,#3946);
#3948=EDGE_CURVE('',#3935,#3943,#3947,.T.);
#3949=ORIENTED_EDGE('',*,*,#3948,.T.);
#3950=CARTESIAN_POINT('',(0.24507874015748,0.114173228346457,0.0));
#3951=VERTEX_POINT('',#3950);
#3952=CARTESIAN_POINT('',(0.225393700787402,0.102808065567133,0.0));
#3953=DIRECTION('',(0.866025403784439,0.499999999999999,0.0));
#3954=VECTOR('',#3953,0.022730325558647);
#3955=LINE('',#3952,#3954);
#3956=EDGE_CURVE('',#3943,#3951,#3955,.T.);
#3957=ORIENTED_EDGE('',*,*,#3956,.T.);
#3958=CARTESIAN_POINT('',(0.24507874015748,-0.114173228346457,0.0));
#3959=VERTEX_POINT('',#3958);
#3960=CARTESIAN_POINT('',(0.24507874015748,-0.114173228346457,0.0));
#3961=DIRECTION('',(0.0,1.0,0.0));
#3962=VECTOR('',#3961,0.228346456692913);
#3963=LINE('',#3960,#3962);
#3964=EDGE_CURVE('',#3959,#3951,#3963,.T.);
#3965=ORIENTED_EDGE('',*,*,#3964,.F.);
#3966=CARTESIAN_POINT('',(0.225393700787402,-0.102808065567133,0.0));
#3967=VERTEX_POINT('',#3966);
#3968=CARTESIAN_POINT('',(0.24507874015748,-0.114173228346457,0.0));
#3969=DIRECTION('',(-0.866025403784438,0.5,0.0));
#3970=VECTOR('',#3969,0.022730325558647);
#3971=LINE('',#3968,#3970);
#3972=EDGE_CURVE('',#3959,#3967,#3971,.T.);
#3973=ORIENTED_EDGE('',*,*,#3972,.T.);
#3974=CARTESIAN_POINT('',(0.225393700787402,-0.214121068291134,0.0));
#3975=VERTEX_POINT('',#3974);
#3976=CARTESIAN_POINT('',(0.225393700787402,-0.102808065567133,0.0));
#3977=DIRECTION('',(0.0,-1.0,0.0));
#3978=VECTOR('',#3977,0.111313002724001);
#3979=LINE('',#3976,#3978);
#3980=EDGE_CURVE('',#3967,#3975,#3979,.T.);
#3981=ORIENTED_EDGE('',*,*,#3980,.T.);
#3982=CARTESIAN_POINT('',(0.24507874015748,-0.202755905511811,0.0));
#3983=VERTEX_POINT('',#3982);
#3984=CARTESIAN_POINT('',(0.225393700787402,-0.214121068291134,0.0));
#3985=DIRECTION('',(0.866025403784439,0.499999999999999,0.0));
#3986=VECTOR('',#3985,0.022730325558647);
#3987=LINE('',#3984,#3986);
#3988=EDGE_CURVE('',#3975,#3983,#3987,.T.);
#3989=ORIENTED_EDGE('',*,*,#3988,.T.);
#3990=CARTESIAN_POINT('',(0.24507874015748,-0.24507874015748,0.0));
#3991=VERTEX_POINT('',#3990);
#3992=CARTESIAN_POINT('',(0.24507874015748,-0.24507874015748,0.0));
#3993=DIRECTION('',(0.0,1.0,0.0));
#3994=VECTOR('',#3993,0.04232283464567);
#3995=LINE('',#3992,#3994);
#3996=EDGE_CURVE('',#3991,#3983,#3995,.T.);
#3997=ORIENTED_EDGE('',*,*,#3996,.F.);
#3998=CARTESIAN_POINT('',(0.202755905511811,-0.24507874015748,0.0));
#3999=VERTEX_POINT('',#3998);
#4000=CARTESIAN_POINT('',(0.202755905511811,-0.24507874015748,0.0));
#4001=DIRECTION('',(1.0,0.0,0.0));
#4002=VECTOR('',#4001,0.04232283464567);
#4003=LINE('',#4000,#4002);
#4004=EDGE_CURVE('',#3999,#3991,#4003,.T.);
#4005=ORIENTED_EDGE('',*,*,#4004,.F.);
#4006=CARTESIAN_POINT('',(0.214121068291134,-0.225393700787402,0.0));
#4007=VERTEX_POINT('',#4006);
#4008=CARTESIAN_POINT('',(0.202755905511811,-0.24507874015748,0.0));
#4009=DIRECTION('',(0.500000000000001,0.866025403784438,0.0));
#4010=VECTOR('',#4009,0.022730325558647);
#4011=LINE('',#4008,#4010);
#4012=EDGE_CURVE('',#3999,#4007,#4011,.T.);
#4013=ORIENTED_EDGE('',*,*,#4012,.T.);
#4014=CARTESIAN_POINT('',(0.102808065567133,-0.225393700787402,0.0));
#4015=VERTEX_POINT('',#4014);
#4016=CARTESIAN_POINT('',(0.214121068291134,-0.225393700787402,0.0));
#4017=DIRECTION('',(-1.0,0.0,0.0));
#4018=VECTOR('',#4017,0.111313002724001);
#4019=LINE('',#4016,#4018);
#4020=EDGE_CURVE('',#4007,#4015,#4019,.T.);
#4021=ORIENTED_EDGE('',*,*,#4020,.T.);
#4022=CARTESIAN_POINT('',(0.114173228346457,-0.24507874015748,0.0));
#4023=VERTEX_POINT('',#4022);
#4024=CARTESIAN_POINT('',(0.102808065567133,-0.225393700787402,0.0));
#4025=DIRECTION('',(0.500000000000001,-0.866025403784438,0.0));
#4026=VECTOR('',#4025,0.022730325558647);
#4027=LINE('',#4024,#4026);
#4028=EDGE_CURVE('',#4015,#4023,#4027,.T.);
#4029=ORIENTED_EDGE('',*,*,#4028,.T.);
#4030=CARTESIAN_POINT('',(-0.114173228346457,-0.24507874015748,0.0));
#4031=VERTEX_POINT('',#4030);
#4032=CARTESIAN_POINT('',(-0.114173228346457,-0.24507874015748,0.0));
#4033=DIRECTION('',(1.0,0.0,0.0));
#4034=VECTOR('',#4033,0.228346456692913);
#4035=LINE('',#4032,#4034);
#4036=EDGE_CURVE('',#4031,#4023,#4035,.T.);
#4037=ORIENTED_EDGE('',*,*,#4036,.F.);
#4038=CARTESIAN_POINT('',(-0.102808065567133,-0.225393700787402,0.0));
#4039=VERTEX_POINT('',#4038);
#4040=CARTESIAN_POINT('',(-0.114173228346457,-0.24507874015748,0.0));
#4041=DIRECTION('',(0.499999999999999,0.866025403784439,0.0));
#4042=VECTOR('',#4041,0.022730325558647);
#4043=LINE('',#4040,#4042);
#4044=EDGE_CURVE('',#4031,#4039,#4043,.T.);
#4045=ORIENTED_EDGE('',*,*,#4044,.T.);
#4046=CARTESIAN_POINT('',(-0.214121068291134,-0.225393700787402,0.0));
#4047=VERTEX_POINT('',#4046);
#4048=CARTESIAN_POINT('',(-0.102808065567133,-0.225393700787402,0.0));
#4049=DIRECTION('',(-1.0,0.0,0.0));
#4050=VECTOR('',#4049,0.111313002724001);
#4051=LINE('',#4048,#4050);
#4052=EDGE_CURVE('',#4039,#4047,#4051,.T.);
#4053=ORIENTED_EDGE('',*,*,#4052,.T.);
#4054=CARTESIAN_POINT('',(-0.202755905511811,-0.24507874015748,0.0));
#4055=VERTEX_POINT('',#4054);
#4056=CARTESIAN_POINT('',(-0.214121068291134,-0.225393700787402,0.0));
#4057=DIRECTION('',(0.500000000000001,-0.866025403784438,0.0));
#4058=VECTOR('',#4057,0.022730325558647);
#4059=LINE('',#4056,#4058);
#4060=EDGE_CURVE('',#4047,#4055,#4059,.T.);
#4061=ORIENTED_EDGE('',*,*,#4060,.T.);
#4062=CARTESIAN_POINT('',(-0.24507874015748,-0.24507874015748,0.0));
#4063=VERTEX_POINT('',#4062);
#4064=CARTESIAN_POINT('',(-0.24507874015748,-0.24507874015748,0.0));
#4065=DIRECTION('',(1.0,0.0,0.0));
#4066=VECTOR('',#4065,0.042322834645669);
#4067=LINE('',#4064,#4066);
#4068=EDGE_CURVE('',#4063,#4055,#4067,.T.);
#4069=ORIENTED_EDGE('',*,*,#4068,.F.);
#4070=CARTESIAN_POINT('',(-0.24507874015748,-0.202755905511811,0.0));
#4071=DIRECTION('',(0.0,-1.0,0.0));
#4072=VECTOR('',#4071,0.042322834645669);
#4073=LINE('',#4070,#4072);
#4074=EDGE_CURVE('',#3789,#4063,#4073,.T.);
#4075=ORIENTED_EDGE('',*,*,#4074,.F.);
#4076=EDGE_LOOP('',(#3797,#3805,#3813,#3821,#3829,#3837,#3845,#3853,#3861,#3869,#3877,#3885,#3893,#3901,#3909,#3917,#3925,#3933,#3941,#3949,#3957,#3965,#3973,#3981,#3989,#3997,#4005,#4013,#4021,#4029,#4037,#4045,#4053,#4061,#4069,#4075));
#4077=FACE_OUTER_BOUND('',#4076,.T.);
#4078=ORIENTED_EDGE('',*,*,#700,.T.);
#4079=ORIENTED_EDGE('',*,*,#789,.T.);
#4080=ORIENTED_EDGE('',*,*,#762,.T.);
#4081=ORIENTED_EDGE('',*,*,#731,.T.);
#4082=EDGE_LOOP('',(#4078,#4079,#4080,#4081));
#4083=FACE_BOUND('',#4082,.T.);
#4084=ORIENTED_EDGE('',*,*,#836,.T.);
#4085=ORIENTED_EDGE('',*,*,#925,.T.);
#4086=ORIENTED_EDGE('',*,*,#898,.T.);
#4087=ORIENTED_EDGE('',*,*,#867,.T.);
#4088=EDGE_LOOP('',(#4084,#4085,#4086,#4087));
#4089=FACE_BOUND('',#4088,.T.);
#4090=CARTESIAN_POINT('',(-0.019685039370079,0.237204724409449,0.0));
#4091=VERTEX_POINT('',#4090);
#4092=CARTESIAN_POINT('',(-0.019685039370079,0.178149606299213,0.0));
#4093=VERTEX_POINT('',#4092);
#4094=CARTESIAN_POINT('',(-0.019685039370079,0.207677165354331,0.0));
#4095=DIRECTION('',(0.0,0.0,1.0));
#4096=DIRECTION('',(0.0,1.0,0.0));
#4097=AXIS2_PLACEMENT_3D('',#4094,#4095,#4096);
#4098=CIRCLE('',#4097,0.029527559055118);
#4099=EDGE_CURVE('',#4091,#4093,#4098,.T.);
#4100=ORIENTED_EDGE('',*,*,#4099,.T.);
#4101=CARTESIAN_POINT('',(0.019685039370079,0.178149606299213,0.0));
#4102=VERTEX_POINT('',#4101);
#4103=CARTESIAN_POINT('',(-0.019685039370079,0.178149606299213,0.0));
#4104=DIRECTION('',(1.0,0.0,0.0));
#4105=VECTOR('',#4104,0.039370078740157);
#4106=LINE('',#4103,#4105);
#4107=EDGE_CURVE('',#4093,#4102,#4106,.T.);
#4108=ORIENTED_EDGE('',*,*,#4107,.T.);
#4109=CARTESIAN_POINT('',(0.019685039370079,0.237204724409449,0.0));
#4110=VERTEX_POINT('',#4109);
#4111=CARTESIAN_POINT('',(0.019685039370079,0.207677165354331,0.0));
#4112=DIRECTION('',(0.0,0.0,1.0));
#4113=DIRECTION('',(0.0,-1.0,0.0));
#4114=AXIS2_PLACEMENT_3D('',#4111,#4112,#4113);
#4115=CIRCLE('',#4114,0.029527559055118);
#4116=EDGE_CURVE('',#4102,#4110,#4115,.T.);
#4117=ORIENTED_EDGE('',*,*,#4116,.T.);
#4118=CARTESIAN_POINT('',(0.019685039370079,0.237204724409449,0.0));
#4119=DIRECTION('',(-1.0,0.0,0.0));
#4120=VECTOR('',#4119,0.039370078740158);
#4121=LINE('',#4118,#4120);
#4122=EDGE_CURVE('',#4110,#4091,#4121,.T.);
#4123=ORIENTED_EDGE('',*,*,#4122,.T.);
#4124=EDGE_LOOP('',(#4100,#4108,#4117,#4123));
#4125=FACE_BOUND('',#4124,.T.);
#4126=CARTESIAN_POINT('',(0.237204724409449,0.019685039370079,0.0));
#4127=VERTEX_POINT('',#4126);
#4128=CARTESIAN_POINT('',(0.178149606299213,0.019685039370079,0.0));
#4129=VERTEX_POINT('',#4128);
#4130=CARTESIAN_POINT('',(0.207677165354331,0.019685039370079,0.0));
#4131=DIRECTION('',(0.0,0.0,1.0));
#4132=DIRECTION('',(-1.0,0.0,0.0));
#4133=AXIS2_PLACEMENT_3D('',#4130,#4131,#4132);
#4134=CIRCLE('',#4133,0.029527559055118);
#4135=EDGE_CURVE('',#4127,#4129,#4134,.T.);
#4136=ORIENTED_EDGE('',*,*,#4135,.T.);
#4137=CARTESIAN_POINT('',(0.178149606299213,-0.019685039370079,0.0));
#4138=VERTEX_POINT('',#4137);
#4139=CARTESIAN_POINT('',(0.178149606299213,0.019685039370079,0.0));
#4140=DIRECTION('',(0.0,-1.0,0.0));
#4141=VECTOR('',#4140,0.039370078740157);
#4142=LINE('',#4139,#4141);
#4143=EDGE_CURVE('',#4129,#4138,#4142,.T.);
#4144=ORIENTED_EDGE('',*,*,#4143,.T.);
#4145=CARTESIAN_POINT('',(0.237204724409449,-0.019685039370079,0.0));
#4146=VERTEX_POINT('',#4145);
#4147=CARTESIAN_POINT('',(0.207677165354331,-0.019685039370079,0.0));
#4148=DIRECTION('',(0.0,0.0,1.0));
#4149=DIRECTION('',(1.0,0.0,0.0));
#4150=AXIS2_PLACEMENT_3D('',#4147,#4148,#4149);
#4151=CIRCLE('',#4150,0.029527559055118);
#4152=EDGE_CURVE('',#4138,#4146,#4151,.T.);
#4153=ORIENTED_EDGE('',*,*,#4152,.T.);
#4154=CARTESIAN_POINT('',(0.237204724409449,-0.019685039370079,0.0));
#4155=DIRECTION('',(0.0,1.0,0.0));
#4156=VECTOR('',#4155,0.039370078740157);
#4157=LINE('',#4154,#4156);
#4158=EDGE_CURVE('',#4146,#4127,#4157,.T.);
#4159=ORIENTED_EDGE('',*,*,#4158,.T.);
#4160=EDGE_LOOP('',(#4136,#4144,#4153,#4159));
#4161=FACE_BOUND('',#4160,.T.);
#4162=CARTESIAN_POINT('',(-0.029527559055118,-0.207677165354331,0.0));
#4163=VERTEX_POINT('',#4162);
#4164=CARTESIAN_POINT('',(0.0,-0.207677165354331,0.0));
#4165=DIRECTION('',(0.0,0.0,1.0));
#4166=DIRECTION('',(1.0,0.0,0.0));
#4167=AXIS2_PLACEMENT_3D('',#4164,#4165,#4166);
#4168=CIRCLE('',#4167,0.029527559055118);
#4169=EDGE_CURVE('',#4163,#4163,#4168,.T.);
#4170=ORIENTED_EDGE('',*,*,#4169,.T.);
#4171=EDGE_LOOP('',(#4170));
#4172=FACE_BOUND('',#4171,.T.);
#4173=CARTESIAN_POINT('',(0.020275590551181,-0.150196850393701,0.0));
#4174=VERTEX_POINT('',#4173);
#4175=CARTESIAN_POINT('',(0.049803149606299,-0.150196850393701,0.0));
#4176=DIRECTION('',(0.0,0.0,1.0));
#4177=DIRECTION('',(1.0,0.0,0.0));
#4178=AXIS2_PLACEMENT_3D('',#4175,#4176,#4177);
#4179=CIRCLE('',#4178,0.029527559055118);
#4180=EDGE_CURVE('',#4174,#4174,#4179,.T.);
#4181=ORIENTED_EDGE('',*,*,#4180,.T.);
#4182=EDGE_LOOP('',(#4181));
#4183=FACE_BOUND('',#4182,.T.);
#4184=CARTESIAN_POINT('',(-0.179724409448819,0.149803149606299,0.0));
#4185=VERTEX_POINT('',#4184);
#4186=CARTESIAN_POINT('',(-0.150196850393701,0.149803149606299,0.0));
#4187=DIRECTION('',(0.0,0.0,1.0));
#4188=DIRECTION('',(1.0,0.0,0.0));
#4189=AXIS2_PLACEMENT_3D('',#4186,#4187,#4188);
#4190=CIRCLE('',#4189,0.029527559055118);
#4191=EDGE_CURVE('',#4185,#4185,#4190,.T.);
#4192=ORIENTED_EDGE('',*,*,#4191,.T.);
#4193=EDGE_LOOP('',(#4192));
#4194=FACE_BOUND('',#4193,.T.);
#4195=CARTESIAN_POINT('',(-0.178149606299213,0.019685039370079,0.0));
#4196=VERTEX_POINT('',#4195);
#4197=CARTESIAN_POINT('',(-0.237204724409449,0.019685039370079,0.0));
#4198=VERTEX_POINT('',#4197);
#4199=CARTESIAN_POINT('',(-0.207677165354331,0.019685039370079,0.0));
#4200=DIRECTION('',(0.0,0.0,1.0));
#4201=DIRECTION('',(-1.0,0.0,0.0));
#4202=AXIS2_PLACEMENT_3D('',#4199,#4200,#4201);
#4203=CIRCLE('',#4202,0.029527559055118);
#4204=EDGE_CURVE('',#4196,#4198,#4203,.T.);
#4205=ORIENTED_EDGE('',*,*,#4204,.T.);
#4206=CARTESIAN_POINT('',(-0.237204724409449,-0.019685039370079,0.0));
#4207=VERTEX_POINT('',#4206);
#4208=CARTESIAN_POINT('',(-0.237204724409449,0.019685039370079,0.0));
#4209=DIRECTION('',(0.0,-1.0,0.0));
#4210=VECTOR('',#4209,0.039370078740157);
#4211=LINE('',#4208,#4210);
#4212=EDGE_CURVE('',#4198,#4207,#4211,.T.);
#4213=ORIENTED_EDGE('',*,*,#4212,.T.);
#4214=CARTESIAN_POINT('',(-0.178149606299213,-0.019685039370079,0.0));
#4215=VERTEX_POINT('',#4214);
#4216=CARTESIAN_POINT('',(-0.207677165354331,-0.019685039370079,0.0));
#4217=DIRECTION('',(0.0,0.0,1.0));
#4218=DIRECTION('',(1.0,0.0,0.0));
#4219=AXIS2_PLACEMENT_3D('',#4216,#4217,#4218);
#4220=CIRCLE('',#4219,0.029527559055118);
#4221=EDGE_CURVE('',#4207,#4215,#4220,.T.);
#4222=ORIENTED_EDGE('',*,*,#4221,.T.);
#4223=CARTESIAN_POINT('',(-0.178149606299213,-0.019685039370079,0.0));
#4224=DIRECTION('',(0.0,1.0,0.0));
#4225=VECTOR('',#4224,0.039370078740157);
#4226=LINE('',#4223,#4225);
#4227=EDGE_CURVE('',#4215,#4196,#4226,.T.);
#4228=ORIENTED_EDGE('',*,*,#4227,.T.);
#4229=EDGE_LOOP('',(#4205,#4213,#4222,#4228));
#4230=FACE_BOUND('',#4229,.T.);
#4231=ORIENTED_EDGE('',*,*,#3568,.T.);
#4232=ORIENTED_EDGE('',*,*,#3610,.T.);
#4233=ORIENTED_EDGE('',*,*,#3641,.T.);
#4234=ORIENTED_EDGE('',*,*,#3678,.T.);
#4235=ORIENTED_EDGE('',*,*,#3709,.T.);
#4236=ORIENTED_EDGE('',*,*,#3740,.T.);
#4237=ORIENTED_EDGE('',*,*,#3762,.T.);
#4238=EDGE_LOOP('',(#4231,#4232,#4233,#4234,#4235,#4236,#4237));
#4239=FACE_BOUND('',#4238,.T.);
#4240=ORIENTED_EDGE('',*,*,#2942,.T.);
#4241=ORIENTED_EDGE('',*,*,#2984,.T.);
#4242=ORIENTED_EDGE('',*,*,#3021,.T.);
#4243=ORIENTED_EDGE('',*,*,#3054,.T.);
#4244=ORIENTED_EDGE('',*,*,#3085,.T.);
#4245=ORIENTED_EDGE('',*,*,#3118,.T.);
#4246=ORIENTED_EDGE('',*,*,#3155,.T.);
#4247=ORIENTED_EDGE('',*,*,#3192,.T.);
#4248=ORIENTED_EDGE('',*,*,#3229,.T.);
#4249=ORIENTED_EDGE('',*,*,#3260,.T.);
#4250=ORIENTED_EDGE('',*,*,#3297,.T.);
#4251=ORIENTED_EDGE('',*,*,#3338,.T.);
#4252=ORIENTED_EDGE('',*,*,#3375,.T.);
#4253=ORIENTED_EDGE('',*,*,#3412,.T.);
#4254=ORIENTED_EDGE('',*,*,#3449,.T.);
#4255=ORIENTED_EDGE('',*,*,#3486,.T.);
#4256=ORIENTED_EDGE('',*,*,#3508,.T.);
#4257=EDGE_LOOP('',(#4240,#4241,#4242,#4243,#4244,#4245,#4246,#4247,#4248,#4249,#4250,#4251,#4252,#4253,#4254,#4255,#4256));
#4258=FACE_BOUND('',#4257,.T.);
#4259=ORIENTED_EDGE('',*,*,#2692,.T.);
#4260=ORIENTED_EDGE('',*,*,#2734,.T.);
#4261=ORIENTED_EDGE('',*,*,#2765,.T.);
#4262=ORIENTED_EDGE('',*,*,#2802,.T.);
#4263=ORIENTED_EDGE('',*,*,#2833,.T.);
#4264=ORIENTED_EDGE('',*,*,#2864,.T.);
#4265=ORIENTED_EDGE('',*,*,#2886,.T.);
#4266=EDGE_LOOP('',(#4259,#4260,#4261,#4262,#4263,#4264,#4265));
#4267=FACE_BOUND('',#4266,.T.);
#4268=ORIENTED_EDGE('',*,*,#2300,.T.);
#4269=ORIENTED_EDGE('',*,*,#2336,.T.);
#4270=ORIENTED_EDGE('',*,*,#2367,.T.);
#4271=ORIENTED_EDGE('',*,*,#2398,.T.);
#4272=ORIENTED_EDGE('',*,*,#2429,.T.);
#4273=ORIENTED_EDGE('',*,*,#2460,.T.);
#4274=ORIENTED_EDGE('',*,*,#2491,.T.);
#4275=ORIENTED_EDGE('',*,*,#2522,.T.);
#4276=ORIENTED_EDGE('',*,*,#2553,.T.);
#4277=ORIENTED_EDGE('',*,*,#2584,.T.);
#4278=ORIENTED_EDGE('',*,*,#2615,.T.);
#4279=ORIENTED_EDGE('',*,*,#2637,.T.);
#4280=EDGE_LOOP('',(#4268,#4269,#4270,#4271,#4272,#4273,#4274,#4275,#4276,#4277,#4278,#4279));
#4281=FACE_BOUND('',#4280,.T.);
#4282=ORIENTED_EDGE('',*,*,#1908,.T.);
#4283=ORIENTED_EDGE('',*,*,#1944,.T.);
#4284=ORIENTED_EDGE('',*,*,#1975,.T.);
#4285=ORIENTED_EDGE('',*,*,#2006,.T.);
#4286=ORIENTED_EDGE('',*,*,#2037,.T.);
#4287=ORIENTED_EDGE('',*,*,#2068,.T.);
#4288=ORIENTED_EDGE('',*,*,#2099,.T.);
#4289=ORIENTED_EDGE('',*,*,#2130,.T.);
#4290=ORIENTED_EDGE('',*,*,#2161,.T.);
#4291=ORIENTED_EDGE('',*,*,#2192,.T.);
#4292=ORIENTED_EDGE('',*,*,#2223,.T.);
#4293=ORIENTED_EDGE('',*,*,#2245,.T.);
#4294=EDGE_LOOP('',(#4282,#4283,#4284,#4285,#4286,#4287,#4288,#4289,#4290,#4291,#4292,#4293));
#4295=FACE_BOUND('',#4294,.T.);
#4296=ORIENTED_EDGE('',*,*,#1543,.T.);
#4297=ORIENTED_EDGE('',*,*,#1579,.T.);
#4298=ORIENTED_EDGE('',*,*,#1610,.T.);
#4299=ORIENTED_EDGE('',*,*,#1641,.T.);
#4300=ORIENTED_EDGE('',*,*,#1672,.T.);
#4301=ORIENTED_EDGE('',*,*,#1703,.T.);
#4302=ORIENTED_EDGE('',*,*,#1734,.T.);
#4303=ORIENTED_EDGE('',*,*,#1765,.T.);
#4304=ORIENTED_EDGE('',*,*,#1796,.T.);
#4305=ORIENTED_EDGE('',*,*,#1827,.T.);
#4306=ORIENTED_EDGE('',*,*,#1849,.T.);
#4307=EDGE_LOOP('',(#4296,#4297,#4298,#4299,#4300,#4301,#4302,#4303,#4304,#4305,#4306));
#4308=FACE_BOUND('',#4307,.T.);
#4309=ORIENTED_EDGE('',*,*,#972,.T.);
#4310=ORIENTED_EDGE('',*,*,#1010,.T.);
#4311=ORIENTED_EDGE('',*,*,#1047,.T.);
#4312=ORIENTED_EDGE('',*,*,#1084,.T.);
#4313=ORIENTED_EDGE('',*,*,#1121,.T.);
#4314=ORIENTED_EDGE('',*,*,#1158,.T.);
#4315=ORIENTED_EDGE('',*,*,#1189,.T.);
#4316=ORIENTED_EDGE('',*,*,#1226,.T.);
#4317=ORIENTED_EDGE('',*,*,#1263,.T.);
#4318=ORIENTED_EDGE('',*,*,#1304,.T.);
#4319=ORIENTED_EDGE('',*,*,#1341,.T.);
#4320=ORIENTED_EDGE('',*,*,#1372,.T.);
#4321=ORIENTED_EDGE('',*,*,#1394,.T.);
#4322=EDGE_LOOP('',(#4309,#4310,#4311,#4312,#4313,#4314,#4315,#4316,#4317,#4318,#4319,#4320,#4321));
#4323=FACE_BOUND('',#4322,.T.);
#4324=ADVANCED_FACE('',(#4077,#4083,#4089,#4125,#4161,#4172,#4183,#4194,#4230,#4239,#4258,#4267,#4281,#4295,#4308,#4323),#3787,.F.);
#4325=CARTESIAN_POINT('',(0.049803149606299,-0.150196850393701,-0.080708661417323));
#4326=DIRECTION('',(0.0,0.0,1.0));
#4327=DIRECTION('',(1.0,0.0,0.0));
#4328=AXIS2_PLACEMENT_3D('',#4325,#4326,#4327);
#4329=CONICAL_SURFACE('',#4328,0.039370078740157,44.999999999999964);
#4330=CARTESIAN_POINT('',(0.03996062992126,-0.150196850393701,-0.110236220472441));
#4331=VERTEX_POINT('',#4330);
#4332=CARTESIAN_POINT('',(0.049803149606299,-0.150196850393701,-0.110236220472441));
#4333=DIRECTION('',(0.0,0.0,1.0));
#4334=DIRECTION('',(1.0,0.0,0.0));
#4335=AXIS2_PLACEMENT_3D('',#4332,#4333,#4334);
#4336=CIRCLE('',#4335,0.009842519685039);
#4337=EDGE_CURVE('',#4331,#4331,#4336,.T.);
#4338=ORIENTED_EDGE('',*,*,#4337,.T.);
#4339=EDGE_LOOP('',(#4338));
#4340=FACE_OUTER_BOUND('',#4339,.T.);
#4341=CARTESIAN_POINT('',(0.032086614173228,-0.150196850393701,-0.102362204724409));
#4342=VERTEX_POINT('',#4341);
#4343=CARTESIAN_POINT('',(0.049803149606299,-0.150196850393701,-0.102362204724409));
#4344=DIRECTION('',(0.0,0.0,-1.0));
#4345=DIRECTION('',(1.0,0.0,0.0));
#4346=AXIS2_PLACEMENT_3D('',#4343,#4344,#4345);
#4347=CIRCLE('',#4346,0.017716535433071);
#4348=EDGE_CURVE('',#4342,#4342,#4347,.T.);
#4349=ORIENTED_EDGE('',*,*,#4348,.T.);
#4350=EDGE_LOOP('',(#4349));
#4351=FACE_BOUND('',#4350,.T.);
#4352=ADVANCED_FACE('',(#4340,#4351),#4329,.T.);
#4353=CARTESIAN_POINT('',(0.049803149606299,-0.150196850393701,-0.051181102362205));
#4354=DIRECTION('',(0.0,0.0,-1.0));
#4355=DIRECTION('',(1.0,0.0,0.0));
#4356=AXIS2_PLACEMENT_3D('',#4353,#4354,#4355);
#4357=CYLINDRICAL_SURFACE('',#4356,0.017716535433071);
#4358=CARTESIAN_POINT('',(0.032086614173228,-0.150196850393701,-0.051181102362205));
#4359=VERTEX_POINT('',#4358);
#4360=CARTESIAN_POINT('',(0.049803149606299,-0.150196850393701,-0.051181102362205));
#4361=DIRECTION('',(0.0,0.0,1.0));
#4362=DIRECTION('',(1.0,0.0,0.0));
#4363=AXIS2_PLACEMENT_3D('',#4360,#4361,#4362);
#4364=CIRCLE('',#4363,0.017716535433071);
#4365=EDGE_CURVE('',#4359,#4359,#4364,.T.);
#4366=ORIENTED_EDGE('',*,*,#4365,.F.);
#4367=EDGE_LOOP('',(#4366));
#4368=FACE_OUTER_BOUND('',#4367,.T.);
#4369=ORIENTED_EDGE('',*,*,#4348,.F.);
#4370=EDGE_LOOP('',(#4369));
#4371=FACE_BOUND('',#4370,.T.);
#4372=ADVANCED_FACE('',(#4368,#4371),#4357,.T.);
#4373=CARTESIAN_POINT('',(0.049803149606299,-0.150196850393701,-0.110236220472441));
#4374=DIRECTION('',(0.0,0.0,1.0));
#4375=DIRECTION('',(1.0,0.0,0.0));
#4376=AXIS2_PLACEMENT_3D('',#4373,#4374,#4375);
#4377=PLANE('',#4376);
#4378=ORIENTED_EDGE('',*,*,#4337,.F.);
#4379=EDGE_LOOP('',(#4378));
#4380=FACE_OUTER_BOUND('',#4379,.T.);
#4381=ADVANCED_FACE('',(#4380),#4377,.F.);
#4382=CARTESIAN_POINT('',(-0.150196850393701,0.149803149606299,-0.080708661417323));
#4383=DIRECTION('',(0.0,0.0,1.0));
#4384=DIRECTION('',(1.0,0.0,0.0));
#4385=AXIS2_PLACEMENT_3D('',#4382,#4383,#4384);
#4386=CONICAL_SURFACE('',#4385,0.039370078740157,45.000000000000014);
#4387=CARTESIAN_POINT('',(-0.16003937007874,0.149803149606299,-0.110236220472441));
#4388=VERTEX_POINT('',#4387);
#4389=CARTESIAN_POINT('',(-0.150196850393701,0.149803149606299,-0.110236220472441));
#4390=DIRECTION('',(0.0,0.0,1.0));
#4391=DIRECTION('',(1.0,0.0,0.0));
#4392=AXIS2_PLACEMENT_3D('',#4389,#4390,#4391);
#4393=CIRCLE('',#4392,0.009842519685039);
#4394=EDGE_CURVE('',#4388,#4388,#4393,.T.);
#4395=ORIENTED_EDGE('',*,*,#4394,.T.);
#4396=EDGE_LOOP('',(#4395));
#4397=FACE_OUTER_BOUND('',#4396,.T.);
#4398=CARTESIAN_POINT('',(-0.167913385826772,0.149803149606299,-0.102362204724409));
#4399=VERTEX_POINT('',#4398);
#4400=CARTESIAN_POINT('',(-0.150196850393701,0.149803149606299,-0.102362204724409));
#4401=DIRECTION('',(0.0,0.0,-1.0));
#4402=DIRECTION('',(1.0,0.0,0.0));
#4403=AXIS2_PLACEMENT_3D('',#4400,#4401,#4402);
#4404=CIRCLE('',#4403,0.017716535433071);
#4405=EDGE_CURVE('',#4399,#4399,#4404,.T.);
#4406=ORIENTED_EDGE('',*,*,#4405,.T.);
#4407=EDGE_LOOP('',(#4406));
#4408=FACE_BOUND('',#4407,.T.);
#4409=ADVANCED_FACE('',(#4397,#4408),#4386,.T.);
#4410=CARTESIAN_POINT('',(-0.150196850393701,0.149803149606299,-0.051181102362205));
#4411=DIRECTION('',(0.0,0.0,-1.0));
#4412=DIRECTION('',(1.0,0.0,0.0));
#4413=AXIS2_PLACEMENT_3D('',#4410,#4411,#4412);
#4414=CYLINDRICAL_SURFACE('',#4413,0.017716535433071);
#4415=CARTESIAN_POINT('',(-0.167913385826772,0.149803149606299,-0.051181102362205));
#4416=VERTEX_POINT('',#4415);
#4417=CARTESIAN_POINT('',(-0.150196850393701,0.149803149606299,-0.051181102362205));
#4418=DIRECTION('',(0.0,0.0,1.0));
#4419=DIRECTION('',(1.0,0.0,0.0));
#4420=AXIS2_PLACEMENT_3D('',#4417,#4418,#4419);
#4421=CIRCLE('',#4420,0.017716535433071);
#4422=EDGE_CURVE('',#4416,#4416,#4421,.T.);
#4423=ORIENTED_EDGE('',*,*,#4422,.F.);
#4424=EDGE_LOOP('',(#4423));
#4425=FACE_OUTER_BOUND('',#4424,.T.);
#4426=ORIENTED_EDGE('',*,*,#4405,.F.);
#4427=EDGE_LOOP('',(#4426));
#4428=FACE_BOUND('',#4427,.T.);
#4429=ADVANCED_FACE('',(#4425,#4428),#4414,.T.);
#4430=CARTESIAN_POINT('',(-0.150196850393701,0.149803149606299,-0.110236220472441));
#4431=DIRECTION('',(0.0,0.0,1.0));
#4432=DIRECTION('',(1.0,0.0,0.0));
#4433=AXIS2_PLACEMENT_3D('',#4430,#4431,#4432);
#4434=PLANE('',#4433);
#4435=ORIENTED_EDGE('',*,*,#4394,.F.);
#4436=EDGE_LOOP('',(#4435));
#4437=FACE_OUTER_BOUND('',#4436,.T.);
#4438=ADVANCED_FACE('',(#4437),#4434,.F.);
#4439=CARTESIAN_POINT('',(-0.207677165354331,0.019685039370079,0.0));
#4440=DIRECTION('',(0.0,0.0,-1.0));
#4441=DIRECTION('',(-1.0,0.0,0.0));
#4442=AXIS2_PLACEMENT_3D('',#4439,#4440,#4441);
#4443=CYLINDRICAL_SURFACE('',#4442,0.029527559055118);
#4444=CARTESIAN_POINT('',(-0.178149606299213,0.019685039370079,-0.051181102362205));
#4445=VERTEX_POINT('',#4444);
#4446=CARTESIAN_POINT('',(-0.237204724409449,0.019685039370079,-0.051181102362205));
#4447=VERTEX_POINT('',#4446);
#4448=CARTESIAN_POINT('',(-0.207677165354331,0.019685039370079,-0.051181102362205));
#4449=DIRECTION('',(0.0,0.0,1.0));
#4450=DIRECTION('',(-1.0,0.0,0.0));
#4451=AXIS2_PLACEMENT_3D('',#4448,#4449,#4450);
#4452=CIRCLE('',#4451,0.029527559055118);
#4453=EDGE_CURVE('',#4445,#4447,#4452,.T.);
#4454=ORIENTED_EDGE('',*,*,#4453,.T.);
#4455=CARTESIAN_POINT('',(-0.237204724409449,0.019685039370079,0.0));
#4456=DIRECTION('',(0.0,0.0,-1.0));
#4457=VECTOR('',#4456,0.051181102362205);
#4458=LINE('',#4455,#4457);
#4459=EDGE_CURVE('',#4198,#4447,#4458,.T.);
#4460=ORIENTED_EDGE('',*,*,#4459,.F.);
#4461=ORIENTED_EDGE('',*,*,#4204,.F.);
#4462=CARTESIAN_POINT('',(-0.178149606299213,0.019685039370079,0.0));
#4463=DIRECTION('',(0.0,0.0,-1.0));
#4464=VECTOR('',#4463,0.051181102362205);
#4465=LINE('',#4462,#4464);
#4466=EDGE_CURVE('',#4196,#4445,#4465,.T.);
#4467=ORIENTED_EDGE('',*,*,#4466,.T.);
#4468=EDGE_LOOP('',(#4454,#4460,#4461,#4467));
#4469=FACE_OUTER_BOUND('',#4468,.T.);
#4470=ADVANCED_FACE('',(#4469),#4443,.T.);
#4471=CARTESIAN_POINT('',(-0.237204724409449,0.019685039370079,0.0));
#4472=DIRECTION('',(-1.0,0.0,0.0));
#4473=DIRECTION('',(0.0,0.0,1.0));
#4474=AXIS2_PLACEMENT_3D('',#4471,#4472,#4473);
#4475=PLANE('',#4474);
#4476=CARTESIAN_POINT('',(-0.237204724409449,-0.019685039370079,-0.051181102362205));
#4477=VERTEX_POINT('',#4476);
#4478=CARTESIAN_POINT('',(-0.237204724409449,0.019685039370079,-0.051181102362205));
#4479=DIRECTION('',(0.0,-1.0,0.0));
#4480=VECTOR('',#4479,0.039370078740157);
#4481=LINE('',#4478,#4480);
#4482=EDGE_CURVE('',#4447,#4477,#4481,.T.);
#4483=ORIENTED_EDGE('',*,*,#4482,.T.);
#4484=CARTESIAN_POINT('',(-0.237204724409449,-0.019685039370079,0.0));
#4485=DIRECTION('',(0.0,0.0,-1.0));
#4486=VECTOR('',#4485,0.051181102362205);
#4487=LINE('',#4484,#4486);
#4488=EDGE_CURVE('',#4207,#4477,#4487,.T.);
#4489=ORIENTED_EDGE('',*,*,#4488,.F.);
#4490=ORIENTED_EDGE('',*,*,#4212,.F.);
#4491=ORIENTED_EDGE('',*,*,#4459,.T.);
#4492=EDGE_LOOP('',(#4483,#4489,#4490,#4491));
#4493=FACE_OUTER_BOUND('',#4492,.T.);
#4494=ADVANCED_FACE('',(#4493),#4475,.T.);
#4495=CARTESIAN_POINT('',(-0.207677165354331,-0.019685039370079,0.0));
#4496=DIRECTION('',(0.0,0.0,-1.0));
#4497=DIRECTION('',(1.0,0.0,0.0));
#4498=AXIS2_PLACEMENT_3D('',#4495,#4496,#4497);
#4499=CYLINDRICAL_SURFACE('',#4498,0.029527559055118);
#4500=CARTESIAN_POINT('',(-0.178149606299213,-0.019685039370079,-0.051181102362205));
#4501=VERTEX_POINT('',#4500);
#4502=CARTESIAN_POINT('',(-0.207677165354331,-0.019685039370079,-0.051181102362205));
#4503=DIRECTION('',(0.0,0.0,1.0));
#4504=DIRECTION('',(1.0,0.0,0.0));
#4505=AXIS2_PLACEMENT_3D('',#4502,#4503,#4504);
#4506=CIRCLE('',#4505,0.029527559055118);
#4507=EDGE_CURVE('',#4477,#4501,#4506,.T.);
#4508=ORIENTED_EDGE('',*,*,#4507,.T.);
#4509=CARTESIAN_POINT('',(-0.178149606299213,-0.019685039370079,0.0));
#4510=DIRECTION('',(0.0,0.0,-1.0));
#4511=VECTOR('',#4510,0.051181102362205);
#4512=LINE('',#4509,#4511);
#4513=EDGE_CURVE('',#4215,#4501,#4512,.T.);
#4514=ORIENTED_EDGE('',*,*,#4513,.F.);
#4515=ORIENTED_EDGE('',*,*,#4221,.F.);
#4516=ORIENTED_EDGE('',*,*,#4488,.T.);
#4517=EDGE_LOOP('',(#4508,#4514,#4515,#4516));
#4518=FACE_OUTER_BOUND('',#4517,.T.);
#4519=ADVANCED_FACE('',(#4518),#4499,.T.);
#4520=CARTESIAN_POINT('',(-0.178149606299213,-0.019685039370079,0.0));
#4521=DIRECTION('',(1.0,0.0,0.0));
#4522=DIRECTION('',(0.0,0.0,-1.0));
#4523=AXIS2_PLACEMENT_3D('',#4520,#4521,#4522);
#4524=PLANE('',#4523);
#4525=CARTESIAN_POINT('',(-0.178149606299213,-0.019685039370079,-0.051181102362205));
#4526=DIRECTION('',(0.0,1.0,0.0));
#4527=VECTOR('',#4526,0.039370078740157);
#4528=LINE('',#4525,#4527);
#4529=EDGE_CURVE('',#4501,#4445,#4528,.T.);
#4530=ORIENTED_EDGE('',*,*,#4529,.T.);
#4531=ORIENTED_EDGE('',*,*,#4466,.F.);
#4532=ORIENTED_EDGE('',*,*,#4227,.F.);
#4533=ORIENTED_EDGE('',*,*,#4513,.T.);
#4534=EDGE_LOOP('',(#4530,#4531,#4532,#4533));
#4535=FACE_OUTER_BOUND('',#4534,.T.);
#4536=ADVANCED_FACE('',(#4535),#4524,.T.);
#4537=CARTESIAN_POINT('',(-0.207677165354331,-2.731848E-018,-0.051181102362205));
#4538=DIRECTION('',(0.0,0.0,1.0));
#4539=DIRECTION('',(1.0,0.0,0.0));
#4540=AXIS2_PLACEMENT_3D('',#4537,#4538,#4539);
#4541=PLANE('',#4540);
#4542=ORIENTED_EDGE('',*,*,#4453,.F.);
#4543=ORIENTED_EDGE('',*,*,#4529,.F.);
#4544=ORIENTED_EDGE('',*,*,#4507,.F.);
#4545=ORIENTED_EDGE('',*,*,#4482,.F.);
#4546=EDGE_LOOP('',(#4542,#4543,#4544,#4545));
#4547=FACE_OUTER_BOUND('',#4546,.T.);
#4548=ADVANCED_FACE('',(#4547),#4541,.F.);
#4549=CARTESIAN_POINT('',(-0.150196850393701,0.149803149606299,0.0));
#4550=DIRECTION('',(0.0,0.0,-1.0));
#4551=DIRECTION('',(1.0,0.0,0.0));
#4552=AXIS2_PLACEMENT_3D('',#4549,#4550,#4551);
#4553=CYLINDRICAL_SURFACE('',#4552,0.029527559055118);
#4554=CARTESIAN_POINT('',(-0.179724409448819,0.149803149606299,-0.051181102362205));
#4555=VERTEX_POINT('',#4554);
#4556=CARTESIAN_POINT('',(-0.150196850393701,0.149803149606299,-0.051181102362205));
#4557=DIRECTION('',(0.0,0.0,1.0));
#4558=DIRECTION('',(1.0,0.0,0.0));
#4559=AXIS2_PLACEMENT_3D('',#4556,#4557,#4558);
#4560=CIRCLE('',#4559,0.029527559055118);
#4561=EDGE_CURVE('',#4555,#4555,#4560,.T.);
#4562=ORIENTED_EDGE('',*,*,#4561,.T.);
#4563=EDGE_LOOP('',(#4562));
#4564=FACE_OUTER_BOUND('',#4563,.T.);
#4565=ORIENTED_EDGE('',*,*,#4191,.F.);
#4566=EDGE_LOOP('',(#4565));
#4567=FACE_BOUND('',#4566,.T.);
#4568=ADVANCED_FACE('',(#4564,#4567),#4553,.T.);
#4569=CARTESIAN_POINT('',(-0.150196850393701,0.149803149606299,-0.051181102362205));
#4570=DIRECTION('',(0.0,0.0,1.0));
#4571=DIRECTION('',(1.0,0.0,0.0));
#4572=AXIS2_PLACEMENT_3D('',#4569,#4570,#4571);
#4573=PLANE('',#4572);
#4574=ORIENTED_EDGE('',*,*,#4561,.F.);
#4575=EDGE_LOOP('',(#4574));
#4576=FACE_OUTER_BOUND('',#4575,.T.);
#4577=ORIENTED_EDGE('',*,*,#4422,.T.);
#4578=EDGE_LOOP('',(#4577));
#4579=FACE_BOUND('',#4578,.T.);
#4580=ADVANCED_FACE('',(#4576,#4579),#4573,.F.);
#4581=CARTESIAN_POINT('',(0.049803149606299,-0.150196850393701,0.0));
#4582=DIRECTION('',(0.0,0.0,-1.0));
#4583=DIRECTION('',(1.0,0.0,0.0));
#4584=AXIS2_PLACEMENT_3D('',#4581,#4582,#4583);
#4585=CYLINDRICAL_SURFACE('',#4584,0.029527559055118);
#4586=CARTESIAN_POINT('',(0.020275590551181,-0.150196850393701,-0.051181102362205));
#4587=VERTEX_POINT('',#4586);
#4588=CARTESIAN_POINT('',(0.049803149606299,-0.150196850393701,-0.051181102362205));
#4589=DIRECTION('',(0.0,0.0,1.0));
#4590=DIRECTION('',(1.0,0.0,0.0));
#4591=AXIS2_PLACEMENT_3D('',#4588,#4589,#4590);
#4592=CIRCLE('',#4591,0.029527559055118);
#4593=EDGE_CURVE('',#4587,#4587,#4592,.T.);
#4594=ORIENTED_EDGE('',*,*,#4593,.T.);
#4595=EDGE_LOOP('',(#4594));
#4596=FACE_OUTER_BOUND('',#4595,.T.);
#4597=ORIENTED_EDGE('',*,*,#4180,.F.);
#4598=EDGE_LOOP('',(#4597));
#4599=FACE_BOUND('',#4598,.T.);
#4600=ADVANCED_FACE('',(#4596,#4599),#4585,.T.);
#4601=CARTESIAN_POINT('',(0.049803149606299,-0.150196850393701,-0.051181102362205));
#4602=DIRECTION('',(0.0,0.0,1.0));
#4603=DIRECTION('',(1.0,0.0,0.0));
#4604=AXIS2_PLACEMENT_3D('',#4601,#4602,#4603);
#4605=PLANE('',#4604);
#4606=ORIENTED_EDGE('',*,*,#4593,.F.);
#4607=EDGE_LOOP('',(#4606));
#4608=FACE_OUTER_BOUND('',#4607,.T.);
#4609=ORIENTED_EDGE('',*,*,#4365,.T.);
#4610=EDGE_LOOP('',(#4609));
#4611=FACE_BOUND('',#4610,.T.);
#4612=ADVANCED_FACE('',(#4608,#4611),#4605,.F.);
#4613=CARTESIAN_POINT('',(0.0,-0.207677165354331,0.0));
#4614=DIRECTION('',(0.0,0.0,-1.0));
#4615=DIRECTION('',(1.0,0.0,0.0));
#4616=AXIS2_PLACEMENT_3D('',#4613,#4614,#4615);
#4617=CYLINDRICAL_SURFACE('',#4616,0.029527559055118);
#4618=CARTESIAN_POINT('',(-0.029527559055118,-0.207677165354331,-0.051181102362205));
#4619=VERTEX_POINT('',#4618);
#4620=CARTESIAN_POINT('',(0.0,-0.207677165354331,-0.051181102362205));
#4621=DIRECTION('',(0.0,0.0,1.0));
#4622=DIRECTION('',(1.0,0.0,0.0));
#4623=AXIS2_PLACEMENT_3D('',#4620,#4621,#4622);
#4624=CIRCLE('',#4623,0.029527559055118);
#4625=EDGE_CURVE('',#4619,#4619,#4624,.T.);
#4626=ORIENTED_EDGE('',*,*,#4625,.T.);
#4627=EDGE_LOOP('',(#4626));
#4628=FACE_OUTER_BOUND('',#4627,.T.);
#4629=ORIENTED_EDGE('',*,*,#4169,.F.);
#4630=EDGE_LOOP('',(#4629));
#4631=FACE_BOUND('',#4630,.T.);
#4632=ADVANCED_FACE('',(#4628,#4631),#4617,.T.);
#4633=CARTESIAN_POINT('',(0.0,-0.207677165354331,-0.051181102362205));
#4634=DIRECTION('',(0.0,0.0,1.0));
#4635=DIRECTION('',(1.0,0.0,0.0));
#4636=AXIS2_PLACEMENT_3D('',#4633,#4634,#4635);
#4637=PLANE('',#4636);
#4638=ORIENTED_EDGE('',*,*,#4625,.F.);
#4639=EDGE_LOOP('',(#4638));
#4640=FACE_OUTER_BOUND('',#4639,.T.);
#4641=ADVANCED_FACE('',(#4640),#4637,.F.);
#4642=CARTESIAN_POINT('',(0.207677165354331,0.019685039370079,0.0));
#4643=DIRECTION('',(0.0,0.0,-1.0));
#4644=DIRECTION('',(-1.0,0.0,0.0));
#4645=AXIS2_PLACEMENT_3D('',#4642,#4643,#4644);
#4646=CYLINDRICAL_SURFACE('',#4645,0.029527559055118);
#4647=CARTESIAN_POINT('',(0.237204724409449,0.019685039370079,-0.051181102362205));
#4648=VERTEX_POINT('',#4647);
#4649=CARTESIAN_POINT('',(0.178149606299213,0.019685039370079,-0.051181102362205));
#4650=VERTEX_POINT('',#4649);
#4651=CARTESIAN_POINT('',(0.207677165354331,0.019685039370079,-0.051181102362205));
#4652=DIRECTION('',(0.0,0.0,1.0));
#4653=DIRECTION('',(-1.0,0.0,0.0));
#4654=AXIS2_PLACEMENT_3D('',#4651,#4652,#4653);
#4655=CIRCLE('',#4654,0.029527559055118);
#4656=EDGE_CURVE('',#4648,#4650,#4655,.T.);
#4657=ORIENTED_EDGE('',*,*,#4656,.T.);
#4658=CARTESIAN_POINT('',(0.178149606299213,0.019685039370079,0.0));
#4659=DIRECTION('',(0.0,0.0,-1.0));
#4660=VECTOR('',#4659,0.051181102362205);
#4661=LINE('',#4658,#4660);
#4662=EDGE_CURVE('',#4129,#4650,#4661,.T.);
#4663=ORIENTED_EDGE('',*,*,#4662,.F.);
#4664=ORIENTED_EDGE('',*,*,#4135,.F.);
#4665=CARTESIAN_POINT('',(0.237204724409449,0.019685039370079,0.0));
#4666=DIRECTION('',(0.0,0.0,-1.0));
#4667=VECTOR('',#4666,0.051181102362205);
#4668=LINE('',#4665,#4667);
#4669=EDGE_CURVE('',#4127,#4648,#4668,.T.);
#4670=ORIENTED_EDGE('',*,*,#4669,.T.);
#4671=EDGE_LOOP('',(#4657,#4663,#4664,#4670));
#4672=FACE_OUTER_BOUND('',#4671,.T.);
#4673=ADVANCED_FACE('',(#4672),#4646,.T.);
#4674=CARTESIAN_POINT('',(0.178149606299213,0.019685039370079,0.0));
#4675=DIRECTION('',(-1.0,0.0,0.0));
#4676=DIRECTION('',(0.0,0.0,1.0));
#4677=AXIS2_PLACEMENT_3D('',#4674,#4675,#4676);
#4678=PLANE('',#4677);
#4679=CARTESIAN_POINT('',(0.178149606299213,-0.019685039370079,-0.051181102362205));
#4680=VERTEX_POINT('',#4679);
#4681=CARTESIAN_POINT('',(0.178149606299213,0.019685039370079,-0.051181102362205));
#4682=DIRECTION('',(0.0,-1.0,0.0));
#4683=VECTOR('',#4682,0.039370078740157);
#4684=LINE('',#4681,#4683);
#4685=EDGE_CURVE('',#4650,#4680,#4684,.T.);
#4686=ORIENTED_EDGE('',*,*,#4685,.T.);
#4687=CARTESIAN_POINT('',(0.178149606299213,-0.019685039370079,0.0));
#4688=DIRECTION('',(0.0,0.0,-1.0));
#4689=VECTOR('',#4688,0.051181102362205);
#4690=LINE('',#4687,#4689);
#4691=EDGE_CURVE('',#4138,#4680,#4690,.T.);
#4692=ORIENTED_EDGE('',*,*,#4691,.F.);
#4693=ORIENTED_EDGE('',*,*,#4143,.F.);
#4694=ORIENTED_EDGE('',*,*,#4662,.T.);
#4695=EDGE_LOOP('',(#4686,#4692,#4693,#4694));
#4696=FACE_OUTER_BOUND('',#4695,.T.);
#4697=ADVANCED_FACE('',(#4696),#4678,.T.);
#4698=CARTESIAN_POINT('',(0.207677165354331,-0.019685039370079,0.0));
#4699=DIRECTION('',(0.0,0.0,-1.0));
#4700=DIRECTION('',(1.0,0.0,0.0));
#4701=AXIS2_PLACEMENT_3D('',#4698,#4699,#4700);
#4702=CYLINDRICAL_SURFACE('',#4701,0.029527559055118);
#4703=CARTESIAN_POINT('',(0.237204724409449,-0.019685039370079,-0.051181102362205));
#4704=VERTEX_POINT('',#4703);
#4705=CARTESIAN_POINT('',(0.207677165354331,-0.019685039370079,-0.051181102362205));
#4706=DIRECTION('',(0.0,0.0,1.0));
#4707=DIRECTION('',(1.0,0.0,0.0));
#4708=AXIS2_PLACEMENT_3D('',#4705,#4706,#4707);
#4709=CIRCLE('',#4708,0.029527559055118);
#4710=EDGE_CURVE('',#4680,#4704,#4709,.T.);
#4711=ORIENTED_EDGE('',*,*,#4710,.T.);
#4712=CARTESIAN_POINT('',(0.237204724409449,-0.019685039370079,0.0));
#4713=DIRECTION('',(0.0,0.0,-1.0));
#4714=VECTOR('',#4713,0.051181102362205);
#4715=LINE('',#4712,#4714);
#4716=EDGE_CURVE('',#4146,#4704,#4715,.T.);
#4717=ORIENTED_EDGE('',*,*,#4716,.F.);
#4718=ORIENTED_EDGE('',*,*,#4152,.F.);
#4719=ORIENTED_EDGE('',*,*,#4691,.T.);
#4720=EDGE_LOOP('',(#4711,#4717,#4718,#4719));
#4721=FACE_OUTER_BOUND('',#4720,.T.);
#4722=ADVANCED_FACE('',(#4721),#4702,.T.);
#4723=CARTESIAN_POINT('',(0.237204724409449,-0.019685039370079,0.0));
#4724=DIRECTION('',(1.0,0.0,0.0));
#4725=DIRECTION('',(0.0,0.0,-1.0));
#4726=AXIS2_PLACEMENT_3D('',#4723,#4724,#4725);
#4727=PLANE('',#4726);
#4728=CARTESIAN_POINT('',(0.237204724409449,-0.019685039370079,-0.051181102362205));
#4729=DIRECTION('',(0.0,1.0,0.0));
#4730=VECTOR('',#4729,0.039370078740157);
#4731=LINE('',#4728,#4730);
#4732=EDGE_CURVE('',#4704,#4648,#4731,.T.);
#4733=ORIENTED_EDGE('',*,*,#4732,.T.);
#4734=ORIENTED_EDGE('',*,*,#4669,.F.);
#4735=ORIENTED_EDGE('',*,*,#4158,.F.);
#4736=ORIENTED_EDGE('',*,*,#4716,.T.);
#4737=EDGE_LOOP('',(#4733,#4734,#4735,#4736));
#4738=FACE_OUTER_BOUND('',#4737,.T.);
#4739=ADVANCED_FACE('',(#4738),#4727,.T.);
#4740=CARTESIAN_POINT('',(0.207677165354331,-8.195543E-018,-0.051181102362205));
#4741=DIRECTION('',(0.0,0.0,1.0));
#4742=DIRECTION('',(1.0,0.0,0.0));
#4743=AXIS2_PLACEMENT_3D('',#4740,#4741,#4742);
#4744=PLANE('',#4743);
#4745=ORIENTED_EDGE('',*,*,#4656,.F.);
#4746=ORIENTED_EDGE('',*,*,#4732,.F.);
#4747=ORIENTED_EDGE('',*,*,#4710,.F.);
#4748=ORIENTED_EDGE('',*,*,#4685,.F.);
#4749=EDGE_LOOP('',(#4745,#4746,#4747,#4748));
#4750=FACE_OUTER_BOUND('',#4749,.T.);
#4751=ADVANCED_FACE('',(#4750),#4744,.F.);
#4752=CARTESIAN_POINT('',(-0.019685039370079,0.207677165354331,0.0));
#4753=DIRECTION('',(0.0,0.0,-1.0));
#4754=DIRECTION('',(0.0,1.0,0.0));
#4755=AXIS2_PLACEMENT_3D('',#4752,#4753,#4754);
#4756=CYLINDRICAL_SURFACE('',#4755,0.029527559055118);
#4757=CARTESIAN_POINT('',(-0.019685039370079,0.237204724409449,-0.051181102362205));
#4758=VERTEX_POINT('',#4757);
#4759=CARTESIAN_POINT('',(-0.019685039370079,0.178149606299213,-0.051181102362205));
#4760=VERTEX_POINT('',#4759);
#4761=CARTESIAN_POINT('',(-0.019685039370079,0.207677165354331,-0.051181102362205));
#4762=DIRECTION('',(0.0,0.0,1.0));
#4763=DIRECTION('',(0.0,1.0,0.0));
#4764=AXIS2_PLACEMENT_3D('',#4761,#4762,#4763);
#4765=CIRCLE('',#4764,0.029527559055118);
#4766=EDGE_CURVE('',#4758,#4760,#4765,.T.);
#4767=ORIENTED_EDGE('',*,*,#4766,.T.);
#4768=CARTESIAN_POINT('',(-0.019685039370079,0.178149606299213,0.0));
#4769=DIRECTION('',(0.0,0.0,-1.0));
#4770=VECTOR('',#4769,0.051181102362205);
#4771=LINE('',#4768,#4770);
#4772=EDGE_CURVE('',#4093,#4760,#4771,.T.);
#4773=ORIENTED_EDGE('',*,*,#4772,.F.);
#4774=ORIENTED_EDGE('',*,*,#4099,.F.);
#4775=CARTESIAN_POINT('',(-0.019685039370079,0.237204724409449,0.0));
#4776=DIRECTION('',(0.0,0.0,-1.0));
#4777=VECTOR('',#4776,0.051181102362205);
#4778=LINE('',#4775,#4777);
#4779=EDGE_CURVE('',#4091,#4758,#4778,.T.);
#4780=ORIENTED_EDGE('',*,*,#4779,.T.);
#4781=EDGE_LOOP('',(#4767,#4773,#4774,#4780));
#4782=FACE_OUTER_BOUND('',#4781,.T.);
#4783=ADVANCED_FACE('',(#4782),#4756,.T.);
#4784=CARTESIAN_POINT('',(-0.019685039370079,0.178149606299213,0.0));
#4785=DIRECTION('',(0.0,-1.0,0.0));
#4786=DIRECTION('',(0.0,0.0,-1.0));
#4787=AXIS2_PLACEMENT_3D('',#4784,#4785,#4786);
#4788=PLANE('',#4787);
#4789=CARTESIAN_POINT('',(0.019685039370079,0.178149606299213,-0.051181102362205));
#4790=VERTEX_POINT('',#4789);
#4791=CARTESIAN_POINT('',(-0.019685039370079,0.178149606299213,-0.051181102362205));
#4792=DIRECTION('',(1.0,0.0,0.0));
#4793=VECTOR('',#4792,0.039370078740157);
#4794=LINE('',#4791,#4793);
#4795=EDGE_CURVE('',#4760,#4790,#4794,.T.);
#4796=ORIENTED_EDGE('',*,*,#4795,.T.);
#4797=CARTESIAN_POINT('',(0.019685039370079,0.178149606299213,0.0));
#4798=DIRECTION('',(0.0,0.0,-1.0));
#4799=VECTOR('',#4798,0.051181102362205);
#4800=LINE('',#4797,#4799);
#4801=EDGE_CURVE('',#4102,#4790,#4800,.T.);
#4802=ORIENTED_EDGE('',*,*,#4801,.F.);
#4803=ORIENTED_EDGE('',*,*,#4107,.F.);
#4804=ORIENTED_EDGE('',*,*,#4772,.T.);
#4805=EDGE_LOOP('',(#4796,#4802,#4803,#4804));
#4806=FACE_OUTER_BOUND('',#4805,.T.);
#4807=ADVANCED_FACE('',(#4806),#4788,.T.);
#4808=CARTESIAN_POINT('',(0.019685039370079,0.207677165354331,0.0));
#4809=DIRECTION('',(0.0,0.0,-1.0));
#4810=DIRECTION('',(0.0,-1.0,0.0));
#4811=AXIS2_PLACEMENT_3D('',#4808,#4809,#4810);
#4812=CYLINDRICAL_SURFACE('',#4811,0.029527559055118);
#4813=CARTESIAN_POINT('',(0.019685039370079,0.237204724409449,-0.051181102362205));
#4814=VERTEX_POINT('',#4813);
#4815=CARTESIAN_POINT('',(0.019685039370079,0.207677165354331,-0.051181102362205));
#4816=DIRECTION('',(0.0,0.0,1.0));
#4817=DIRECTION('',(0.0,-1.0,0.0));
#4818=AXIS2_PLACEMENT_3D('',#4815,#4816,#4817);
#4819=CIRCLE('',#4818,0.029527559055118);
#4820=EDGE_CURVE('',#4790,#4814,#4819,.T.);
#4821=ORIENTED_EDGE('',*,*,#4820,.T.);
#4822=CARTESIAN_POINT('',(0.019685039370079,0.237204724409449,0.0));
#4823=DIRECTION('',(0.0,0.0,-1.0));
#4824=VECTOR('',#4823,0.051181102362205);
#4825=LINE('',#4822,#4824);
#4826=EDGE_CURVE('',#4110,#4814,#4825,.T.);
#4827=ORIENTED_EDGE('',*,*,#4826,.F.);
#4828=ORIENTED_EDGE('',*,*,#4116,.F.);
#4829=ORIENTED_EDGE('',*,*,#4801,.T.);
#4830=EDGE_LOOP('',(#4821,#4827,#4828,#4829));
#4831=FACE_OUTER_BOUND('',#4830,.T.);
#4832=ADVANCED_FACE('',(#4831),#4812,.T.);
#4833=CARTESIAN_POINT('',(0.019685039370079,0.237204724409449,0.0));
#4834=DIRECTION('',(0.0,1.0,0.0));
#4835=DIRECTION('',(0.0,0.0,1.0));
#4836=AXIS2_PLACEMENT_3D('',#4833,#4834,#4835);
#4837=PLANE('',#4836);
#4838=CARTESIAN_POINT('',(0.019685039370079,0.237204724409449,-0.051181102362205));
#4839=DIRECTION('',(-1.0,0.0,0.0));
#4840=VECTOR('',#4839,0.039370078740158);
#4841=LINE('',#4838,#4840);
#4842=EDGE_CURVE('',#4814,#4758,#4841,.T.);
#4843=ORIENTED_EDGE('',*,*,#4842,.T.);
#4844=ORIENTED_EDGE('',*,*,#4779,.F.);
#4845=ORIENTED_EDGE('',*,*,#4122,.F.);
#4846=ORIENTED_EDGE('',*,*,#4826,.T.);
#4847=EDGE_LOOP('',(#4843,#4844,#4845,#4846));
#4848=FACE_OUTER_BOUND('',#4847,.T.);
#4849=ADVANCED_FACE('',(#4848),#4837,.T.);
#4850=CARTESIAN_POINT('',(9.015098E-017,0.207677165354331,-0.051181102362205));
#4851=DIRECTION('',(0.0,0.0,1.0));
#4852=DIRECTION('',(1.0,0.0,0.0));
#4853=AXIS2_PLACEMENT_3D('',#4850,#4851,#4852);
#4854=PLANE('',#4853);
#4855=ORIENTED_EDGE('',*,*,#4766,.F.);
#4856=ORIENTED_EDGE('',*,*,#4842,.F.);
#4857=ORIENTED_EDGE('',*,*,#4820,.F.);
#4858=ORIENTED_EDGE('',*,*,#4795,.F.);
#4859=EDGE_LOOP('',(#4855,#4856,#4857,#4858));
#4860=FACE_OUTER_BOUND('',#4859,.T.);
#4861=ADVANCED_FACE('',(#4860),#4854,.F.);
#4862=CARTESIAN_POINT('',(-0.24507874015748,-0.114173228346457,0.0));
#4863=DIRECTION('',(-0.500000000000001,0.866025403784438,0.0));
#4864=DIRECTION('',(0.0,0.0,1.0));
#4865=AXIS2_PLACEMENT_3D('',#4862,#4863,#4864);
#4866=PLANE('',#4865);
#4867=CARTESIAN_POINT('',(-0.24507874015748,-0.114173228346457,0.167322834645669));
#4868=VERTEX_POINT('',#4867);
#4869=CARTESIAN_POINT('',(-0.225393700787402,-0.102808065567133,0.167322834645669));
#4870=VERTEX_POINT('',#4869);
#4871=CARTESIAN_POINT('',(-0.24507874015748,-0.114173228346457,0.167322834645669));
#4872=DIRECTION('',(0.866025403784439,0.499999999999999,0.0));
#4873=VECTOR('',#4872,0.022730325558647);
#4874=LINE('',#4871,#4873);
#4875=EDGE_CURVE('',#4868,#4870,#4874,.T.);
#4876=ORIENTED_EDGE('',*,*,#4875,.F.);
#4877=CARTESIAN_POINT('',(-0.24507874015748,-0.114173228346457,0.0));
#4878=DIRECTION('',(0.0,0.0,1.0));
#4879=VECTOR('',#4878,0.167322834645669);
#4880=LINE('',#4877,#4879);
#4881=EDGE_CURVE('',#3807,#4868,#4880,.T.);
#4882=ORIENTED_EDGE('',*,*,#4881,.F.);
#4883=ORIENTED_EDGE('',*,*,#3812,.F.);
#4884=CARTESIAN_POINT('',(-0.225393700787402,-0.102808065567133,0.0));
#4885=DIRECTION('',(0.0,0.0,1.0));
#4886=VECTOR('',#4885,0.167322834645669);
#4887=LINE('',#4884,#4886);
#4888=EDGE_CURVE('',#3799,#4870,#4887,.T.);
#4889=ORIENTED_EDGE('',*,*,#4888,.T.);
#4890=EDGE_LOOP('',(#4876,#4882,#4883,#4889));
#4891=FACE_OUTER_BOUND('',#4890,.T.);
#4892=ADVANCED_FACE('',(#4891),#4866,.F.);
#4893=CARTESIAN_POINT('',(-0.225393700787402,-0.102808065567133,0.0));
#4894=DIRECTION('',(1.0,0.0,0.0));
#4895=DIRECTION('',(0.0,0.0,-1.0));
#4896=AXIS2_PLACEMENT_3D('',#4893,#4894,#4895);
#4897=PLANE('',#4896);
#4898=CARTESIAN_POINT('',(-0.225393700787402,-0.214121068291134,0.167322834645669));
#4899=VERTEX_POINT('',#4898);
#4900=CARTESIAN_POINT('',(-0.225393700787402,-0.102808065567133,0.167322834645669));
#4901=DIRECTION('',(0.0,-1.0,0.0));
#4902=VECTOR('',#4901,0.111313002724001);
#4903=LINE('',#4900,#4902);
#4904=EDGE_CURVE('',#4870,#4899,#4903,.T.);
#4905=ORIENTED_EDGE('',*,*,#4904,.F.);
#4906=ORIENTED_EDGE('',*,*,#4888,.F.);
#4907=ORIENTED_EDGE('',*,*,#3804,.F.);
#4908=CARTESIAN_POINT('',(-0.225393700787402,-0.214121068291134,0.0));
#4909=DIRECTION('',(0.0,0.0,1.0));
#4910=VECTOR('',#4909,0.167322834645669);
#4911=LINE('',#4908,#4910);
#4912=EDGE_CURVE('',#3791,#4899,#4911,.T.);
#4913=ORIENTED_EDGE('',*,*,#4912,.T.);
#4914=EDGE_LOOP('',(#4905,#4906,#4907,#4913));
#4915=FACE_OUTER_BOUND('',#4914,.T.);
#4916=ADVANCED_FACE('',(#4915),#4897,.F.);
#4917=CARTESIAN_POINT('',(-0.225393700787402,-0.214121068291134,0.0));
#4918=DIRECTION('',(-0.500000000000001,-0.866025403784438,0.0));
#4919=DIRECTION('',(0.0,0.0,1.0));
#4920=AXIS2_PLACEMENT_3D('',#4917,#4918,#4919);
#4921=PLANE('',#4920);
#4922=CARTESIAN_POINT('',(-0.24507874015748,-0.202755905511811,0.167322834645669));
#4923=VERTEX_POINT('',#4922);
#4924=CARTESIAN_POINT('',(-0.225393700787402,-0.214121068291134,0.167322834645669));
#4925=DIRECTION('',(-0.866025403784439,0.499999999999999,0.0));
#4926=VECTOR('',#4925,0.022730325558647);
#4927=LINE('',#4924,#4926);
#4928=EDGE_CURVE('',#4899,#4923,#4927,.T.);
#4929=ORIENTED_EDGE('',*,*,#4928,.F.);
#4930=ORIENTED_EDGE('',*,*,#4912,.F.);
#4931=ORIENTED_EDGE('',*,*,#3796,.F.);
#4932=CARTESIAN_POINT('',(-0.24507874015748,-0.202755905511811,0.167322834645669));
#4933=DIRECTION('',(0.0,0.0,-1.0));
#4934=VECTOR('',#4933,0.167322834645669);
#4935=LINE('',#4932,#4934);
#4936=EDGE_CURVE('',#4923,#3789,#4935,.T.);
#4937=ORIENTED_EDGE('',*,*,#4936,.F.);
#4938=EDGE_LOOP('',(#4929,#4930,#4931,#4937));
#4939=FACE_OUTER_BOUND('',#4938,.T.);
#4940=ADVANCED_FACE('',(#4939),#4921,.F.);
#4941=CARTESIAN_POINT('',(-0.234324388787314,-0.158464566929134,0.167322834645669));
#4942=DIRECTION('',(0.0,0.0,1.0));
#4943=DIRECTION('',(1.0,0.0,0.0));
#4944=AXIS2_PLACEMENT_3D('',#4941,#4942,#4943);
#4945=PLANE('',#4944);
#4946=CARTESIAN_POINT('',(-0.24507874015748,-0.114173228346457,0.167322834645669));
#4947=DIRECTION('',(0.0,-1.0,0.0));
#4948=VECTOR('',#4947,0.088582677165354);
#4949=LINE('',#4946,#4948);
#4950=EDGE_CURVE('',#4868,#4923,#4949,.T.);
#4951=ORIENTED_EDGE('',*,*,#4950,.F.);
#4952=ORIENTED_EDGE('',*,*,#4875,.T.);
#4953=ORIENTED_EDGE('',*,*,#4904,.T.);
#4954=ORIENTED_EDGE('',*,*,#4928,.T.);
#4955=EDGE_LOOP('',(#4951,#4952,#4953,#4954));
#4956=FACE_OUTER_BOUND('',#4955,.T.);
#4957=ADVANCED_FACE('',(#4956),#4945,.F.);
#4958=CARTESIAN_POINT('',(0.225393700787402,0.214121068291134,0.0));
#4959=DIRECTION('',(0.500000000000001,0.866025403784438,0.0));
#4960=DIRECTION('',(0.0,0.0,-1.0));
#4961=AXIS2_PLACEMENT_3D('',#4958,#4959,#4960);
#4962=PLANE('',#4961);
#4963=CARTESIAN_POINT('',(0.225393700787402,0.214121068291134,0.167322834645669));
#4964=VERTEX_POINT('',#4963);
#4965=CARTESIAN_POINT('',(0.24507874015748,0.202755905511811,0.167322834645669));
#4966=VERTEX_POINT('',#4965);
#4967=CARTESIAN_POINT('',(0.225393700787402,0.214121068291134,0.167322834645669));
#4968=DIRECTION('',(0.866025403784439,-0.499999999999999,0.0));
#4969=VECTOR('',#4968,0.022730325558647);
#4970=LINE('',#4967,#4969);
#4971=EDGE_CURVE('',#4964,#4966,#4970,.T.);
#4972=ORIENTED_EDGE('',*,*,#4971,.F.);
#4973=CARTESIAN_POINT('',(0.225393700787402,0.214121068291134,0.0));
#4974=DIRECTION('',(0.0,0.0,1.0));
#4975=VECTOR('',#4974,0.167322834645669);
#4976=LINE('',#4973,#4975);
#4977=EDGE_CURVE('',#3935,#4964,#4976,.T.);
#4978=ORIENTED_EDGE('',*,*,#4977,.F.);
#4979=ORIENTED_EDGE('',*,*,#3940,.F.);
#4980=CARTESIAN_POINT('',(0.24507874015748,0.202755905511811,0.167322834645669));
#4981=DIRECTION('',(0.0,0.0,-1.0));
#4982=VECTOR('',#4981,0.167322834645669);
#4983=LINE('',#4980,#4982);
#4984=EDGE_CURVE('',#4966,#3927,#4983,.T.);
#4985=ORIENTED_EDGE('',*,*,#4984,.F.);
#4986=EDGE_LOOP('',(#4972,#4978,#4979,#4985));
#4987=FACE_OUTER_BOUND('',#4986,.T.);
#4988=ADVANCED_FACE('',(#4987),#4962,.F.);
#4989=CARTESIAN_POINT('',(0.24507874015748,0.114173228346457,0.0));
#4990=DIRECTION('',(0.500000000000001,-0.866025403784438,0.0));
#4991=DIRECTION('',(0.0,0.0,-1.0));
#4992=AXIS2_PLACEMENT_3D('',#4989,#4990,#4991);
#4993=PLANE('',#4992);
#4994=CARTESIAN_POINT('',(0.24507874015748,0.114173228346457,0.167322834645669));
#4995=VERTEX_POINT('',#4994);
#4996=CARTESIAN_POINT('',(0.225393700787402,0.102808065567133,0.167322834645669));
#4997=VERTEX_POINT('',#4996);
#4998=CARTESIAN_POINT('',(0.24507874015748,0.114173228346457,0.167322834645669));
#4999=DIRECTION('',(-0.866025403784439,-0.499999999999999,0.0));
#5000=VECTOR('',#4999,0.022730325558647);
#5001=LINE('',#4998,#5000);
#5002=EDGE_CURVE('',#4995,#4997,#5001,.T.);
#5003=ORIENTED_EDGE('',*,*,#5002,.F.);
#5004=CARTESIAN_POINT('',(0.24507874015748,0.114173228346457,0.0));
#5005=DIRECTION('',(0.0,0.0,1.0));
#5006=VECTOR('',#5005,0.167322834645669);
#5007=LINE('',#5004,#5006);
#5008=EDGE_CURVE('',#3951,#4995,#5007,.T.);
#5009=ORIENTED_EDGE('',*,*,#5008,.F.);
#5010=ORIENTED_EDGE('',*,*,#3956,.F.);
#5011=CARTESIAN_POINT('',(0.225393700787402,0.102808065567133,0.0));
#5012=DIRECTION('',(0.0,0.0,1.0));
#5013=VECTOR('',#5012,0.167322834645669);
#5014=LINE('',#5011,#5013);
#5015=EDGE_CURVE('',#3943,#4997,#5014,.T.);
#5016=ORIENTED_EDGE('',*,*,#5015,.T.);
#5017=EDGE_LOOP('',(#5003,#5009,#5010,#5016));
#5018=FACE_OUTER_BOUND('',#5017,.T.);
#5019=ADVANCED_FACE('',(#5018),#4993,.F.);
#5020=CARTESIAN_POINT('',(0.225393700787402,0.102808065567133,0.0));
#5021=DIRECTION('',(-1.0,0.0,0.0));
#5022=DIRECTION('',(0.0,0.0,1.0));
#5023=AXIS2_PLACEMENT_3D('',#5020,#5021,#5022);
#5024=PLANE('',#5023);
#5025=CARTESIAN_POINT('',(0.225393700787402,0.102808065567133,0.167322834645669));
#5026=DIRECTION('',(0.0,1.0,0.0));
#5027=VECTOR('',#5026,0.111313002724001);
#5028=LINE('',#5025,#5027);
#5029=EDGE_CURVE('',#4997,#4964,#5028,.T.);
#5030=ORIENTED_EDGE('',*,*,#5029,.F.);
#5031=ORIENTED_EDGE('',*,*,#5015,.F.);
#5032=ORIENTED_EDGE('',*,*,#3948,.F.);
#5033=ORIENTED_EDGE('',*,*,#4977,.T.);
#5034=EDGE_LOOP('',(#5030,#5031,#5032,#5033));
#5035=FACE_OUTER_BOUND('',#5034,.T.);
#5036=ADVANCED_FACE('',(#5035),#5024,.F.);
#5037=CARTESIAN_POINT('',(0.234324388787314,0.158464566929134,0.167322834645669));
#5038=DIRECTION('',(0.0,0.0,1.0));
#5039=DIRECTION('',(1.0,0.0,0.0));
#5040=AXIS2_PLACEMENT_3D('',#5037,#5038,#5039);
#5041=PLANE('',#5040);
#5042=ORIENTED_EDGE('',*,*,#4971,.T.);
#5043=CARTESIAN_POINT('',(0.24507874015748,0.114173228346457,0.167322834645669));
#5044=DIRECTION('',(0.0,1.0,0.0));
#5045=VECTOR('',#5044,0.088582677165354);
#5046=LINE('',#5043,#5045);
#5047=EDGE_CURVE('',#4995,#4966,#5046,.T.);
#5048=ORIENTED_EDGE('',*,*,#5047,.F.);
#5049=ORIENTED_EDGE('',*,*,#5002,.T.);
#5050=ORIENTED_EDGE('',*,*,#5029,.T.);
#5051=EDGE_LOOP('',(#5042,#5048,#5049,#5050));
#5052=FACE_OUTER_BOUND('',#5051,.T.);
#5053=ADVANCED_FACE('',(#5052),#5041,.F.);
#5054=CARTESIAN_POINT('',(0.114173228346457,-0.24507874015748,0.0));
#5055=DIRECTION('',(-0.866025403784438,-0.500000000000001,0.0));
#5056=DIRECTION('',(0.0,0.0,1.0));
#5057=AXIS2_PLACEMENT_3D('',#5054,#5055,#5056);
#5058=PLANE('',#5057);
#5059=CARTESIAN_POINT('',(0.114173228346457,-0.24507874015748,0.167322834645669));
#5060=VERTEX_POINT('',#5059);
#5061=CARTESIAN_POINT('',(0.102808065567133,-0.225393700787402,0.167322834645669));
#5062=VERTEX_POINT('',#5061);
#5063=CARTESIAN_POINT('',(0.114173228346457,-0.24507874015748,0.167322834645669));
#5064=DIRECTION('',(-0.499999999999999,0.866025403784439,0.0));
#5065=VECTOR('',#5064,0.022730325558647);
#5066=LINE('',#5063,#5065);
#5067=EDGE_CURVE('',#5060,#5062,#5066,.T.);
#5068=ORIENTED_EDGE('',*,*,#5067,.F.);
#5069=CARTESIAN_POINT('',(0.114173228346457,-0.24507874015748,0.0));
#5070=DIRECTION('',(0.0,0.0,1.0));
#5071=VECTOR('',#5070,0.167322834645669);
#5072=LINE('',#5069,#5071);
#5073=EDGE_CURVE('',#4023,#5060,#5072,.T.);
#5074=ORIENTED_EDGE('',*,*,#5073,.F.);
#5075=ORIENTED_EDGE('',*,*,#4028,.F.);
#5076=CARTESIAN_POINT('',(0.102808065567133,-0.225393700787402,0.0));
#5077=DIRECTION('',(0.0,0.0,1.0));
#5078=VECTOR('',#5077,0.167322834645669);
#5079=LINE('',#5076,#5078);
#5080=EDGE_CURVE('',#4015,#5062,#5079,.T.);
#5081=ORIENTED_EDGE('',*,*,#5080,.T.);
#5082=EDGE_LOOP('',(#5068,#5074,#5075,#5081));
#5083=FACE_OUTER_BOUND('',#5082,.T.);
#5084=ADVANCED_FACE('',(#5083),#5058,.F.);
#5085=CARTESIAN_POINT('',(0.102808065567133,-0.225393700787402,0.0));
#5086=DIRECTION('',(0.0,1.0,0.0));
#5087=DIRECTION('',(0.0,0.0,1.0));
#5088=AXIS2_PLACEMENT_3D('',#5085,#5086,#5087);
#5089=PLANE('',#5088);
#5090=CARTESIAN_POINT('',(0.214121068291134,-0.225393700787402,0.167322834645669));
#5091=VERTEX_POINT('',#5090);
#5092=CARTESIAN_POINT('',(0.102808065567133,-0.225393700787402,0.167322834645669));
#5093=DIRECTION('',(1.0,0.0,0.0));
#5094=VECTOR('',#5093,0.111313002724001);
#5095=LINE('',#5092,#5094);
#5096=EDGE_CURVE('',#5062,#5091,#5095,.T.);
#5097=ORIENTED_EDGE('',*,*,#5096,.F.);
#5098=ORIENTED_EDGE('',*,*,#5080,.F.);
#5099=ORIENTED_EDGE('',*,*,#4020,.F.);
#5100=CARTESIAN_POINT('',(0.214121068291134,-0.225393700787402,0.0));
#5101=DIRECTION('',(0.0,0.0,1.0));
#5102=VECTOR('',#5101,0.167322834645669);
#5103=LINE('',#5100,#5102);
#5104=EDGE_CURVE('',#4007,#5091,#5103,.T.);
#5105=ORIENTED_EDGE('',*,*,#5104,.T.);
#5106=EDGE_LOOP('',(#5097,#5098,#5099,#5105));
#5107=FACE_OUTER_BOUND('',#5106,.T.);
#5108=ADVANCED_FACE('',(#5107),#5089,.F.);
#5109=CARTESIAN_POINT('',(0.214121068291134,-0.225393700787402,0.0));
#5110=DIRECTION('',(0.866025403784438,-0.500000000000001,0.0));
#5111=DIRECTION('',(0.0,0.0,-1.0));
#5112=AXIS2_PLACEMENT_3D('',#5109,#5110,#5111);
#5113=PLANE('',#5112);
#5114=CARTESIAN_POINT('',(0.202755905511811,-0.24507874015748,0.167322834645669));
#5115=VERTEX_POINT('',#5114);
#5116=CARTESIAN_POINT('',(0.214121068291134,-0.225393700787402,0.167322834645669));
#5117=DIRECTION('',(-0.500000000000001,-0.866025403784438,0.0));
#5118=VECTOR('',#5117,0.022730325558647);
#5119=LINE('',#5116,#5118);
#5120=EDGE_CURVE('',#5091,#5115,#5119,.T.);
#5121=ORIENTED_EDGE('',*,*,#5120,.F.);
#5122=ORIENTED_EDGE('',*,*,#5104,.F.);
#5123=ORIENTED_EDGE('',*,*,#4012,.F.);
#5124=CARTESIAN_POINT('',(0.202755905511811,-0.24507874015748,0.167322834645669));
#5125=DIRECTION('',(0.0,0.0,-1.0));
#5126=VECTOR('',#5125,0.167322834645669);
#5127=LINE('',#5124,#5126);
#5128=EDGE_CURVE('',#5115,#3999,#5127,.T.);
#5129=ORIENTED_EDGE('',*,*,#5128,.F.);
#5130=EDGE_LOOP('',(#5121,#5122,#5123,#5129));
#5131=FACE_OUTER_BOUND('',#5130,.T.);
#5132=ADVANCED_FACE('',(#5131),#5113,.F.);
#5133=CARTESIAN_POINT('',(0.158464566929134,-0.234324388787314,0.167322834645669));
#5134=DIRECTION('',(0.0,0.0,1.0));
#5135=DIRECTION('',(1.0,0.0,0.0));
#5136=AXIS2_PLACEMENT_3D('',#5133,#5134,#5135);
#5137=PLANE('',#5136);
#5138=CARTESIAN_POINT('',(0.114173228346457,-0.24507874015748,0.167322834645669));
#5139=DIRECTION('',(1.0,0.0,0.0));
#5140=VECTOR('',#5139,0.088582677165354);
#5141=LINE('',#5138,#5140);
#5142=EDGE_CURVE('',#5060,#5115,#5141,.T.);
#5143=ORIENTED_EDGE('',*,*,#5142,.F.);
#5144=ORIENTED_EDGE('',*,*,#5067,.T.);
#5145=ORIENTED_EDGE('',*,*,#5096,.T.);
#5146=ORIENTED_EDGE('',*,*,#5120,.T.);
#5147=EDGE_LOOP('',(#5143,#5144,#5145,#5146));
#5148=FACE_OUTER_BOUND('',#5147,.T.);
#5149=ADVANCED_FACE('',(#5148),#5137,.F.);
#5150=CARTESIAN_POINT('',(-0.214121068291134,-0.225393700787402,0.0));
#5151=DIRECTION('',(0.0,1.0,0.0));
#5152=DIRECTION('',(0.0,0.0,1.0));
#5153=AXIS2_PLACEMENT_3D('',#5150,#5151,#5152);
#5154=PLANE('',#5153);
#5155=CARTESIAN_POINT('',(-0.214121068291134,-0.225393700787402,0.167322834645669));
#5156=VERTEX_POINT('',#5155);
#5157=CARTESIAN_POINT('',(-0.102808065567133,-0.225393700787402,0.167322834645669));
#5158=VERTEX_POINT('',#5157);
#5159=CARTESIAN_POINT('',(-0.214121068291134,-0.225393700787402,0.167322834645669));
#5160=DIRECTION('',(1.0,0.0,0.0));
#5161=VECTOR('',#5160,0.111313002724001);
#5162=LINE('',#5159,#5161);
#5163=EDGE_CURVE('',#5156,#5158,#5162,.T.);
#5164=ORIENTED_EDGE('',*,*,#5163,.F.);
#5165=CARTESIAN_POINT('',(-0.214121068291134,-0.225393700787402,0.0));
#5166=DIRECTION('',(0.0,0.0,1.0));
#5167=VECTOR('',#5166,0.167322834645669);
#5168=LINE('',#5165,#5167);
#5169=EDGE_CURVE('',#4047,#5156,#5168,.T.);
#5170=ORIENTED_EDGE('',*,*,#5169,.F.);
#5171=ORIENTED_EDGE('',*,*,#4052,.F.);
#5172=CARTESIAN_POINT('',(-0.102808065567133,-0.225393700787402,0.0));
#5173=DIRECTION('',(0.0,0.0,1.0));
#5174=VECTOR('',#5173,0.167322834645669);
#5175=LINE('',#5172,#5174);
#5176=EDGE_CURVE('',#4039,#5158,#5175,.T.);
#5177=ORIENTED_EDGE('',*,*,#5176,.T.);
#5178=EDGE_LOOP('',(#5164,#5170,#5171,#5177));
#5179=FACE_OUTER_BOUND('',#5178,.T.);
#5180=ADVANCED_FACE('',(#5179),#5154,.F.);
#5181=CARTESIAN_POINT('',(-0.102808065567133,-0.225393700787402,0.0));
#5182=DIRECTION('',(0.866025403784438,-0.500000000000001,0.0));
#5183=DIRECTION('',(0.0,0.0,-1.0));
#5184=AXIS2_PLACEMENT_3D('',#5181,#5182,#5183);
#5185=PLANE('',#5184);
#5186=CARTESIAN_POINT('',(-0.114173228346457,-0.24507874015748,0.167322834645669));
#5187=VERTEX_POINT('',#5186);
#5188=CARTESIAN_POINT('',(-0.102808065567133,-0.225393700787402,0.167322834645669));
#5189=DIRECTION('',(-0.500000000000001,-0.866025403784438,0.0));
#5190=VECTOR('',#5189,0.022730325558647);
#5191=LINE('',#5188,#5190);
#5192=EDGE_CURVE('',#5158,#5187,#5191,.T.);
#5193=ORIENTED_EDGE('',*,*,#5192,.F.);
#5194=ORIENTED_EDGE('',*,*,#5176,.F.);
#5195=ORIENTED_EDGE('',*,*,#4044,.F.);
#5196=CARTESIAN_POINT('',(-0.114173228346457,-0.24507874015748,0.167322834645669));
#5197=DIRECTION('',(0.0,0.0,-1.0));
#5198=VECTOR('',#5197,0.167322834645669);
#5199=LINE('',#5196,#5198);
#5200=EDGE_CURVE('',#5187,#4031,#5199,.T.);
#5201=ORIENTED_EDGE('',*,*,#5200,.F.);
#5202=EDGE_LOOP('',(#5193,#5194,#5195,#5201));
#5203=FACE_OUTER_BOUND('',#5202,.T.);
#5204=ADVANCED_FACE('',(#5203),#5185,.F.);
#5205=CARTESIAN_POINT('',(-0.202755905511811,-0.24507874015748,0.0));
#5206=DIRECTION('',(-0.866025403784438,-0.500000000000001,0.0));
#5207=DIRECTION('',(0.0,0.0,1.0));
#5208=AXIS2_PLACEMENT_3D('',#5205,#5206,#5207);
#5209=PLANE('',#5208);
#5210=CARTESIAN_POINT('',(-0.202755905511811,-0.24507874015748,0.167322834645669));
#5211=VERTEX_POINT('',#5210);
#5212=CARTESIAN_POINT('',(-0.202755905511811,-0.24507874015748,0.167322834645669));
#5213=DIRECTION('',(-0.500000000000001,0.866025403784438,0.0));
#5214=VECTOR('',#5213,0.022730325558647);
#5215=LINE('',#5212,#5214);
#5216=EDGE_CURVE('',#5211,#5156,#5215,.T.);
#5217=ORIENTED_EDGE('',*,*,#5216,.F.);
#5218=CARTESIAN_POINT('',(-0.202755905511811,-0.24507874015748,0.0));
#5219=DIRECTION('',(0.0,0.0,1.0));
#5220=VECTOR('',#5219,0.167322834645669);
#5221=LINE('',#5218,#5220);
#5222=EDGE_CURVE('',#4055,#5211,#5221,.T.);
#5223=ORIENTED_EDGE('',*,*,#5222,.F.);
#5224=ORIENTED_EDGE('',*,*,#4060,.F.);
#5225=ORIENTED_EDGE('',*,*,#5169,.T.);
#5226=EDGE_LOOP('',(#5217,#5223,#5224,#5225));
#5227=FACE_OUTER_BOUND('',#5226,.T.);
#5228=ADVANCED_FACE('',(#5227),#5209,.F.);
#5229=CARTESIAN_POINT('',(-0.158464566929134,-0.234324388787314,0.167322834645669));
#5230=DIRECTION('',(0.0,0.0,1.0));
#5231=DIRECTION('',(1.0,0.0,0.0));
#5232=AXIS2_PLACEMENT_3D('',#5229,#5230,#5231);
#5233=PLANE('',#5232);
#5234=ORIENTED_EDGE('',*,*,#5163,.T.);
#5235=ORIENTED_EDGE('',*,*,#5192,.T.);
#5236=CARTESIAN_POINT('',(-0.202755905511811,-0.24507874015748,0.167322834645669));
#5237=DIRECTION('',(1.0,0.0,0.0));
#5238=VECTOR('',#5237,0.088582677165354);
#5239=LINE('',#5236,#5238);
#5240=EDGE_CURVE('',#5211,#5187,#5239,.T.);
#5241=ORIENTED_EDGE('',*,*,#5240,.F.);
#5242=ORIENTED_EDGE('',*,*,#5216,.T.);
#5243=EDGE_LOOP('',(#5234,#5235,#5241,#5242));
#5244=FACE_OUTER_BOUND('',#5243,.T.);
#5245=ADVANCED_FACE('',(#5244),#5233,.F.);
#5246=CARTESIAN_POINT('',(0.214121068291134,0.225393700787402,0.0));
#5247=DIRECTION('',(0.0,-1.0,0.0));
#5248=DIRECTION('',(0.0,0.0,-1.0));
#5249=AXIS2_PLACEMENT_3D('',#5246,#5247,#5248);
#5250=PLANE('',#5249);
#5251=CARTESIAN_POINT('',(0.214121068291134,0.225393700787402,0.167322834645669));
#5252=VERTEX_POINT('',#5251);
#5253=CARTESIAN_POINT('',(0.102808065567133,0.225393700787402,0.167322834645669));
#5254=VERTEX_POINT('',#5253);
#5255=CARTESIAN_POINT('',(0.214121068291134,0.225393700787402,0.167322834645669));
#5256=DIRECTION('',(-1.0,0.0,0.0));
#5257=VECTOR('',#5256,0.111313002724001);
#5258=LINE('',#5255,#5257);
#5259=EDGE_CURVE('',#5252,#5254,#5258,.T.);
#5260=ORIENTED_EDGE('',*,*,#5259,.F.);
#5261=CARTESIAN_POINT('',(0.214121068291134,0.225393700787402,0.0));
#5262=DIRECTION('',(0.0,0.0,1.0));
#5263=VECTOR('',#5262,0.167322834645669);
#5264=LINE('',#5261,#5263);
#5265=EDGE_CURVE('',#3903,#5252,#5264,.T.);
#5266=ORIENTED_EDGE('',*,*,#5265,.F.);
#5267=ORIENTED_EDGE('',*,*,#3908,.F.);
#5268=CARTESIAN_POINT('',(0.102808065567133,0.225393700787402,0.0));
#5269=DIRECTION('',(0.0,0.0,1.0));
#5270=VECTOR('',#5269,0.167322834645669);
#5271=LINE('',#5268,#5270);
#5272=EDGE_CURVE('',#3895,#5254,#5271,.T.);
#5273=ORIENTED_EDGE('',*,*,#5272,.T.);
#5274=EDGE_LOOP('',(#5260,#5266,#5267,#5273));
#5275=FACE_OUTER_BOUND('',#5274,.T.);
#5276=ADVANCED_FACE('',(#5275),#5250,.F.);
#5277=CARTESIAN_POINT('',(0.102808065567133,0.225393700787402,0.0));
#5278=DIRECTION('',(-0.866025403784438,0.500000000000001,0.0));
#5279=DIRECTION('',(0.0,0.0,1.0));
#5280=AXIS2_PLACEMENT_3D('',#5277,#5278,#5279);
#5281=PLANE('',#5280);
#5282=CARTESIAN_POINT('',(0.114173228346457,0.24507874015748,0.167322834645669));
#5283=VERTEX_POINT('',#5282);
#5284=CARTESIAN_POINT('',(0.102808065567133,0.225393700787402,0.167322834645669));
#5285=DIRECTION('',(0.500000000000001,0.866025403784438,0.0));
#5286=VECTOR('',#5285,0.022730325558647);
#5287=LINE('',#5284,#5286);
#5288=EDGE_CURVE('',#5254,#5283,#5287,.T.);
#5289=ORIENTED_EDGE('',*,*,#5288,.F.);
#5290=ORIENTED_EDGE('',*,*,#5272,.F.);
#5291=ORIENTED_EDGE('',*,*,#3900,.F.);
#5292=CARTESIAN_POINT('',(0.114173228346457,0.24507874015748,0.167322834645669));
#5293=DIRECTION('',(0.0,0.0,-1.0));
#5294=VECTOR('',#5293,0.167322834645669);
#5295=LINE('',#5292,#5294);
#5296=EDGE_CURVE('',#5283,#3887,#5295,.T.);
#5297=ORIENTED_EDGE('',*,*,#5296,.F.);
#5298=EDGE_LOOP('',(#5289,#5290,#5291,#5297));
#5299=FACE_OUTER_BOUND('',#5298,.T.);
#5300=ADVANCED_FACE('',(#5299),#5281,.F.);
#5301=CARTESIAN_POINT('',(0.202755905511811,0.24507874015748,0.0));
#5302=DIRECTION('',(0.866025403784438,0.500000000000001,0.0));
#5303=DIRECTION('',(0.0,0.0,-1.0));
#5304=AXIS2_PLACEMENT_3D('',#5301,#5302,#5303);
#5305=PLANE('',#5304);
#5306=CARTESIAN_POINT('',(0.202755905511811,0.24507874015748,0.167322834645669));
#5307=VERTEX_POINT('',#5306);
#5308=CARTESIAN_POINT('',(0.202755905511811,0.24507874015748,0.167322834645669));
#5309=DIRECTION('',(0.500000000000001,-0.866025403784438,0.0));
#5310=VECTOR('',#5309,0.022730325558647);
#5311=LINE('',#5308,#5310);
#5312=EDGE_CURVE('',#5307,#5252,#5311,.T.);
#5313=ORIENTED_EDGE('',*,*,#5312,.F.);
#5314=CARTESIAN_POINT('',(0.202755905511811,0.24507874015748,0.0));
#5315=DIRECTION('',(0.0,0.0,1.0));
#5316=VECTOR('',#5315,0.167322834645669);
#5317=LINE('',#5314,#5316);
#5318=EDGE_CURVE('',#3911,#5307,#5317,.T.);
#5319=ORIENTED_EDGE('',*,*,#5318,.F.);
#5320=ORIENTED_EDGE('',*,*,#3916,.F.);
#5321=ORIENTED_EDGE('',*,*,#5265,.T.);
#5322=EDGE_LOOP('',(#5313,#5319,#5320,#5321));
#5323=FACE_OUTER_BOUND('',#5322,.T.);
#5324=ADVANCED_FACE('',(#5323),#5305,.F.);
#5325=CARTESIAN_POINT('',(0.158464566929134,0.234324388787314,0.167322834645669));
#5326=DIRECTION('',(0.0,0.0,1.0));
#5327=DIRECTION('',(1.0,0.0,0.0));
#5328=AXIS2_PLACEMENT_3D('',#5325,#5326,#5327);
#5329=PLANE('',#5328);
#5330=ORIENTED_EDGE('',*,*,#5259,.T.);
#5331=ORIENTED_EDGE('',*,*,#5288,.T.);
#5332=CARTESIAN_POINT('',(0.202755905511811,0.24507874015748,0.167322834645669));
#5333=DIRECTION('',(-1.0,0.0,0.0));
#5334=VECTOR('',#5333,0.088582677165354);
#5335=LINE('',#5332,#5334);
#5336=EDGE_CURVE('',#5307,#5283,#5335,.T.);
#5337=ORIENTED_EDGE('',*,*,#5336,.F.);
#5338=ORIENTED_EDGE('',*,*,#5312,.T.);
#5339=EDGE_LOOP('',(#5330,#5331,#5337,#5338));
#5340=FACE_OUTER_BOUND('',#5339,.T.);
#5341=ADVANCED_FACE('',(#5340),#5329,.F.);
#5342=CARTESIAN_POINT('',(-0.114173228346457,0.24507874015748,0.0));
#5343=DIRECTION('',(0.866025403784438,0.500000000000001,0.0));
#5344=DIRECTION('',(0.0,0.0,-1.0));
#5345=AXIS2_PLACEMENT_3D('',#5342,#5343,#5344);
#5346=PLANE('',#5345);
#5347=CARTESIAN_POINT('',(-0.114173228346457,0.24507874015748,0.167322834645669));
#5348=VERTEX_POINT('',#5347);
#5349=CARTESIAN_POINT('',(-0.102808065567133,0.225393700787402,0.167322834645669));
#5350=VERTEX_POINT('',#5349);
#5351=CARTESIAN_POINT('',(-0.114173228346457,0.24507874015748,0.167322834645669));
#5352=DIRECTION('',(0.499999999999999,-0.866025403784439,0.0));
#5353=VECTOR('',#5352,0.022730325558647);
#5354=LINE('',#5351,#5353);
#5355=EDGE_CURVE('',#5348,#5350,#5354,.T.);
#5356=ORIENTED_EDGE('',*,*,#5355,.F.);
#5357=CARTESIAN_POINT('',(-0.114173228346457,0.24507874015748,0.0));
#5358=DIRECTION('',(0.0,0.0,1.0));
#5359=VECTOR('',#5358,0.167322834645669);
#5360=LINE('',#5357,#5359);
#5361=EDGE_CURVE('',#3879,#5348,#5360,.T.);
#5362=ORIENTED_EDGE('',*,*,#5361,.F.);
#5363=ORIENTED_EDGE('',*,*,#3884,.F.);
#5364=CARTESIAN_POINT('',(-0.102808065567133,0.225393700787402,0.0));
#5365=DIRECTION('',(0.0,0.0,1.0));
#5366=VECTOR('',#5365,0.167322834645669);
#5367=LINE('',#5364,#5366);
#5368=EDGE_CURVE('',#3871,#5350,#5367,.T.);
#5369=ORIENTED_EDGE('',*,*,#5368,.T.);
#5370=EDGE_LOOP('',(#5356,#5362,#5363,#5369));
#5371=FACE_OUTER_BOUND('',#5370,.T.);
#5372=ADVANCED_FACE('',(#5371),#5346,.F.);
#5373=CARTESIAN_POINT('',(-0.102808065567133,0.225393700787402,0.0));
#5374=DIRECTION('',(0.0,-1.0,0.0));
#5375=DIRECTION('',(0.0,0.0,-1.0));
#5376=AXIS2_PLACEMENT_3D('',#5373,#5374,#5375);
#5377=PLANE('',#5376);
#5378=CARTESIAN_POINT('',(-0.214121068291134,0.225393700787402,0.167322834645669));
#5379=VERTEX_POINT('',#5378);
#5380=CARTESIAN_POINT('',(-0.102808065567133,0.225393700787402,0.167322834645669));
#5381=DIRECTION('',(-1.0,0.0,0.0));
#5382=VECTOR('',#5381,0.111313002724001);
#5383=LINE('',#5380,#5382);
#5384=EDGE_CURVE('',#5350,#5379,#5383,.T.);
#5385=ORIENTED_EDGE('',*,*,#5384,.F.);
#5386=ORIENTED_EDGE('',*,*,#5368,.F.);
#5387=ORIENTED_EDGE('',*,*,#3876,.F.);
#5388=CARTESIAN_POINT('',(-0.214121068291134,0.225393700787402,0.0));
#5389=DIRECTION('',(0.0,0.0,1.0));
#5390=VECTOR('',#5389,0.167322834645669);
#5391=LINE('',#5388,#5390);
#5392=EDGE_CURVE('',#3863,#5379,#5391,.T.);
#5393=ORIENTED_EDGE('',*,*,#5392,.T.);
#5394=EDGE_LOOP('',(#5385,#5386,#5387,#5393));
#5395=FACE_OUTER_BOUND('',#5394,.T.);
#5396=ADVANCED_FACE('',(#5395),#5377,.F.);
#5397=CARTESIAN_POINT('',(-0.214121068291134,0.225393700787402,0.0));
#5398=DIRECTION('',(-0.866025403784438,0.500000000000001,0.0));
#5399=DIRECTION('',(0.0,0.0,1.0));
#5400=AXIS2_PLACEMENT_3D('',#5397,#5398,#5399);
#5401=PLANE('',#5400);
#5402=CARTESIAN_POINT('',(-0.202755905511811,0.24507874015748,0.167322834645669));
#5403=VERTEX_POINT('',#5402);
#5404=CARTESIAN_POINT('',(-0.214121068291134,0.225393700787402,0.167322834645669));
#5405=DIRECTION('',(0.500000000000001,0.866025403784438,0.0));
#5406=VECTOR('',#5405,0.022730325558647);
#5407=LINE('',#5404,#5406);
#5408=EDGE_CURVE('',#5379,#5403,#5407,.T.);
#5409=ORIENTED_EDGE('',*,*,#5408,.F.);
#5410=ORIENTED_EDGE('',*,*,#5392,.F.);
#5411=ORIENTED_EDGE('',*,*,#3868,.F.);
#5412=CARTESIAN_POINT('',(-0.202755905511811,0.24507874015748,0.167322834645669));
#5413=DIRECTION('',(0.0,0.0,-1.0));
#5414=VECTOR('',#5413,0.167322834645669);
#5415=LINE('',#5412,#5414);
#5416=EDGE_CURVE('',#5403,#3855,#5415,.T.);
#5417=ORIENTED_EDGE('',*,*,#5416,.F.);
#5418=EDGE_LOOP('',(#5409,#5410,#5411,#5417));
#5419=FACE_OUTER_BOUND('',#5418,.T.);
#5420=ADVANCED_FACE('',(#5419),#5401,.F.);
#5421=CARTESIAN_POINT('',(-0.158464566929134,0.234324388787314,0.167322834645669));
#5422=DIRECTION('',(0.0,0.0,1.0));
#5423=DIRECTION('',(1.0,0.0,0.0));
#5424=AXIS2_PLACEMENT_3D('',#5421,#5422,#5423);
#5425=PLANE('',#5424);
#5426=CARTESIAN_POINT('',(-0.114173228346457,0.24507874015748,0.167322834645669));
#5427=DIRECTION('',(-1.0,0.0,0.0));
#5428=VECTOR('',#5427,0.088582677165354);
#5429=LINE('',#5426,#5428);
#5430=EDGE_CURVE('',#5348,#5403,#5429,.T.);
#5431=ORIENTED_EDGE('',*,*,#5430,.F.);
#5432=ORIENTED_EDGE('',*,*,#5355,.T.);
#5433=ORIENTED_EDGE('',*,*,#5384,.T.);
#5434=ORIENTED_EDGE('',*,*,#5408,.T.);
#5435=EDGE_LOOP('',(#5431,#5432,#5433,#5434));
#5436=FACE_OUTER_BOUND('',#5435,.T.);
#5437=ADVANCED_FACE('',(#5436),#5425,.F.);
#5438=CARTESIAN_POINT('',(0.225393700787402,-0.102808065567133,0.0));
#5439=DIRECTION('',(0.500000000000001,0.866025403784438,0.0));
#5440=DIRECTION('',(0.0,0.0,-1.0));
#5441=AXIS2_PLACEMENT_3D('',#5438,#5439,#5440);
#5442=PLANE('',#5441);
#5443=CARTESIAN_POINT('',(0.225393700787402,-0.102808065567133,0.167322834645669));
#5444=VERTEX_POINT('',#5443);
#5445=CARTESIAN_POINT('',(0.24507874015748,-0.114173228346457,0.167322834645669));
#5446=VERTEX_POINT('',#5445);
#5447=CARTESIAN_POINT('',(0.225393700787402,-0.102808065567133,0.167322834645669));
#5448=DIRECTION('',(0.866025403784438,-0.5,0.0));
#5449=VECTOR('',#5448,0.022730325558647);
#5450=LINE('',#5447,#5449);
#5451=EDGE_CURVE('',#5444,#5446,#5450,.T.);
#5452=ORIENTED_EDGE('',*,*,#5451,.F.);
#5453=CARTESIAN_POINT('',(0.225393700787402,-0.102808065567133,0.0));
#5454=DIRECTION('',(0.0,0.0,1.0));
#5455=VECTOR('',#5454,0.167322834645669);
#5456=LINE('',#5453,#5455);
#5457=EDGE_CURVE('',#3967,#5444,#5456,.T.);
#5458=ORIENTED_EDGE('',*,*,#5457,.F.);
#5459=ORIENTED_EDGE('',*,*,#3972,.F.);
#5460=CARTESIAN_POINT('',(0.24507874015748,-0.114173228346457,0.167322834645669));
#5461=DIRECTION('',(0.0,0.0,-1.0));
#5462=VECTOR('',#5461,0.167322834645669);
#5463=LINE('',#5460,#5462);
#5464=EDGE_CURVE('',#5446,#3959,#5463,.T.);
#5465=ORIENTED_EDGE('',*,*,#5464,.F.);
#5466=EDGE_LOOP('',(#5452,#5458,#5459,#5465));
#5467=FACE_OUTER_BOUND('',#5466,.T.);
#5468=ADVANCED_FACE('',(#5467),#5442,.F.);
#5469=CARTESIAN_POINT('',(0.24507874015748,-0.202755905511811,0.0));
#5470=DIRECTION('',(0.500000000000001,-0.866025403784438,0.0));
#5471=DIRECTION('',(0.0,0.0,-1.0));
#5472=AXIS2_PLACEMENT_3D('',#5469,#5470,#5471);
#5473=PLANE('',#5472);
#5474=CARTESIAN_POINT('',(0.24507874015748,-0.202755905511811,0.167322834645669));
#5475=VERTEX_POINT('',#5474);
#5476=CARTESIAN_POINT('',(0.225393700787402,-0.214121068291134,0.167322834645669));
#5477=VERTEX_POINT('',#5476);
#5478=CARTESIAN_POINT('',(0.24507874015748,-0.202755905511811,0.167322834645669));
#5479=DIRECTION('',(-0.866025403784439,-0.499999999999999,0.0));
#5480=VECTOR('',#5479,0.022730325558647);
#5481=LINE('',#5478,#5480);
#5482=EDGE_CURVE('',#5475,#5477,#5481,.T.);
#5483=ORIENTED_EDGE('',*,*,#5482,.F.);
#5484=CARTESIAN_POINT('',(0.24507874015748,-0.202755905511811,0.0));
#5485=DIRECTION('',(0.0,0.0,1.0));
#5486=VECTOR('',#5485,0.167322834645669);
#5487=LINE('',#5484,#5486);
#5488=EDGE_CURVE('',#3983,#5475,#5487,.T.);
#5489=ORIENTED_EDGE('',*,*,#5488,.F.);
#5490=ORIENTED_EDGE('',*,*,#3988,.F.);
#5491=CARTESIAN_POINT('',(0.225393700787402,-0.214121068291134,0.0));
#5492=DIRECTION('',(0.0,0.0,1.0));
#5493=VECTOR('',#5492,0.167322834645669);
#5494=LINE('',#5491,#5493);
#5495=EDGE_CURVE('',#3975,#5477,#5494,.T.);
#5496=ORIENTED_EDGE('',*,*,#5495,.T.);
#5497=EDGE_LOOP('',(#5483,#5489,#5490,#5496));
#5498=FACE_OUTER_BOUND('',#5497,.T.);
#5499=ADVANCED_FACE('',(#5498),#5473,.F.);
#5500=CARTESIAN_POINT('',(0.225393700787402,-0.214121068291134,0.0));
#5501=DIRECTION('',(-1.0,0.0,0.0));
#5502=DIRECTION('',(0.0,0.0,1.0));
#5503=AXIS2_PLACEMENT_3D('',#5500,#5501,#5502);
#5504=PLANE('',#5503);
#5505=CARTESIAN_POINT('',(0.225393700787402,-0.214121068291134,0.167322834645669));
#5506=DIRECTION('',(0.0,1.0,0.0));
#5507=VECTOR('',#5506,0.111313002724001);
#5508=LINE('',#5505,#5507);
#5509=EDGE_CURVE('',#5477,#5444,#5508,.T.);
#5510=ORIENTED_EDGE('',*,*,#5509,.F.);
#5511=ORIENTED_EDGE('',*,*,#5495,.F.);
#5512=ORIENTED_EDGE('',*,*,#3980,.F.);
#5513=ORIENTED_EDGE('',*,*,#5457,.T.);
#5514=EDGE_LOOP('',(#5510,#5511,#5512,#5513));
#5515=FACE_OUTER_BOUND('',#5514,.T.);
#5516=ADVANCED_FACE('',(#5515),#5504,.F.);
#5517=CARTESIAN_POINT('',(0.234324388787314,-0.158464566929134,0.167322834645669));
#5518=DIRECTION('',(0.0,0.0,1.0));
#5519=DIRECTION('',(1.0,0.0,0.0));
#5520=AXIS2_PLACEMENT_3D('',#5517,#5518,#5519);
#5521=PLANE('',#5520);
#5522=ORIENTED_EDGE('',*,*,#5451,.T.);
#5523=CARTESIAN_POINT('',(0.24507874015748,-0.202755905511811,0.167322834645669));
#5524=DIRECTION('',(0.0,1.0,0.0));
#5525=VECTOR('',#5524,0.088582677165354);
#5526=LINE('',#5523,#5525);
#5527=EDGE_CURVE('',#5475,#5446,#5526,.T.);
#5528=ORIENTED_EDGE('',*,*,#5527,.F.);
#5529=ORIENTED_EDGE('',*,*,#5482,.T.);
#5530=ORIENTED_EDGE('',*,*,#5509,.T.);
#5531=EDGE_LOOP('',(#5522,#5528,#5529,#5530));
#5532=FACE_OUTER_BOUND('',#5531,.T.);
#5533=ADVANCED_FACE('',(#5532),#5521,.F.);
#5534=CARTESIAN_POINT('',(-0.225393700787402,0.102808065567133,0.0));
#5535=DIRECTION('',(-0.500000000000001,-0.866025403784438,0.0));
#5536=DIRECTION('',(0.0,0.0,1.0));
#5537=AXIS2_PLACEMENT_3D('',#5534,#5535,#5536);
#5538=PLANE('',#5537);
#5539=CARTESIAN_POINT('',(-0.225393700787402,0.102808065567133,0.167322834645669));
#5540=VERTEX_POINT('',#5539);
#5541=CARTESIAN_POINT('',(-0.24507874015748,0.114173228346457,0.167322834645669));
#5542=VERTEX_POINT('',#5541);
#5543=CARTESIAN_POINT('',(-0.225393700787402,0.102808065567133,0.167322834645669));
#5544=DIRECTION('',(-0.866025403784438,0.5,0.0));
#5545=VECTOR('',#5544,0.022730325558647);
#5546=LINE('',#5543,#5545);
#5547=EDGE_CURVE('',#5540,#5542,#5546,.T.);
#5548=ORIENTED_EDGE('',*,*,#5547,.F.);
#5549=CARTESIAN_POINT('',(-0.225393700787402,0.102808065567133,0.0));
#5550=DIRECTION('',(0.0,0.0,1.0));
#5551=VECTOR('',#5550,0.167322834645669);
#5552=LINE('',#5549,#5551);
#5553=EDGE_CURVE('',#3823,#5540,#5552,.T.);
#5554=ORIENTED_EDGE('',*,*,#5553,.F.);
#5555=ORIENTED_EDGE('',*,*,#3828,.F.);
#5556=CARTESIAN_POINT('',(-0.24507874015748,0.114173228346457,0.167322834645669));
#5557=DIRECTION('',(0.0,0.0,-1.0));
#5558=VECTOR('',#5557,0.167322834645669);
#5559=LINE('',#5556,#5558);
#5560=EDGE_CURVE('',#5542,#3815,#5559,.T.);
#5561=ORIENTED_EDGE('',*,*,#5560,.F.);
#5562=EDGE_LOOP('',(#5548,#5554,#5555,#5561));
#5563=FACE_OUTER_BOUND('',#5562,.T.);
#5564=ADVANCED_FACE('',(#5563),#5538,.F.);
#5565=CARTESIAN_POINT('',(-0.24507874015748,0.202755905511811,0.0));
#5566=DIRECTION('',(-0.500000000000001,0.866025403784438,0.0));
#5567=DIRECTION('',(0.0,0.0,1.0));
#5568=AXIS2_PLACEMENT_3D('',#5565,#5566,#5567);
#5569=PLANE('',#5568);
#5570=CARTESIAN_POINT('',(-0.24507874015748,0.202755905511811,0.167322834645669));
#5571=VERTEX_POINT('',#5570);
#5572=CARTESIAN_POINT('',(-0.225393700787402,0.214121068291134,0.167322834645669));
#5573=VERTEX_POINT('',#5572);
#5574=CARTESIAN_POINT('',(-0.24507874015748,0.202755905511811,0.167322834645669));
#5575=DIRECTION('',(0.866025403784439,0.499999999999999,0.0));
#5576=VECTOR('',#5575,0.022730325558647);
#5577=LINE('',#5574,#5576);
#5578=EDGE_CURVE('',#5571,#5573,#5577,.T.);
#5579=ORIENTED_EDGE('',*,*,#5578,.F.);
#5580=CARTESIAN_POINT('',(-0.24507874015748,0.202755905511811,0.0));
#5581=DIRECTION('',(0.0,0.0,1.0));
#5582=VECTOR('',#5581,0.167322834645669);
#5583=LINE('',#5580,#5582);
#5584=EDGE_CURVE('',#3839,#5571,#5583,.T.);
#5585=ORIENTED_EDGE('',*,*,#5584,.F.);
#5586=ORIENTED_EDGE('',*,*,#3844,.F.);
#5587=CARTESIAN_POINT('',(-0.225393700787402,0.214121068291134,0.0));
#5588=DIRECTION('',(0.0,0.0,1.0));
#5589=VECTOR('',#5588,0.167322834645669);
#5590=LINE('',#5587,#5589);
#5591=EDGE_CURVE('',#3831,#5573,#5590,.T.);
#5592=ORIENTED_EDGE('',*,*,#5591,.T.);
#5593=EDGE_LOOP('',(#5579,#5585,#5586,#5592));
#5594=FACE_OUTER_BOUND('',#5593,.T.);
#5595=ADVANCED_FACE('',(#5594),#5569,.F.);
#5596=CARTESIAN_POINT('',(-0.225393700787402,0.214121068291134,0.0));
#5597=DIRECTION('',(1.0,0.0,0.0));
#5598=DIRECTION('',(0.0,0.0,-1.0));
#5599=AXIS2_PLACEMENT_3D('',#5596,#5597,#5598);
#5600=PLANE('',#5599);
#5601=CARTESIAN_POINT('',(-0.225393700787402,0.214121068291134,0.167322834645669));
#5602=DIRECTION('',(0.0,-1.0,0.0));
#5603=VECTOR('',#5602,0.111313002724001);
#5604=LINE('',#5601,#5603);
#5605=EDGE_CURVE('',#5573,#5540,#5604,.T.);
#5606=ORIENTED_EDGE('',*,*,#5605,.F.);
#5607=ORIENTED_EDGE('',*,*,#5591,.F.);
#5608=ORIENTED_EDGE('',*,*,#3836,.F.);
#5609=ORIENTED_EDGE('',*,*,#5553,.T.);
#5610=EDGE_LOOP('',(#5606,#5607,#5608,#5609));
#5611=FACE_OUTER_BOUND('',#5610,.T.);
#5612=ADVANCED_FACE('',(#5611),#5600,.F.);
#5613=CARTESIAN_POINT('',(-0.234324388787314,0.158464566929134,0.167322834645669));
#5614=DIRECTION('',(0.0,0.0,1.0));
#5615=DIRECTION('',(1.0,0.0,0.0));
#5616=AXIS2_PLACEMENT_3D('',#5613,#5614,#5615);
#5617=PLANE('',#5616);
#5618=ORIENTED_EDGE('',*,*,#5547,.T.);
#5619=CARTESIAN_POINT('',(-0.24507874015748,0.202755905511811,0.167322834645669));
#5620=DIRECTION('',(0.0,-1.0,0.0));
#5621=VECTOR('',#5620,0.088582677165354);
#5622=LINE('',#5619,#5621);
#5623=EDGE_CURVE('',#5571,#5542,#5622,.T.);
#5624=ORIENTED_EDGE('',*,*,#5623,.F.);
#5625=ORIENTED_EDGE('',*,*,#5578,.T.);
#5626=ORIENTED_EDGE('',*,*,#5605,.T.);
#5627=EDGE_LOOP('',(#5618,#5624,#5625,#5626));
#5628=FACE_OUTER_BOUND('',#5627,.T.);
#5629=ADVANCED_FACE('',(#5628),#5617,.F.);
#5630=CARTESIAN_POINT('',(-0.24507874015748,0.24507874015748,0.0));
#5631=DIRECTION('',(0.0,1.0,0.0));
#5632=DIRECTION('',(0.0,0.0,1.0));
#5633=AXIS2_PLACEMENT_3D('',#5630,#5631,#5632);
#5634=PLANE('',#5633);
#5635=ORIENTED_EDGE('',*,*,#5318,.T.);
#5636=ORIENTED_EDGE('',*,*,#5336,.T.);
#5637=ORIENTED_EDGE('',*,*,#5296,.T.);
#5638=ORIENTED_EDGE('',*,*,#3892,.T.);
#5639=ORIENTED_EDGE('',*,*,#5361,.T.);
#5640=ORIENTED_EDGE('',*,*,#5430,.T.);
#5641=ORIENTED_EDGE('',*,*,#5416,.T.);
#5642=ORIENTED_EDGE('',*,*,#3860,.T.);
#5643=CARTESIAN_POINT('',(-0.24507874015748,0.24507874015748,0.244094488188976));
#5644=VERTEX_POINT('',#5643);
#5645=CARTESIAN_POINT('',(-0.24507874015748,0.24507874015748,0.0));
#5646=DIRECTION('',(0.0,0.0,1.0));
#5647=VECTOR('',#5646,0.244094488188976);
#5648=LINE('',#5645,#5647);
#5649=EDGE_CURVE('',#3847,#5644,#5648,.T.);
#5650=ORIENTED_EDGE('',*,*,#5649,.T.);
#5651=CARTESIAN_POINT('',(0.24507874015748,0.24507874015748,0.244094488188976));
#5652=VERTEX_POINT('',#5651);
#5653=CARTESIAN_POINT('',(-0.24507874015748,0.24507874015748,0.244094488188976));
#5654=DIRECTION('',(1.0,0.0,0.0));
#5655=VECTOR('',#5654,0.490157480314961);
#5656=LINE('',#5653,#5655);
#5657=EDGE_CURVE('',#5644,#5652,#5656,.T.);
#5658=ORIENTED_EDGE('',*,*,#5657,.T.);
#5659=CARTESIAN_POINT('',(0.24507874015748,0.24507874015748,0.0));
#5660=DIRECTION('',(0.0,0.0,1.0));
#5661=VECTOR('',#5660,0.244094488188976);
#5662=LINE('',#5659,#5661);
#5663=EDGE_CURVE('',#3919,#5652,#5662,.T.);
#5664=ORIENTED_EDGE('',*,*,#5663,.F.);
#5665=ORIENTED_EDGE('',*,*,#3924,.T.);
#5666=EDGE_LOOP('',(#5635,#5636,#5637,#5638,#5639,#5640,#5641,#5642,#5650,#5658,#5664,#5665));
#5667=FACE_OUTER_BOUND('',#5666,.T.);
#5668=ADVANCED_FACE('',(#5667),#5634,.T.);
#5669=CARTESIAN_POINT('',(0.24507874015748,0.24507874015748,0.0));
#5670=DIRECTION('',(1.0,0.0,0.0));
#5671=DIRECTION('',(0.0,0.0,-1.0));
#5672=AXIS2_PLACEMENT_3D('',#5669,#5670,#5671);
#5673=PLANE('',#5672);
#5674=ORIENTED_EDGE('',*,*,#5008,.T.);
#5675=ORIENTED_EDGE('',*,*,#5047,.T.);
#5676=ORIENTED_EDGE('',*,*,#4984,.T.);
#5677=ORIENTED_EDGE('',*,*,#3932,.T.);
#5678=ORIENTED_EDGE('',*,*,#5663,.T.);
#5679=CARTESIAN_POINT('',(0.24507874015748,-0.24507874015748,0.244094488188976));
#5680=VERTEX_POINT('',#5679);
#5681=CARTESIAN_POINT('',(0.24507874015748,0.24507874015748,0.244094488188976));
#5682=DIRECTION('',(0.0,-1.0,0.0));
#5683=VECTOR('',#5682,0.490157480314961);
#5684=LINE('',#5681,#5683);
#5685=EDGE_CURVE('',#5652,#5680,#5684,.T.);
#5686=ORIENTED_EDGE('',*,*,#5685,.T.);
#5687=CARTESIAN_POINT('',(0.24507874015748,-0.24507874015748,0.0));
#5688=DIRECTION('',(0.0,0.0,1.0));
#5689=VECTOR('',#5688,0.244094488188976);
#5690=LINE('',#5687,#5689);
#5691=EDGE_CURVE('',#3991,#5680,#5690,.T.);
#5692=ORIENTED_EDGE('',*,*,#5691,.F.);
#5693=ORIENTED_EDGE('',*,*,#3996,.T.);
#5694=ORIENTED_EDGE('',*,*,#5488,.T.);
#5695=ORIENTED_EDGE('',*,*,#5527,.T.);
#5696=ORIENTED_EDGE('',*,*,#5464,.T.);
#5697=ORIENTED_EDGE('',*,*,#3964,.T.);
#5698=EDGE_LOOP('',(#5674,#5675,#5676,#5677,#5678,#5686,#5692,#5693,#5694,#5695,#5696,#5697));
#5699=FACE_OUTER_BOUND('',#5698,.T.);
#5700=ADVANCED_FACE('',(#5699),#5673,.T.);
#5701=CARTESIAN_POINT('',(1.311287E-016,2.284819E-017,0.0));
#5702=DIRECTION('',(0.0,0.0,1.0));
#5703=DIRECTION('',(1.0,0.0,0.0));
#5704=AXIS2_PLACEMENT_3D('',#5701,#5702,#5703);
#5705=PLANE('',#5704);
#5706=ORIENTED_EDGE('',*,*,#1450,.T.);
#5707=ORIENTED_EDGE('',*,*,#1508,.T.);
#5708=ORIENTED_EDGE('',*,*,#1481,.T.);
#5709=EDGE_LOOP('',(#5706,#5707,#5708));
#5710=FACE_OUTER_BOUND('',#5709,.T.);
#5711=ADVANCED_FACE('',(#5710),#5705,.F.);
#5712=CARTESIAN_POINT('',(0.195557373524622,0.206692913385827,0.047244094488189));
#5713=DIRECTION('',(0.707106781186548,0.707106781186548,0.0));
#5714=DIRECTION('',(0.0,0.0,-1.0));
#5715=AXIS2_PLACEMENT_3D('',#5712,#5713,#5714);
#5716=PLANE('',#5715);
#5717=CARTESIAN_POINT('',(0.195557373524622,0.206692913385827,0.135826771653543));
#5718=VERTEX_POINT('',#5717);
#5719=CARTESIAN_POINT('',(0.206692913385827,0.195557373524621,0.135826771653543));
#5720=VERTEX_POINT('',#5719);
#5721=CARTESIAN_POINT('',(0.195557373524622,0.206692913385827,0.135826771653543));
#5722=DIRECTION('',(0.707106781186547,-0.707106781186548,0.0));
#5723=VECTOR('',#5722,0.015748031496063);
#5724=LINE('',#5721,#5723);
#5725=EDGE_CURVE('',#5718,#5720,#5724,.T.);
#5726=ORIENTED_EDGE('',*,*,#5725,.T.);
#5727=CARTESIAN_POINT('',(0.206692913385827,0.195557373524621,0.047244094488189));
#5728=VERTEX_POINT('',#5727);
#5729=CARTESIAN_POINT('',(0.206692913385827,0.195557373524621,0.047244094488189));
#5730=DIRECTION('',(0.0,0.0,1.0));
#5731=VECTOR('',#5730,0.088582677165354);
#5732=LINE('',#5729,#5731);
#5733=EDGE_CURVE('',#5728,#5720,#5732,.T.);
#5734=ORIENTED_EDGE('',*,*,#5733,.F.);
#5735=CARTESIAN_POINT('',(0.195557373524622,0.206692913385827,0.047244094488189));
#5736=DIRECTION('',(0.707106781186547,-0.707106781186548,0.0));
#5737=VECTOR('',#5736,0.015748031496063);
#5738=LINE('',#5735,#5737);
#5739=EDGE_CURVE('',#608,#5728,#5738,.T.);
#5740=ORIENTED_EDGE('',*,*,#5739,.F.);
#5741=CARTESIAN_POINT('',(0.195557373524622,0.206692913385827,0.135826771653543));
#5742=DIRECTION('',(0.0,0.0,-1.0));
#5743=VECTOR('',#5742,0.088582677165354);
#5744=LINE('',#5741,#5743);
#5745=EDGE_CURVE('',#5718,#608,#5744,.T.);
#5746=ORIENTED_EDGE('',*,*,#5745,.F.);
#5747=EDGE_LOOP('',(#5726,#5734,#5740,#5746));
#5748=FACE_OUTER_BOUND('',#5747,.T.);
#5749=ADVANCED_FACE('',(#5748),#5716,.T.);
#5750=CARTESIAN_POINT('',(0.206692913385827,0.195557373524621,0.047244094488189));
#5751=DIRECTION('',(0.707106781186549,-0.707106781186547,0.0));
#5752=DIRECTION('',(0.0,0.0,-1.0));
#5753=AXIS2_PLACEMENT_3D('',#5750,#5751,#5752);
#5754=PLANE('',#5753);
#5755=CARTESIAN_POINT('',(0.112040824565581,0.100905284704374,0.135826771653543));
#5756=VERTEX_POINT('',#5755);
#5757=CARTESIAN_POINT('',(0.206692913385827,0.195557373524621,0.135826771653543));
#5758=DIRECTION('',(-0.707106781186547,-0.707106781186548,0.0));
#5759=VECTOR('',#5758,0.133858267716535);
#5760=LINE('',#5757,#5759);
#5761=EDGE_CURVE('',#5720,#5756,#5760,.T.);
#5762=ORIENTED_EDGE('',*,*,#5761,.T.);
#5763=CARTESIAN_POINT('',(0.112040824565581,0.100905284704374,0.047244094488189));
#5764=VERTEX_POINT('',#5763);
#5765=CARTESIAN_POINT('',(0.112040824565581,0.100905284704374,0.047244094488189));
#5766=DIRECTION('',(0.0,0.0,1.0));
#5767=VECTOR('',#5766,0.088582677165354);
#5768=LINE('',#5765,#5767);
#5769=EDGE_CURVE('',#5764,#5756,#5768,.T.);
#5770=ORIENTED_EDGE('',*,*,#5769,.F.);
#5771=CARTESIAN_POINT('',(0.206692913385827,0.195557373524621,0.047244094488189));
#5772=DIRECTION('',(-0.707106781186547,-0.707106781186548,0.0));
#5773=VECTOR('',#5772,0.133858267716535);
#5774=LINE('',#5771,#5773);
#5775=EDGE_CURVE('',#5728,#5764,#5774,.T.);
#5776=ORIENTED_EDGE('',*,*,#5775,.F.);
#5777=ORIENTED_EDGE('',*,*,#5733,.T.);
#5778=EDGE_LOOP('',(#5762,#5770,#5776,#5777));
#5779=FACE_OUTER_BOUND('',#5778,.T.);
#5780=ADVANCED_FACE('',(#5779),#5754,.T.);
#5781=CARTESIAN_POINT('',(0.112040824565581,0.100905284704374,0.047244094488189));
#5782=DIRECTION('',(-0.707106781186545,-0.70710678118655,0.0));
#5783=DIRECTION('',(0.0,0.0,1.0));
#5784=AXIS2_PLACEMENT_3D('',#5781,#5782,#5783);
#5785=PLANE('',#5784);
#5786=CARTESIAN_POINT('',(0.100905284704375,0.11204082456558,0.135826771653543));
#5787=VERTEX_POINT('',#5786);
#5788=CARTESIAN_POINT('',(0.112040824565581,0.100905284704374,0.135826771653543));
#5789=DIRECTION('',(-0.70710678118655,0.707106781186545,0.0));
#5790=VECTOR('',#5789,0.015748031496063);
#5791=LINE('',#5788,#5790);
#5792=EDGE_CURVE('',#5756,#5787,#5791,.T.);
#5793=ORIENTED_EDGE('',*,*,#5792,.T.);
#5794=CARTESIAN_POINT('',(0.100905284704375,0.11204082456558,0.047244094488189));
#5795=VERTEX_POINT('',#5794);
#5796=CARTESIAN_POINT('',(0.100905284704375,0.11204082456558,0.047244094488189));
#5797=DIRECTION('',(0.0,0.0,1.0));
#5798=VECTOR('',#5797,0.088582677165354);
#5799=LINE('',#5796,#5798);
#5800=EDGE_CURVE('',#5795,#5787,#5799,.T.);
#5801=ORIENTED_EDGE('',*,*,#5800,.F.);
#5802=CARTESIAN_POINT('',(0.112040824565581,0.100905284704374,0.047244094488189));
#5803=DIRECTION('',(-0.70710678118655,0.707106781186545,0.0));
#5804=VECTOR('',#5803,0.015748031496063);
#5805=LINE('',#5802,#5804);
#5806=EDGE_CURVE('',#5764,#5795,#5805,.T.);
#5807=ORIENTED_EDGE('',*,*,#5806,.F.);
#5808=ORIENTED_EDGE('',*,*,#5769,.T.);
#5809=EDGE_LOOP('',(#5793,#5801,#5807,#5808));
#5810=FACE_OUTER_BOUND('',#5809,.T.);
#5811=ADVANCED_FACE('',(#5810),#5785,.T.);
#5812=CARTESIAN_POINT('',(0.100905284704375,0.11204082456558,0.047244094488189));
#5813=DIRECTION('',(-0.707106781186549,0.707106781186547,0.0));
#5814=DIRECTION('',(0.0,0.0,1.0));
#5815=AXIS2_PLACEMENT_3D('',#5812,#5813,#5814);
#5816=PLANE('',#5815);
#5817=CARTESIAN_POINT('',(0.100905284704375,0.11204082456558,0.135826771653543));
#5818=DIRECTION('',(0.707106781186547,0.707106781186548,0.0));
#5819=VECTOR('',#5818,0.133858267716535);
#5820=LINE('',#5817,#5819);
#5821=EDGE_CURVE('',#5787,#5718,#5820,.T.);
#5822=ORIENTED_EDGE('',*,*,#5821,.T.);
#5823=ORIENTED_EDGE('',*,*,#5745,.T.);
#5824=CARTESIAN_POINT('',(0.100905284704375,0.11204082456558,0.047244094488189));
#5825=DIRECTION('',(0.707106781186547,0.707106781186548,0.0));
#5826=VECTOR('',#5825,0.133858267716535);
#5827=LINE('',#5824,#5826);
#5828=EDGE_CURVE('',#5795,#608,#5827,.T.);
#5829=ORIENTED_EDGE('',*,*,#5828,.F.);
#5830=ORIENTED_EDGE('',*,*,#5800,.T.);
#5831=EDGE_LOOP('',(#5822,#5823,#5829,#5830));
#5832=FACE_OUTER_BOUND('',#5831,.T.);
#5833=ADVANCED_FACE('',(#5832),#5816,.T.);
#5834=CARTESIAN_POINT('',(0.153799099045101,0.153799099045101,0.135826771653543));
#5835=DIRECTION('',(0.0,0.0,1.0));
#5836=DIRECTION('',(1.0,0.0,0.0));
#5837=AXIS2_PLACEMENT_3D('',#5834,#5835,#5836);
#5838=PLANE('',#5837);
#5839=ORIENTED_EDGE('',*,*,#5725,.F.);
#5840=ORIENTED_EDGE('',*,*,#5821,.F.);
#5841=ORIENTED_EDGE('',*,*,#5792,.F.);
#5842=ORIENTED_EDGE('',*,*,#5761,.F.);
#5843=EDGE_LOOP('',(#5839,#5840,#5841,#5842));
#5844=FACE_OUTER_BOUND('',#5843,.T.);
#5845=ADVANCED_FACE('',(#5844),#5838,.T.);
#5846=CARTESIAN_POINT('',(1.092739E-017,-2.076204E-016,0.047244094488189));
#5847=DIRECTION('',(0.0,0.0,1.0));
#5848=DIRECTION('',(1.0,0.0,0.0));
#5849=AXIS2_PLACEMENT_3D('',#5846,#5847,#5848);
#5850=PLANE('',#5849);
#5851=ORIENTED_EDGE('',*,*,#5739,.T.);
#5852=CARTESIAN_POINT('',(0.206692913385827,0.195557373524621,0.047244094488189));
#5853=DIRECTION('',(0.0,1.0,0.0));
#5854=VECTOR('',#5853,0.011135539861206);
#5855=LINE('',#5852,#5854);
#5856=EDGE_CURVE('',#5728,#616,#5855,.T.);
#5857=ORIENTED_EDGE('',*,*,#5856,.T.);
#5858=ORIENTED_EDGE('',*,*,#621,.T.);
#5859=EDGE_LOOP('',(#5851,#5857,#5858));
#5860=FACE_OUTER_BOUND('',#5859,.T.);
#5861=ADVANCED_FACE('',(#5860),#5850,.T.);
#5862=CARTESIAN_POINT('',(1.092739E-017,-2.076204E-016,0.047244094488189));
#5863=DIRECTION('',(0.0,0.0,1.0));
#5864=DIRECTION('',(1.0,0.0,0.0));
#5865=AXIS2_PLACEMENT_3D('',#5862,#5863,#5864);
#5866=PLANE('',#5865);
#5867=ORIENTED_EDGE('',*,*,#5775,.T.);
#5868=ORIENTED_EDGE('',*,*,#5806,.T.);
#5869=ORIENTED_EDGE('',*,*,#5828,.T.);
#5870=ORIENTED_EDGE('',*,*,#613,.T.);
#5871=CARTESIAN_POINT('',(0.12007874015748,0.196850393700788,0.047244094488189));
#5872=VERTEX_POINT('',#5871);
#5873=CARTESIAN_POINT('',(0.12007874015748,0.206692913385827,0.047244094488189));
#5874=DIRECTION('',(0.0,-1.0,0.0));
#5875=VECTOR('',#5874,0.009842519685039);
#5876=LINE('',#5873,#5875);
#5877=EDGE_CURVE('',#600,#5872,#5876,.T.);
#5878=ORIENTED_EDGE('',*,*,#5877,.T.);
#5879=CARTESIAN_POINT('',(0.090551181102362,0.16732283464567,0.047244094488189));
#5880=VERTEX_POINT('',#5879);
#5881=CARTESIAN_POINT('',(0.090551181102362,0.196850393700788,0.047244094488189));
#5882=DIRECTION('',(0.0,0.0,-1.0));
#5883=DIRECTION('',(0.707106781186547,-0.707106781186548,0.0));
#5884=AXIS2_PLACEMENT_3D('',#5881,#5882,#5883);
#5885=CIRCLE('',#5884,0.029527559055118);
#5886=EDGE_CURVE('',#5880,#5872,#5885,.F.);
#5887=ORIENTED_EDGE('',*,*,#5886,.F.);
#5888=CARTESIAN_POINT('',(0.080708661417323,0.16732283464567,0.047244094488189));
#5889=VERTEX_POINT('',#5888);
#5890=CARTESIAN_POINT('',(0.090551181102362,0.16732283464567,0.047244094488189));
#5891=DIRECTION('',(-1.0,0.0,0.0));
#5892=VECTOR('',#5891,0.009842519685039);
#5893=LINE('',#5890,#5892);
#5894=EDGE_CURVE('',#5880,#5889,#5893,.T.);
#5895=ORIENTED_EDGE('',*,*,#5894,.T.);
#5896=CARTESIAN_POINT('',(0.080708661417323,0.16732283464567,0.047244094488189));
#5897=DIRECTION('',(0.0,1.0,0.0));
#5898=VECTOR('',#5897,0.039370078740157);
#5899=LINE('',#5896,#5898);
#5900=EDGE_CURVE('',#5889,#491,#5899,.T.);
#5901=ORIENTED_EDGE('',*,*,#5900,.T.);
#5902=ORIENTED_EDGE('',*,*,#496,.T.);
#5903=CARTESIAN_POINT('',(-0.080708661417323,0.167322834645669,0.047244094488189));
#5904=VERTEX_POINT('',#5903);
#5905=CARTESIAN_POINT('',(-0.080708661417323,0.206692913385827,0.047244094488189));
#5906=DIRECTION('',(0.0,-1.0,0.0));
#5907=VECTOR('',#5906,0.039370078740158);
#5908=LINE('',#5905,#5907);
#5909=EDGE_CURVE('',#481,#5904,#5908,.T.);
#5910=ORIENTED_EDGE('',*,*,#5909,.T.);
#5911=CARTESIAN_POINT('',(-0.090551181102362,0.167322834645669,0.047244094488189));
#5912=VERTEX_POINT('',#5911);
#5913=CARTESIAN_POINT('',(-0.080708661417323,0.167322834645669,0.047244094488189));
#5914=DIRECTION('',(-1.0,0.0,0.0));
#5915=VECTOR('',#5914,0.009842519685039);
#5916=LINE('',#5913,#5915);
#5917=EDGE_CURVE('',#5904,#5912,#5916,.T.);
#5918=ORIENTED_EDGE('',*,*,#5917,.T.);
#5919=CARTESIAN_POINT('',(-0.12007874015748,0.196850393700787,0.047244094488189));
#5920=VERTEX_POINT('',#5919);
#5921=CARTESIAN_POINT('',(-0.090551181102362,0.196850393700787,0.047244094488189));
#5922=DIRECTION('',(0.0,0.0,-1.0));
#5923=DIRECTION('',(-0.707106781186548,-0.707106781186548,0.0));
#5924=AXIS2_PLACEMENT_3D('',#5921,#5922,#5923);
#5925=CIRCLE('',#5924,0.029527559055118);
#5926=EDGE_CURVE('',#5920,#5912,#5925,.F.);
#5927=ORIENTED_EDGE('',*,*,#5926,.F.);
#5928=CARTESIAN_POINT('',(-0.12007874015748,0.196850393700787,0.047244094488189));
#5929=DIRECTION('',(0.0,1.0,0.0));
#5930=VECTOR('',#5929,0.009842519685039);
#5931=LINE('',#5928,#5930);
#5932=EDGE_CURVE('',#5920,#639,#5931,.T.);
#5933=ORIENTED_EDGE('',*,*,#5932,.T.);
#5934=ORIENTED_EDGE('',*,*,#644,.T.);
#5935=ORIENTED_EDGE('',*,*,#212,.T.);
#5936=CARTESIAN_POINT('',(-0.196850393700788,0.120078740157481,0.047244094488189));
#5937=VERTEX_POINT('',#5936);
#5938=CARTESIAN_POINT('',(-0.206692913385827,0.120078740157481,0.047244094488189));
#5939=DIRECTION('',(1.0,0.0,0.0));
#5940=VECTOR('',#5939,0.009842519685039);
#5941=LINE('',#5938,#5940);
#5942=EDGE_CURVE('',#199,#5937,#5941,.T.);
#5943=ORIENTED_EDGE('',*,*,#5942,.T.);
#5944=CARTESIAN_POINT('',(-0.167322834645669,0.090551181102362,0.047244094488189));
#5945=VERTEX_POINT('',#5944);
#5946=CARTESIAN_POINT('',(-0.196850393700788,0.090551181102362,0.047244094488189));
#5947=DIRECTION('',(0.0,0.0,-1.0));
#5948=DIRECTION('',(0.707106781186548,0.707106781186547,0.0));
#5949=AXIS2_PLACEMENT_3D('',#5946,#5947,#5948);
#5950=CIRCLE('',#5949,0.029527559055118);
#5951=EDGE_CURVE('',#5945,#5937,#5950,.F.);
#5952=ORIENTED_EDGE('',*,*,#5951,.F.);
#5953=CARTESIAN_POINT('',(-0.167322834645669,0.080708661417323,0.047244094488189));
#5954=VERTEX_POINT('',#5953);
#5955=CARTESIAN_POINT('',(-0.167322834645669,0.090551181102362,0.047244094488189));
#5956=DIRECTION('',(0.0,-1.0,0.0));
#5957=VECTOR('',#5956,0.009842519685039);
#5958=LINE('',#5955,#5957);
#5959=EDGE_CURVE('',#5945,#5954,#5958,.T.);
#5960=ORIENTED_EDGE('',*,*,#5959,.T.);
#5961=CARTESIAN_POINT('',(-0.167322834645669,0.080708661417323,0.047244094488189));
#5962=DIRECTION('',(-1.0,0.0,0.0));
#5963=VECTOR('',#5962,0.039370078740157);
#5964=LINE('',#5961,#5963);
#5965=EDGE_CURVE('',#5954,#90,#5964,.T.);
#5966=ORIENTED_EDGE('',*,*,#5965,.T.);
#5967=ORIENTED_EDGE('',*,*,#95,.T.);
#5968=CARTESIAN_POINT('',(-0.167322834645669,-0.080708661417323,0.047244094488189));
#5969=VERTEX_POINT('',#5968);
#5970=CARTESIAN_POINT('',(-0.206692913385827,-0.080708661417323,0.047244094488189));
#5971=DIRECTION('',(1.0,0.0,0.0));
#5972=VECTOR('',#5971,0.039370078740157);
#5973=LINE('',#5970,#5972);
#5974=EDGE_CURVE('',#80,#5969,#5973,.T.);
#5975=ORIENTED_EDGE('',*,*,#5974,.T.);
#5976=CARTESIAN_POINT('',(-0.167322834645669,-0.090551181102362,0.047244094488189));
#5977=VERTEX_POINT('',#5976);
#5978=CARTESIAN_POINT('',(-0.167322834645669,-0.080708661417323,0.047244094488189));
#5979=DIRECTION('',(0.0,-1.0,0.0));
#5980=VECTOR('',#5979,0.009842519685039);
#5981=LINE('',#5978,#5980);
#5982=EDGE_CURVE('',#5969,#5977,#5981,.T.);
#5983=ORIENTED_EDGE('',*,*,#5982,.T.);
#5984=CARTESIAN_POINT('',(-0.196850393700787,-0.12007874015748,0.047244094488189));
#5985=VERTEX_POINT('',#5984);
#5986=CARTESIAN_POINT('',(-0.196850393700788,-0.090551181102362,0.047244094488189));
#5987=DIRECTION('',(0.0,0.0,-1.0));
#5988=DIRECTION('',(0.707106781186548,-0.707106781186547,0.0));
#5989=AXIS2_PLACEMENT_3D('',#5986,#5987,#5988);
#5990=CIRCLE('',#5989,0.029527559055118);
#5991=EDGE_CURVE('',#5985,#5977,#5990,.F.);
#5992=ORIENTED_EDGE('',*,*,#5991,.F.);
#5993=CARTESIAN_POINT('',(-0.196850393700787,-0.12007874015748,0.047244094488189));
#5994=DIRECTION('',(-1.0,0.0,0.0));
#5995=VECTOR('',#5994,0.009842519685039);
#5996=LINE('',#5993,#5995);
#5997=EDGE_CURVE('',#5985,#239,#5996,.T.);
#5998=ORIENTED_EDGE('',*,*,#5997,.T.);
#5999=ORIENTED_EDGE('',*,*,#244,.T.);
#6000=CARTESIAN_POINT('',(-0.12007874015748,-0.206692913385827,0.047244094488189));
#6001=VERTEX_POINT('',#6000);
#6002=CARTESIAN_POINT('',(-0.206692913385827,-0.206692913385827,0.047244094488189));
#6003=DIRECTION('',(1.0,0.0,0.0));
#6004=VECTOR('',#6003,0.086614173228346);
#6005=LINE('',#6002,#6004);
#6006=EDGE_CURVE('',#231,#6001,#6005,.T.);
#6007=ORIENTED_EDGE('',*,*,#6006,.T.);
#6008=CARTESIAN_POINT('',(-0.12007874015748,-0.196850393700788,0.047244094488189));
#6009=VERTEX_POINT('',#6008);
#6010=CARTESIAN_POINT('',(-0.12007874015748,-0.206692913385827,0.047244094488189));
#6011=DIRECTION('',(0.0,1.0,0.0));
#6012=VECTOR('',#6011,0.009842519685039);
#6013=LINE('',#6010,#6012);
#6014=EDGE_CURVE('',#6001,#6009,#6013,.T.);
#6015=ORIENTED_EDGE('',*,*,#6014,.T.);
#6016=CARTESIAN_POINT('',(-0.090551181102362,-0.16732283464567,0.047244094488189));
#6017=VERTEX_POINT('',#6016);
#6018=CARTESIAN_POINT('',(-0.090551181102362,-0.196850393700788,0.047244094488189));
#6019=DIRECTION('',(0.0,0.0,-1.0));
#6020=DIRECTION('',(-0.707106781186547,0.707106781186548,0.0));
#6021=AXIS2_PLACEMENT_3D('',#6018,#6019,#6020);
#6022=CIRCLE('',#6021,0.029527559055118);
#6023=EDGE_CURVE('',#6017,#6009,#6022,.F.);
#6024=ORIENTED_EDGE('',*,*,#6023,.F.);
#6025=CARTESIAN_POINT('',(-0.080708661417323,-0.16732283464567,0.047244094488189));
#6026=VERTEX_POINT('',#6025);
#6027=CARTESIAN_POINT('',(-0.090551181102362,-0.16732283464567,0.047244094488189));
#6028=DIRECTION('',(1.0,0.0,0.0));
#6029=VECTOR('',#6028,0.009842519685039);
#6030=LINE('',#6027,#6029);
#6031=EDGE_CURVE('',#6017,#6026,#6030,.T.);
#6032=ORIENTED_EDGE('',*,*,#6031,.T.);
#6033=CARTESIAN_POINT('',(-0.080708661417323,-0.16732283464567,0.047244094488189));
#6034=DIRECTION('',(0.0,-1.0,0.0));
#6035=VECTOR('',#6034,0.039370078740157);
#6036=LINE('',#6033,#6035);
#6037=EDGE_CURVE('',#6026,#379,#6036,.T.);
#6038=ORIENTED_EDGE('',*,*,#6037,.T.);
#6039=ORIENTED_EDGE('',*,*,#408,.T.);
#6040=CARTESIAN_POINT('',(0.080708661417323,-0.16732283464567,0.047244094488189));
#6041=VERTEX_POINT('',#6040);
#6042=CARTESIAN_POINT('',(0.080708661417323,-0.206692913385827,0.047244094488189));
#6043=DIRECTION('',(0.0,1.0,0.0));
#6044=VECTOR('',#6043,0.039370078740157);
#6045=LINE('',#6042,#6044);
#6046=EDGE_CURVE('',#397,#6041,#6045,.T.);
#6047=ORIENTED_EDGE('',*,*,#6046,.T.);
#6048=CARTESIAN_POINT('',(0.090551181102362,-0.16732283464567,0.047244094488189));
#6049=VERTEX_POINT('',#6048);
#6050=CARTESIAN_POINT('',(0.080708661417323,-0.16732283464567,0.047244094488189));
#6051=DIRECTION('',(1.0,0.0,0.0));
#6052=VECTOR('',#6051,0.009842519685039);
#6053=LINE('',#6050,#6052);
#6054=EDGE_CURVE('',#6041,#6049,#6053,.T.);
#6055=ORIENTED_EDGE('',*,*,#6054,.T.);
#6056=CARTESIAN_POINT('',(0.12007874015748,-0.196850393700788,0.047244094488189));
#6057=VERTEX_POINT('',#6056);
#6058=CARTESIAN_POINT('',(0.090551181102362,-0.196850393700788,0.047244094488189));
#6059=DIRECTION('',(0.0,0.0,-1.0));
#6060=DIRECTION('',(0.707106781186547,0.707106781186548,0.0));
#6061=AXIS2_PLACEMENT_3D('',#6058,#6059,#6060);
#6062=CIRCLE('',#6061,0.029527559055118);
#6063=EDGE_CURVE('',#6057,#6049,#6062,.F.);
#6064=ORIENTED_EDGE('',*,*,#6063,.F.);
#6065=CARTESIAN_POINT('',(0.12007874015748,-0.206692913385827,0.047244094488189));
#6066=VERTEX_POINT('',#6065);
#6067=CARTESIAN_POINT('',(0.12007874015748,-0.196850393700788,0.047244094488189));
#6068=DIRECTION('',(0.0,-1.0,0.0));
#6069=VECTOR('',#6068,0.009842519685039);
#6070=LINE('',#6067,#6069);
#6071=EDGE_CURVE('',#6057,#6066,#6070,.T.);
#6072=ORIENTED_EDGE('',*,*,#6071,.T.);
#6073=CARTESIAN_POINT('',(0.206692913385827,-0.206692913385827,0.047244094488189));
#6074=VERTEX_POINT('',#6073);
#6075=CARTESIAN_POINT('',(0.12007874015748,-0.206692913385827,0.047244094488189));
#6076=DIRECTION('',(1.0,0.0,0.0));
#6077=VECTOR('',#6076,0.086614173228347);
#6078=LINE('',#6075,#6077);
#6079=EDGE_CURVE('',#6066,#6074,#6078,.T.);
#6080=ORIENTED_EDGE('',*,*,#6079,.T.);
#6081=CARTESIAN_POINT('',(0.206692913385827,-0.12007874015748,0.047244094488189));
#6082=VERTEX_POINT('',#6081);
#6083=CARTESIAN_POINT('',(0.206692913385827,-0.206692913385827,0.047244094488189));
#6084=DIRECTION('',(0.0,1.0,0.0));
#6085=VECTOR('',#6084,0.086614173228347);
#6086=LINE('',#6083,#6085);
#6087=EDGE_CURVE('',#6074,#6082,#6086,.T.);
#6088=ORIENTED_EDGE('',*,*,#6087,.T.);
#6089=CARTESIAN_POINT('',(0.196850393700788,-0.12007874015748,0.047244094488189));
#6090=VERTEX_POINT('',#6089);
#6091=CARTESIAN_POINT('',(0.206692913385827,-0.12007874015748,0.047244094488189));
#6092=DIRECTION('',(-1.0,0.0,0.0));
#6093=VECTOR('',#6092,0.009842519685039);
#6094=LINE('',#6091,#6093);
#6095=EDGE_CURVE('',#6082,#6090,#6094,.T.);
#6096=ORIENTED_EDGE('',*,*,#6095,.T.);
#6097=CARTESIAN_POINT('',(0.16732283464567,-0.090551181102362,0.047244094488189));
#6098=VERTEX_POINT('',#6097);
#6099=CARTESIAN_POINT('',(0.196850393700788,-0.090551181102362,0.047244094488189));
#6100=DIRECTION('',(0.0,0.0,-1.0));
#6101=DIRECTION('',(-0.707106781186548,-0.707106781186547,0.0));
#6102=AXIS2_PLACEMENT_3D('',#6099,#6100,#6101);
#6103=CIRCLE('',#6102,0.029527559055118);
#6104=EDGE_CURVE('',#6098,#6090,#6103,.F.);
#6105=ORIENTED_EDGE('',*,*,#6104,.F.);
#6106=CARTESIAN_POINT('',(0.16732283464567,-0.080708661417323,0.047244094488189));
#6107=VERTEX_POINT('',#6106);
#6108=CARTESIAN_POINT('',(0.16732283464567,-0.090551181102362,0.047244094488189));
#6109=DIRECTION('',(0.0,1.0,0.0));
#6110=VECTOR('',#6109,0.009842519685039);
#6111=LINE('',#6108,#6110);
#6112=EDGE_CURVE('',#6098,#6107,#6111,.T.);
#6113=ORIENTED_EDGE('',*,*,#6112,.T.);
#6114=CARTESIAN_POINT('',(0.16732283464567,-0.080708661417323,0.047244094488189));
#6115=DIRECTION('',(1.0,0.0,0.0));
#6116=VECTOR('',#6115,0.039370078740157);
#6117=LINE('',#6114,#6116);
#6118=EDGE_CURVE('',#6107,#277,#6117,.T.);
#6119=ORIENTED_EDGE('',*,*,#6118,.T.);
#6120=ORIENTED_EDGE('',*,*,#306,.T.);
#6121=CARTESIAN_POINT('',(0.16732283464567,0.080708661417323,0.047244094488189));
#6122=VERTEX_POINT('',#6121);
#6123=CARTESIAN_POINT('',(0.206692913385827,0.080708661417323,0.047244094488189));
#6124=DIRECTION('',(-1.0,0.0,0.0));
#6125=VECTOR('',#6124,0.039370078740157);
#6126=LINE('',#6123,#6125);
#6127=EDGE_CURVE('',#295,#6122,#6126,.T.);
#6128=ORIENTED_EDGE('',*,*,#6127,.T.);
#6129=CARTESIAN_POINT('',(0.16732283464567,0.090551181102362,0.047244094488189));
#6130=VERTEX_POINT('',#6129);
#6131=CARTESIAN_POINT('',(0.16732283464567,0.080708661417323,0.047244094488189));
#6132=DIRECTION('',(0.0,1.0,0.0));
#6133=VECTOR('',#6132,0.009842519685039);
#6134=LINE('',#6131,#6133);
#6135=EDGE_CURVE('',#6122,#6130,#6134,.T.);
#6136=ORIENTED_EDGE('',*,*,#6135,.T.);
#6137=CARTESIAN_POINT('',(0.196850393700788,0.12007874015748,0.047244094488189));
#6138=VERTEX_POINT('',#6137);
#6139=CARTESIAN_POINT('',(0.196850393700788,0.090551181102362,0.047244094488189));
#6140=DIRECTION('',(0.0,0.0,-1.0));
#6141=DIRECTION('',(-0.707106781186548,0.707106781186547,0.0));
#6142=AXIS2_PLACEMENT_3D('',#6139,#6140,#6141);
#6143=CIRCLE('',#6142,0.029527559055118);
#6144=EDGE_CURVE('',#6138,#6130,#6143,.F.);
#6145=ORIENTED_EDGE('',*,*,#6144,.F.);
#6146=CARTESIAN_POINT('',(0.206692913385827,0.12007874015748,0.047244094488189));
#6147=VERTEX_POINT('',#6146);
#6148=CARTESIAN_POINT('',(0.196850393700788,0.12007874015748,0.047244094488189));
#6149=DIRECTION('',(1.0,0.0,0.0));
#6150=VECTOR('',#6149,0.009842519685039);
#6151=LINE('',#6148,#6150);
#6152=EDGE_CURVE('',#6138,#6147,#6151,.T.);
#6153=ORIENTED_EDGE('',*,*,#6152,.T.);
#6154=CARTESIAN_POINT('',(0.206692913385827,0.12007874015748,0.047244094488189));
#6155=DIRECTION('',(0.0,1.0,0.0));
#6156=VECTOR('',#6155,0.075478633367141);
#6157=LINE('',#6154,#6156);
#6158=EDGE_CURVE('',#6147,#5728,#6157,.T.);
#6159=ORIENTED_EDGE('',*,*,#6158,.T.);
#6160=EDGE_LOOP('',(#5867,#5868,#5869,#5870,#5878,#5887,#5895,#5901,#5902,#5910,#5918,#5927,#5933,#5934,#5935,#5943,#5952,#5960,#5966,#5967,#5975,#5983,#5992,#5998,#5999,#6007,#6015,#6024,#6032,#6038,#6039,#6047,#6055,#6064,#6072,#6080,#6088,#6096,#6105,#6113,#6119,#6120,#6128,#6136,#6145,#6153,#6159));
#6161=FACE_OUTER_BOUND('',#6160,.T.);
#6162=CARTESIAN_POINT('',(0.119696508220159,-0.137791760494618,0.047244094488189));
#6163=VERTEX_POINT('',#6162);
#6164=CARTESIAN_POINT('',(0.137791760494618,-0.119696508220159,0.047244094488189));
#6165=VERTEX_POINT('',#6164);
#6166=CARTESIAN_POINT('',(0.128744134357388,-0.128744134357389,0.047244094488189));
#6167=DIRECTION('',(0.0,0.0,-1.0));
#6168=DIRECTION('',(0.707106781186547,0.707106781186548,0.0));
#6169=AXIS2_PLACEMENT_3D('',#6166,#6167,#6168);
#6170=CIRCLE('',#6169,0.012795275590551);
#6171=EDGE_CURVE('',#6163,#6165,#6170,.T.);
#6172=ORIENTED_EDGE('',*,*,#6171,.T.);
#6173=CARTESIAN_POINT('',(0.180941977456789,-0.162846725182331,0.047244094488189));
#6174=VERTEX_POINT('',#6173);
#6175=CARTESIAN_POINT('',(0.137791760494618,-0.119696508220159,0.047244094488189));
#6176=DIRECTION('',(0.707106781186548,-0.707106781186547,0.0));
#6177=VECTOR('',#6176,0.061023622047244);
#6178=LINE('',#6175,#6177);
#6179=EDGE_CURVE('',#6165,#6174,#6178,.T.);
#6180=ORIENTED_EDGE('',*,*,#6179,.T.);
#6181=CARTESIAN_POINT('',(0.16284672518233,-0.180941977456789,0.047244094488189));
#6182=VERTEX_POINT('',#6181);
#6183=CARTESIAN_POINT('',(0.17189435131956,-0.17189435131956,0.047244094488189));
#6184=DIRECTION('',(0.0,0.0,-1.0));
#6185=DIRECTION('',(-0.707106781186546,-0.707106781186549,0.0));
#6186=AXIS2_PLACEMENT_3D('',#6183,#6184,#6185);
#6187=CIRCLE('',#6186,0.012795275590551);
#6188=EDGE_CURVE('',#6174,#6182,#6187,.T.);
#6189=ORIENTED_EDGE('',*,*,#6188,.T.);
#6190=CARTESIAN_POINT('',(0.16284672518233,-0.180941977456789,0.047244094488189));
#6191=DIRECTION('',(-0.707106781186548,0.707106781186547,0.0));
#6192=VECTOR('',#6191,0.061023622047244);
#6193=LINE('',#6190,#6192);
#6194=EDGE_CURVE('',#6182,#6163,#6193,.T.);
#6195=ORIENTED_EDGE('',*,*,#6194,.T.);
#6196=EDGE_LOOP('',(#6172,#6180,#6189,#6195));
#6197=FACE_BOUND('',#6196,.T.);
#6198=CARTESIAN_POINT('',(-0.179571125549738,0.161475873275279,0.047244094488189));
#6199=VERTEX_POINT('',#6198);
#6200=CARTESIAN_POINT('',(-0.161475873275279,0.179571125549738,0.047244094488189));
#6201=VERTEX_POINT('',#6200);
#6202=CARTESIAN_POINT('',(-0.170523499412509,0.170523499412508,0.047244094488189));
#6203=DIRECTION('',(0.0,0.0,-1.0));
#6204=DIRECTION('',(-0.707106781186547,-0.707106781186548,0.0));
#6205=AXIS2_PLACEMENT_3D('',#6202,#6203,#6204);
#6206=CIRCLE('',#6205,0.012795275590551);
#6207=EDGE_CURVE('',#6199,#6201,#6206,.T.);
#6208=ORIENTED_EDGE('',*,*,#6207,.T.);
#6209=CARTESIAN_POINT('',(-0.118325656313108,0.136420908587567,0.047244094488189));
#6210=VERTEX_POINT('',#6209);
#6211=CARTESIAN_POINT('',(-0.161475873275279,0.179571125549738,0.047244094488189));
#6212=DIRECTION('',(0.707106781186548,-0.707106781186547,0.0));
#6213=VECTOR('',#6212,0.061023622047244);
#6214=LINE('',#6211,#6213);
#6215=EDGE_CURVE('',#6201,#6210,#6214,.T.);
#6216=ORIENTED_EDGE('',*,*,#6215,.T.);
#6217=CARTESIAN_POINT('',(-0.136420908587567,0.118325656313108,0.047244094488189));
#6218=VERTEX_POINT('',#6217);
#6219=CARTESIAN_POINT('',(-0.127373282450337,0.127373282450337,0.047244094488189));
#6220=DIRECTION('',(0.0,0.0,-1.0));
#6221=DIRECTION('',(0.707106781186547,0.707106781186548,0.0));
#6222=AXIS2_PLACEMENT_3D('',#6219,#6220,#6221);
#6223=CIRCLE('',#6222,0.012795275590551);
#6224=EDGE_CURVE('',#6210,#6218,#6223,.T.);
#6225=ORIENTED_EDGE('',*,*,#6224,.T.);
#6226=CARTESIAN_POINT('',(-0.136420908587567,0.118325656313108,0.047244094488189));
#6227=DIRECTION('',(-0.707106781186548,0.707106781186547,0.0));
#6228=VECTOR('',#6227,0.061023622047244);
#6229=LINE('',#6226,#6228);
#6230=EDGE_CURVE('',#6218,#6199,#6229,.T.);
#6231=ORIENTED_EDGE('',*,*,#6230,.T.);
#6232=EDGE_LOOP('',(#6208,#6216,#6225,#6231));
#6233=FACE_BOUND('',#6232,.T.);
#6234=CARTESIAN_POINT('',(-0.091416034123341,0.001865202789854,0.047244094488189));
#6235=VERTEX_POINT('',#6234);
#6236=CARTESIAN_POINT('',(-0.064969126952978,-0.024581704380509,0.047244094488189));
#6237=VERTEX_POINT('',#6236);
#6238=CARTESIAN_POINT('',(-0.091416034123341,0.001865202789854,0.047244094488189));
#6239=DIRECTION('',(0.707106781186548,-0.707106781186547,0.0));
#6240=VECTOR('',#6239,0.03740157480315);
#6241=LINE('',#6238,#6240);
#6242=EDGE_CURVE('',#6235,#6237,#6241,.T.);
#6243=ORIENTED_EDGE('',*,*,#6242,.T.);
#6244=CARTESIAN_POINT('',(0.004627997179556,0.045015419752026,0.047244094488189));
#6245=VERTEX_POINT('',#6244);
#6246=CARTESIAN_POINT('',(-0.064969126952978,-0.024581704380509,0.047244094488189));
#6247=DIRECTION('',(0.707106781186546,0.707106781186549,0.0));
#6248=VECTOR('',#6247,0.098425196850394);
#6249=LINE('',#6246,#6248);
#6250=EDGE_CURVE('',#6237,#6245,#6249,.T.);
#6251=ORIENTED_EDGE('',*,*,#6250,.T.);
#6252=CARTESIAN_POINT('',(0.046386271659077,0.003257145272505,0.047244094488189));
#6253=VERTEX_POINT('',#6252);
#6254=CARTESIAN_POINT('',(0.004627997179556,0.045015419752026,0.047244094488189));
#6255=DIRECTION('',(0.707106781186549,-0.707106781186546,0.0));
#6256=VECTOR('',#6255,0.059055118110236);
#6257=LINE('',#6254,#6256);
#6258=EDGE_CURVE('',#6245,#6253,#6257,.T.);
#6259=ORIENTED_EDGE('',*,*,#6258,.T.);
#6260=CARTESIAN_POINT('',(-0.023210852473458,-0.066339978860029,0.047244094488189));
#6261=VERTEX_POINT('',#6260);
#6262=CARTESIAN_POINT('',(0.046386271659077,0.003257145272505,0.047244094488189));
#6263=DIRECTION('',(-0.707106781186546,-0.707106781186549,0.0));
#6264=VECTOR('',#6263,0.098425196850394);
#6265=LINE('',#6262,#6264);
#6266=EDGE_CURVE('',#6253,#6261,#6265,.T.);
#6267=ORIENTED_EDGE('',*,*,#6266,.T.);
#6268=CARTESIAN_POINT('',(0.003236054696906,-0.092786886030392,0.047244094488189));
#6269=VERTEX_POINT('',#6268);
#6270=CARTESIAN_POINT('',(-0.023210852473458,-0.066339978860029,0.047244094488189));
#6271=DIRECTION('',(0.707106781186549,-0.707106781186546,0.0));
#6272=VECTOR('',#6271,0.03740157480315);
#6273=LINE('',#6270,#6272);
#6274=EDGE_CURVE('',#6261,#6269,#6273,.T.);
#6275=ORIENTED_EDGE('',*,*,#6274,.T.);
#6276=CARTESIAN_POINT('',(-0.0078994851643,-0.103922425891598,0.047244094488189));
#6277=VERTEX_POINT('',#6276);
#6278=CARTESIAN_POINT('',(0.003236054696906,-0.092786886030392,0.047244094488189));
#6279=DIRECTION('',(-0.707106781186545,-0.70710678118655,0.0));
#6280=VECTOR('',#6279,0.015748031496063);
#6281=LINE('',#6278,#6280);
#6282=EDGE_CURVE('',#6269,#6277,#6281,.T.);
#6283=ORIENTED_EDGE('',*,*,#6282,.T.);
#6284=CARTESIAN_POINT('',(-0.102551573984547,-0.009270337071351,0.047244094488189));
#6285=VERTEX_POINT('',#6284);
#6286=CARTESIAN_POINT('',(-0.0078994851643,-0.103922425891598,0.047244094488189));
#6287=DIRECTION('',(-0.707106781186548,0.707106781186547,0.0));
#6288=VECTOR('',#6287,0.133858267716535);
#6289=LINE('',#6286,#6288);
#6290=EDGE_CURVE('',#6277,#6285,#6289,.T.);
#6291=ORIENTED_EDGE('',*,*,#6290,.T.);
#6292=CARTESIAN_POINT('',(-0.102551573984547,-0.009270337071351,0.047244094488189));
#6293=DIRECTION('',(0.707106781186547,0.707106781186548,0.0));
#6294=VECTOR('',#6293,0.015748031496063);
#6295=LINE('',#6292,#6294);
#6296=EDGE_CURVE('',#6285,#6235,#6295,.T.);
#6297=ORIENTED_EDGE('',*,*,#6296,.T.);
#6298=EDGE_LOOP('',(#6243,#6251,#6259,#6267,#6275,#6283,#6291,#6297));
#6299=FACE_BOUND('',#6298,.T.);
#6300=ADVANCED_FACE('',(#6161,#6197,#6233,#6299),#5866,.T.);
#6301=CARTESIAN_POINT('',(-0.196850393700788,-0.090551181102362,0.047244094488189));
#6302=DIRECTION('',(0.0,0.0,1.0));
#6303=DIRECTION('',(0.707106781186548,-0.707106781186547,0.0));
#6304=AXIS2_PLACEMENT_3D('',#6301,#6302,#6303);
#6305=CYLINDRICAL_SURFACE('',#6304,0.029527559055118);
#6306=CARTESIAN_POINT('',(-0.167322834645669,-0.090551181102362,0.179133858267717));
#6307=VERTEX_POINT('',#6306);
#6308=CARTESIAN_POINT('',(-0.196850393700787,-0.12007874015748,0.179133858267717));
#6309=VERTEX_POINT('',#6308);
#6310=CARTESIAN_POINT('',(-0.196850393700788,-0.090551181102362,0.179133858267717));
#6311=DIRECTION('',(0.0,0.0,-1.0));
#6312=DIRECTION('',(0.707106781186548,-0.707106781186547,0.0));
#6313=AXIS2_PLACEMENT_3D('',#6310,#6311,#6312);
#6314=CIRCLE('',#6313,0.029527559055118);
#6315=EDGE_CURVE('',#6307,#6309,#6314,.T.);
#6316=ORIENTED_EDGE('',*,*,#6315,.T.);
#6317=CARTESIAN_POINT('',(-0.196850393700787,-0.12007874015748,0.179133858267717));
#6318=DIRECTION('',(0.0,0.0,-1.0));
#6319=VECTOR('',#6318,0.131889763779528);
#6320=LINE('',#6317,#6319);
#6321=EDGE_CURVE('',#6309,#5985,#6320,.T.);
#6322=ORIENTED_EDGE('',*,*,#6321,.T.);
#6323=ORIENTED_EDGE('',*,*,#5991,.T.);
#6324=CARTESIAN_POINT('',(-0.167322834645669,-0.090551181102362,0.047244094488189));
#6325=DIRECTION('',(0.0,0.0,1.0));
#6326=VECTOR('',#6325,0.131889763779528);
#6327=LINE('',#6324,#6326);
#6328=EDGE_CURVE('',#5977,#6307,#6327,.T.);
#6329=ORIENTED_EDGE('',*,*,#6328,.T.);
#6330=EDGE_LOOP('',(#6316,#6322,#6323,#6329));
#6331=FACE_OUTER_BOUND('',#6330,.T.);
#6332=ADVANCED_FACE('',(#6331),#6305,.T.);
#6333=CARTESIAN_POINT('',(-0.187007874015748,-0.100393700787401,0.179133858267717));
#6334=DIRECTION('',(0.0,0.0,1.0));
#6335=DIRECTION('',(1.0,0.0,0.0));
#6336=AXIS2_PLACEMENT_3D('',#6333,#6334,#6335);
#6337=PLANE('',#6336);
#6338=ORIENTED_EDGE('',*,*,#6315,.F.);
#6339=CARTESIAN_POINT('',(-0.167322834645669,-0.080708661417323,0.179133858267717));
#6340=VERTEX_POINT('',#6339);
#6341=CARTESIAN_POINT('',(-0.167322834645669,-0.080708661417323,0.179133858267717));
#6342=DIRECTION('',(0.0,-1.0,0.0));
#6343=VECTOR('',#6342,0.009842519685039);
#6344=LINE('',#6341,#6343);
#6345=EDGE_CURVE('',#6340,#6307,#6344,.T.);
#6346=ORIENTED_EDGE('',*,*,#6345,.F.);
#6347=CARTESIAN_POINT('',(-0.206692913385827,-0.080708661417323,0.179133858267717));
#6348=DIRECTION('',(1.0,0.0,0.0));
#6349=VECTOR('',#6348,0.039370078740157);
#6350=LINE('',#6347,#6349);
#6351=EDGE_CURVE('',#255,#6340,#6350,.T.);
#6352=ORIENTED_EDGE('',*,*,#6351,.F.);
#6353=ORIENTED_EDGE('',*,*,#260,.F.);
#6354=CARTESIAN_POINT('',(-0.196850393700787,-0.12007874015748,0.179133858267717));
#6355=DIRECTION('',(-1.0,0.0,0.0));
#6356=VECTOR('',#6355,0.009842519685039);
#6357=LINE('',#6354,#6356);
#6358=EDGE_CURVE('',#6309,#247,#6357,.T.);
#6359=ORIENTED_EDGE('',*,*,#6358,.F.);
#6360=EDGE_LOOP('',(#6338,#6346,#6352,#6353,#6359));
#6361=FACE_OUTER_BOUND('',#6360,.T.);
#6362=ADVANCED_FACE('',(#6361),#6337,.T.);
#6363=CARTESIAN_POINT('',(-0.167322834645669,-0.080708661417323,0.047244094488189));
#6364=DIRECTION('',(1.0,0.0,0.0));
#6365=DIRECTION('',(0.0,0.0,-1.0));
#6366=AXIS2_PLACEMENT_3D('',#6363,#6364,#6365);
#6367=PLANE('',#6366);
#6368=ORIENTED_EDGE('',*,*,#6328,.F.);
#6369=ORIENTED_EDGE('',*,*,#5982,.F.);
#6370=CARTESIAN_POINT('',(-0.167322834645669,-0.080708661417323,0.047244094488189));
#6371=DIRECTION('',(0.0,0.0,1.0));
#6372=VECTOR('',#6371,0.131889763779528);
#6373=LINE('',#6370,#6372);
#6374=EDGE_CURVE('',#5969,#6340,#6373,.T.);
#6375=ORIENTED_EDGE('',*,*,#6374,.T.);
#6376=ORIENTED_EDGE('',*,*,#6345,.T.);
#6377=EDGE_LOOP('',(#6368,#6369,#6375,#6376));
#6378=FACE_OUTER_BOUND('',#6377,.T.);
#6379=ADVANCED_FACE('',(#6378),#6367,.T.);
#6380=CARTESIAN_POINT('',(0.090551181102362,-0.196850393700788,0.047244094488189));
#6381=DIRECTION('',(0.0,0.0,1.0));
#6382=DIRECTION('',(0.707106781186547,0.707106781186548,0.0));
#6383=AXIS2_PLACEMENT_3D('',#6380,#6381,#6382);
#6384=CYLINDRICAL_SURFACE('',#6383,0.029527559055118);
#6385=CARTESIAN_POINT('',(0.090551181102362,-0.16732283464567,0.179133858267717));
#6386=VERTEX_POINT('',#6385);
#6387=CARTESIAN_POINT('',(0.12007874015748,-0.196850393700788,0.179133858267717));
#6388=VERTEX_POINT('',#6387);
#6389=CARTESIAN_POINT('',(0.090551181102362,-0.196850393700788,0.179133858267717));
#6390=DIRECTION('',(0.0,0.0,-1.0));
#6391=DIRECTION('',(0.707106781186547,0.707106781186548,0.0));
#6392=AXIS2_PLACEMENT_3D('',#6389,#6390,#6391);
#6393=CIRCLE('',#6392,0.029527559055118);
#6394=EDGE_CURVE('',#6386,#6388,#6393,.T.);
#6395=ORIENTED_EDGE('',*,*,#6394,.T.);
#6396=CARTESIAN_POINT('',(0.12007874015748,-0.196850393700788,0.179133858267717));
#6397=DIRECTION('',(0.0,0.0,-1.0));
#6398=VECTOR('',#6397,0.131889763779528);
#6399=LINE('',#6396,#6398);
#6400=EDGE_CURVE('',#6388,#6057,#6399,.T.);
#6401=ORIENTED_EDGE('',*,*,#6400,.T.);
#6402=ORIENTED_EDGE('',*,*,#6063,.T.);
#6403=CARTESIAN_POINT('',(0.090551181102362,-0.16732283464567,0.047244094488189));
#6404=DIRECTION('',(0.0,0.0,1.0));
#6405=VECTOR('',#6404,0.131889763779528);
#6406=LINE('',#6403,#6405);
#6407=EDGE_CURVE('',#6049,#6386,#6406,.T.);
#6408=ORIENTED_EDGE('',*,*,#6407,.T.);
#6409=EDGE_LOOP('',(#6395,#6401,#6402,#6408));
#6410=FACE_OUTER_BOUND('',#6409,.T.);
#6411=ADVANCED_FACE('',(#6410),#6384,.T.);
#6412=CARTESIAN_POINT('',(0.100393700787402,-0.187007874015748,0.179133858267717));
#6413=DIRECTION('',(0.0,0.0,1.0));
#6414=DIRECTION('',(1.0,0.0,0.0));
#6415=AXIS2_PLACEMENT_3D('',#6412,#6413,#6414);
#6416=PLANE('',#6415);
#6417=ORIENTED_EDGE('',*,*,#6394,.F.);
#6418=CARTESIAN_POINT('',(0.080708661417323,-0.16732283464567,0.179133858267717));
#6419=VERTEX_POINT('',#6418);
#6420=CARTESIAN_POINT('',(0.080708661417323,-0.16732283464567,0.179133858267717));
#6421=DIRECTION('',(1.0,0.0,0.0));
#6422=VECTOR('',#6421,0.009842519685039);
#6423=LINE('',#6420,#6422);
#6424=EDGE_CURVE('',#6419,#6386,#6423,.T.);
#6425=ORIENTED_EDGE('',*,*,#6424,.F.);
#6426=CARTESIAN_POINT('',(0.080708661417323,-0.206692913385827,0.179133858267717));
#6427=VERTEX_POINT('',#6426);
#6428=CARTESIAN_POINT('',(0.080708661417323,-0.206692913385827,0.179133858267717));
#6429=DIRECTION('',(0.0,1.0,0.0));
#6430=VECTOR('',#6429,0.039370078740157);
#6431=LINE('',#6428,#6430);
#6432=EDGE_CURVE('',#6427,#6419,#6431,.T.);
#6433=ORIENTED_EDGE('',*,*,#6432,.F.);
#6434=CARTESIAN_POINT('',(0.12007874015748,-0.206692913385827,0.179133858267717));
#6435=VERTEX_POINT('',#6434);
#6436=CARTESIAN_POINT('',(0.12007874015748,-0.206692913385827,0.179133858267717));
#6437=DIRECTION('',(-1.0,0.0,0.0));
#6438=VECTOR('',#6437,0.039370078740157);
#6439=LINE('',#6436,#6438);
#6440=EDGE_CURVE('',#6435,#6427,#6439,.T.);
#6441=ORIENTED_EDGE('',*,*,#6440,.F.);
#6442=CARTESIAN_POINT('',(0.12007874015748,-0.196850393700788,0.179133858267717));
#6443=DIRECTION('',(0.0,-1.0,0.0));
#6444=VECTOR('',#6443,0.009842519685039);
#6445=LINE('',#6442,#6444);
#6446=EDGE_CURVE('',#6388,#6435,#6445,.T.);
#6447=ORIENTED_EDGE('',*,*,#6446,.F.);
#6448=EDGE_LOOP('',(#6417,#6425,#6433,#6441,#6447));
#6449=FACE_OUTER_BOUND('',#6448,.T.);
#6450=ADVANCED_FACE('',(#6449),#6416,.T.);
#6451=CARTESIAN_POINT('',(0.080708661417323,-0.16732283464567,0.047244094488189));
#6452=DIRECTION('',(0.0,1.0,0.0));
#6453=DIRECTION('',(0.0,0.0,1.0));
#6454=AXIS2_PLACEMENT_3D('',#6451,#6452,#6453);
#6455=PLANE('',#6454);
#6456=ORIENTED_EDGE('',*,*,#6407,.F.);
#6457=ORIENTED_EDGE('',*,*,#6054,.F.);
#6458=CARTESIAN_POINT('',(0.080708661417323,-0.16732283464567,0.047244094488189));
#6459=DIRECTION('',(0.0,0.0,1.0));
#6460=VECTOR('',#6459,0.131889763779528);
#6461=LINE('',#6458,#6460);
#6462=EDGE_CURVE('',#6041,#6419,#6461,.T.);
#6463=ORIENTED_EDGE('',*,*,#6462,.T.);
#6464=ORIENTED_EDGE('',*,*,#6424,.T.);
#6465=EDGE_LOOP('',(#6456,#6457,#6463,#6464));
#6466=FACE_OUTER_BOUND('',#6465,.T.);
#6467=ADVANCED_FACE('',(#6466),#6455,.T.);
#6468=CARTESIAN_POINT('',(0.090551181102362,0.196850393700788,0.047244094488189));
#6469=DIRECTION('',(0.0,0.0,1.0));
#6470=DIRECTION('',(0.707106781186547,-0.707106781186548,0.0));
#6471=AXIS2_PLACEMENT_3D('',#6468,#6469,#6470);
#6472=CYLINDRICAL_SURFACE('',#6471,0.029527559055118);
#6473=CARTESIAN_POINT('',(0.12007874015748,0.196850393700788,0.179133858267717));
#6474=VERTEX_POINT('',#6473);
#6475=CARTESIAN_POINT('',(0.090551181102362,0.16732283464567,0.179133858267717));
#6476=VERTEX_POINT('',#6475);
#6477=CARTESIAN_POINT('',(0.090551181102362,0.196850393700788,0.179133858267717));
#6478=DIRECTION('',(0.0,0.0,-1.0));
#6479=DIRECTION('',(0.707106781186547,-0.707106781186548,0.0));
#6480=AXIS2_PLACEMENT_3D('',#6477,#6478,#6479);
#6481=CIRCLE('',#6480,0.029527559055118);
#6482=EDGE_CURVE('',#6474,#6476,#6481,.T.);
#6483=ORIENTED_EDGE('',*,*,#6482,.T.);
#6484=CARTESIAN_POINT('',(0.090551181102362,0.16732283464567,0.179133858267717));
#6485=DIRECTION('',(0.0,0.0,-1.0));
#6486=VECTOR('',#6485,0.131889763779528);
#6487=LINE('',#6484,#6486);
#6488=EDGE_CURVE('',#6476,#5880,#6487,.T.);
#6489=ORIENTED_EDGE('',*,*,#6488,.T.);
#6490=ORIENTED_EDGE('',*,*,#5886,.T.);
#6491=CARTESIAN_POINT('',(0.12007874015748,0.196850393700788,0.047244094488189));
#6492=DIRECTION('',(0.0,0.0,1.0));
#6493=VECTOR('',#6492,0.131889763779528);
#6494=LINE('',#6491,#6493);
#6495=EDGE_CURVE('',#5872,#6474,#6494,.T.);
#6496=ORIENTED_EDGE('',*,*,#6495,.T.);
#6497=EDGE_LOOP('',(#6483,#6489,#6490,#6496));
#6498=FACE_OUTER_BOUND('',#6497,.T.);
#6499=ADVANCED_FACE('',(#6498),#6472,.T.);
#6500=CARTESIAN_POINT('',(0.100393700787402,0.187007874015748,0.179133858267717));
#6501=DIRECTION('',(0.0,0.0,1.0));
#6502=DIRECTION('',(1.0,0.0,0.0));
#6503=AXIS2_PLACEMENT_3D('',#6500,#6501,#6502);
#6504=PLANE('',#6503);
#6505=ORIENTED_EDGE('',*,*,#6482,.F.);
#6506=CARTESIAN_POINT('',(0.12007874015748,0.206692913385827,0.179133858267717));
#6507=DIRECTION('',(0.0,-1.0,0.0));
#6508=VECTOR('',#6507,0.009842519685039);
#6509=LINE('',#6506,#6508);
#6510=EDGE_CURVE('',#592,#6474,#6509,.T.);
#6511=ORIENTED_EDGE('',*,*,#6510,.F.);
#6512=ORIENTED_EDGE('',*,*,#597,.F.);
#6513=CARTESIAN_POINT('',(0.080708661417323,0.16732283464567,0.179133858267717));
#6514=VERTEX_POINT('',#6513);
#6515=CARTESIAN_POINT('',(0.080708661417323,0.16732283464567,0.179133858267717));
#6516=DIRECTION('',(0.0,1.0,0.0));
#6517=VECTOR('',#6516,0.039370078740157);
#6518=LINE('',#6515,#6517);
#6519=EDGE_CURVE('',#6514,#584,#6518,.T.);
#6520=ORIENTED_EDGE('',*,*,#6519,.F.);
#6521=CARTESIAN_POINT('',(0.090551181102362,0.16732283464567,0.179133858267717));
#6522=DIRECTION('',(-1.0,0.0,0.0));
#6523=VECTOR('',#6522,0.009842519685039);
#6524=LINE('',#6521,#6523);
#6525=EDGE_CURVE('',#6476,#6514,#6524,.T.);
#6526=ORIENTED_EDGE('',*,*,#6525,.F.);
#6527=EDGE_LOOP('',(#6505,#6511,#6512,#6520,#6526));
#6528=FACE_OUTER_BOUND('',#6527,.T.);
#6529=ADVANCED_FACE('',(#6528),#6504,.T.);
#6530=CARTESIAN_POINT('',(0.12007874015748,0.206692913385827,0.047244094488189));
#6531=DIRECTION('',(1.0,0.0,0.0));
#6532=DIRECTION('',(0.0,0.0,-1.0));
#6533=AXIS2_PLACEMENT_3D('',#6530,#6531,#6532);
#6534=PLANE('',#6533);
#6535=ORIENTED_EDGE('',*,*,#6495,.F.);
#6536=ORIENTED_EDGE('',*,*,#5877,.F.);
#6537=ORIENTED_EDGE('',*,*,#605,.F.);
#6538=ORIENTED_EDGE('',*,*,#6510,.T.);
#6539=EDGE_LOOP('',(#6535,#6536,#6537,#6538));
#6540=FACE_OUTER_BOUND('',#6539,.T.);
#6541=ADVANCED_FACE('',(#6540),#6534,.T.);
#6542=CARTESIAN_POINT('',(0.196850393700788,0.090551181102362,0.047244094488189));
#6543=DIRECTION('',(0.0,0.0,1.0));
#6544=DIRECTION('',(-0.707106781186548,0.707106781186547,0.0));
#6545=AXIS2_PLACEMENT_3D('',#6542,#6543,#6544);
#6546=CYLINDRICAL_SURFACE('',#6545,0.029527559055118);
#6547=CARTESIAN_POINT('',(0.16732283464567,0.090551181102362,0.179133858267717));
#6548=VERTEX_POINT('',#6547);
#6549=CARTESIAN_POINT('',(0.196850393700788,0.12007874015748,0.179133858267717));
#6550=VERTEX_POINT('',#6549);
#6551=CARTESIAN_POINT('',(0.196850393700788,0.090551181102362,0.179133858267717));
#6552=DIRECTION('',(0.0,0.0,-1.0));
#6553=DIRECTION('',(-0.707106781186548,0.707106781186547,0.0));
#6554=AXIS2_PLACEMENT_3D('',#6551,#6552,#6553);
#6555=CIRCLE('',#6554,0.029527559055118);
#6556=EDGE_CURVE('',#6548,#6550,#6555,.T.);
#6557=ORIENTED_EDGE('',*,*,#6556,.T.);
#6558=CARTESIAN_POINT('',(0.196850393700788,0.12007874015748,0.179133858267717));
#6559=DIRECTION('',(0.0,0.0,-1.0));
#6560=VECTOR('',#6559,0.131889763779528);
#6561=LINE('',#6558,#6560);
#6562=EDGE_CURVE('',#6550,#6138,#6561,.T.);
#6563=ORIENTED_EDGE('',*,*,#6562,.T.);
#6564=ORIENTED_EDGE('',*,*,#6144,.T.);
#6565=CARTESIAN_POINT('',(0.16732283464567,0.090551181102362,0.047244094488189));
#6566=DIRECTION('',(0.0,0.0,1.0));
#6567=VECTOR('',#6566,0.131889763779528);
#6568=LINE('',#6565,#6567);
#6569=EDGE_CURVE('',#6130,#6548,#6568,.T.);
#6570=ORIENTED_EDGE('',*,*,#6569,.T.);
#6571=EDGE_LOOP('',(#6557,#6563,#6564,#6570));
#6572=FACE_OUTER_BOUND('',#6571,.T.);
#6573=ADVANCED_FACE('',(#6572),#6546,.T.);
#6574=CARTESIAN_POINT('',(0.187007874015749,0.100393700787402,0.179133858267717));
#6575=DIRECTION('',(0.0,0.0,1.0));
#6576=DIRECTION('',(1.0,0.0,0.0));
#6577=AXIS2_PLACEMENT_3D('',#6574,#6575,#6576);
#6578=PLANE('',#6577);
#6579=ORIENTED_EDGE('',*,*,#6556,.F.);
#6580=CARTESIAN_POINT('',(0.16732283464567,0.080708661417323,0.179133858267717));
#6581=VERTEX_POINT('',#6580);
#6582=CARTESIAN_POINT('',(0.16732283464567,0.080708661417323,0.179133858267717));
#6583=DIRECTION('',(0.0,1.0,0.0));
#6584=VECTOR('',#6583,0.009842519685039);
#6585=LINE('',#6582,#6584);
#6586=EDGE_CURVE('',#6581,#6548,#6585,.T.);
#6587=ORIENTED_EDGE('',*,*,#6586,.F.);
#6588=CARTESIAN_POINT('',(0.206692913385827,0.080708661417323,0.179133858267717));
#6589=VERTEX_POINT('',#6588);
#6590=CARTESIAN_POINT('',(0.206692913385827,0.080708661417323,0.179133858267717));
#6591=DIRECTION('',(-1.0,0.0,0.0));
#6592=VECTOR('',#6591,0.039370078740157);
#6593=LINE('',#6590,#6592);
#6594=EDGE_CURVE('',#6589,#6581,#6593,.T.);
#6595=ORIENTED_EDGE('',*,*,#6594,.F.);
#6596=CARTESIAN_POINT('',(0.206692913385827,0.12007874015748,0.179133858267717));
#6597=VERTEX_POINT('',#6596);
#6598=CARTESIAN_POINT('',(0.206692913385827,0.12007874015748,0.179133858267717));
#6599=DIRECTION('',(0.0,-1.0,0.0));
#6600=VECTOR('',#6599,0.039370078740158);
#6601=LINE('',#6598,#6600);
#6602=EDGE_CURVE('',#6597,#6589,#6601,.T.);
#6603=ORIENTED_EDGE('',*,*,#6602,.F.);
#6604=CARTESIAN_POINT('',(0.196850393700788,0.12007874015748,0.179133858267717));
#6605=DIRECTION('',(1.0,0.0,0.0));
#6606=VECTOR('',#6605,0.009842519685039);
#6607=LINE('',#6604,#6606);
#6608=EDGE_CURVE('',#6550,#6597,#6607,.T.);
#6609=ORIENTED_EDGE('',*,*,#6608,.F.);
#6610=EDGE_LOOP('',(#6579,#6587,#6595,#6603,#6609));
#6611=FACE_OUTER_BOUND('',#6610,.T.);
#6612=ADVANCED_FACE('',(#6611),#6578,.T.);
#6613=CARTESIAN_POINT('',(0.16732283464567,0.080708661417323,0.047244094488189));
#6614=DIRECTION('',(-1.0,0.0,0.0));
#6615=DIRECTION('',(0.0,0.0,1.0));
#6616=AXIS2_PLACEMENT_3D('',#6613,#6614,#6615);
#6617=PLANE('',#6616);
#6618=ORIENTED_EDGE('',*,*,#6569,.F.);
#6619=ORIENTED_EDGE('',*,*,#6135,.F.);
#6620=CARTESIAN_POINT('',(0.16732283464567,0.080708661417323,0.047244094488189));
#6621=DIRECTION('',(0.0,0.0,1.0));
#6622=VECTOR('',#6621,0.131889763779528);
#6623=LINE('',#6620,#6622);
#6624=EDGE_CURVE('',#6122,#6581,#6623,.T.);
#6625=ORIENTED_EDGE('',*,*,#6624,.T.);
#6626=ORIENTED_EDGE('',*,*,#6586,.T.);
#6627=EDGE_LOOP('',(#6618,#6619,#6625,#6626));
#6628=FACE_OUTER_BOUND('',#6627,.T.);
#6629=ADVANCED_FACE('',(#6628),#6617,.T.);
#6630=CARTESIAN_POINT('',(0.196850393700788,-0.090551181102362,0.047244094488189));
#6631=DIRECTION('',(0.0,0.0,1.0));
#6632=DIRECTION('',(-0.707106781186548,-0.707106781186547,0.0));
#6633=AXIS2_PLACEMENT_3D('',#6630,#6631,#6632);
#6634=CYLINDRICAL_SURFACE('',#6633,0.029527559055118);
#6635=CARTESIAN_POINT('',(0.196850393700788,-0.12007874015748,0.179133858267717));
#6636=VERTEX_POINT('',#6635);
#6637=CARTESIAN_POINT('',(0.16732283464567,-0.090551181102362,0.179133858267717));
#6638=VERTEX_POINT('',#6637);
#6639=CARTESIAN_POINT('',(0.196850393700788,-0.090551181102362,0.179133858267717));
#6640=DIRECTION('',(0.0,0.0,-1.0));
#6641=DIRECTION('',(-0.707106781186548,-0.707106781186547,0.0));
#6642=AXIS2_PLACEMENT_3D('',#6639,#6640,#6641);
#6643=CIRCLE('',#6642,0.029527559055118);
#6644=EDGE_CURVE('',#6636,#6638,#6643,.T.);
#6645=ORIENTED_EDGE('',*,*,#6644,.T.);
#6646=CARTESIAN_POINT('',(0.16732283464567,-0.090551181102362,0.179133858267717));
#6647=DIRECTION('',(0.0,0.0,-1.0));
#6648=VECTOR('',#6647,0.131889763779528);
#6649=LINE('',#6646,#6648);
#6650=EDGE_CURVE('',#6638,#6098,#6649,.T.);
#6651=ORIENTED_EDGE('',*,*,#6650,.T.);
#6652=ORIENTED_EDGE('',*,*,#6104,.T.);
#6653=CARTESIAN_POINT('',(0.196850393700788,-0.12007874015748,0.047244094488189));
#6654=DIRECTION('',(0.0,0.0,1.0));
#6655=VECTOR('',#6654,0.131889763779528);
#6656=LINE('',#6653,#6655);
#6657=EDGE_CURVE('',#6090,#6636,#6656,.T.);
#6658=ORIENTED_EDGE('',*,*,#6657,.T.);
#6659=EDGE_LOOP('',(#6645,#6651,#6652,#6658));
#6660=FACE_OUTER_BOUND('',#6659,.T.);
#6661=ADVANCED_FACE('',(#6660),#6634,.T.);
#6662=CARTESIAN_POINT('',(0.187007874015749,-0.100393700787401,0.179133858267717));
#6663=DIRECTION('',(0.0,0.0,1.0));
#6664=DIRECTION('',(1.0,0.0,0.0));
#6665=AXIS2_PLACEMENT_3D('',#6662,#6663,#6664);
#6666=PLANE('',#6665);
#6667=ORIENTED_EDGE('',*,*,#6644,.F.);
#6668=CARTESIAN_POINT('',(0.206692913385827,-0.12007874015748,0.179133858267717));
#6669=VERTEX_POINT('',#6668);
#6670=CARTESIAN_POINT('',(0.206692913385827,-0.12007874015748,0.179133858267717));
#6671=DIRECTION('',(-1.0,0.0,0.0));
#6672=VECTOR('',#6671,0.009842519685039);
#6673=LINE('',#6670,#6672);
#6674=EDGE_CURVE('',#6669,#6636,#6673,.T.);
#6675=ORIENTED_EDGE('',*,*,#6674,.F.);
#6676=CARTESIAN_POINT('',(0.206692913385827,-0.080708661417323,0.179133858267717));
#6677=VERTEX_POINT('',#6676);
#6678=CARTESIAN_POINT('',(0.206692913385827,-0.080708661417323,0.179133858267717));
#6679=DIRECTION('',(0.0,-1.0,0.0));
#6680=VECTOR('',#6679,0.039370078740158);
#6681=LINE('',#6678,#6680);
#6682=EDGE_CURVE('',#6677,#6669,#6681,.T.);
#6683=ORIENTED_EDGE('',*,*,#6682,.F.);
#6684=CARTESIAN_POINT('',(0.16732283464567,-0.080708661417323,0.179133858267717));
#6685=VERTEX_POINT('',#6684);
#6686=CARTESIAN_POINT('',(0.16732283464567,-0.080708661417323,0.179133858267717));
#6687=DIRECTION('',(1.0,0.0,0.0));
#6688=VECTOR('',#6687,0.039370078740157);
#6689=LINE('',#6686,#6688);
#6690=EDGE_CURVE('',#6685,#6677,#6689,.T.);
#6691=ORIENTED_EDGE('',*,*,#6690,.F.);
#6692=CARTESIAN_POINT('',(0.16732283464567,-0.090551181102362,0.179133858267717));
#6693=DIRECTION('',(0.0,1.0,0.0));
#6694=VECTOR('',#6693,0.009842519685039);
#6695=LINE('',#6692,#6694);
#6696=EDGE_CURVE('',#6638,#6685,#6695,.T.);
#6697=ORIENTED_EDGE('',*,*,#6696,.F.);
#6698=EDGE_LOOP('',(#6667,#6675,#6683,#6691,#6697));
#6699=FACE_OUTER_BOUND('',#6698,.T.);
#6700=ADVANCED_FACE('',(#6699),#6666,.T.);
#6701=CARTESIAN_POINT('',(0.206692913385827,-0.12007874015748,0.047244094488189));
#6702=DIRECTION('',(0.0,-1.0,0.0));
#6703=DIRECTION('',(0.0,0.0,-1.0));
#6704=AXIS2_PLACEMENT_3D('',#6701,#6702,#6703);
#6705=PLANE('',#6704);
#6706=ORIENTED_EDGE('',*,*,#6657,.F.);
#6707=ORIENTED_EDGE('',*,*,#6095,.F.);
#6708=CARTESIAN_POINT('',(0.206692913385827,-0.12007874015748,0.179133858267717));
#6709=DIRECTION('',(0.0,0.0,-1.0));
#6710=VECTOR('',#6709,0.131889763779528);
#6711=LINE('',#6708,#6710);
#6712=EDGE_CURVE('',#6669,#6082,#6711,.T.);
#6713=ORIENTED_EDGE('',*,*,#6712,.F.);
#6714=ORIENTED_EDGE('',*,*,#6674,.T.);
#6715=EDGE_LOOP('',(#6706,#6707,#6713,#6714));
#6716=FACE_OUTER_BOUND('',#6715,.T.);
#6717=ADVANCED_FACE('',(#6716),#6705,.T.);
#6718=CARTESIAN_POINT('',(-0.090551181102362,0.196850393700787,0.047244094488189));
#6719=DIRECTION('',(0.0,0.0,1.0));
#6720=DIRECTION('',(-0.707106781186548,-0.707106781186548,0.0));
#6721=AXIS2_PLACEMENT_3D('',#6718,#6719,#6720);
#6722=CYLINDRICAL_SURFACE('',#6721,0.029527559055118);
#6723=CARTESIAN_POINT('',(-0.090551181102362,0.167322834645669,0.179133858267717));
#6724=VERTEX_POINT('',#6723);
#6725=CARTESIAN_POINT('',(-0.12007874015748,0.196850393700787,0.179133858267717));
#6726=VERTEX_POINT('',#6725);
#6727=CARTESIAN_POINT('',(-0.090551181102362,0.196850393700787,0.179133858267717));
#6728=DIRECTION('',(0.0,0.0,-1.0));
#6729=DIRECTION('',(-0.707106781186548,-0.707106781186548,0.0));
#6730=AXIS2_PLACEMENT_3D('',#6727,#6728,#6729);
#6731=CIRCLE('',#6730,0.029527559055118);
#6732=EDGE_CURVE('',#6724,#6726,#6731,.T.);
#6733=ORIENTED_EDGE('',*,*,#6732,.T.);
#6734=CARTESIAN_POINT('',(-0.12007874015748,0.196850393700787,0.179133858267717));
#6735=DIRECTION('',(0.0,0.0,-1.0));
#6736=VECTOR('',#6735,0.131889763779528);
#6737=LINE('',#6734,#6736);
#6738=EDGE_CURVE('',#6726,#5920,#6737,.T.);
#6739=ORIENTED_EDGE('',*,*,#6738,.T.);
#6740=ORIENTED_EDGE('',*,*,#5926,.T.);
#6741=CARTESIAN_POINT('',(-0.090551181102362,0.167322834645669,0.047244094488189));
#6742=DIRECTION('',(0.0,0.0,1.0));
#6743=VECTOR('',#6742,0.131889763779528);
#6744=LINE('',#6741,#6743);
#6745=EDGE_CURVE('',#5912,#6724,#6744,.T.);
#6746=ORIENTED_EDGE('',*,*,#6745,.T.);
#6747=EDGE_LOOP('',(#6733,#6739,#6740,#6746));
#6748=FACE_OUTER_BOUND('',#6747,.T.);
#6749=ADVANCED_FACE('',(#6748),#6722,.T.);
#6750=CARTESIAN_POINT('',(-0.100393700787402,0.187007874015748,0.179133858267717));
#6751=DIRECTION('',(0.0,0.0,1.0));
#6752=DIRECTION('',(1.0,0.0,0.0));
#6753=AXIS2_PLACEMENT_3D('',#6750,#6751,#6752);
#6754=PLANE('',#6753);
#6755=ORIENTED_EDGE('',*,*,#6732,.F.);
#6756=CARTESIAN_POINT('',(-0.080708661417323,0.167322834645669,0.179133858267717));
#6757=VERTEX_POINT('',#6756);
#6758=CARTESIAN_POINT('',(-0.080708661417323,0.167322834645669,0.179133858267717));
#6759=DIRECTION('',(-1.0,0.0,0.0));
#6760=VECTOR('',#6759,0.009842519685039);
#6761=LINE('',#6758,#6760);
#6762=EDGE_CURVE('',#6757,#6724,#6761,.T.);
#6763=ORIENTED_EDGE('',*,*,#6762,.F.);
#6764=CARTESIAN_POINT('',(-0.080708661417323,0.206692913385827,0.179133858267717));
#6765=DIRECTION('',(0.0,-1.0,0.0));
#6766=VECTOR('',#6765,0.039370078740158);
#6767=LINE('',#6764,#6766);
#6768=EDGE_CURVE('',#655,#6757,#6767,.T.);
#6769=ORIENTED_EDGE('',*,*,#6768,.F.);
#6770=ORIENTED_EDGE('',*,*,#660,.F.);
#6771=CARTESIAN_POINT('',(-0.12007874015748,0.196850393700787,0.179133858267717));
#6772=DIRECTION('',(0.0,1.0,0.0));
#6773=VECTOR('',#6772,0.009842519685039);
#6774=LINE('',#6771,#6773);
#6775=EDGE_CURVE('',#6726,#647,#6774,.T.);
#6776=ORIENTED_EDGE('',*,*,#6775,.F.);
#6777=EDGE_LOOP('',(#6755,#6763,#6769,#6770,#6776));
#6778=FACE_OUTER_BOUND('',#6777,.T.);
#6779=ADVANCED_FACE('',(#6778),#6754,.T.);
#6780=CARTESIAN_POINT('',(-0.080708661417323,0.167322834645669,0.047244094488189));
#6781=DIRECTION('',(0.0,-1.0,0.0));
#6782=DIRECTION('',(0.0,0.0,-1.0));
#6783=AXIS2_PLACEMENT_3D('',#6780,#6781,#6782);
#6784=PLANE('',#6783);
#6785=ORIENTED_EDGE('',*,*,#6745,.F.);
#6786=ORIENTED_EDGE('',*,*,#5917,.F.);
#6787=CARTESIAN_POINT('',(-0.080708661417323,0.167322834645669,0.047244094488189));
#6788=DIRECTION('',(0.0,0.0,1.0));
#6789=VECTOR('',#6788,0.131889763779528);
#6790=LINE('',#6787,#6789);
#6791=EDGE_CURVE('',#5904,#6757,#6790,.T.);
#6792=ORIENTED_EDGE('',*,*,#6791,.T.);
#6793=ORIENTED_EDGE('',*,*,#6762,.T.);
#6794=EDGE_LOOP('',(#6785,#6786,#6792,#6793));
#6795=FACE_OUTER_BOUND('',#6794,.T.);
#6796=ADVANCED_FACE('',(#6795),#6784,.T.);
#6797=CARTESIAN_POINT('',(-0.090551181102362,-0.196850393700788,0.047244094488189));
#6798=DIRECTION('',(0.0,0.0,1.0));
#6799=DIRECTION('',(-0.707106781186547,0.707106781186548,0.0));
#6800=AXIS2_PLACEMENT_3D('',#6797,#6798,#6799);
#6801=CYLINDRICAL_SURFACE('',#6800,0.029527559055118);
#6802=CARTESIAN_POINT('',(-0.12007874015748,-0.196850393700788,0.179133858267717));
#6803=VERTEX_POINT('',#6802);
#6804=CARTESIAN_POINT('',(-0.090551181102362,-0.16732283464567,0.179133858267717));
#6805=VERTEX_POINT('',#6804);
#6806=CARTESIAN_POINT('',(-0.090551181102362,-0.196850393700788,0.179133858267717));
#6807=DIRECTION('',(0.0,0.0,-1.0));
#6808=DIRECTION('',(-0.707106781186547,0.707106781186548,0.0));
#6809=AXIS2_PLACEMENT_3D('',#6806,#6807,#6808);
#6810=CIRCLE('',#6809,0.029527559055118);
#6811=EDGE_CURVE('',#6803,#6805,#6810,.T.);
#6812=ORIENTED_EDGE('',*,*,#6811,.T.);
#6813=CARTESIAN_POINT('',(-0.090551181102362,-0.16732283464567,0.179133858267717));
#6814=DIRECTION('',(0.0,0.0,-1.0));
#6815=VECTOR('',#6814,0.131889763779528);
#6816=LINE('',#6813,#6815);
#6817=EDGE_CURVE('',#6805,#6017,#6816,.T.);
#6818=ORIENTED_EDGE('',*,*,#6817,.T.);
#6819=ORIENTED_EDGE('',*,*,#6023,.T.);
#6820=CARTESIAN_POINT('',(-0.12007874015748,-0.196850393700788,0.047244094488189));
#6821=DIRECTION('',(0.0,0.0,1.0));
#6822=VECTOR('',#6821,0.131889763779528);
#6823=LINE('',#6820,#6822);
#6824=EDGE_CURVE('',#6009,#6803,#6823,.T.);
#6825=ORIENTED_EDGE('',*,*,#6824,.T.);
#6826=EDGE_LOOP('',(#6812,#6818,#6819,#6825));
#6827=FACE_OUTER_BOUND('',#6826,.T.);
#6828=ADVANCED_FACE('',(#6827),#6801,.T.);
#6829=CARTESIAN_POINT('',(-0.100393700787402,-0.187007874015748,0.179133858267717));
#6830=DIRECTION('',(0.0,0.0,1.0));
#6831=DIRECTION('',(1.0,0.0,0.0));
#6832=AXIS2_PLACEMENT_3D('',#6829,#6830,#6831);
#6833=PLANE('',#6832);
#6834=ORIENTED_EDGE('',*,*,#6811,.F.);
#6835=CARTESIAN_POINT('',(-0.12007874015748,-0.206692913385827,0.179133858267717));
#6836=VERTEX_POINT('',#6835);
#6837=CARTESIAN_POINT('',(-0.12007874015748,-0.206692913385827,0.179133858267717));
#6838=DIRECTION('',(0.0,1.0,0.0));
#6839=VECTOR('',#6838,0.009842519685039);
#6840=LINE('',#6837,#6839);
#6841=EDGE_CURVE('',#6836,#6803,#6840,.T.);
#6842=ORIENTED_EDGE('',*,*,#6841,.F.);
#6843=CARTESIAN_POINT('',(-0.080708661417323,-0.206692913385827,0.179133858267717));
#6844=VERTEX_POINT('',#6843);
#6845=CARTESIAN_POINT('',(-0.080708661417323,-0.206692913385827,0.179133858267717));
#6846=DIRECTION('',(-1.0,0.0,0.0));
#6847=VECTOR('',#6846,0.039370078740157);
#6848=LINE('',#6845,#6847);
#6849=EDGE_CURVE('',#6844,#6836,#6848,.T.);
#6850=ORIENTED_EDGE('',*,*,#6849,.F.);
#6851=CARTESIAN_POINT('',(-0.080708661417323,-0.16732283464567,0.179133858267717));
#6852=VERTEX_POINT('',#6851);
#6853=CARTESIAN_POINT('',(-0.080708661417323,-0.16732283464567,0.179133858267717));
#6854=DIRECTION('',(0.0,-1.0,0.0));
#6855=VECTOR('',#6854,0.039370078740157);
#6856=LINE('',#6853,#6855);
#6857=EDGE_CURVE('',#6852,#6844,#6856,.T.);
#6858=ORIENTED_EDGE('',*,*,#6857,.F.);
#6859=CARTESIAN_POINT('',(-0.090551181102362,-0.16732283464567,0.179133858267717));
#6860=DIRECTION('',(1.0,0.0,0.0));
#6861=VECTOR('',#6860,0.009842519685039);
#6862=LINE('',#6859,#6861);
#6863=EDGE_CURVE('',#6805,#6852,#6862,.T.);
#6864=ORIENTED_EDGE('',*,*,#6863,.F.);
#6865=EDGE_LOOP('',(#6834,#6842,#6850,#6858,#6864));
#6866=FACE_OUTER_BOUND('',#6865,.T.);
#6867=ADVANCED_FACE('',(#6866),#6833,.T.);
#6868=CARTESIAN_POINT('',(-0.12007874015748,-0.206692913385827,0.047244094488189));
#6869=DIRECTION('',(-1.0,0.0,0.0));
#6870=DIRECTION('',(0.0,0.0,1.0));
#6871=AXIS2_PLACEMENT_3D('',#6868,#6869,#6870);
#6872=PLANE('',#6871);
#6873=ORIENTED_EDGE('',*,*,#6824,.F.);
#6874=ORIENTED_EDGE('',*,*,#6014,.F.);
#6875=CARTESIAN_POINT('',(-0.12007874015748,-0.206692913385827,0.179133858267717));
#6876=DIRECTION('',(0.0,0.0,-1.0));
#6877=VECTOR('',#6876,0.131889763779528);
#6878=LINE('',#6875,#6877);
#6879=EDGE_CURVE('',#6836,#6001,#6878,.T.);
#6880=ORIENTED_EDGE('',*,*,#6879,.F.);
#6881=ORIENTED_EDGE('',*,*,#6841,.T.);
#6882=EDGE_LOOP('',(#6873,#6874,#6880,#6881));
#6883=FACE_OUTER_BOUND('',#6882,.T.);
#6884=ADVANCED_FACE('',(#6883),#6872,.T.);
#6885=CARTESIAN_POINT('',(-0.196850393700788,0.090551181102362,0.047244094488189));
#6886=DIRECTION('',(0.0,0.0,1.0));
#6887=DIRECTION('',(0.707106781186548,0.707106781186547,0.0));
#6888=AXIS2_PLACEMENT_3D('',#6885,#6886,#6887);
#6889=CYLINDRICAL_SURFACE('',#6888,0.029527559055118);
#6890=CARTESIAN_POINT('',(-0.196850393700788,0.120078740157481,0.179133858267717));
#6891=VERTEX_POINT('',#6890);
#6892=CARTESIAN_POINT('',(-0.167322834645669,0.090551181102362,0.179133858267717));
#6893=VERTEX_POINT('',#6892);
#6894=CARTESIAN_POINT('',(-0.196850393700788,0.090551181102362,0.179133858267717));
#6895=DIRECTION('',(0.0,0.0,-1.0));
#6896=DIRECTION('',(0.707106781186548,0.707106781186547,0.0));
#6897=AXIS2_PLACEMENT_3D('',#6894,#6895,#6896);
#6898=CIRCLE('',#6897,0.029527559055118);
#6899=EDGE_CURVE('',#6891,#6893,#6898,.T.);
#6900=ORIENTED_EDGE('',*,*,#6899,.T.);
#6901=CARTESIAN_POINT('',(-0.167322834645669,0.090551181102362,0.179133858267717));
#6902=DIRECTION('',(0.0,0.0,-1.0));
#6903=VECTOR('',#6902,0.131889763779528);
#6904=LINE('',#6901,#6903);
#6905=EDGE_CURVE('',#6893,#5945,#6904,.T.);
#6906=ORIENTED_EDGE('',*,*,#6905,.T.);
#6907=ORIENTED_EDGE('',*,*,#5951,.T.);
#6908=CARTESIAN_POINT('',(-0.196850393700788,0.120078740157481,0.047244094488189));
#6909=DIRECTION('',(0.0,0.0,1.0));
#6910=VECTOR('',#6909,0.131889763779528);
#6911=LINE('',#6908,#6910);
#6912=EDGE_CURVE('',#5937,#6891,#6911,.T.);
#6913=ORIENTED_EDGE('',*,*,#6912,.T.);
#6914=EDGE_LOOP('',(#6900,#6906,#6907,#6913));
#6915=FACE_OUTER_BOUND('',#6914,.T.);
#6916=ADVANCED_FACE('',(#6915),#6889,.T.);
#6917=CARTESIAN_POINT('',(-0.187007874015748,0.100393700787402,0.179133858267717));
#6918=DIRECTION('',(0.0,0.0,1.0));
#6919=DIRECTION('',(1.0,0.0,0.0));
#6920=AXIS2_PLACEMENT_3D('',#6917,#6918,#6919);
#6921=PLANE('',#6920);
#6922=ORIENTED_EDGE('',*,*,#6899,.F.);
#6923=CARTESIAN_POINT('',(-0.206692913385827,0.120078740157481,0.179133858267717));
#6924=DIRECTION('',(1.0,0.0,0.0));
#6925=VECTOR('',#6924,0.009842519685039);
#6926=LINE('',#6923,#6925);
#6927=EDGE_CURVE('',#191,#6891,#6926,.T.);
#6928=ORIENTED_EDGE('',*,*,#6927,.F.);
#6929=ORIENTED_EDGE('',*,*,#196,.F.);
#6930=CARTESIAN_POINT('',(-0.167322834645669,0.080708661417323,0.179133858267717));
#6931=VERTEX_POINT('',#6930);
#6932=CARTESIAN_POINT('',(-0.167322834645669,0.080708661417323,0.179133858267717));
#6933=DIRECTION('',(-1.0,0.0,0.0));
#6934=VECTOR('',#6933,0.039370078740157);
#6935=LINE('',#6932,#6934);
#6936=EDGE_CURVE('',#6931,#183,#6935,.T.);
#6937=ORIENTED_EDGE('',*,*,#6936,.F.);
#6938=CARTESIAN_POINT('',(-0.167322834645669,0.090551181102362,0.179133858267717));
#6939=DIRECTION('',(0.0,-1.0,0.0));
#6940=VECTOR('',#6939,0.009842519685039);
#6941=LINE('',#6938,#6940);
#6942=EDGE_CURVE('',#6893,#6931,#6941,.T.);
#6943=ORIENTED_EDGE('',*,*,#6942,.F.);
#6944=EDGE_LOOP('',(#6922,#6928,#6929,#6937,#6943));
#6945=FACE_OUTER_BOUND('',#6944,.T.);
#6946=ADVANCED_FACE('',(#6945),#6921,.T.);
#6947=CARTESIAN_POINT('',(-0.206692913385827,0.120078740157481,0.047244094488189));
#6948=DIRECTION('',(0.0,1.0,0.0));
#6949=DIRECTION('',(0.0,0.0,1.0));
#6950=AXIS2_PLACEMENT_3D('',#6947,#6948,#6949);
#6951=PLANE('',#6950);
#6952=ORIENTED_EDGE('',*,*,#6912,.F.);
#6953=ORIENTED_EDGE('',*,*,#5942,.F.);
#6954=ORIENTED_EDGE('',*,*,#204,.F.);
#6955=ORIENTED_EDGE('',*,*,#6927,.T.);
#6956=EDGE_LOOP('',(#6952,#6953,#6954,#6955));
#6957=FACE_OUTER_BOUND('',#6956,.T.);
#6958=ADVANCED_FACE('',(#6957),#6951,.T.);
#6959=CARTESIAN_POINT('',(-0.091416034123341,0.001865202789854,0.047244094488189));
#6960=DIRECTION('',(0.707106781186547,0.707106781186549,0.0));
#6961=DIRECTION('',(0.0,0.0,-1.0));
#6962=AXIS2_PLACEMENT_3D('',#6959,#6960,#6961);
#6963=PLANE('',#6962);
#6964=CARTESIAN_POINT('',(-0.091416034123341,0.001865202789854,0.135826771653543));
#6965=VERTEX_POINT('',#6964);
#6966=CARTESIAN_POINT('',(-0.064969126952978,-0.024581704380509,0.135826771653543));
#6967=VERTEX_POINT('',#6966);
#6968=CARTESIAN_POINT('',(-0.091416034123341,0.001865202789854,0.135826771653543));
#6969=DIRECTION('',(0.707106781186548,-0.707106781186547,0.0));
#6970=VECTOR('',#6969,0.03740157480315);
#6971=LINE('',#6968,#6970);
#6972=EDGE_CURVE('',#6965,#6967,#6971,.T.);
#6973=ORIENTED_EDGE('',*,*,#6972,.T.);
#6974=CARTESIAN_POINT('',(-0.064969126952978,-0.024581704380509,0.047244094488189));
#6975=DIRECTION('',(0.0,0.0,1.0));
#6976=VECTOR('',#6975,0.088582677165354);
#6977=LINE('',#6974,#6976);
#6978=EDGE_CURVE('',#6237,#6967,#6977,.T.);
#6979=ORIENTED_EDGE('',*,*,#6978,.F.);
#6980=ORIENTED_EDGE('',*,*,#6242,.F.);
#6981=CARTESIAN_POINT('',(-0.091416034123341,0.001865202789854,0.047244094488189));
#6982=DIRECTION('',(0.0,0.0,1.0));
#6983=VECTOR('',#6982,0.088582677165354);
#6984=LINE('',#6981,#6983);
#6985=EDGE_CURVE('',#6235,#6965,#6984,.T.);
#6986=ORIENTED_EDGE('',*,*,#6985,.T.);
#6987=EDGE_LOOP('',(#6973,#6979,#6980,#6986));
#6988=FACE_OUTER_BOUND('',#6987,.T.);
#6989=ADVANCED_FACE('',(#6988),#6963,.T.);
#6990=CARTESIAN_POINT('',(-0.064969126952978,-0.024581704380509,0.047244094488189));
#6991=DIRECTION('',(-0.707106781186549,0.707106781186546,0.0));
#6992=DIRECTION('',(0.0,0.0,1.0));
#6993=AXIS2_PLACEMENT_3D('',#6990,#6991,#6992);
#6994=PLANE('',#6993);
#6995=CARTESIAN_POINT('',(0.004627997179556,0.045015419752026,0.135826771653543));
#6996=VERTEX_POINT('',#6995);
#6997=CARTESIAN_POINT('',(-0.064969126952978,-0.024581704380509,0.135826771653543));
#6998=DIRECTION('',(0.707106781186546,0.707106781186549,0.0));
#6999=VECTOR('',#6998,0.098425196850394);
#7000=LINE('',#6997,#6999);
#7001=EDGE_CURVE('',#6967,#6996,#7000,.T.);
#7002=ORIENTED_EDGE('',*,*,#7001,.T.);
#7003=CARTESIAN_POINT('',(0.004627997179556,0.045015419752026,0.047244094488189));
#7004=DIRECTION('',(0.0,0.0,1.0));
#7005=VECTOR('',#7004,0.088582677165354);
#7006=LINE('',#7003,#7005);
#7007=EDGE_CURVE('',#6245,#6996,#7006,.T.);
#7008=ORIENTED_EDGE('',*,*,#7007,.F.);
#7009=ORIENTED_EDGE('',*,*,#6250,.F.);
#7010=ORIENTED_EDGE('',*,*,#6978,.T.);
#7011=EDGE_LOOP('',(#7002,#7008,#7009,#7010));
#7012=FACE_OUTER_BOUND('',#7011,.T.);
#7013=ADVANCED_FACE('',(#7012),#6994,.T.);
#7014=CARTESIAN_POINT('',(0.004627997179556,0.045015419752026,0.047244094488189));
#7015=DIRECTION('',(0.707106781186546,0.707106781186549,0.0));
#7016=DIRECTION('',(0.0,0.0,-1.0));
#7017=AXIS2_PLACEMENT_3D('',#7014,#7015,#7016);
#7018=PLANE('',#7017);
#7019=CARTESIAN_POINT('',(0.046386271659077,0.003257145272505,0.135826771653543));
#7020=VERTEX_POINT('',#7019);
#7021=CARTESIAN_POINT('',(0.004627997179556,0.045015419752026,0.135826771653543));
#7022=DIRECTION('',(0.707106781186549,-0.707106781186546,0.0));
#7023=VECTOR('',#7022,0.059055118110236);
#7024=LINE('',#7021,#7023);
#7025=EDGE_CURVE('',#6996,#7020,#7024,.T.);
#7026=ORIENTED_EDGE('',*,*,#7025,.T.);
#7027=CARTESIAN_POINT('',(0.046386271659077,0.003257145272505,0.047244094488189));
#7028=DIRECTION('',(0.0,0.0,1.0));
#7029=VECTOR('',#7028,0.088582677165354);
#7030=LINE('',#7027,#7029);
#7031=EDGE_CURVE('',#6253,#7020,#7030,.T.);
#7032=ORIENTED_EDGE('',*,*,#7031,.F.);
#7033=ORIENTED_EDGE('',*,*,#6258,.F.);
#7034=ORIENTED_EDGE('',*,*,#7007,.T.);
#7035=EDGE_LOOP('',(#7026,#7032,#7033,#7034));
#7036=FACE_OUTER_BOUND('',#7035,.T.);
#7037=ADVANCED_FACE('',(#7036),#7018,.T.);
#7038=CARTESIAN_POINT('',(0.046386271659077,0.003257145272505,0.047244094488189));
#7039=DIRECTION('',(0.707106781186549,-0.707106781186546,0.0));
#7040=DIRECTION('',(0.0,0.0,-1.0));
#7041=AXIS2_PLACEMENT_3D('',#7038,#7039,#7040);
#7042=PLANE('',#7041);
#7043=CARTESIAN_POINT('',(-0.023210852473458,-0.066339978860029,0.135826771653543));
#7044=VERTEX_POINT('',#7043);
#7045=CARTESIAN_POINT('',(0.046386271659077,0.003257145272505,0.135826771653543));
#7046=DIRECTION('',(-0.707106781186546,-0.707106781186549,0.0));
#7047=VECTOR('',#7046,0.098425196850394);
#7048=LINE('',#7045,#7047);
#7049=EDGE_CURVE('',#7020,#7044,#7048,.T.);
#7050=ORIENTED_EDGE('',*,*,#7049,.T.);
#7051=CARTESIAN_POINT('',(-0.023210852473458,-0.066339978860029,0.047244094488189));
#7052=DIRECTION('',(0.0,0.0,1.0));
#7053=VECTOR('',#7052,0.088582677165354);
#7054=LINE('',#7051,#7053);
#7055=EDGE_CURVE('',#6261,#7044,#7054,.T.);
#7056=ORIENTED_EDGE('',*,*,#7055,.F.);
#7057=ORIENTED_EDGE('',*,*,#6266,.F.);
#7058=ORIENTED_EDGE('',*,*,#7031,.T.);
#7059=EDGE_LOOP('',(#7050,#7056,#7057,#7058));
#7060=FACE_OUTER_BOUND('',#7059,.T.);
#7061=ADVANCED_FACE('',(#7060),#7042,.T.);
#7062=CARTESIAN_POINT('',(-0.023210852473458,-0.066339978860029,0.047244094488189));
#7063=DIRECTION('',(0.707106781186546,0.707106781186549,0.0));
#7064=DIRECTION('',(0.0,0.0,-1.0));
#7065=AXIS2_PLACEMENT_3D('',#7062,#7063,#7064);
#7066=PLANE('',#7065);
#7067=CARTESIAN_POINT('',(0.003236054696906,-0.092786886030392,0.135826771653543));
#7068=VERTEX_POINT('',#7067);
#7069=CARTESIAN_POINT('',(-0.023210852473458,-0.066339978860029,0.135826771653543));
#7070=DIRECTION('',(0.707106781186549,-0.707106781186546,0.0));
#7071=VECTOR('',#7070,0.03740157480315);
#7072=LINE('',#7069,#7071);
#7073=EDGE_CURVE('',#7044,#7068,#7072,.T.);
#7074=ORIENTED_EDGE('',*,*,#7073,.T.);
#7075=CARTESIAN_POINT('',(0.003236054696906,-0.092786886030392,0.047244094488189));
#7076=DIRECTION('',(0.0,0.0,1.0));
#7077=VECTOR('',#7076,0.088582677165354);
#7078=LINE('',#7075,#7077);
#7079=EDGE_CURVE('',#6269,#7068,#7078,.T.);
#7080=ORIENTED_EDGE('',*,*,#7079,.F.);
#7081=ORIENTED_EDGE('',*,*,#6274,.F.);
#7082=ORIENTED_EDGE('',*,*,#7055,.T.);
#7083=EDGE_LOOP('',(#7074,#7080,#7081,#7082));
#7084=FACE_OUTER_BOUND('',#7083,.T.);
#7085=ADVANCED_FACE('',(#7084),#7066,.T.);
#7086=CARTESIAN_POINT('',(0.003236054696906,-0.092786886030392,0.047244094488189));
#7087=DIRECTION('',(0.707106781186549,-0.707106781186546,0.0));
#7088=DIRECTION('',(0.0,0.0,-1.0));
#7089=AXIS2_PLACEMENT_3D('',#7086,#7087,#7088);
#7090=PLANE('',#7089);
#7091=CARTESIAN_POINT('',(-0.0078994851643,-0.103922425891598,0.135826771653543));
#7092=VERTEX_POINT('',#7091);
#7093=CARTESIAN_POINT('',(0.003236054696906,-0.092786886030392,0.135826771653543));
#7094=DIRECTION('',(-0.707106781186545,-0.70710678118655,0.0));
#7095=VECTOR('',#7094,0.015748031496063);
#7096=LINE('',#7093,#7095);
#7097=EDGE_CURVE('',#7068,#7092,#7096,.T.);
#7098=ORIENTED_EDGE('',*,*,#7097,.T.);
#7099=CARTESIAN_POINT('',(-0.0078994851643,-0.103922425891598,0.047244094488189));
#7100=DIRECTION('',(0.0,0.0,1.0));
#7101=VECTOR('',#7100,0.088582677165354);
#7102=LINE('',#7099,#7101);
#7103=EDGE_CURVE('',#6277,#7092,#7102,.T.);
#7104=ORIENTED_EDGE('',*,*,#7103,.F.);
#7105=ORIENTED_EDGE('',*,*,#6282,.F.);
#7106=ORIENTED_EDGE('',*,*,#7079,.T.);
#7107=EDGE_LOOP('',(#7098,#7104,#7105,#7106));
#7108=FACE_OUTER_BOUND('',#7107,.T.);
#7109=ADVANCED_FACE('',(#7108),#7090,.T.);
#7110=CARTESIAN_POINT('',(-0.0078994851643,-0.103922425891598,0.047244094488189));
#7111=DIRECTION('',(-0.707106781186547,-0.707106781186548,0.0));
#7112=DIRECTION('',(0.0,0.0,1.0));
#7113=AXIS2_PLACEMENT_3D('',#7110,#7111,#7112);
#7114=PLANE('',#7113);
#7115=CARTESIAN_POINT('',(-0.102551573984547,-0.009270337071351,0.135826771653543));
#7116=VERTEX_POINT('',#7115);
#7117=CARTESIAN_POINT('',(-0.0078994851643,-0.103922425891598,0.135826771653543));
#7118=DIRECTION('',(-0.707106781186548,0.707106781186547,0.0));
#7119=VECTOR('',#7118,0.133858267716535);
#7120=LINE('',#7117,#7119);
#7121=EDGE_CURVE('',#7092,#7116,#7120,.T.);
#7122=ORIENTED_EDGE('',*,*,#7121,.T.);
#7123=CARTESIAN_POINT('',(-0.102551573984547,-0.009270337071351,0.047244094488189));
#7124=DIRECTION('',(0.0,0.0,1.0));
#7125=VECTOR('',#7124,0.088582677165354);
#7126=LINE('',#7123,#7125);
#7127=EDGE_CURVE('',#6285,#7116,#7126,.T.);
#7128=ORIENTED_EDGE('',*,*,#7127,.F.);
#7129=ORIENTED_EDGE('',*,*,#6290,.F.);
#7130=ORIENTED_EDGE('',*,*,#7103,.T.);
#7131=EDGE_LOOP('',(#7122,#7128,#7129,#7130));
#7132=FACE_OUTER_BOUND('',#7131,.T.);
#7133=ADVANCED_FACE('',(#7132),#7114,.T.);
#7134=CARTESIAN_POINT('',(-0.102551573984547,-0.009270337071351,0.047244094488189));
#7135=DIRECTION('',(-0.707106781186549,0.707106781186546,0.0));
#7136=DIRECTION('',(0.0,0.0,1.0));
#7137=AXIS2_PLACEMENT_3D('',#7134,#7135,#7136);
#7138=PLANE('',#7137);
#7139=CARTESIAN_POINT('',(-0.102551573984547,-0.009270337071351,0.135826771653543));
#7140=DIRECTION('',(0.707106781186547,0.707106781186548,0.0));
#7141=VECTOR('',#7140,0.015748031496063);
#7142=LINE('',#7139,#7141);
#7143=EDGE_CURVE('',#7116,#6965,#7142,.T.);
#7144=ORIENTED_EDGE('',*,*,#7143,.T.);
#7145=ORIENTED_EDGE('',*,*,#6985,.F.);
#7146=ORIENTED_EDGE('',*,*,#6296,.F.);
#7147=ORIENTED_EDGE('',*,*,#7127,.T.);
#7148=EDGE_LOOP('',(#7144,#7145,#7146,#7147));
#7149=FACE_OUTER_BOUND('',#7148,.T.);
#7150=ADVANCED_FACE('',(#7149),#7138,.T.);
#7151=CARTESIAN_POINT('',(-0.025354002010237,-0.026724853917288,0.135826771653543));
#7152=DIRECTION('',(0.0,0.0,1.0));
#7153=DIRECTION('',(1.0,0.0,0.0));
#7154=AXIS2_PLACEMENT_3D('',#7151,#7152,#7153);
#7155=PLANE('',#7154);
#7156=ORIENTED_EDGE('',*,*,#6972,.F.);
#7157=ORIENTED_EDGE('',*,*,#7143,.F.);
#7158=ORIENTED_EDGE('',*,*,#7121,.F.);
#7159=ORIENTED_EDGE('',*,*,#7097,.F.);
#7160=ORIENTED_EDGE('',*,*,#7073,.F.);
#7161=ORIENTED_EDGE('',*,*,#7049,.F.);
#7162=ORIENTED_EDGE('',*,*,#7025,.F.);
#7163=ORIENTED_EDGE('',*,*,#7001,.F.);
#7164=EDGE_LOOP('',(#7156,#7157,#7158,#7159,#7160,#7161,#7162,#7163));
#7165=FACE_OUTER_BOUND('',#7164,.T.);
#7166=ADVANCED_FACE('',(#7165),#7155,.T.);
#7167=CARTESIAN_POINT('',(-0.167322834645669,0.080708661417323,0.047244094488189));
#7168=DIRECTION('',(0.0,-1.0,0.0));
#7169=DIRECTION('',(0.0,0.0,-1.0));
#7170=AXIS2_PLACEMENT_3D('',#7167,#7168,#7169);
#7171=PLANE('',#7170);
#7172=ORIENTED_EDGE('',*,*,#6936,.T.);
#7173=ORIENTED_EDGE('',*,*,#188,.F.);
#7174=ORIENTED_EDGE('',*,*,#165,.T.);
#7175=ORIENTED_EDGE('',*,*,#134,.T.);
#7176=ORIENTED_EDGE('',*,*,#103,.T.);
#7177=ORIENTED_EDGE('',*,*,#5965,.F.);
#7178=CARTESIAN_POINT('',(-0.167322834645669,0.080708661417323,0.047244094488189));
#7179=DIRECTION('',(0.0,0.0,1.0));
#7180=VECTOR('',#7179,0.131889763779528);
#7181=LINE('',#7178,#7180);
#7182=EDGE_CURVE('',#5954,#6931,#7181,.T.);
#7183=ORIENTED_EDGE('',*,*,#7182,.T.);
#7184=EDGE_LOOP('',(#7172,#7173,#7174,#7175,#7176,#7177,#7183));
#7185=FACE_OUTER_BOUND('',#7184,.T.);
#7186=ADVANCED_FACE('',(#7185),#7171,.T.);
#7187=CARTESIAN_POINT('',(-0.167322834645669,0.120078740157481,0.047244094488189));
#7188=DIRECTION('',(1.0,0.0,0.0));
#7189=DIRECTION('',(0.0,0.0,-1.0));
#7190=AXIS2_PLACEMENT_3D('',#7187,#7188,#7189);
#7191=PLANE('',#7190);
#7192=ORIENTED_EDGE('',*,*,#6905,.F.);
#7193=ORIENTED_EDGE('',*,*,#6942,.T.);
#7194=ORIENTED_EDGE('',*,*,#7182,.F.);
#7195=ORIENTED_EDGE('',*,*,#5959,.F.);
#7196=EDGE_LOOP('',(#7192,#7193,#7194,#7195));
#7197=FACE_OUTER_BOUND('',#7196,.T.);
#7198=ADVANCED_FACE('',(#7197),#7191,.T.);
#7199=CARTESIAN_POINT('',(-0.080708661417323,-0.16732283464567,0.047244094488189));
#7200=DIRECTION('',(1.0,0.0,0.0));
#7201=DIRECTION('',(0.0,0.0,-1.0));
#7202=AXIS2_PLACEMENT_3D('',#7199,#7200,#7201);
#7203=PLANE('',#7202);
#7204=ORIENTED_EDGE('',*,*,#6857,.T.);
#7205=CARTESIAN_POINT('',(-0.080708661417323,-0.206692913385827,0.155511811023622));
#7206=DIRECTION('',(0.0,0.0,1.0));
#7207=VECTOR('',#7206,0.023622047244095);
#7208=LINE('',#7205,#7207);
#7209=EDGE_CURVE('',#450,#6844,#7208,.T.);
#7210=ORIENTED_EDGE('',*,*,#7209,.F.);
#7211=ORIENTED_EDGE('',*,*,#455,.F.);
#7212=ORIENTED_EDGE('',*,*,#424,.F.);
#7213=ORIENTED_EDGE('',*,*,#386,.F.);
#7214=ORIENTED_EDGE('',*,*,#6037,.F.);
#7215=CARTESIAN_POINT('',(-0.080708661417323,-0.16732283464567,0.047244094488189));
#7216=DIRECTION('',(0.0,0.0,1.0));
#7217=VECTOR('',#7216,0.131889763779528);
#7218=LINE('',#7215,#7217);
#7219=EDGE_CURVE('',#6026,#6852,#7218,.T.);
#7220=ORIENTED_EDGE('',*,*,#7219,.T.);
#7221=EDGE_LOOP('',(#7204,#7210,#7211,#7212,#7213,#7214,#7220));
#7222=FACE_OUTER_BOUND('',#7221,.T.);
#7223=ADVANCED_FACE('',(#7222),#7203,.T.);
#7224=CARTESIAN_POINT('',(-0.12007874015748,-0.16732283464567,0.047244094488189));
#7225=DIRECTION('',(0.0,1.0,0.0));
#7226=DIRECTION('',(0.0,0.0,1.0));
#7227=AXIS2_PLACEMENT_3D('',#7224,#7225,#7226);
#7228=PLANE('',#7227);
#7229=ORIENTED_EDGE('',*,*,#6817,.F.);
#7230=ORIENTED_EDGE('',*,*,#6863,.T.);
#7231=ORIENTED_EDGE('',*,*,#7219,.F.);
#7232=ORIENTED_EDGE('',*,*,#6031,.F.);
#7233=EDGE_LOOP('',(#7229,#7230,#7231,#7232));
#7234=FACE_OUTER_BOUND('',#7233,.T.);
#7235=ADVANCED_FACE('',(#7234),#7228,.T.);
#7236=CARTESIAN_POINT('',(-0.080708661417323,0.206692913385827,0.047244094488189));
#7237=DIRECTION('',(1.0,0.0,0.0));
#7238=DIRECTION('',(0.0,0.0,-1.0));
#7239=AXIS2_PLACEMENT_3D('',#7236,#7237,#7238);
#7240=PLANE('',#7239);
#7241=ORIENTED_EDGE('',*,*,#6768,.T.);
#7242=ORIENTED_EDGE('',*,*,#6791,.F.);
#7243=ORIENTED_EDGE('',*,*,#5909,.F.);
#7244=ORIENTED_EDGE('',*,*,#488,.T.);
#7245=ORIENTED_EDGE('',*,*,#526,.T.);
#7246=ORIENTED_EDGE('',*,*,#557,.T.);
#7247=ORIENTED_EDGE('',*,*,#666,.F.);
#7248=EDGE_LOOP('',(#7241,#7242,#7243,#7244,#7245,#7246,#7247));
#7249=FACE_OUTER_BOUND('',#7248,.T.);
#7250=ADVANCED_FACE('',(#7249),#7240,.T.);
#7251=CARTESIAN_POINT('',(-0.12007874015748,0.167322834645669,0.047244094488189));
#7252=DIRECTION('',(-1.0,0.0,0.0));
#7253=DIRECTION('',(0.0,0.0,1.0));
#7254=AXIS2_PLACEMENT_3D('',#7251,#7252,#7253);
#7255=PLANE('',#7254);
#7256=ORIENTED_EDGE('',*,*,#6738,.F.);
#7257=ORIENTED_EDGE('',*,*,#6775,.T.);
#7258=ORIENTED_EDGE('',*,*,#652,.F.);
#7259=ORIENTED_EDGE('',*,*,#5932,.F.);
#7260=EDGE_LOOP('',(#7256,#7257,#7258,#7259));
#7261=FACE_OUTER_BOUND('',#7260,.T.);
#7262=ADVANCED_FACE('',(#7261),#7255,.T.);
#7263=CARTESIAN_POINT('',(0.16732283464567,-0.12007874015748,0.047244094488189));
#7264=DIRECTION('',(-1.0,0.0,0.0));
#7265=DIRECTION('',(0.0,0.0,1.0));
#7266=AXIS2_PLACEMENT_3D('',#7263,#7264,#7265);
#7267=PLANE('',#7266);
#7268=ORIENTED_EDGE('',*,*,#6650,.F.);
#7269=ORIENTED_EDGE('',*,*,#6696,.T.);
#7270=CARTESIAN_POINT('',(0.16732283464567,-0.080708661417323,0.047244094488189));
#7271=DIRECTION('',(0.0,0.0,1.0));
#7272=VECTOR('',#7271,0.131889763779528);
#7273=LINE('',#7270,#7272);
#7274=EDGE_CURVE('',#6107,#6685,#7273,.T.);
#7275=ORIENTED_EDGE('',*,*,#7274,.F.);
#7276=ORIENTED_EDGE('',*,*,#6112,.F.);
#7277=EDGE_LOOP('',(#7268,#7269,#7275,#7276));
#7278=FACE_OUTER_BOUND('',#7277,.T.);
#7279=ADVANCED_FACE('',(#7278),#7267,.T.);
#7280=CARTESIAN_POINT('',(0.16732283464567,-0.080708661417323,0.047244094488189));
#7281=DIRECTION('',(0.0,1.0,0.0));
#7282=DIRECTION('',(0.0,0.0,1.0));
#7283=AXIS2_PLACEMENT_3D('',#7280,#7281,#7282);
#7284=PLANE('',#7283);
#7285=ORIENTED_EDGE('',*,*,#6690,.T.);
#7286=CARTESIAN_POINT('',(0.206692913385827,-0.080708661417323,0.155511811023622));
#7287=DIRECTION('',(0.0,0.0,1.0));
#7288=VECTOR('',#7287,0.023622047244095);
#7289=LINE('',#7286,#7288);
#7290=EDGE_CURVE('',#348,#6677,#7289,.T.);
#7291=ORIENTED_EDGE('',*,*,#7290,.F.);
#7292=ORIENTED_EDGE('',*,*,#353,.F.);
#7293=ORIENTED_EDGE('',*,*,#322,.F.);
#7294=ORIENTED_EDGE('',*,*,#284,.F.);
#7295=ORIENTED_EDGE('',*,*,#6118,.F.);
#7296=ORIENTED_EDGE('',*,*,#7274,.T.);
#7297=EDGE_LOOP('',(#7285,#7291,#7292,#7293,#7294,#7295,#7296));
#7298=FACE_OUTER_BOUND('',#7297,.T.);
#7299=ADVANCED_FACE('',(#7298),#7284,.T.);
#7300=CARTESIAN_POINT('',(0.206692913385827,0.080708661417323,0.047244094488189));
#7301=DIRECTION('',(0.0,-1.0,0.0));
#7302=DIRECTION('',(0.0,0.0,-1.0));
#7303=AXIS2_PLACEMENT_3D('',#7300,#7301,#7302);
#7304=PLANE('',#7303);
#7305=ORIENTED_EDGE('',*,*,#6594,.T.);
#7306=ORIENTED_EDGE('',*,*,#6624,.F.);
#7307=ORIENTED_EDGE('',*,*,#6127,.F.);
#7308=ORIENTED_EDGE('',*,*,#300,.F.);
#7309=ORIENTED_EDGE('',*,*,#336,.F.);
#7310=ORIENTED_EDGE('',*,*,#367,.F.);
#7311=CARTESIAN_POINT('',(0.206692913385827,0.080708661417323,0.179133858267717));
#7312=DIRECTION('',(0.0,0.0,-1.0));
#7313=VECTOR('',#7312,0.023622047244095);
#7314=LINE('',#7311,#7313);
#7315=EDGE_CURVE('',#6589,#356,#7314,.T.);
#7316=ORIENTED_EDGE('',*,*,#7315,.F.);
#7317=EDGE_LOOP('',(#7305,#7306,#7307,#7308,#7309,#7310,#7316));
#7318=FACE_OUTER_BOUND('',#7317,.T.);
#7319=ADVANCED_FACE('',(#7318),#7304,.T.);
#7320=CARTESIAN_POINT('',(0.16732283464567,0.12007874015748,0.047244094488189));
#7321=DIRECTION('',(0.0,1.0,0.0));
#7322=DIRECTION('',(0.0,0.0,1.0));
#7323=AXIS2_PLACEMENT_3D('',#7320,#7321,#7322);
#7324=PLANE('',#7323);
#7325=ORIENTED_EDGE('',*,*,#6562,.F.);
#7326=ORIENTED_EDGE('',*,*,#6608,.T.);
#7327=CARTESIAN_POINT('',(0.206692913385827,0.12007874015748,0.047244094488189));
#7328=DIRECTION('',(0.0,0.0,1.0));
#7329=VECTOR('',#7328,0.131889763779528);
#7330=LINE('',#7327,#7329);
#7331=EDGE_CURVE('',#6147,#6597,#7330,.T.);
#7332=ORIENTED_EDGE('',*,*,#7331,.F.);
#7333=ORIENTED_EDGE('',*,*,#6152,.F.);
#7334=EDGE_LOOP('',(#7325,#7326,#7332,#7333));
#7335=FACE_OUTER_BOUND('',#7334,.T.);
#7336=ADVANCED_FACE('',(#7335),#7324,.T.);
#7337=CARTESIAN_POINT('',(0.12007874015748,0.16732283464567,0.047244094488189));
#7338=DIRECTION('',(0.0,-1.0,0.0));
#7339=DIRECTION('',(0.0,0.0,-1.0));
#7340=AXIS2_PLACEMENT_3D('',#7337,#7338,#7339);
#7341=PLANE('',#7340);
#7342=ORIENTED_EDGE('',*,*,#6488,.F.);
#7343=ORIENTED_EDGE('',*,*,#6525,.T.);
#7344=CARTESIAN_POINT('',(0.080708661417323,0.16732283464567,0.047244094488189));
#7345=DIRECTION('',(0.0,0.0,1.0));
#7346=VECTOR('',#7345,0.131889763779528);
#7347=LINE('',#7344,#7346);
#7348=EDGE_CURVE('',#5889,#6514,#7347,.T.);
#7349=ORIENTED_EDGE('',*,*,#7348,.F.);
#7350=ORIENTED_EDGE('',*,*,#5894,.F.);
#7351=EDGE_LOOP('',(#7342,#7343,#7349,#7350));
#7352=FACE_OUTER_BOUND('',#7351,.T.);
#7353=ADVANCED_FACE('',(#7352),#7341,.T.);
#7354=CARTESIAN_POINT('',(0.080708661417323,0.16732283464567,0.047244094488189));
#7355=DIRECTION('',(-1.0,0.0,0.0));
#7356=DIRECTION('',(0.0,0.0,1.0));
#7357=AXIS2_PLACEMENT_3D('',#7354,#7355,#7356);
#7358=PLANE('',#7357);
#7359=ORIENTED_EDGE('',*,*,#6519,.T.);
#7360=ORIENTED_EDGE('',*,*,#589,.F.);
#7361=ORIENTED_EDGE('',*,*,#566,.T.);
#7362=ORIENTED_EDGE('',*,*,#535,.T.);
#7363=ORIENTED_EDGE('',*,*,#504,.T.);
#7364=ORIENTED_EDGE('',*,*,#5900,.F.);
#7365=ORIENTED_EDGE('',*,*,#7348,.T.);
#7366=EDGE_LOOP('',(#7359,#7360,#7361,#7362,#7363,#7364,#7365));
#7367=FACE_OUTER_BOUND('',#7366,.T.);
#7368=ADVANCED_FACE('',(#7367),#7358,.T.);
#7369=CARTESIAN_POINT('',(0.080708661417323,-0.206692913385827,0.047244094488189));
#7370=DIRECTION('',(-1.0,0.0,0.0));
#7371=DIRECTION('',(0.0,0.0,1.0));
#7372=AXIS2_PLACEMENT_3D('',#7369,#7370,#7371);
#7373=PLANE('',#7372);
#7374=ORIENTED_EDGE('',*,*,#6432,.T.);
#7375=ORIENTED_EDGE('',*,*,#6462,.F.);
#7376=ORIENTED_EDGE('',*,*,#6046,.F.);
#7377=ORIENTED_EDGE('',*,*,#402,.F.);
#7378=ORIENTED_EDGE('',*,*,#438,.F.);
#7379=ORIENTED_EDGE('',*,*,#469,.F.);
#7380=CARTESIAN_POINT('',(0.080708661417323,-0.206692913385827,0.179133858267717));
#7381=DIRECTION('',(0.0,0.0,-1.0));
#7382=VECTOR('',#7381,0.023622047244095);
#7383=LINE('',#7380,#7382);
#7384=EDGE_CURVE('',#6427,#458,#7383,.T.);
#7385=ORIENTED_EDGE('',*,*,#7384,.F.);
#7386=EDGE_LOOP('',(#7374,#7375,#7376,#7377,#7378,#7379,#7385));
#7387=FACE_OUTER_BOUND('',#7386,.T.);
#7388=ADVANCED_FACE('',(#7387),#7373,.T.);
#7389=CARTESIAN_POINT('',(0.12007874015748,-0.16732283464567,0.047244094488189));
#7390=DIRECTION('',(1.0,0.0,0.0));
#7391=DIRECTION('',(0.0,0.0,-1.0));
#7392=AXIS2_PLACEMENT_3D('',#7389,#7390,#7391);
#7393=PLANE('',#7392);
#7394=ORIENTED_EDGE('',*,*,#6400,.F.);
#7395=ORIENTED_EDGE('',*,*,#6446,.T.);
#7396=CARTESIAN_POINT('',(0.12007874015748,-0.206692913385827,0.047244094488189));
#7397=DIRECTION('',(0.0,0.0,1.0));
#7398=VECTOR('',#7397,0.131889763779528);
#7399=LINE('',#7396,#7398);
#7400=EDGE_CURVE('',#6066,#6435,#7399,.T.);
#7401=ORIENTED_EDGE('',*,*,#7400,.F.);
#7402=ORIENTED_EDGE('',*,*,#6071,.F.);
#7403=EDGE_LOOP('',(#7394,#7395,#7401,#7402));
#7404=FACE_OUTER_BOUND('',#7403,.T.);
#7405=ADVANCED_FACE('',(#7404),#7393,.T.);
#7406=CARTESIAN_POINT('',(-0.206692913385827,-0.080708661417323,0.047244094488189));
#7407=DIRECTION('',(0.0,1.0,0.0));
#7408=DIRECTION('',(0.0,0.0,1.0));
#7409=AXIS2_PLACEMENT_3D('',#7406,#7407,#7408);
#7410=PLANE('',#7409);
#7411=ORIENTED_EDGE('',*,*,#6351,.T.);
#7412=ORIENTED_EDGE('',*,*,#6374,.F.);
#7413=ORIENTED_EDGE('',*,*,#5974,.F.);
#7414=ORIENTED_EDGE('',*,*,#87,.T.);
#7415=ORIENTED_EDGE('',*,*,#125,.T.);
#7416=ORIENTED_EDGE('',*,*,#156,.T.);
#7417=ORIENTED_EDGE('',*,*,#266,.F.);
#7418=EDGE_LOOP('',(#7411,#7412,#7413,#7414,#7415,#7416,#7417));
#7419=FACE_OUTER_BOUND('',#7418,.T.);
#7420=ADVANCED_FACE('',(#7419),#7410,.T.);
#7421=CARTESIAN_POINT('',(-0.167322834645669,-0.12007874015748,0.047244094488189));
#7422=DIRECTION('',(0.0,-1.0,0.0));
#7423=DIRECTION('',(0.0,0.0,-1.0));
#7424=AXIS2_PLACEMENT_3D('',#7421,#7422,#7423);
#7425=PLANE('',#7424);
#7426=ORIENTED_EDGE('',*,*,#6321,.F.);
#7427=ORIENTED_EDGE('',*,*,#6358,.T.);
#7428=ORIENTED_EDGE('',*,*,#252,.F.);
#7429=ORIENTED_EDGE('',*,*,#5997,.F.);
#7430=EDGE_LOOP('',(#7426,#7427,#7428,#7429));
#7431=FACE_OUTER_BOUND('',#7430,.T.);
#7432=ADVANCED_FACE('',(#7431),#7425,.T.);
#7433=CARTESIAN_POINT('',(0.128744134357388,-0.128744134357389,0.047244094488189));
#7434=DIRECTION('',(0.0,0.0,1.0));
#7435=DIRECTION('',(0.707106781186547,0.707106781186548,0.0));
#7436=AXIS2_PLACEMENT_3D('',#7433,#7434,#7435);
#7437=CYLINDRICAL_SURFACE('',#7436,0.012795275590551);
#7438=CARTESIAN_POINT('',(0.119696508220159,-0.137791760494618,0.135826771653543));
#7439=VERTEX_POINT('',#7438);
#7440=CARTESIAN_POINT('',(0.137791760494618,-0.119696508220159,0.135826771653543));
#7441=VERTEX_POINT('',#7440);
#7442=CARTESIAN_POINT('',(0.128744134357388,-0.128744134357389,0.135826771653543));
#7443=DIRECTION('',(0.0,0.0,-1.0));
#7444=DIRECTION('',(0.707106781186547,0.707106781186548,0.0));
#7445=AXIS2_PLACEMENT_3D('',#7442,#7443,#7444);
#7446=CIRCLE('',#7445,0.012795275590551);
#7447=EDGE_CURVE('',#7439,#7441,#7446,.T.);
#7448=ORIENTED_EDGE('',*,*,#7447,.T.);
#7449=CARTESIAN_POINT('',(0.137791760494618,-0.119696508220159,0.047244094488189));
#7450=DIRECTION('',(0.0,0.0,1.0));
#7451=VECTOR('',#7450,0.088582677165354);
#7452=LINE('',#7449,#7451);
#7453=EDGE_CURVE('',#6165,#7441,#7452,.T.);
#7454=ORIENTED_EDGE('',*,*,#7453,.F.);
#7455=ORIENTED_EDGE('',*,*,#6171,.F.);
#7456=CARTESIAN_POINT('',(0.119696508220159,-0.137791760494618,0.047244094488189));
#7457=DIRECTION('',(0.0,0.0,1.0));
#7458=VECTOR('',#7457,0.088582677165354);
#7459=LINE('',#7456,#7458);
#7460=EDGE_CURVE('',#6163,#7439,#7459,.T.);
#7461=ORIENTED_EDGE('',*,*,#7460,.T.);
#7462=EDGE_LOOP('',(#7448,#7454,#7455,#7461));
#7463=FACE_OUTER_BOUND('',#7462,.T.);
#7464=ADVANCED_FACE('',(#7463),#7437,.T.);
#7465=CARTESIAN_POINT('',(0.137791760494618,-0.119696508220159,0.047244094488189));
#7466=DIRECTION('',(0.707106781186547,0.707106781186548,0.0));
#7467=DIRECTION('',(0.0,0.0,-1.0));
#7468=AXIS2_PLACEMENT_3D('',#7465,#7466,#7467);
#7469=PLANE('',#7468);
#7470=CARTESIAN_POINT('',(0.180941977456789,-0.162846725182331,0.135826771653543));
#7471=VERTEX_POINT('',#7470);
#7472=CARTESIAN_POINT('',(0.137791760494618,-0.119696508220159,0.135826771653543));
#7473=DIRECTION('',(0.707106781186548,-0.707106781186547,0.0));
#7474=VECTOR('',#7473,0.061023622047244);
#7475=LINE('',#7472,#7474);
#7476=EDGE_CURVE('',#7441,#7471,#7475,.T.);
#7477=ORIENTED_EDGE('',*,*,#7476,.T.);
#7478=CARTESIAN_POINT('',(0.180941977456789,-0.162846725182331,0.047244094488189));
#7479=DIRECTION('',(0.0,0.0,1.0));
#7480=VECTOR('',#7479,0.088582677165354);
#7481=LINE('',#7478,#7480);
#7482=EDGE_CURVE('',#6174,#7471,#7481,.T.);
#7483=ORIENTED_EDGE('',*,*,#7482,.F.);
#7484=ORIENTED_EDGE('',*,*,#6179,.F.);
#7485=ORIENTED_EDGE('',*,*,#7453,.T.);
#7486=EDGE_LOOP('',(#7477,#7483,#7484,#7485));
#7487=FACE_OUTER_BOUND('',#7486,.T.);
#7488=ADVANCED_FACE('',(#7487),#7469,.T.);
#7489=CARTESIAN_POINT('',(0.17189435131956,-0.17189435131956,0.047244094488189));
#7490=DIRECTION('',(0.0,0.0,1.0));
#7491=DIRECTION('',(-0.707106781186546,-0.707106781186549,0.0));
#7492=AXIS2_PLACEMENT_3D('',#7489,#7490,#7491);
#7493=CYLINDRICAL_SURFACE('',#7492,0.012795275590551);
#7494=CARTESIAN_POINT('',(0.16284672518233,-0.180941977456789,0.135826771653543));
#7495=VERTEX_POINT('',#7494);
#7496=CARTESIAN_POINT('',(0.17189435131956,-0.17189435131956,0.135826771653543));
#7497=DIRECTION('',(0.0,0.0,-1.0));
#7498=DIRECTION('',(-0.707106781186546,-0.707106781186549,0.0));
#7499=AXIS2_PLACEMENT_3D('',#7496,#7497,#7498);
#7500=CIRCLE('',#7499,0.012795275590551);
#7501=EDGE_CURVE('',#7471,#7495,#7500,.T.);
#7502=ORIENTED_EDGE('',*,*,#7501,.T.);
#7503=CARTESIAN_POINT('',(0.16284672518233,-0.180941977456789,0.047244094488189));
#7504=DIRECTION('',(0.0,0.0,1.0));
#7505=VECTOR('',#7504,0.088582677165354);
#7506=LINE('',#7503,#7505);
#7507=EDGE_CURVE('',#6182,#7495,#7506,.T.);
#7508=ORIENTED_EDGE('',*,*,#7507,.F.);
#7509=ORIENTED_EDGE('',*,*,#6188,.F.);
#7510=ORIENTED_EDGE('',*,*,#7482,.T.);
#7511=EDGE_LOOP('',(#7502,#7508,#7509,#7510));
#7512=FACE_OUTER_BOUND('',#7511,.T.);
#7513=ADVANCED_FACE('',(#7512),#7493,.T.);
#7514=CARTESIAN_POINT('',(0.16284672518233,-0.180941977456789,0.047244094488189));
#7515=DIRECTION('',(-0.707106781186547,-0.707106781186548,0.0));
#7516=DIRECTION('',(0.0,0.0,1.0));
#7517=AXIS2_PLACEMENT_3D('',#7514,#7515,#7516);
#7518=PLANE('',#7517);
#7519=CARTESIAN_POINT('',(0.16284672518233,-0.180941977456789,0.135826771653543));
#7520=DIRECTION('',(-0.707106781186548,0.707106781186547,0.0));
#7521=VECTOR('',#7520,0.061023622047244);
#7522=LINE('',#7519,#7521);
#7523=EDGE_CURVE('',#7495,#7439,#7522,.T.);
#7524=ORIENTED_EDGE('',*,*,#7523,.T.);
#7525=ORIENTED_EDGE('',*,*,#7460,.F.);
#7526=ORIENTED_EDGE('',*,*,#6194,.F.);
#7527=ORIENTED_EDGE('',*,*,#7507,.T.);
#7528=EDGE_LOOP('',(#7524,#7525,#7526,#7527));
#7529=FACE_OUTER_BOUND('',#7528,.T.);
#7530=ADVANCED_FACE('',(#7529),#7518,.T.);
#7531=CARTESIAN_POINT('',(0.150319242838474,-0.150319242838474,0.135826771653543));
#7532=DIRECTION('',(0.0,0.0,1.0));
#7533=DIRECTION('',(1.0,0.0,0.0));
#7534=AXIS2_PLACEMENT_3D('',#7531,#7532,#7533);
#7535=PLANE('',#7534);
#7536=ORIENTED_EDGE('',*,*,#7447,.F.);
#7537=ORIENTED_EDGE('',*,*,#7523,.F.);
#7538=ORIENTED_EDGE('',*,*,#7501,.F.);
#7539=ORIENTED_EDGE('',*,*,#7476,.F.);
#7540=EDGE_LOOP('',(#7536,#7537,#7538,#7539));
#7541=FACE_OUTER_BOUND('',#7540,.T.);
#7542=ADVANCED_FACE('',(#7541),#7535,.T.);
#7543=CARTESIAN_POINT('',(-0.170523499412509,0.170523499412508,0.047244094488189));
#7544=DIRECTION('',(0.0,0.0,1.0));
#7545=DIRECTION('',(-0.707106781186547,-0.707106781186548,0.0));
#7546=AXIS2_PLACEMENT_3D('',#7543,#7544,#7545);
#7547=CYLINDRICAL_SURFACE('',#7546,0.012795275590551);
#7548=CARTESIAN_POINT('',(-0.179571125549738,0.161475873275279,0.135826771653543));
#7549=VERTEX_POINT('',#7548);
#7550=CARTESIAN_POINT('',(-0.161475873275279,0.179571125549738,0.135826771653543));
#7551=VERTEX_POINT('',#7550);
#7552=CARTESIAN_POINT('',(-0.170523499412509,0.170523499412508,0.135826771653543));
#7553=DIRECTION('',(0.0,0.0,-1.0));
#7554=DIRECTION('',(-0.707106781186547,-0.707106781186548,0.0));
#7555=AXIS2_PLACEMENT_3D('',#7552,#7553,#7554);
#7556=CIRCLE('',#7555,0.012795275590551);
#7557=EDGE_CURVE('',#7549,#7551,#7556,.T.);
#7558=ORIENTED_EDGE('',*,*,#7557,.T.);
#7559=CARTESIAN_POINT('',(-0.161475873275279,0.179571125549738,0.047244094488189));
#7560=DIRECTION('',(0.0,0.0,1.0));
#7561=VECTOR('',#7560,0.088582677165354);
#7562=LINE('',#7559,#7561);
#7563=EDGE_CURVE('',#6201,#7551,#7562,.T.);
#7564=ORIENTED_EDGE('',*,*,#7563,.F.);
#7565=ORIENTED_EDGE('',*,*,#6207,.F.);
#7566=CARTESIAN_POINT('',(-0.179571125549738,0.161475873275279,0.047244094488189));
#7567=DIRECTION('',(0.0,0.0,1.0));
#7568=VECTOR('',#7567,0.088582677165354);
#7569=LINE('',#7566,#7568);
#7570=EDGE_CURVE('',#6199,#7549,#7569,.T.);
#7571=ORIENTED_EDGE('',*,*,#7570,.T.);
#7572=EDGE_LOOP('',(#7558,#7564,#7565,#7571));
#7573=FACE_OUTER_BOUND('',#7572,.T.);
#7574=ADVANCED_FACE('',(#7573),#7547,.T.);
#7575=CARTESIAN_POINT('',(-0.161475873275279,0.179571125549738,0.047244094488189));
#7576=DIRECTION('',(0.707106781186547,0.707106781186548,0.0));
#7577=DIRECTION('',(0.0,0.0,-1.0));
#7578=AXIS2_PLACEMENT_3D('',#7575,#7576,#7577);
#7579=PLANE('',#7578);
#7580=CARTESIAN_POINT('',(-0.118325656313108,0.136420908587567,0.135826771653543));
#7581=VERTEX_POINT('',#7580);
#7582=CARTESIAN_POINT('',(-0.161475873275279,0.179571125549738,0.135826771653543));
#7583=DIRECTION('',(0.707106781186548,-0.707106781186547,0.0));
#7584=VECTOR('',#7583,0.061023622047244);
#7585=LINE('',#7582,#7584);
#7586=EDGE_CURVE('',#7551,#7581,#7585,.T.);
#7587=ORIENTED_EDGE('',*,*,#7586,.T.);
#7588=CARTESIAN_POINT('',(-0.118325656313108,0.136420908587567,0.047244094488189));
#7589=DIRECTION('',(0.0,0.0,1.0));
#7590=VECTOR('',#7589,0.088582677165354);
#7591=LINE('',#7588,#7590);
#7592=EDGE_CURVE('',#6210,#7581,#7591,.T.);
#7593=ORIENTED_EDGE('',*,*,#7592,.F.);
#7594=ORIENTED_EDGE('',*,*,#6215,.F.);
#7595=ORIENTED_EDGE('',*,*,#7563,.T.);
#7596=EDGE_LOOP('',(#7587,#7593,#7594,#7595));
#7597=FACE_OUTER_BOUND('',#7596,.T.);
#7598=ADVANCED_FACE('',(#7597),#7579,.T.);
#7599=CARTESIAN_POINT('',(-0.127373282450337,0.127373282450337,0.047244094488189));
#7600=DIRECTION('',(0.0,0.0,1.0));
#7601=DIRECTION('',(0.707106781186547,0.707106781186548,0.0));
#7602=AXIS2_PLACEMENT_3D('',#7599,#7600,#7601);
#7603=CYLINDRICAL_SURFACE('',#7602,0.012795275590551);
#7604=CARTESIAN_POINT('',(-0.136420908587567,0.118325656313108,0.135826771653543));
#7605=VERTEX_POINT('',#7604);
#7606=CARTESIAN_POINT('',(-0.127373282450337,0.127373282450337,0.135826771653543));
#7607=DIRECTION('',(0.0,0.0,-1.0));
#7608=DIRECTION('',(0.707106781186547,0.707106781186548,0.0));
#7609=AXIS2_PLACEMENT_3D('',#7606,#7607,#7608);
#7610=CIRCLE('',#7609,0.012795275590551);
#7611=EDGE_CURVE('',#7581,#7605,#7610,.T.);
#7612=ORIENTED_EDGE('',*,*,#7611,.T.);
#7613=CARTESIAN_POINT('',(-0.136420908587567,0.118325656313108,0.047244094488189));
#7614=DIRECTION('',(0.0,0.0,1.0));
#7615=VECTOR('',#7614,0.088582677165354);
#7616=LINE('',#7613,#7615);
#7617=EDGE_CURVE('',#6218,#7605,#7616,.T.);
#7618=ORIENTED_EDGE('',*,*,#7617,.F.);
#7619=ORIENTED_EDGE('',*,*,#6224,.F.);
#7620=ORIENTED_EDGE('',*,*,#7592,.T.);
#7621=EDGE_LOOP('',(#7612,#7618,#7619,#7620));
#7622=FACE_OUTER_BOUND('',#7621,.T.);
#7623=ADVANCED_FACE('',(#7622),#7603,.T.);
#7624=CARTESIAN_POINT('',(-0.136420908587567,0.118325656313108,0.047244094488189));
#7625=DIRECTION('',(-0.707106781186547,-0.707106781186548,0.0));
#7626=DIRECTION('',(0.0,0.0,1.0));
#7627=AXIS2_PLACEMENT_3D('',#7624,#7625,#7626);
#7628=PLANE('',#7627);
#7629=CARTESIAN_POINT('',(-0.136420908587567,0.118325656313108,0.135826771653543));
#7630=DIRECTION('',(-0.707106781186548,0.707106781186547,0.0));
#7631=VECTOR('',#7630,0.061023622047244);
#7632=LINE('',#7629,#7631);
#7633=EDGE_CURVE('',#7605,#7549,#7632,.T.);
#7634=ORIENTED_EDGE('',*,*,#7633,.T.);
#7635=ORIENTED_EDGE('',*,*,#7570,.F.);
#7636=ORIENTED_EDGE('',*,*,#6230,.F.);
#7637=ORIENTED_EDGE('',*,*,#7617,.T.);
#7638=EDGE_LOOP('',(#7634,#7635,#7636,#7637));
#7639=FACE_OUTER_BOUND('',#7638,.T.);
#7640=ADVANCED_FACE('',(#7639),#7628,.T.);
#7641=CARTESIAN_POINT('',(-0.148948390931423,0.148948390931423,0.135826771653543));
#7642=DIRECTION('',(0.0,0.0,1.0));
#7643=DIRECTION('',(1.0,0.0,0.0));
#7644=AXIS2_PLACEMENT_3D('',#7641,#7642,#7643);
#7645=PLANE('',#7644);
#7646=ORIENTED_EDGE('',*,*,#7557,.F.);
#7647=ORIENTED_EDGE('',*,*,#7633,.F.);
#7648=ORIENTED_EDGE('',*,*,#7611,.F.);
#7649=ORIENTED_EDGE('',*,*,#7586,.F.);
#7650=EDGE_LOOP('',(#7646,#7647,#7648,#7649));
#7651=FACE_OUTER_BOUND('',#7650,.T.);
#7652=ADVANCED_FACE('',(#7651),#7645,.T.);
#7653=CARTESIAN_POINT('',(0.206692913385827,-0.206692913385827,0.244094488188976));
#7654=DIRECTION('',(1.0,0.0,0.0));
#7655=DIRECTION('',(0.0,0.0,-1.0));
#7656=AXIS2_PLACEMENT_3D('',#7653,#7654,#7655);
#7657=PLANE('',#7656);
#7658=ORIENTED_EDGE('',*,*,#361,.T.);
#7659=ORIENTED_EDGE('',*,*,#7290,.T.);
#7660=ORIENTED_EDGE('',*,*,#6682,.T.);
#7661=ORIENTED_EDGE('',*,*,#6712,.T.);
#7662=ORIENTED_EDGE('',*,*,#6087,.F.);
#7663=CARTESIAN_POINT('',(0.206692913385827,-0.206692913385827,0.244094488188976));
#7664=VERTEX_POINT('',#7663);
#7665=CARTESIAN_POINT('',(0.206692913385827,-0.206692913385827,0.244094488188976));
#7666=DIRECTION('',(0.0,0.0,-1.0));
#7667=VECTOR('',#7666,0.196850393700788);
#7668=LINE('',#7665,#7667);
#7669=EDGE_CURVE('',#7664,#6074,#7668,.T.);
#7670=ORIENTED_EDGE('',*,*,#7669,.F.);
#7671=CARTESIAN_POINT('',(0.206692913385827,0.206692913385827,0.244094488188976));
#7672=DIRECTION('',(0.0,-1.0,0.0));
#7673=VECTOR('',#7672,0.413385826771654);
#7674=LINE('',#7671,#7673);
#7675=EDGE_CURVE('',#624,#7664,#7674,.T.);
#7676=ORIENTED_EDGE('',*,*,#7675,.F.);
#7677=ORIENTED_EDGE('',*,*,#629,.T.);
#7678=ORIENTED_EDGE('',*,*,#5856,.F.);
#7679=ORIENTED_EDGE('',*,*,#6158,.F.);
#7680=ORIENTED_EDGE('',*,*,#7331,.T.);
#7681=ORIENTED_EDGE('',*,*,#6602,.T.);
#7682=ORIENTED_EDGE('',*,*,#7315,.T.);
#7683=EDGE_LOOP('',(#7658,#7659,#7660,#7661,#7662,#7670,#7676,#7677,#7678,#7679,#7680,#7681,#7682));
#7684=FACE_OUTER_BOUND('',#7683,.T.);
#7685=ADVANCED_FACE('',(#7684),#7657,.F.);
#7686=CARTESIAN_POINT('',(-0.206692913385827,-0.206692913385827,0.244094488188976));
#7687=DIRECTION('',(0.0,-1.0,0.0));
#7688=DIRECTION('',(0.0,0.0,-1.0));
#7689=AXIS2_PLACEMENT_3D('',#7686,#7687,#7688);
#7690=PLANE('',#7689);
#7691=ORIENTED_EDGE('',*,*,#463,.T.);
#7692=ORIENTED_EDGE('',*,*,#7209,.T.);
#7693=ORIENTED_EDGE('',*,*,#6849,.T.);
#7694=ORIENTED_EDGE('',*,*,#6879,.T.);
#7695=ORIENTED_EDGE('',*,*,#6006,.F.);
#7696=ORIENTED_EDGE('',*,*,#236,.F.);
#7697=CARTESIAN_POINT('',(0.206692913385827,-0.206692913385827,0.244094488188976));
#7698=DIRECTION('',(-1.0,0.0,0.0));
#7699=VECTOR('',#7698,0.413385826771654);
#7700=LINE('',#7697,#7699);
#7701=EDGE_CURVE('',#7664,#223,#7700,.T.);
#7702=ORIENTED_EDGE('',*,*,#7701,.F.);
#7703=ORIENTED_EDGE('',*,*,#7669,.T.);
#7704=ORIENTED_EDGE('',*,*,#6079,.F.);
#7705=ORIENTED_EDGE('',*,*,#7400,.T.);
#7706=ORIENTED_EDGE('',*,*,#6440,.T.);
#7707=ORIENTED_EDGE('',*,*,#7384,.T.);
#7708=EDGE_LOOP('',(#7691,#7692,#7693,#7694,#7695,#7696,#7702,#7703,#7704,#7705,#7706,#7707));
#7709=FACE_OUTER_BOUND('',#7708,.T.);
#7710=ADVANCED_FACE('',(#7709),#7690,.F.);
#7711=CARTESIAN_POINT('',(-0.24507874015748,-0.24507874015748,0.0));
#7712=DIRECTION('',(-1.0,0.0,0.0));
#7713=DIRECTION('',(0.0,0.0,1.0));
#7714=AXIS2_PLACEMENT_3D('',#7711,#7712,#7713);
#7715=PLANE('',#7714);
#7716=ORIENTED_EDGE('',*,*,#4936,.T.);
#7717=ORIENTED_EDGE('',*,*,#4074,.T.);
#7718=CARTESIAN_POINT('',(-0.24507874015748,-0.24507874015748,0.244094488188976));
#7719=VERTEX_POINT('',#7718);
#7720=CARTESIAN_POINT('',(-0.24507874015748,-0.24507874015748,0.0));
#7721=DIRECTION('',(0.0,0.0,1.0));
#7722=VECTOR('',#7721,0.244094488188976);
#7723=LINE('',#7720,#7722);
#7724=EDGE_CURVE('',#4063,#7719,#7723,.T.);
#7725=ORIENTED_EDGE('',*,*,#7724,.T.);
#7726=CARTESIAN_POINT('',(-0.24507874015748,-0.24507874015748,0.244094488188976));
#7727=DIRECTION('',(0.0,1.0,0.0));
#7728=VECTOR('',#7727,0.490157480314961);
#7729=LINE('',#7726,#7728);
#7730=EDGE_CURVE('',#7719,#5644,#7729,.T.);
#7731=ORIENTED_EDGE('',*,*,#7730,.T.);
#7732=ORIENTED_EDGE('',*,*,#5649,.F.);
#7733=ORIENTED_EDGE('',*,*,#3852,.T.);
#7734=ORIENTED_EDGE('',*,*,#5584,.T.);
#7735=ORIENTED_EDGE('',*,*,#5623,.T.);
#7736=ORIENTED_EDGE('',*,*,#5560,.T.);
#7737=ORIENTED_EDGE('',*,*,#3820,.T.);
#7738=ORIENTED_EDGE('',*,*,#4881,.T.);
#7739=ORIENTED_EDGE('',*,*,#4950,.T.);
#7740=EDGE_LOOP('',(#7716,#7717,#7725,#7731,#7732,#7733,#7734,#7735,#7736,#7737,#7738,#7739));
#7741=FACE_OUTER_BOUND('',#7740,.T.);
#7742=ADVANCED_FACE('',(#7741),#7715,.T.);
#7743=CARTESIAN_POINT('',(0.24507874015748,-0.24507874015748,0.0));
#7744=DIRECTION('',(0.0,-1.0,0.0));
#7745=DIRECTION('',(0.0,0.0,-1.0));
#7746=AXIS2_PLACEMENT_3D('',#7743,#7744,#7745);
#7747=PLANE('',#7746);
#7748=ORIENTED_EDGE('',*,*,#5128,.T.);
#7749=ORIENTED_EDGE('',*,*,#4004,.T.);
#7750=ORIENTED_EDGE('',*,*,#5691,.T.);
#7751=CARTESIAN_POINT('',(0.24507874015748,-0.24507874015748,0.244094488188976));
#7752=DIRECTION('',(-1.0,0.0,0.0));
#7753=VECTOR('',#7752,0.490157480314961);
#7754=LINE('',#7751,#7753);
#7755=EDGE_CURVE('',#5680,#7719,#7754,.T.);
#7756=ORIENTED_EDGE('',*,*,#7755,.T.);
#7757=ORIENTED_EDGE('',*,*,#7724,.F.);
#7758=ORIENTED_EDGE('',*,*,#4068,.T.);
#7759=ORIENTED_EDGE('',*,*,#5222,.T.);
#7760=ORIENTED_EDGE('',*,*,#5240,.T.);
#7761=ORIENTED_EDGE('',*,*,#5200,.T.);
#7762=ORIENTED_EDGE('',*,*,#4036,.T.);
#7763=ORIENTED_EDGE('',*,*,#5073,.T.);
#7764=ORIENTED_EDGE('',*,*,#5142,.T.);
#7765=EDGE_LOOP('',(#7748,#7749,#7750,#7756,#7757,#7758,#7759,#7760,#7761,#7762,#7763,#7764));
#7766=FACE_OUTER_BOUND('',#7765,.T.);
#7767=ADVANCED_FACE('',(#7766),#7747,.T.);
#7768=CARTESIAN_POINT('',(1.311287E-016,2.384158E-017,0.244094488188976));
#7769=DIRECTION('',(0.0,0.0,1.0));
#7770=DIRECTION('',(1.0,0.0,0.0));
#7771=AXIS2_PLACEMENT_3D('',#7768,#7769,#7770);
#7772=PLANE('',#7771);
#7773=ORIENTED_EDGE('',*,*,#7730,.F.);
#7774=ORIENTED_EDGE('',*,*,#7755,.F.);
#7775=ORIENTED_EDGE('',*,*,#5685,.F.);
#7776=ORIENTED_EDGE('',*,*,#5657,.F.);
#7777=EDGE_LOOP('',(#7773,#7774,#7775,#7776));
#7778=FACE_OUTER_BOUND('',#7777,.T.);
#7779=ORIENTED_EDGE('',*,*,#7675,.T.);
#7780=ORIENTED_EDGE('',*,*,#7701,.T.);
#7781=ORIENTED_EDGE('',*,*,#228,.T.);
#7782=ORIENTED_EDGE('',*,*,#635,.T.);
#7783=EDGE_LOOP('',(#7779,#7780,#7781,#7782));
#7784=FACE_BOUND('',#7783,.T.);
#7785=ADVANCED_FACE('',(#7778,#7784),#7772,.T.);
#7786=CLOSED_SHELL('',(#113,#144,#175,#270,#310,#341,#372,#412,#443,#474,#514,#545,#576,#670,#710,#741,#772,#794,#806,#846,#877,#908,#930,#942,#982,#1015,#1052,#1089,#1126,#1163,#1194,#1231,#1268,#1309,#1346,#1377,#1399,#1420,#1460,#1491,#1513,#1553,#1584,#1615,#1646,#1677,#1708,#1739,#1770,#1801,#1832,#1854,#1878,#1918,#1949,#1980,#2011,#2042,#2073,#2104,#2135,#2166,#2197,#2228,#2250,#2270,#2310,#2341,#2372,#2403,#2434,#2465,#2496,#2527,#2558,#2589,#2620,#2642,#2662,#2702,#2739,#2770,#2807,#2838,#2869,#2891,#2906,#2952,#2989,#3026,#3059,#3090,#3123,#3160,#3197,#3234,#3265,#3302,#3343,#3380,#3417,#3454,#3491,#3513,#3538,#3578,#3615,#3646,#3683,#3714,#3745,#3767,#3782,#4324,#4352,#4372,#4381,#4409,#4429,#4438,#4470,#4494,#4519,#4536,#4548,#4568,#4580,#4600,#4612,#4632,#4641,#4673,#4697,#4722,#4739,#4751,#4783,#4807,#4832,#4849,#4861,#4892,#4916,#4940,#4957,#4988,#5019,#5036,#5053,#5084,#5108,#5132,#5149,#5180,#5204,#5228,#5245,#5276,#5300,#5324,#5341,#5372,#5396,#5420,#5437,#5468,#5499,#5516,#5533,#5564,#5595,#5612,#5629,#5668,#5700,#5711,#5749,#5780,#5811,#5833,#5845,#5861,#6300,#6332,#6362,#6379,#6411,#6450,#6467,#6499,#6529,#6541,#6573,#6612,#6629,#6661,#6700,#6717,#6749,#6779,#6796,#6828,#6867,#6884,#6916,#6946,#6958,#6989,#7013,#7037,#7061,#7085,#7109,#7133,#7150,#7166,#7186,#7198,#7223,#7235,#7250,#7262,#7279,#7299,#7319,#7336,#7353,#7368,#7388,#7405,#7420,#7432,#7464,#7488,#7513,#7530,#7542,#7574,#7598,#7623,#7640,#7652,#7685,#7710,#7742,#7767,#7785));
#7787=MANIFOLD_SOLID_BREP('B01ME11',#7786);
#7788=COLOUR_RGB('',0.752941012382507,0.752941012382507,0.752941012382507);
#7789=FILL_AREA_STYLE_COLOUR('',#7788);
#7790=FILL_AREA_STYLE('',(#7789));
#7791=SURFACE_STYLE_FILL_AREA(#7790);
#7792=SURFACE_SIDE_STYLE('',(#7791));
#7793=SURFACE_STYLE_USAGE(.BOTH.,#7792);
#7794=PRESENTATION_STYLE_ASSIGNMENT((#7793));
#7795=STYLED_ITEM('',(#7794,#8057),#7787);
#7796=COLOUR_RGB('',0.705882370471954,0.705882370471954,0.705882370471954);
#7797=FILL_AREA_STYLE_COLOUR('',#7796);
#7798=FILL_AREA_STYLE('',(#7797));
#7799=SURFACE_STYLE_FILL_AREA(#7798);
#7800=SURFACE_SIDE_STYLE('',(#7799));
#7801=SURFACE_STYLE_USAGE(.BOTH.,#7800);
#7802=PRESENTATION_STYLE_ASSIGNMENT((#7801));
#7803=OVER_RIDING_STYLED_ITEM('',(#7802),#113,#7795);
#7804=OVER_RIDING_STYLED_ITEM('',(#7802),#144,#7795);
#7805=OVER_RIDING_STYLED_ITEM('',(#7802),#175,#7795);
#7806=OVER_RIDING_STYLED_ITEM('',(#7802),#270,#7795);
#7807=OVER_RIDING_STYLED_ITEM('',(#7802),#310,#7795);
#7808=OVER_RIDING_STYLED_ITEM('',(#7802),#341,#7795);
#7809=OVER_RIDING_STYLED_ITEM('',(#7802),#372,#7795);
#7810=OVER_RIDING_STYLED_ITEM('',(#7802),#412,#7795);
#7811=OVER_RIDING_STYLED_ITEM('',(#7802),#443,#7795);
#7812=OVER_RIDING_STYLED_ITEM('',(#7802),#474,#7795);
#7813=OVER_RIDING_STYLED_ITEM('',(#7802),#514,#7795);
#7814=OVER_RIDING_STYLED_ITEM('',(#7802),#545,#7795);
#7815=OVER_RIDING_STYLED_ITEM('',(#7802),#576,#7795);
#7816=OVER_RIDING_STYLED_ITEM('',(#7802),#670,#7795);
#7817=OVER_RIDING_STYLED_ITEM('',(#7802),#710,#7795);
#7818=OVER_RIDING_STYLED_ITEM('',(#7802),#741,#7795);
#7819=OVER_RIDING_STYLED_ITEM('',(#7802),#772,#7795);
#7820=OVER_RIDING_STYLED_ITEM('',(#7802),#794,#7795);
#7821=OVER_RIDING_STYLED_ITEM('',(#7802),#806,#7795);
#7822=OVER_RIDING_STYLED_ITEM('',(#7802),#846,#7795);
#7823=OVER_RIDING_STYLED_ITEM('',(#7802),#877,#7795);
#7824=OVER_RIDING_STYLED_ITEM('',(#7802),#908,#7795);
#7825=OVER_RIDING_STYLED_ITEM('',(#7802),#930,#7795);
#7826=OVER_RIDING_STYLED_ITEM('',(#7802),#942,#7795);
#7827=OVER_RIDING_STYLED_ITEM('',(#7802),#982,#7795);
#7828=OVER_RIDING_STYLED_ITEM('',(#7802),#1015,#7795);
#7829=OVER_RIDING_STYLED_ITEM('',(#7802),#1052,#7795);
#7830=OVER_RIDING_STYLED_ITEM('',(#7802),#1089,#7795);
#7831=OVER_RIDING_STYLED_ITEM('',(#7802),#1126,#7795);
#7832=OVER_RIDING_STYLED_ITEM('',(#7802),#1163,#7795);
#7833=OVER_RIDING_STYLED_ITEM('',(#7802),#1194,#7795);
#7834=OVER_RIDING_STYLED_ITEM('',(#7802),#1231,#7795);
#7835=OVER_RIDING_STYLED_ITEM('',(#7802),#1268,#7795);
#7836=OVER_RIDING_STYLED_ITEM('',(#7802),#1309,#7795);
#7837=OVER_RIDING_STYLED_ITEM('',(#7802),#1346,#7795);
#7838=OVER_RIDING_STYLED_ITEM('',(#7802),#1377,#7795);
#7839=OVER_RIDING_STYLED_ITEM('',(#7802),#1399,#7795);
#7840=OVER_RIDING_STYLED_ITEM('',(#7802),#1420,#7795);
#7841=OVER_RIDING_STYLED_ITEM('',(#7802),#1460,#7795);
#7842=OVER_RIDING_STYLED_ITEM('',(#7802),#1491,#7795);
#7843=OVER_RIDING_STYLED_ITEM('',(#7802),#1513,#7795);
#7844=OVER_RIDING_STYLED_ITEM('',(#7802),#1553,#7795);
#7845=OVER_RIDING_STYLED_ITEM('',(#7802),#1584,#7795);
#7846=OVER_RIDING_STYLED_ITEM('',(#7802),#1615,#7795);
#7847=OVER_RIDING_STYLED_ITEM('',(#7802),#1646,#7795);
#7848=OVER_RIDING_STYLED_ITEM('',(#7802),#1677,#7795);
#7849=OVER_RIDING_STYLED_ITEM('',(#7802),#1708,#7795);
#7850=OVER_RIDING_STYLED_ITEM('',(#7802),#1739,#7795);
#7851=OVER_RIDING_STYLED_ITEM('',(#7802),#1770,#7795);
#7852=OVER_RIDING_STYLED_ITEM('',(#7802),#1801,#7795);
#7853=OVER_RIDING_STYLED_ITEM('',(#7802),#1832,#7795);
#7854=OVER_RIDING_STYLED_ITEM('',(#7802),#1854,#7795);
#7855=OVER_RIDING_STYLED_ITEM('',(#7802),#1878,#7795);
#7856=OVER_RIDING_STYLED_ITEM('',(#7802),#1918,#7795);
#7857=OVER_RIDING_STYLED_ITEM('',(#7802),#1949,#7795);
#7858=OVER_RIDING_STYLED_ITEM('',(#7802),#1980,#7795);
#7859=OVER_RIDING_STYLED_ITEM('',(#7802),#2011,#7795);
#7860=OVER_RIDING_STYLED_ITEM('',(#7802),#2042,#7795);
#7861=OVER_RIDING_STYLED_ITEM('',(#7802),#2073,#7795);
#7862=OVER_RIDING_STYLED_ITEM('',(#7802),#2104,#7795);
#7863=OVER_RIDING_STYLED_ITEM('',(#7802),#2135,#7795);
#7864=OVER_RIDING_STYLED_ITEM('',(#7802),#2166,#7795);
#7865=OVER_RIDING_STYLED_ITEM('',(#7802),#2197,#7795);
#7866=OVER_RIDING_STYLED_ITEM('',(#7802),#2228,#7795);
#7867=OVER_RIDING_STYLED_ITEM('',(#7802),#2250,#7795);
#7868=OVER_RIDING_STYLED_ITEM('',(#7802),#2270,#7795);
#7869=OVER_RIDING_STYLED_ITEM('',(#7802),#2310,#7795);
#7870=OVER_RIDING_STYLED_ITEM('',(#7802),#2341,#7795);
#7871=OVER_RIDING_STYLED_ITEM('',(#7802),#2372,#7795);
#7872=OVER_RIDING_STYLED_ITEM('',(#7802),#2403,#7795);
#7873=OVER_RIDING_STYLED_ITEM('',(#7802),#2434,#7795);
#7874=OVER_RIDING_STYLED_ITEM('',(#7802),#2465,#7795);
#7875=OVER_RIDING_STYLED_ITEM('',(#7802),#2496,#7795);
#7876=OVER_RIDING_STYLED_ITEM('',(#7802),#2527,#7795);
#7877=OVER_RIDING_STYLED_ITEM('',(#7802),#2558,#7795);
#7878=OVER_RIDING_STYLED_ITEM('',(#7802),#2589,#7795);
#7879=OVER_RIDING_STYLED_ITEM('',(#7802),#2620,#7795);
#7880=OVER_RIDING_STYLED_ITEM('',(#7802),#2642,#7795);
#7881=OVER_RIDING_STYLED_ITEM('',(#7802),#2662,#7795);
#7882=OVER_RIDING_STYLED_ITEM('',(#7802),#2702,#7795);
#7883=OVER_RIDING_STYLED_ITEM('',(#7802),#2739,#7795);
#7884=OVER_RIDING_STYLED_ITEM('',(#7802),#2770,#7795);
#7885=OVER_RIDING_STYLED_ITEM('',(#7802),#2807,#7795);
#7886=OVER_RIDING_STYLED_ITEM('',(#7802),#2838,#7795);
#7887=OVER_RIDING_STYLED_ITEM('',(#7802),#2869,#7795);
#7888=OVER_RIDING_STYLED_ITEM('',(#7802),#2891,#7795);
#7889=OVER_RIDING_STYLED_ITEM('',(#7802),#2906,#7795);
#7890=OVER_RIDING_STYLED_ITEM('',(#7802),#2952,#7795);
#7891=OVER_RIDING_STYLED_ITEM('',(#7802),#2989,#7795);
#7892=OVER_RIDING_STYLED_ITEM('',(#7802),#3026,#7795);
#7893=OVER_RIDING_STYLED_ITEM('',(#7802),#3059,#7795);
#7894=OVER_RIDING_STYLED_ITEM('',(#7802),#3090,#7795);
#7895=OVER_RIDING_STYLED_ITEM('',(#7802),#3123,#7795);
#7896=OVER_RIDING_STYLED_ITEM('',(#7802),#3160,#7795);
#7897=OVER_RIDING_STYLED_ITEM('',(#7802),#3197,#7795);
#7898=OVER_RIDING_STYLED_ITEM('',(#7802),#3234,#7795);
#7899=OVER_RIDING_STYLED_ITEM('',(#7802),#3265,#7795);
#7900=OVER_RIDING_STYLED_ITEM('',(#7802),#3302,#7795);
#7901=OVER_RIDING_STYLED_ITEM('',(#7802),#3343,#7795);
#7902=OVER_RIDING_STYLED_ITEM('',(#7802),#3380,#7795);
#7903=OVER_RIDING_STYLED_ITEM('',(#7802),#3417,#7795);
#7904=OVER_RIDING_STYLED_ITEM('',(#7802),#3454,#7795);
#7905=OVER_RIDING_STYLED_ITEM('',(#7802),#3491,#7795);
#7906=OVER_RIDING_STYLED_ITEM('',(#7802),#3513,#7795);
#7907=OVER_RIDING_STYLED_ITEM('',(#7802),#3538,#7795);
#7908=OVER_RIDING_STYLED_ITEM('',(#7802),#3578,#7795);
#7909=OVER_RIDING_STYLED_ITEM('',(#7802),#3615,#7795);
#7910=OVER_RIDING_STYLED_ITEM('',(#7802),#3646,#7795);
#7911=OVER_RIDING_STYLED_ITEM('',(#7802),#3683,#7795);
#7912=OVER_RIDING_STYLED_ITEM('',(#7802),#3714,#7795);
#7913=OVER_RIDING_STYLED_ITEM('',(#7802),#3745,#7795);
#7914=OVER_RIDING_STYLED_ITEM('',(#7802),#3767,#7795);
#7915=OVER_RIDING_STYLED_ITEM('',(#7802),#3782,#7795);
#7916=OVER_RIDING_STYLED_ITEM('',(#7802),#4324,#7795);
#7917=OVER_RIDING_STYLED_ITEM('',(#7802),#4352,#7795);
#7918=OVER_RIDING_STYLED_ITEM('',(#7802),#4372,#7795);
#7919=OVER_RIDING_STYLED_ITEM('',(#7802),#4381,#7795);
#7920=OVER_RIDING_STYLED_ITEM('',(#7802),#4409,#7795);
#7921=OVER_RIDING_STYLED_ITEM('',(#7802),#4429,#7795);
#7922=OVER_RIDING_STYLED_ITEM('',(#7802),#4438,#7795);
#7923=OVER_RIDING_STYLED_ITEM('',(#7802),#4470,#7795);
#7924=OVER_RIDING_STYLED_ITEM('',(#7802),#4494,#7795);
#7925=OVER_RIDING_STYLED_ITEM('',(#7802),#4519,#7795);
#7926=OVER_RIDING_STYLED_ITEM('',(#7802),#4536,#7795);
#7927=OVER_RIDING_STYLED_ITEM('',(#7802),#4548,#7795);
#7928=OVER_RIDING_STYLED_ITEM('',(#7802),#4568,#7795);
#7929=OVER_RIDING_STYLED_ITEM('',(#7802),#4580,#7795);
#7930=OVER_RIDING_STYLED_ITEM('',(#7802),#4600,#7795);
#7931=OVER_RIDING_STYLED_ITEM('',(#7802),#4612,#7795);
#7932=OVER_RIDING_STYLED_ITEM('',(#7802),#4632,#7795);
#7933=OVER_RIDING_STYLED_ITEM('',(#7802),#4641,#7795);
#7934=OVER_RIDING_STYLED_ITEM('',(#7802),#4673,#7795);
#7935=OVER_RIDING_STYLED_ITEM('',(#7802),#4697,#7795);
#7936=OVER_RIDING_STYLED_ITEM('',(#7802),#4722,#7795);
#7937=OVER_RIDING_STYLED_ITEM('',(#7802),#4739,#7795);
#7938=OVER_RIDING_STYLED_ITEM('',(#7802),#4751,#7795);
#7939=OVER_RIDING_STYLED_ITEM('',(#7802),#4783,#7795);
#7940=OVER_RIDING_STYLED_ITEM('',(#7802),#4807,#7795);
#7941=OVER_RIDING_STYLED_ITEM('',(#7802),#4832,#7795);
#7942=OVER_RIDING_STYLED_ITEM('',(#7802),#4849,#7795);
#7943=OVER_RIDING_STYLED_ITEM('',(#7802),#4861,#7795);
#7944=OVER_RIDING_STYLED_ITEM('',(#7802),#4892,#7795);
#7945=OVER_RIDING_STYLED_ITEM('',(#7802),#4916,#7795);
#7946=OVER_RIDING_STYLED_ITEM('',(#7802),#4940,#7795);
#7947=OVER_RIDING_STYLED_ITEM('',(#7802),#4957,#7795);
#7948=OVER_RIDING_STYLED_ITEM('',(#7802),#4988,#7795);
#7949=OVER_RIDING_STYLED_ITEM('',(#7802),#5019,#7795);
#7950=OVER_RIDING_STYLED_ITEM('',(#7802),#5036,#7795);
#7951=OVER_RIDING_STYLED_ITEM('',(#7802),#5053,#7795);
#7952=OVER_RIDING_STYLED_ITEM('',(#7802),#5084,#7795);
#7953=OVER_RIDING_STYLED_ITEM('',(#7802),#5108,#7795);
#7954=OVER_RIDING_STYLED_ITEM('',(#7802),#5132,#7795);
#7955=OVER_RIDING_STYLED_ITEM('',(#7802),#5149,#7795);
#7956=OVER_RIDING_STYLED_ITEM('',(#7802),#5180,#7795);
#7957=OVER_RIDING_STYLED_ITEM('',(#7802),#5204,#7795);
#7958=OVER_RIDING_STYLED_ITEM('',(#7802),#5228,#7795);
#7959=OVER_RIDING_STYLED_ITEM('',(#7802),#5245,#7795);
#7960=OVER_RIDING_STYLED_ITEM('',(#7802),#5276,#7795);
#7961=OVER_RIDING_STYLED_ITEM('',(#7802),#5300,#7795);
#7962=OVER_RIDING_STYLED_ITEM('',(#7802),#5324,#7795);
#7963=OVER_RIDING_STYLED_ITEM('',(#7802),#5341,#7795);
#7964=OVER_RIDING_STYLED_ITEM('',(#7802),#5372,#7795);
#7965=OVER_RIDING_STYLED_ITEM('',(#7802),#5396,#7795);
#7966=OVER_RIDING_STYLED_ITEM('',(#7802),#5420,#7795);
#7967=OVER_RIDING_STYLED_ITEM('',(#7802),#5437,#7795);
#7968=OVER_RIDING_STYLED_ITEM('',(#7802),#5468,#7795);
#7969=OVER_RIDING_STYLED_ITEM('',(#7802),#5499,#7795);
#7970=OVER_RIDING_STYLED_ITEM('',(#7802),#5516,#7795);
#7971=OVER_RIDING_STYLED_ITEM('',(#7802),#5533,#7795);
#7972=OVER_RIDING_STYLED_ITEM('',(#7802),#5564,#7795);
#7973=OVER_RIDING_STYLED_ITEM('',(#7802),#5595,#7795);
#7974=OVER_RIDING_STYLED_ITEM('',(#7802),#5612,#7795);
#7975=OVER_RIDING_STYLED_ITEM('',(#7802),#5629,#7795);
#7976=OVER_RIDING_STYLED_ITEM('',(#7802),#5668,#7795);
#7977=OVER_RIDING_STYLED_ITEM('',(#7802),#5700,#7795);
#7978=OVER_RIDING_STYLED_ITEM('',(#7802),#5711,#7795);
#7979=OVER_RIDING_STYLED_ITEM('',(#7802),#5749,#7795);
#7980=OVER_RIDING_STYLED_ITEM('',(#7802),#5780,#7795);
#7981=OVER_RIDING_STYLED_ITEM('',(#7802),#5811,#7795);
#7982=OVER_RIDING_STYLED_ITEM('',(#7802),#5833,#7795);
#7983=OVER_RIDING_STYLED_ITEM('',(#7802),#5845,#7795);
#7984=OVER_RIDING_STYLED_ITEM('',(#7802),#5861,#7795);
#7985=OVER_RIDING_STYLED_ITEM('',(#7802),#6300,#7795);
#7986=OVER_RIDING_STYLED_ITEM('',(#7802),#6332,#7795);
#7987=OVER_RIDING_STYLED_ITEM('',(#7802),#6362,#7795);
#7988=OVER_RIDING_STYLED_ITEM('',(#7802),#6379,#7795);
#7989=OVER_RIDING_STYLED_ITEM('',(#7802),#6411,#7795);
#7990=OVER_RIDING_STYLED_ITEM('',(#7802),#6450,#7795);
#7991=OVER_RIDING_STYLED_ITEM('',(#7802),#6467,#7795);
#7992=OVER_RIDING_STYLED_ITEM('',(#7802),#6499,#7795);
#7993=OVER_RIDING_STYLED_ITEM('',(#7802),#6529,#7795);
#7994=OVER_RIDING_STYLED_ITEM('',(#7802),#6541,#7795);
#7995=OVER_RIDING_STYLED_ITEM('',(#7802),#6573,#7795);
#7996=OVER_RIDING_STYLED_ITEM('',(#7802),#6612,#7795);
#7997=OVER_RIDING_STYLED_ITEM('',(#7802),#6629,#7795);
#7998=OVER_RIDING_STYLED_ITEM('',(#7802),#6661,#7795);
#7999=OVER_RIDING_STYLED_ITEM('',(#7802),#6700,#7795);
#8000=OVER_RIDING_STYLED_ITEM('',(#7802),#6717,#7795);
#8001=OVER_RIDING_STYLED_ITEM('',(#7802),#6749,#7795);
#8002=OVER_RIDING_STYLED_ITEM('',(#7802),#6779,#7795);
#8003=OVER_RIDING_STYLED_ITEM('',(#7802),#6796,#7795);
#8004=OVER_RIDING_STYLED_ITEM('',(#7802),#6828,#7795);
#8005=OVER_RIDING_STYLED_ITEM('',(#7802),#6867,#7795);
#8006=OVER_RIDING_STYLED_ITEM('',(#7802),#6884,#7795);
#8007=OVER_RIDING_STYLED_ITEM('',(#7802),#6916,#7795);
#8008=OVER_RIDING_STYLED_ITEM('',(#7802),#6946,#7795);
#8009=OVER_RIDING_STYLED_ITEM('',(#7802),#6958,#7795);
#8010=OVER_RIDING_STYLED_ITEM('',(#7802),#6989,#7795);
#8011=OVER_RIDING_STYLED_ITEM('',(#7802),#7013,#7795);
#8012=OVER_RIDING_STYLED_ITEM('',(#7802),#7037,#7795);
#8013=OVER_RIDING_STYLED_ITEM('',(#7802),#7061,#7795);
#8014=OVER_RIDING_STYLED_ITEM('',(#7802),#7085,#7795);
#8015=OVER_RIDING_STYLED_ITEM('',(#7802),#7109,#7795);
#8016=OVER_RIDING_STYLED_ITEM('',(#7802),#7133,#7795);
#8017=OVER_RIDING_STYLED_ITEM('',(#7802),#7150,#7795);
#8018=OVER_RIDING_STYLED_ITEM('',(#7802),#7166,#7795);
#8019=OVER_RIDING_STYLED_ITEM('',(#7802),#7186,#7795);
#8020=OVER_RIDING_STYLED_ITEM('',(#7802),#7198,#7795);
#8021=OVER_RIDING_STYLED_ITEM('',(#7802),#7223,#7795);
#8022=OVER_RIDING_STYLED_ITEM('',(#7802),#7235,#7795);
#8023=OVER_RIDING_STYLED_ITEM('',(#7802),#7250,#7795);
#8024=OVER_RIDING_STYLED_ITEM('',(#7802),#7262,#7795);
#8025=OVER_RIDING_STYLED_ITEM('',(#7802),#7279,#7795);
#8026=OVER_RIDING_STYLED_ITEM('',(#7802),#7299,#7795);
#8027=OVER_RIDING_STYLED_ITEM('',(#7802),#7319,#7795);
#8028=OVER_RIDING_STYLED_ITEM('',(#7802),#7336,#7795);
#8029=OVER_RIDING_STYLED_ITEM('',(#7802),#7353,#7795);
#8030=OVER_RIDING_STYLED_ITEM('',(#7802),#7368,#7795);
#8031=OVER_RIDING_STYLED_ITEM('',(#7802),#7388,#7795);
#8032=OVER_RIDING_STYLED_ITEM('',(#7802),#7405,#7795);
#8033=OVER_RIDING_STYLED_ITEM('',(#7802),#7420,#7795);
#8034=OVER_RIDING_STYLED_ITEM('',(#7802),#7432,#7795);
#8035=OVER_RIDING_STYLED_ITEM('',(#7802),#7464,#7795);
#8036=OVER_RIDING_STYLED_ITEM('',(#7802),#7488,#7795);
#8037=OVER_RIDING_STYLED_ITEM('',(#7802),#7513,#7795);
#8038=OVER_RIDING_STYLED_ITEM('',(#7802),#7530,#7795);
#8039=OVER_RIDING_STYLED_ITEM('',(#7802),#7542,#7795);
#8040=OVER_RIDING_STYLED_ITEM('',(#7802),#7574,#7795);
#8041=OVER_RIDING_STYLED_ITEM('',(#7802),#7598,#7795);
#8042=OVER_RIDING_STYLED_ITEM('',(#7802),#7623,#7795);
#8043=OVER_RIDING_STYLED_ITEM('',(#7802),#7640,#7795);
#8044=OVER_RIDING_STYLED_ITEM('',(#7802),#7652,#7795);
#8045=OVER_RIDING_STYLED_ITEM('',(#7802),#7685,#7795);
#8046=OVER_RIDING_STYLED_ITEM('',(#7802),#7710,#7795);
#8047=OVER_RIDING_STYLED_ITEM('',(#7802),#7742,#7795);
#8048=OVER_RIDING_STYLED_ITEM('',(#7802),#7767,#7795);
#8049=OVER_RIDING_STYLED_ITEM('',(#7802),#7785,#7795);
#8050=MECHANICAL_DESIGN_GEOMETRIC_PRESENTATION_REPRESENTATION('',(#7795,#7803,#7804,#7805,#7806,#7807,#7808,#7809,#7810,#7811,#7812,#7813,#7814,#7815,#7816,#7817,#7818,#7819,#7820,#7821,#7822,#7823,#7824,#7825,#7826,#7827,#7828,#7829,#7830,#7831,#7832,#7833,#7834,#7835,#7836,#7837,#7838,#7839,#7840,#7841,#7842,#7843,#7844,#7845,#7846,#7847,#7848,#7849,#7850,#7851,#7852,#7853,#7854,#7855,#7856,#7857,#7858,#7859,#7860,#7861,#7862,#7863,#7864,#7865,#7866,#7867,#7868,#7869,#7870,#7871,#7872,#7873,#7874,#7875,#7876,#7877,#7878,#7879,#7880,#7881,#7882,#7883,#7884,#7885,#7886,#7887,#7888,#7889,#7890,#7891,#7892,#7893,#7894,#7895,#7896,#7897,#7898,#7899,#7900,#7901,#7902,#7903,#7904,#7905,#7906,#7907,#7908,#7909,#7910,#7911,#7912,#7913,#7914,#7915,#7916,#7917,#7918,#7919,#7920,#7921,#7922,#7923,#7924,#7925,#7926,#7927,#7928,#7929,#7930,#7931,#7932,#7933,#7934,#7935,#7936,#7937,#7938,#7939,#7940,#7941,#7942,#7943,#7944,#7945,#7946,#7947,#7948,#7949,#7950,#7951,#7952,#7953,#7954,#7955,#7956,#7957,#7958,#7959,#7960,#7961,#7962,#7963,#7964,#7965,#7966,#7967,#7968,#7969,#7970,#7971,#7972,#7973,#7974,#7975,#7976,#7977,#7978,#7979,#7980,#7981,#7982,#7983,#7984,#7985,#7986,#7987,#7988,#7989,#7990,#7991,#7992,#7993,#7994,#7995,#7996,#7997,#7998,#7999,#8000,#8001,#8002,#8003,#8004,#8005,#8006,#8007,#8008,#8009,#8010,#8011,#8012,#8013,#8014,#8015,#8016,#8017,#8018,#8019,#8020,#8021,#8022,#8023,#8024,#8025,#8026,#8027,#8028,#8029,#8030,#8031,#8032,#8033,#8034,#8035,#8036,#8037,#8038,#8039,#8040,#8041,#8042,#8043,#8044,#8045,#8046,#8047,#8048,#8049),#73);
#8051=COLOUR_RGB('Default',0.752941012382507,0.752941012382507,0.752941012382507);
#8052=FILL_AREA_STYLE_COLOUR('Default',#8051);
#8053=FILL_AREA_STYLE('Default',(#8052));
#8054=SURFACE_STYLE_FILL_AREA(#8053);
#8055=SURFACE_SIDE_STYLE('Default',(#8054));
#8056=SURFACE_STYLE_USAGE(.BOTH.,#8055);
#8057=PRESENTATION_STYLE_ASSIGNMENT((#8056));
#8058=ADVANCED_BREP_SHAPE_REPRESENTATION('ABSR',(#7787,#9329,#9820,#10283),#42);
#8059=SHAPE_REPRESENTATION_RELATIONSHIP('SRR','None',#8058,#47);
#8065=(NAMED_UNIT(*)PLANE_ANGLE_UNIT()SI_UNIT($,.RADIAN.));
#8066=DIMENSIONAL_EXPONENTS(0.0,0.0,0.0,0.0,0.0,0.0,0.0);
#8067=PLANE_ANGLE_MEASURE_WITH_UNIT(PLANE_ANGLE_MEASURE(0.0174532925),#8065);
#8071=(CONVERSION_BASED_UNIT('DEGREE',#8067)NAMED_UNIT(#8066)PLANE_ANGLE_UNIT());
#8075=(NAMED_UNIT(*)SI_UNIT($,.STERADIAN.)SOLID_ANGLE_UNIT());
#8079=(LENGTH_UNIT()NAMED_UNIT(*)SI_UNIT(.MILLI.,.METRE.));
#8081=UNCERTAINTY_MEASURE_WITH_UNIT(LENGTH_MEASURE(0.000001),#8079,'DISTANCE_ACCURACY_VALUE','');
#8083=(GEOMETRIC_REPRESENTATION_CONTEXT(3)GLOBAL_UNCERTAINTY_ASSIGNED_CONTEXT((#8081))GLOBAL_UNIT_ASSIGNED_CONTEXT((#8071,#8075,#8079))REPRESENTATION_CONTEXT('','3D'));
#8084=CARTESIAN_POINT('',(-0.191929133858268,0.191929133858268,0.332677165354331));
#8085=DIRECTION('',(0.577350269189626,0.577350269189626,0.577350269189626));
#8086=DIRECTION('',(-0.707106781186548,0.0,0.707106781186548));
#8087=AXIS2_PLACEMENT_3D('',#8084,#8085,#8086);
#8088=SPHERICAL_SURFACE('',#8087,0.009842519685039);
#8089=CARTESIAN_POINT('',(-0.191929133858268,0.201771653543307,0.332677165354331));
#8090=VERTEX_POINT('',#8089);
#8091=CARTESIAN_POINT('',(-0.201771653543307,0.191929133858268,0.332677165354331));
#8092=VERTEX_POINT('',#8091);
#8093=CARTESIAN_POINT('',(-0.191929133858268,0.191929133858268,0.332677165354331));
#8094=DIRECTION('',(0.0,0.0,1.0));
#8095=DIRECTION('',(-0.707106781186544,0.707106781186551,0.0));
#8096=AXIS2_PLACEMENT_3D('',#8093,#8094,#8095);
#8097=CIRCLE('',#8096,0.009842519685039);
#8098=EDGE_CURVE('',#8090,#8092,#8097,.T.);
#8099=ORIENTED_EDGE('',*,*,#8098,.T.);
#8100=CARTESIAN_POINT('',(-0.191929133858268,0.191929133858268,0.34251968503937));
#8101=VERTEX_POINT('',#8100);
#8102=CARTESIAN_POINT('',(-0.191929133858268,0.191929133858268,0.332677165354331));
#8103=DIRECTION('',(0.0,1.0,0.0));
#8104=DIRECTION('',(0.0,0.0,1.0));
#8105=AXIS2_PLACEMENT_3D('',#8102,#8103,#8104);
#8106=CIRCLE('',#8105,0.009842519685039);
#8107=EDGE_CURVE('',#8101,#8092,#8106,.F.);
#8108=ORIENTED_EDGE('',*,*,#8107,.F.);
#8109=CARTESIAN_POINT('',(-0.191929133858268,0.191929133858268,0.332677165354331));
#8110=DIRECTION('',(-1.0,0.0,0.0));
#8111=DIRECTION('',(0.0,0.707106781186552,0.707106781186543));
#8112=AXIS2_PLACEMENT_3D('',#8109,#8110,#8111);
#8113=CIRCLE('',#8112,0.009842519685039);
#8114=EDGE_CURVE('',#8101,#8090,#8113,.T.);
#8115=ORIENTED_EDGE('',*,*,#8114,.T.);
#8116=EDGE_LOOP('',(#8099,#8108,#8115));
#8117=FACE_OUTER_BOUND('',#8116,.T.);
#8118=ADVANCED_FACE('',(#8117),#8088,.T.);
#8119=CARTESIAN_POINT('',(0.191929133858268,0.191929133858268,0.332677165354331));
#8120=DIRECTION('',(0.577350269189626,0.577350269189626,0.577350269189626));
#8121=DIRECTION('',(-0.707106781186548,0.0,0.707106781186548));
#8122=AXIS2_PLACEMENT_3D('',#8119,#8120,#8121);
#8123=SPHERICAL_SURFACE('',#8122,0.009842519685039);
#8124=CARTESIAN_POINT('',(0.191929133858268,0.201771653543307,0.332677165354331));
#8125=VERTEX_POINT('',#8124);
#8126=CARTESIAN_POINT('',(0.191929133858268,0.191929133858268,0.34251968503937));
#8127=VERTEX_POINT('',#8126);
#8128=CARTESIAN_POINT('',(0.191929133858268,0.191929133858268,0.332677165354331));
#8129=DIRECTION('',(1.0,0.0,0.0));
#8130=DIRECTION('',(0.0,0.707106781186546,0.707106781186549));
#8131=AXIS2_PLACEMENT_3D('',#8128,#8129,#8130);
#8132=CIRCLE('',#8131,0.009842519685039);
#8133=EDGE_CURVE('',#8125,#8127,#8132,.T.);
#8134=ORIENTED_EDGE('',*,*,#8133,.T.);
#8135=CARTESIAN_POINT('',(0.201771653543307,0.191929133858268,0.332677165354331));
#8136=VERTEX_POINT('',#8135);
#8137=CARTESIAN_POINT('',(0.191929133858268,0.191929133858268,0.332677165354331));
#8138=DIRECTION('',(0.0,1.0,0.0));
#8139=DIRECTION('',(1.0,0.0,0.0));
#8140=AXIS2_PLACEMENT_3D('',#8137,#8138,#8139);
#8141=CIRCLE('',#8140,0.009842519685039);
#8142=EDGE_CURVE('',#8136,#8127,#8141,.F.);
#8143=ORIENTED_EDGE('',*,*,#8142,.F.);
#8144=CARTESIAN_POINT('',(0.191929133858268,0.191929133858268,0.332677165354331));
#8145=DIRECTION('',(0.0,0.0,1.0));
#8146=DIRECTION('',(0.707106781186552,0.707106781186543,0.0));
#8147=AXIS2_PLACEMENT_3D('',#8144,#8145,#8146);
#8148=CIRCLE('',#8147,0.009842519685039);
#8149=EDGE_CURVE('',#8136,#8125,#8148,.T.);
#8150=ORIENTED_EDGE('',*,*,#8149,.T.);
#8151=EDGE_LOOP('',(#8134,#8143,#8150));
#8152=FACE_OUTER_BOUND('',#8151,.T.);
#8153=ADVANCED_FACE('',(#8152),#8123,.T.);
#8154=CARTESIAN_POINT('',(-0.191929133858268,-0.191929133858268,0.332677165354331));
#8155=DIRECTION('',(0.577350269189626,0.577350269189626,0.577350269189626));
#8156=DIRECTION('',(-0.707106781186548,0.0,0.707106781186548));
#8157=AXIS2_PLACEMENT_3D('',#8154,#8155,#8156);
#8158=SPHERICAL_SURFACE('',#8157,0.009842519685039);
#8159=CARTESIAN_POINT('',(-0.201771653543307,-0.191929133858268,0.332677165354331));
#8160=VERTEX_POINT('',#8159);
#8161=CARTESIAN_POINT('',(-0.191929133858268,-0.201771653543307,0.332677165354331));
#8162=VERTEX_POINT('',#8161);
#8163=CARTESIAN_POINT('',(-0.191929133858268,-0.191929133858268,0.332677165354331));
#8164=DIRECTION('',(0.0,0.0,1.0));
#8165=DIRECTION('',(-0.707106781186549,-0.707106781186546,0.0));
#8166=AXIS2_PLACEMENT_3D('',#8163,#8164,#8165);
#8167=CIRCLE('',#8166,0.009842519685039);
#8168=EDGE_CURVE('',#8160,#8162,#8167,.T.);
#8169=ORIENTED_EDGE('',*,*,#8168,.T.);
#8170=CARTESIAN_POINT('',(-0.191929133858268,-0.191929133858268,0.34251968503937));
#8171=VERTEX_POINT('',#8170);
#8172=CARTESIAN_POINT('',(-0.191929133858268,-0.191929133858268,0.332677165354331));
#8173=DIRECTION('',(-1.0,0.0,0.0));
#8174=DIRECTION('',(0.0,0.0,1.0));
#8175=AXIS2_PLACEMENT_3D('',#8172,#8173,#8174);
#8176=CIRCLE('',#8175,0.009842519685039);
#8177=EDGE_CURVE('',#8171,#8162,#8176,.F.);
#8178=ORIENTED_EDGE('',*,*,#8177,.F.);
#8179=CARTESIAN_POINT('',(-0.191929133858268,-0.191929133858268,0.332677165354331));
#8180=DIRECTION('',(0.0,-1.0,0.0));
#8181=DIRECTION('',(-0.707106781186548,0.0,0.707106781186548));
#8182=AXIS2_PLACEMENT_3D('',#8179,#8180,#8181);
#8183=CIRCLE('',#8182,0.009842519685039);
#8184=EDGE_CURVE('',#8171,#8160,#8183,.T.);
#8185=ORIENTED_EDGE('',*,*,#8184,.T.);
#8186=EDGE_LOOP('',(#8169,#8178,#8185));
#8187=FACE_OUTER_BOUND('',#8186,.T.);
#8188=ADVANCED_FACE('',(#8187),#8158,.T.);
#8189=CARTESIAN_POINT('',(0.191929133858268,-0.191929133858268,0.332677165354331));
#8190=DIRECTION('',(0.577350269189626,0.577350269189626,0.577350269189626));
#8191=DIRECTION('',(-0.707106781186548,0.0,0.707106781186548));
#8192=AXIS2_PLACEMENT_3D('',#8189,#8190,#8191);
#8193=SPHERICAL_SURFACE('',#8192,0.009842519685039);
#8194=CARTESIAN_POINT('',(0.201771653543307,-0.191929133858268,0.332677165354331));
#8195=VERTEX_POINT('',#8194);
#8196=CARTESIAN_POINT('',(0.191929133858268,-0.191929133858268,0.34251968503937));
#8197=VERTEX_POINT('',#8196);
#8198=CARTESIAN_POINT('',(0.191929133858268,-0.191929133858268,0.332677165354331));
#8199=DIRECTION('',(0.0,-1.0,0.0));
#8200=DIRECTION('',(0.707106781186548,0.0,0.707106781186548));
#8201=AXIS2_PLACEMENT_3D('',#8198,#8199,#8200);
#8202=CIRCLE('',#8201,0.009842519685039);
#8203=EDGE_CURVE('',#8195,#8197,#8202,.T.);
#8204=ORIENTED_EDGE('',*,*,#8203,.T.);
#8205=CARTESIAN_POINT('',(0.191929133858268,-0.201771653543307,0.332677165354331));
#8206=VERTEX_POINT('',#8205);
#8207=CARTESIAN_POINT('',(0.191929133858268,-0.191929133858268,0.332677165354331));
#8208=DIRECTION('',(1.0,0.0,0.0));
#8209=DIRECTION('',(0.0,-1.0,0.0));
#8210=AXIS2_PLACEMENT_3D('',#8207,#8208,#8209);
#8211=CIRCLE('',#8210,0.009842519685039);
#8212=EDGE_CURVE('',#8206,#8197,#8211,.F.);
#8213=ORIENTED_EDGE('',*,*,#8212,.F.);
#8214=CARTESIAN_POINT('',(0.191929133858268,-0.191929133858268,0.332677165354331));
#8215=DIRECTION('',(0.0,0.0,1.0));
#8216=DIRECTION('',(0.707106781186548,-0.707106781186548,0.0));
#8217=AXIS2_PLACEMENT_3D('',#8214,#8215,#8216);
#8218=CIRCLE('',#8217,0.009842519685039);
#8219=EDGE_CURVE('',#8206,#8195,#8218,.T.);
#8220=ORIENTED_EDGE('',*,*,#8219,.T.);
#8221=EDGE_LOOP('',(#8204,#8213,#8220));
#8222=FACE_OUTER_BOUND('',#8221,.T.);
#8223=ADVANCED_FACE('',(#8222),#8193,.T.);
#8224=CARTESIAN_POINT('',(0.100885826771653,-0.191929133858268,0.332677165354331));
#8225=DIRECTION('',(-1.0,0.0,0.0));
#8226=DIRECTION('',(0.0,-0.707106781186548,0.707106781186548));
#8227=AXIS2_PLACEMENT_3D('',#8224,#8225,#8226);
#8228=CYLINDRICAL_SURFACE('',#8227,0.009842519685039);
#8229=ORIENTED_EDGE('',*,*,#8177,.T.);
#8230=CARTESIAN_POINT('',(-0.191929133858268,-0.201771653543307,0.332677165354331));
#8231=DIRECTION('',(1.0,0.0,0.0));
#8232=VECTOR('',#8231,0.383858267716535);
#8233=LINE('',#8230,#8232);
#8234=EDGE_CURVE('',#8162,#8206,#8233,.T.);
#8235=ORIENTED_EDGE('',*,*,#8234,.T.);
#8236=ORIENTED_EDGE('',*,*,#8212,.T.);
#8237=CARTESIAN_POINT('',(0.191929133858268,-0.191929133858268,0.34251968503937));
#8238=DIRECTION('',(-1.0,0.0,0.0));
#8239=VECTOR('',#8238,0.383858267716535);
#8240=LINE('',#8237,#8239);
#8241=EDGE_CURVE('',#8197,#8171,#8240,.T.);
#8242=ORIENTED_EDGE('',*,*,#8241,.T.);
#8243=EDGE_LOOP('',(#8229,#8235,#8236,#8242));
#8244=FACE_OUTER_BOUND('',#8243,.T.);
#8245=ADVANCED_FACE('',(#8244),#8228,.T.);
#8246=CARTESIAN_POINT('',(0.191929133858268,-0.191929133858268,0.224409448818898));
#8247=DIRECTION('',(0.0,0.0,1.0));
#8248=DIRECTION('',(0.707106781186548,-0.707106781186548,0.0));
#8249=AXIS2_PLACEMENT_3D('',#8246,#8247,#8248);
#8250=CYLINDRICAL_SURFACE('',#8249,0.009842519685039);
#8251=CARTESIAN_POINT('',(0.191929133858268,-0.201771653543307,0.224409448818898));
#8252=VERTEX_POINT('',#8251);
#8253=CARTESIAN_POINT('',(0.201771653543307,-0.191929133858268,0.224409448818898));
#8254=VERTEX_POINT('',#8253);
#8255=CARTESIAN_POINT('',(0.191929133858268,-0.191929133858268,0.224409448818898));
#8256=DIRECTION('',(0.0,0.0,1.0));
#8257=DIRECTION('',(0.707106781186548,-0.707106781186548,0.0));
#8258=AXIS2_PLACEMENT_3D('',#8255,#8256,#8257);
#8259=CIRCLE('',#8258,0.009842519685039);
#8260=EDGE_CURVE('',#8252,#8254,#8259,.T.);
#8261=ORIENTED_EDGE('',*,*,#8260,.T.);
#8262=CARTESIAN_POINT('',(0.201771653543307,-0.191929133858268,0.224409448818898));
#8263=DIRECTION('',(0.0,0.0,1.0));
#8264=VECTOR('',#8263,0.108267716535433);
#8265=LINE('',#8262,#8264);
#8266=EDGE_CURVE('',#8254,#8195,#8265,.T.);
#8267=ORIENTED_EDGE('',*,*,#8266,.T.);
#8268=ORIENTED_EDGE('',*,*,#8219,.F.);
#8269=CARTESIAN_POINT('',(0.191929133858268,-0.201771653543307,0.332677165354331));
#8270=DIRECTION('',(0.0,0.0,-1.0));
#8271=VECTOR('',#8270,0.108267716535433);
#8272=LINE('',#8269,#8271);
#8273=EDGE_CURVE('',#8206,#8252,#8272,.T.);
#8274=ORIENTED_EDGE('',*,*,#8273,.T.);
#8275=EDGE_LOOP('',(#8261,#8267,#8268,#8274));
#8276=FACE_OUTER_BOUND('',#8275,.T.);
#8277=ADVANCED_FACE('',(#8276),#8250,.T.);
#8278=CARTESIAN_POINT('',(0.191929133858268,0.100885826771654,0.332677165354331));
#8279=DIRECTION('',(0.0,-1.0,0.0));
#8280=DIRECTION('',(0.707106781186548,0.0,0.707106781186548));
#8281=AXIS2_PLACEMENT_3D('',#8278,#8279,#8280);
#8282=CYLINDRICAL_SURFACE('',#8281,0.009842519685039);
#8283=ORIENTED_EDGE('',*,*,#8203,.F.);
#8284=CARTESIAN_POINT('',(0.201771653543307,-0.191929133858268,0.332677165354331));
#8285=DIRECTION('',(0.0,1.0,0.0));
#8286=VECTOR('',#8285,0.383858267716535);
#8287=LINE('',#8284,#8286);
#8288=EDGE_CURVE('',#8195,#8136,#8287,.T.);
#8289=ORIENTED_EDGE('',*,*,#8288,.T.);
#8290=ORIENTED_EDGE('',*,*,#8142,.T.);
#8291=CARTESIAN_POINT('',(0.191929133858268,0.191929133858268,0.34251968503937));
#8292=DIRECTION('',(0.0,-1.0,0.0));
#8293=VECTOR('',#8292,0.383858267716535);
#8294=LINE('',#8291,#8293);
#8295=EDGE_CURVE('',#8127,#8197,#8294,.T.);
#8296=ORIENTED_EDGE('',*,*,#8295,.T.);
#8297=EDGE_LOOP('',(#8283,#8289,#8290,#8296));
#8298=FACE_OUTER_BOUND('',#8297,.T.);
#8299=ADVANCED_FACE('',(#8298),#8282,.T.);
#8300=CARTESIAN_POINT('',(-0.191929133858268,-0.100885826771654,0.332677165354331));
#8301=DIRECTION('',(0.0,1.0,0.0));
#8302=DIRECTION('',(-0.707106781186546,0.0,0.707106781186549));
#8303=AXIS2_PLACEMENT_3D('',#8300,#8301,#8302);
#8304=CYLINDRICAL_SURFACE('',#8303,0.009842519685039);
#8305=ORIENTED_EDGE('',*,*,#8107,.T.);
#8306=CARTESIAN_POINT('',(-0.201771653543307,0.191929133858268,0.332677165354331));
#8307=DIRECTION('',(0.0,-1.0,0.0));
#8308=VECTOR('',#8307,0.383858267716535);
#8309=LINE('',#8306,#8308);
#8310=EDGE_CURVE('',#8092,#8160,#8309,.T.);
#8311=ORIENTED_EDGE('',*,*,#8310,.T.);
#8312=ORIENTED_EDGE('',*,*,#8184,.F.);
#8313=CARTESIAN_POINT('',(-0.191929133858268,-0.191929133858268,0.34251968503937));
#8314=DIRECTION('',(0.0,1.0,0.0));
#8315=VECTOR('',#8314,0.383858267716535);
#8316=LINE('',#8313,#8315);
#8317=EDGE_CURVE('',#8171,#8101,#8316,.T.);
#8318=ORIENTED_EDGE('',*,*,#8317,.T.);
#8319=EDGE_LOOP('',(#8305,#8311,#8312,#8318));
#8320=FACE_OUTER_BOUND('',#8319,.T.);
#8321=ADVANCED_FACE('',(#8320),#8304,.T.);
#8322=CARTESIAN_POINT('',(-0.191929133858268,-0.191929133858268,0.224409448818898));
#8323=DIRECTION('',(0.0,0.0,1.0));
#8324=DIRECTION('',(-0.707106781186549,-0.707106781186546,0.0));
#8325=AXIS2_PLACEMENT_3D('',#8322,#8323,#8324);
#8326=CYLINDRICAL_SURFACE('',#8325,0.009842519685039);
#8327=CARTESIAN_POINT('',(-0.201771653543307,-0.191929133858268,0.224409448818898));
#8328=VERTEX_POINT('',#8327);
#8329=CARTESIAN_POINT('',(-0.191929133858268,-0.201771653543307,0.224409448818898));
#8330=VERTEX_POINT('',#8329);
#8331=CARTESIAN_POINT('',(-0.191929133858268,-0.191929133858268,0.224409448818898));
#8332=DIRECTION('',(0.0,0.0,1.0));
#8333=DIRECTION('',(-0.707106781186549,-0.707106781186546,0.0));
#8334=AXIS2_PLACEMENT_3D('',#8331,#8332,#8333);
#8335=CIRCLE('',#8334,0.009842519685039);
#8336=EDGE_CURVE('',#8328,#8330,#8335,.T.);
#8337=ORIENTED_EDGE('',*,*,#8336,.T.);
#8338=CARTESIAN_POINT('',(-0.191929133858268,-0.201771653543307,0.224409448818898));
#8339=DIRECTION('',(0.0,0.0,1.0));
#8340=VECTOR('',#8339,0.108267716535433);
#8341=LINE('',#8338,#8340);
#8342=EDGE_CURVE('',#8330,#8162,#8341,.T.);
#8343=ORIENTED_EDGE('',*,*,#8342,.T.);
#8344=ORIENTED_EDGE('',*,*,#8168,.F.);
#8345=CARTESIAN_POINT('',(-0.201771653543307,-0.191929133858268,0.332677165354331));
#8346=DIRECTION('',(0.0,0.0,-1.0));
#8347=VECTOR('',#8346,0.108267716535433);
#8348=LINE('',#8345,#8347);
#8349=EDGE_CURVE('',#8160,#8328,#8348,.T.);
#8350=ORIENTED_EDGE('',*,*,#8349,.T.);
#8351=EDGE_LOOP('',(#8337,#8343,#8344,#8350));
#8352=FACE_OUTER_BOUND('',#8351,.T.);
#8353=ADVANCED_FACE('',(#8352),#8326,.T.);
#8354=CARTESIAN_POINT('',(-0.100885826771654,0.191929133858268,0.332677165354331));
#8355=DIRECTION('',(1.0,0.0,0.0));
#8356=DIRECTION('',(0.0,0.707106781186548,0.707106781186548));
#8357=AXIS2_PLACEMENT_3D('',#8354,#8355,#8356);
#8358=CYLINDRICAL_SURFACE('',#8357,0.009842519685039);
#8359=ORIENTED_EDGE('',*,*,#8133,.F.);
#8360=CARTESIAN_POINT('',(0.191929133858268,0.201771653543307,0.332677165354331));
#8361=DIRECTION('',(-1.0,0.0,0.0));
#8362=VECTOR('',#8361,0.383858267716535);
#8363=LINE('',#8360,#8362);
#8364=EDGE_CURVE('',#8125,#8090,#8363,.T.);
#8365=ORIENTED_EDGE('',*,*,#8364,.T.);
#8366=ORIENTED_EDGE('',*,*,#8114,.F.);
#8367=CARTESIAN_POINT('',(-0.191929133858268,0.191929133858268,0.34251968503937));
#8368=DIRECTION('',(1.0,0.0,0.0));
#8369=VECTOR('',#8368,0.383858267716535);
#8370=LINE('',#8367,#8369);
#8371=EDGE_CURVE('',#8101,#8127,#8370,.T.);
#8372=ORIENTED_EDGE('',*,*,#8371,.T.);
#8373=EDGE_LOOP('',(#8359,#8365,#8366,#8372));
#8374=FACE_OUTER_BOUND('',#8373,.T.);
#8375=ADVANCED_FACE('',(#8374),#8358,.T.);
#8376=CARTESIAN_POINT('',(0.191929133858268,0.191929133858268,0.224409448818898));
#8377=DIRECTION('',(0.0,0.0,1.0));
#8378=DIRECTION('',(0.707106781186549,0.707106781186546,0.0));
#8379=AXIS2_PLACEMENT_3D('',#8376,#8377,#8378);
#8380=CYLINDRICAL_SURFACE('',#8379,0.009842519685039);
#8381=CARTESIAN_POINT('',(0.201771653543307,0.191929133858268,0.224409448818898));
#8382=VERTEX_POINT('',#8381);
#8383=CARTESIAN_POINT('',(0.191929133858268,0.201771653543307,0.224409448818898));
#8384=VERTEX_POINT('',#8383);
#8385=CARTESIAN_POINT('',(0.191929133858268,0.191929133858268,0.224409448818898));
#8386=DIRECTION('',(0.0,0.0,1.0));
#8387=DIRECTION('',(0.707106781186549,0.707106781186546,0.0));
#8388=AXIS2_PLACEMENT_3D('',#8385,#8386,#8387);
#8389=CIRCLE('',#8388,0.009842519685039);
#8390=EDGE_CURVE('',#8382,#8384,#8389,.T.);
#8391=ORIENTED_EDGE('',*,*,#8390,.T.);
#8392=CARTESIAN_POINT('',(0.191929133858268,0.201771653543307,0.224409448818898));
#8393=DIRECTION('',(0.0,0.0,1.0));
#8394=VECTOR('',#8393,0.108267716535433);
#8395=LINE('',#8392,#8394);
#8396=EDGE_CURVE('',#8384,#8125,#8395,.T.);
#8397=ORIENTED_EDGE('',*,*,#8396,.T.);
#8398=ORIENTED_EDGE('',*,*,#8149,.F.);
#8399=CARTESIAN_POINT('',(0.201771653543307,0.191929133858268,0.332677165354331));
#8400=DIRECTION('',(0.0,0.0,-1.0));
#8401=VECTOR('',#8400,0.108267716535433);
#8402=LINE('',#8399,#8401);
#8403=EDGE_CURVE('',#8136,#8382,#8402,.T.);
#8404=ORIENTED_EDGE('',*,*,#8403,.T.);
#8405=EDGE_LOOP('',(#8391,#8397,#8398,#8404));
#8406=FACE_OUTER_BOUND('',#8405,.T.);
#8407=ADVANCED_FACE('',(#8406),#8380,.T.);
#8408=CARTESIAN_POINT('',(-0.191929133858268,0.191929133858268,0.224409448818898));
#8409=DIRECTION('',(0.0,0.0,1.0));
#8410=DIRECTION('',(-0.707106781186548,0.707106781186548,0.0));
#8411=AXIS2_PLACEMENT_3D('',#8408,#8409,#8410);
#8412=CYLINDRICAL_SURFACE('',#8411,0.009842519685039);
#8413=CARTESIAN_POINT('',(-0.191929133858268,0.201771653543307,0.224409448818898));
#8414=VERTEX_POINT('',#8413);
#8415=CARTESIAN_POINT('',(-0.201771653543307,0.191929133858268,0.224409448818898));
#8416=VERTEX_POINT('',#8415);
#8417=CARTESIAN_POINT('',(-0.191929133858268,0.191929133858268,0.224409448818898));
#8418=DIRECTION('',(0.0,0.0,1.0));
#8419=DIRECTION('',(-0.707106781186548,0.707106781186548,0.0));
#8420=AXIS2_PLACEMENT_3D('',#8417,#8418,#8419);
#8421=CIRCLE('',#8420,0.009842519685039);
#8422=EDGE_CURVE('',#8414,#8416,#8421,.T.);
#8423=ORIENTED_EDGE('',*,*,#8422,.T.);
#8424=CARTESIAN_POINT('',(-0.201771653543307,0.191929133858268,0.224409448818898));
#8425=DIRECTION('',(0.0,0.0,1.0));
#8426=VECTOR('',#8425,0.108267716535433);
#8427=LINE('',#8424,#8426);
#8428=EDGE_CURVE('',#8416,#8092,#8427,.T.);
#8429=ORIENTED_EDGE('',*,*,#8428,.T.);
#8430=ORIENTED_EDGE('',*,*,#8098,.F.);
#8431=CARTESIAN_POINT('',(-0.191929133858268,0.201771653543307,0.332677165354331));
#8432=DIRECTION('',(0.0,0.0,-1.0));
#8433=VECTOR('',#8432,0.108267716535433);
#8434=LINE('',#8431,#8433);
#8435=EDGE_CURVE('',#8090,#8414,#8434,.T.);
#8436=ORIENTED_EDGE('',*,*,#8435,.T.);
#8437=EDGE_LOOP('',(#8423,#8429,#8430,#8436));
#8438=FACE_OUTER_BOUND('',#8437,.T.);
#8439=ADVANCED_FACE('',(#8438),#8412,.T.);
#8440=CARTESIAN_POINT('',(-0.201771653543307,-0.201771653543307,0.224409448818898));
#8441=DIRECTION('',(-1.0,0.0,0.0));
#8442=DIRECTION('',(0.0,0.0,1.0));
#8443=AXIS2_PLACEMENT_3D('',#8440,#8441,#8442);
#8444=PLANE('',#8443);
#8445=ORIENTED_EDGE('',*,*,#8349,.F.);
#8446=ORIENTED_EDGE('',*,*,#8310,.F.);
#8447=ORIENTED_EDGE('',*,*,#8428,.F.);
#8448=CARTESIAN_POINT('',(-0.201771653543307,0.074803149606299,0.224409448818898));
#8449=VERTEX_POINT('',#8448);
#8450=CARTESIAN_POINT('',(-0.201771653543307,0.191929133858268,0.224409448818898));
#8451=DIRECTION('',(0.0,-1.0,0.0));
#8452=VECTOR('',#8451,0.117125984251969);
#8453=LINE('',#8450,#8452);
#8454=EDGE_CURVE('',#8416,#8449,#8453,.T.);
#8455=ORIENTED_EDGE('',*,*,#8454,.T.);
#8456=CARTESIAN_POINT('',(-0.201771653543307,0.070841616684116,0.148818897637795));
#8457=VERTEX_POINT('',#8456);
#8458=CARTESIAN_POINT('',(-0.201771653543307,0.070841616684116,0.148818897637795));
#8459=DIRECTION('',(2.200080E-015,0.052335956242944,0.998629534754574));
#8460=VECTOR('',#8459,0.075694287571496);
#8461=LINE('',#8458,#8460);
#8462=EDGE_CURVE('',#8449,#8457,#8461,.F.);
#8463=ORIENTED_EDGE('',*,*,#8462,.T.);
#8464=CARTESIAN_POINT('',(-0.201771653543307,-0.070841616684117,0.148818897637795));
#8465=VERTEX_POINT('',#8464);
#8466=CARTESIAN_POINT('',(-0.201771653543307,0.070841616684116,0.148818897637795));
#8467=DIRECTION('',(0.0,-1.0,0.0));
#8468=VECTOR('',#8467,0.141683233368233);
#8469=LINE('',#8466,#8468);
#8470=EDGE_CURVE('',#8457,#8465,#8469,.T.);
#8471=ORIENTED_EDGE('',*,*,#8470,.T.);
#8472=CARTESIAN_POINT('',(-0.201771653543307,-0.074803149606299,0.224409448818898));
#8473=VERTEX_POINT('',#8472);
#8474=CARTESIAN_POINT('',(-0.201771653543307,-0.074803149606299,0.224409448818898));
#8475=DIRECTION('',(-1.100040E-015,0.052335956242944,-0.998629534754574));
#8476=VECTOR('',#8475,0.075694287571496);
#8477=LINE('',#8474,#8476);
#8478=EDGE_CURVE('',#8473,#8465,#8477,.T.);
#8479=ORIENTED_EDGE('',*,*,#8478,.F.);
#8480=CARTESIAN_POINT('',(-0.201771653543307,-0.074803149606299,0.224409448818898));
#8481=DIRECTION('',(0.0,-1.0,0.0));
#8482=VECTOR('',#8481,0.117125984251968);
#8483=LINE('',#8480,#8482);
#8484=EDGE_CURVE('',#8473,#8328,#8483,.T.);
#8485=ORIENTED_EDGE('',*,*,#8484,.T.);
#8486=EDGE_LOOP('',(#8445,#8446,#8447,#8455,#8463,#8471,#8479,#8485));
#8487=FACE_OUTER_BOUND('',#8486,.T.);
#8488=ADVANCED_FACE('',(#8487),#8444,.T.);
#8489=CARTESIAN_POINT('',(-1.092739E-016,5.463697E-017,0.224409448818898));
#8490=DIRECTION('',(0.0,0.0,1.0));
#8491=DIRECTION('',(1.0,0.0,0.0));
#8492=AXIS2_PLACEMENT_3D('',#8489,#8490,#8491);
#8493=PLANE('',#8492);
#8494=ORIENTED_EDGE('',*,*,#8336,.F.);
#8495=ORIENTED_EDGE('',*,*,#8484,.F.);
#8496=CARTESIAN_POINT('',(-0.172244094488189,-0.074803149606299,0.224409448818898));
#8497=VERTEX_POINT('',#8496);
#8498=CARTESIAN_POINT('',(-0.201771653543307,-0.074803149606299,0.224409448818898));
#8499=DIRECTION('',(1.0,0.0,0.0));
#8500=VECTOR('',#8499,0.029527559055118);
#8501=LINE('',#8498,#8500);
#8502=EDGE_CURVE('',#8473,#8497,#8501,.T.);
#8503=ORIENTED_EDGE('',*,*,#8502,.T.);
#8504=CARTESIAN_POINT('',(-0.172244094488189,0.074803149606299,0.224409448818898));
#8505=VERTEX_POINT('',#8504);
#8506=CARTESIAN_POINT('',(-0.172244094488189,-0.074803149606299,0.224409448818898));
#8507=DIRECTION('',(0.0,1.0,0.0));
#8508=VECTOR('',#8507,0.149606299212598);
#8509=LINE('',#8506,#8508);
#8510=EDGE_CURVE('',#8497,#8505,#8509,.T.);
#8511=ORIENTED_EDGE('',*,*,#8510,.T.);
#8512=CARTESIAN_POINT('',(-0.172244094488189,0.074803149606299,0.224409448818898));
#8513=DIRECTION('',(-1.0,0.0,0.0));
#8514=VECTOR('',#8513,0.029527559055118);
#8515=LINE('',#8512,#8514);
#8516=EDGE_CURVE('',#8505,#8449,#8515,.T.);
#8517=ORIENTED_EDGE('',*,*,#8516,.T.);
#8518=ORIENTED_EDGE('',*,*,#8454,.F.);
#8519=ORIENTED_EDGE('',*,*,#8422,.F.);
#8520=CARTESIAN_POINT('',(-0.074803149606299,0.201771653543306,0.224409448818898));
#8521=VERTEX_POINT('',#8520);
#8522=CARTESIAN_POINT('',(-0.074803149606299,0.201771653543306,0.224409448818898));
#8523=DIRECTION('',(-1.0,0.0,0.0));
#8524=VECTOR('',#8523,0.117125984251969);
#8525=LINE('',#8522,#8524);
#8526=EDGE_CURVE('',#8521,#8414,#8525,.T.);
#8527=ORIENTED_EDGE('',*,*,#8526,.F.);
#8528=CARTESIAN_POINT('',(-0.074803149606299,0.172244094488189,0.224409448818898));
#8529=VERTEX_POINT('',#8528);
#8530=CARTESIAN_POINT('',(-0.074803149606299,0.201771653543306,0.224409448818898));
#8531=DIRECTION('',(0.0,-1.0,0.0));
#8532=VECTOR('',#8531,0.029527559055117);
#8533=LINE('',#8530,#8532);
#8534=EDGE_CURVE('',#8521,#8529,#8533,.T.);
#8535=ORIENTED_EDGE('',*,*,#8534,.T.);
#8536=CARTESIAN_POINT('',(0.074803149606299,0.172244094488189,0.224409448818898));
#8537=VERTEX_POINT('',#8536);
#8538=CARTESIAN_POINT('',(-0.074803149606299,0.172244094488189,0.224409448818898));
#8539=DIRECTION('',(1.0,0.0,0.0));
#8540=VECTOR('',#8539,0.149606299212598);
#8541=LINE('',#8538,#8540);
#8542=EDGE_CURVE('',#8529,#8537,#8541,.T.);
#8543=ORIENTED_EDGE('',*,*,#8542,.T.);
#8544=CARTESIAN_POINT('',(0.074803149606299,0.201771653543307,0.224409448818898));
#8545=VERTEX_POINT('',#8544);
#8546=CARTESIAN_POINT('',(0.074803149606299,0.172244094488189,0.224409448818898));
#8547=DIRECTION('',(0.0,1.0,0.0));
#8548=VECTOR('',#8547,0.029527559055118);
#8549=LINE('',#8546,#8548);
#8550=EDGE_CURVE('',#8537,#8545,#8549,.T.);
#8551=ORIENTED_EDGE('',*,*,#8550,.T.);
#8552=CARTESIAN_POINT('',(0.191929133858268,0.201771653543307,0.224409448818898));
#8553=DIRECTION('',(-1.0,0.0,0.0));
#8554=VECTOR('',#8553,0.117125984251968);
#8555=LINE('',#8552,#8554);
#8556=EDGE_CURVE('',#8384,#8545,#8555,.T.);
#8557=ORIENTED_EDGE('',*,*,#8556,.F.);
#8558=ORIENTED_EDGE('',*,*,#8390,.F.);
#8559=CARTESIAN_POINT('',(0.201771653543307,0.074803149606299,0.224409448818898));
#8560=VERTEX_POINT('',#8559);
#8561=CARTESIAN_POINT('',(0.201771653543307,0.074803149606299,0.224409448818898));
#8562=DIRECTION('',(0.0,1.0,0.0));
#8563=VECTOR('',#8562,0.117125984251969);
#8564=LINE('',#8561,#8563);
#8565=EDGE_CURVE('',#8560,#8382,#8564,.T.);
#8566=ORIENTED_EDGE('',*,*,#8565,.F.);
#8567=CARTESIAN_POINT('',(0.172244094488189,0.074803149606299,0.224409448818898));
#8568=VERTEX_POINT('',#8567);
#8569=CARTESIAN_POINT('',(0.201771653543307,0.074803149606299,0.224409448818898));
#8570=DIRECTION('',(-1.0,0.0,0.0));
#8571=VECTOR('',#8570,0.029527559055118);
#8572=LINE('',#8569,#8571);
#8573=EDGE_CURVE('',#8560,#8568,#8572,.T.);
#8574=ORIENTED_EDGE('',*,*,#8573,.T.);
#8575=CARTESIAN_POINT('',(0.172244094488189,-0.074803149606299,0.224409448818898));
#8576=VERTEX_POINT('',#8575);
#8577=CARTESIAN_POINT('',(0.172244094488189,0.074803149606299,0.224409448818898));
#8578=DIRECTION('',(0.0,-1.0,0.0));
#8579=VECTOR('',#8578,0.149606299212599);
#8580=LINE('',#8577,#8579);
#8581=EDGE_CURVE('',#8568,#8576,#8580,.T.);
#8582=ORIENTED_EDGE('',*,*,#8581,.T.);
#8583=CARTESIAN_POINT('',(0.201771653543307,-0.074803149606299,0.224409448818898));
#8584=VERTEX_POINT('',#8583);
#8585=CARTESIAN_POINT('',(0.172244094488189,-0.074803149606299,0.224409448818898));
#8586=DIRECTION('',(1.0,0.0,0.0));
#8587=VECTOR('',#8586,0.029527559055118);
#8588=LINE('',#8585,#8587);
#8589=EDGE_CURVE('',#8576,#8584,#8588,.T.);
#8590=ORIENTED_EDGE('',*,*,#8589,.T.);
#8591=CARTESIAN_POINT('',(0.201771653543307,-0.191929133858268,0.224409448818898));
#8592=DIRECTION('',(0.0,1.0,0.0));
#8593=VECTOR('',#8592,0.117125984251968);
#8594=LINE('',#8591,#8593);
#8595=EDGE_CURVE('',#8254,#8584,#8594,.T.);
#8596=ORIENTED_EDGE('',*,*,#8595,.F.);
#8597=ORIENTED_EDGE('',*,*,#8260,.F.);
#8598=CARTESIAN_POINT('',(0.074803149606299,-0.201771653543307,0.224409448818898));
#8599=VERTEX_POINT('',#8598);
#8600=CARTESIAN_POINT('',(0.074803149606299,-0.201771653543307,0.224409448818898));
#8601=DIRECTION('',(1.0,0.0,0.0));
#8602=VECTOR('',#8601,0.117125984251969);
#8603=LINE('',#8600,#8602);
#8604=EDGE_CURVE('',#8599,#8252,#8603,.T.);
#8605=ORIENTED_EDGE('',*,*,#8604,.F.);
#8606=CARTESIAN_POINT('',(0.074803149606299,-0.172244094488189,0.224409448818898));
#8607=VERTEX_POINT('',#8606);
#8608=CARTESIAN_POINT('',(0.074803149606299,-0.201771653543307,0.224409448818898));
#8609=DIRECTION('',(0.0,1.0,0.0));
#8610=VECTOR('',#8609,0.029527559055118);
#8611=LINE('',#8608,#8610);
#8612=EDGE_CURVE('',#8599,#8607,#8611,.T.);
#8613=ORIENTED_EDGE('',*,*,#8612,.T.);
#8614=CARTESIAN_POINT('',(-0.074803149606299,-0.172244094488189,0.224409448818898));
#8615=VERTEX_POINT('',#8614);
#8616=CARTESIAN_POINT('',(0.074803149606299,-0.172244094488189,0.224409448818898));
#8617=DIRECTION('',(-1.0,0.0,0.0));
#8618=VECTOR('',#8617,0.149606299212598);
#8619=LINE('',#8616,#8618);
#8620=EDGE_CURVE('',#8607,#8615,#8619,.T.);
#8621=ORIENTED_EDGE('',*,*,#8620,.T.);
#8622=CARTESIAN_POINT('',(-0.074803149606299,-0.201771653543307,0.224409448818898));
#8623=VERTEX_POINT('',#8622);
#8624=CARTESIAN_POINT('',(-0.074803149606299,-0.172244094488189,0.224409448818898));
#8625=DIRECTION('',(0.0,-1.0,0.0));
#8626=VECTOR('',#8625,0.029527559055118);
#8627=LINE('',#8624,#8626);
#8628=EDGE_CURVE('',#8615,#8623,#8627,.T.);
#8629=ORIENTED_EDGE('',*,*,#8628,.T.);
#8630=CARTESIAN_POINT('',(-0.191929133858268,-0.201771653543307,0.224409448818898));
#8631=DIRECTION('',(1.0,0.0,0.0));
#8632=VECTOR('',#8631,0.117125984251968);
#8633=LINE('',#8630,#8632);
#8634=EDGE_CURVE('',#8330,#8623,#8633,.T.);
#8635=ORIENTED_EDGE('',*,*,#8634,.F.);
#8636=EDGE_LOOP('',(#8494,#8495,#8503,#8511,#8517,#8518,#8519,#8527,#8535,#8543,#8551,#8557,#8558,#8566,#8574,#8582,#8590,#8596,#8597,#8605,#8613,#8621,#8629,#8635));
#8637=FACE_OUTER_BOUND('',#8636,.T.);
#8638=ADVANCED_FACE('',(#8637),#8493,.F.);
#8639=CARTESIAN_POINT('',(-0.201771653543307,0.201771653543307,0.224409448818898));
#8640=DIRECTION('',(0.0,1.0,0.0));
#8641=DIRECTION('',(0.0,0.0,1.0));
#8642=AXIS2_PLACEMENT_3D('',#8639,#8640,#8641);
#8643=PLANE('',#8642);
#8644=ORIENTED_EDGE('',*,*,#8435,.F.);
#8645=ORIENTED_EDGE('',*,*,#8364,.F.);
#8646=ORIENTED_EDGE('',*,*,#8396,.F.);
#8647=ORIENTED_EDGE('',*,*,#8556,.T.);
#8648=CARTESIAN_POINT('',(0.070841616684117,0.201771653543307,0.148818897637795));
#8649=VERTEX_POINT('',#8648);
#8650=CARTESIAN_POINT('',(0.070841616684117,0.201771653543307,0.148818897637795));
#8651=DIRECTION('',(0.052335956242944,-3.300119E-015,0.998629534754574));
#8652=VECTOR('',#8651,0.075694287571496);
#8653=LINE('',#8650,#8652);
#8654=EDGE_CURVE('',#8545,#8649,#8653,.F.);
#8655=ORIENTED_EDGE('',*,*,#8654,.T.);
#8656=CARTESIAN_POINT('',(-0.070841616684116,0.201771653543307,0.148818897637795));
#8657=VERTEX_POINT('',#8656);
#8658=CARTESIAN_POINT('',(0.070841616684117,0.201771653543307,0.148818897637795));
#8659=DIRECTION('',(-1.0,0.0,0.0));
#8660=VECTOR('',#8659,0.141683233368233);
#8661=LINE('',#8658,#8660);
#8662=EDGE_CURVE('',#8649,#8657,#8661,.T.);
#8663=ORIENTED_EDGE('',*,*,#8662,.T.);
#8664=CARTESIAN_POINT('',(-0.074803149606299,0.201771653543306,0.224409448818898));
#8665=DIRECTION('',(0.052335956242944,1.393384E-014,-0.998629534754574));
#8666=VECTOR('',#8665,0.075694287571496);
#8667=LINE('',#8664,#8666);
#8668=EDGE_CURVE('',#8521,#8657,#8667,.T.);
#8669=ORIENTED_EDGE('',*,*,#8668,.F.);
#8670=ORIENTED_EDGE('',*,*,#8526,.T.);
#8671=EDGE_LOOP('',(#8644,#8645,#8646,#8647,#8655,#8663,#8669,#8670));
#8672=FACE_OUTER_BOUND('',#8671,.T.);
#8673=ADVANCED_FACE('',(#8672),#8643,.T.);
#8674=CARTESIAN_POINT('',(-1.092739E-016,5.265016E-017,0.34251968503937));
#8675=DIRECTION('',(0.0,0.0,1.0));
#8676=DIRECTION('',(1.0,0.0,0.0));
#8677=AXIS2_PLACEMENT_3D('',#8674,#8675,#8676);
#8678=PLANE('',#8677);
#8679=ORIENTED_EDGE('',*,*,#8241,.F.);
#8680=ORIENTED_EDGE('',*,*,#8295,.F.);
#8681=ORIENTED_EDGE('',*,*,#8371,.F.);
#8682=ORIENTED_EDGE('',*,*,#8317,.F.);
#8683=EDGE_LOOP('',(#8679,#8680,#8681,#8682));
#8684=FACE_OUTER_BOUND('',#8683,.T.);
#8685=ADVANCED_FACE('',(#8684),#8678,.T.);
#8686=CARTESIAN_POINT('',(0.21003937007874,-0.070841616684117,0.125590551181102));
#8687=DIRECTION('',(0.942102631717715,2.906406E-016,-0.335324665526644));
#8688=DIRECTION('',(-0.335324665526644,0.0,-0.942102631717715));
#8689=AXIS2_PLACEMENT_3D('',#8686,#8687,#8688);
#8690=PLANE('',#8689);
#8691=CARTESIAN_POINT('',(0.201771653543307,-0.068406924575692,0.102362204724409));
#8692=VERTEX_POINT('',#8691);
#8693=CARTESIAN_POINT('',(0.218307086614173,-0.070841616684117,0.148818897637795));
#8694=VERTEX_POINT('',#8693);
#8695=CARTESIAN_POINT('',(0.201771653543307,-0.068406924575692,0.102362204724409));
#8696=DIRECTION('',(0.334916693566511,-0.04931343662494,0.940956424782101));
#8697=VECTOR('',#8696,0.049371779276754);
#8698=LINE('',#8695,#8697);
#8699=EDGE_CURVE('',#8692,#8694,#8698,.T.);
#8700=ORIENTED_EDGE('',*,*,#8699,.F.);
#8701=CARTESIAN_POINT('',(0.201771653543307,0.068406924575692,0.102362204724409));
#8702=VERTEX_POINT('',#8701);
#8703=CARTESIAN_POINT('',(0.201771653543307,-0.068406924575692,0.102362204724409));
#8704=DIRECTION('',(0.0,1.0,0.0));
#8705=VECTOR('',#8704,0.136813849151384);
#8706=LINE('',#8703,#8705);
#8707=EDGE_CURVE('',#8692,#8702,#8706,.T.);
#8708=ORIENTED_EDGE('',*,*,#8707,.T.);
#8709=CARTESIAN_POINT('',(0.218307086614173,0.070841616684117,0.148818897637795));
#8710=VERTEX_POINT('',#8709);
#8711=CARTESIAN_POINT('',(0.218307086614173,0.070841616684117,0.148818897637795));
#8712=DIRECTION('',(-0.334916693566511,-0.04931343662494,-0.940956424782101));
#8713=VECTOR('',#8712,0.049371779276754);
#8714=LINE('',#8711,#8713);
#8715=EDGE_CURVE('',#8710,#8702,#8714,.T.);
#8716=ORIENTED_EDGE('',*,*,#8715,.F.);
#8717=CARTESIAN_POINT('',(0.218307086614173,-0.070841616684117,0.148818897637795));
#8718=DIRECTION('',(0.0,1.0,0.0));
#8719=VECTOR('',#8718,0.141683233368233);
#8720=LINE('',#8717,#8719);
#8721=EDGE_CURVE('',#8694,#8710,#8720,.T.);
#8722=ORIENTED_EDGE('',*,*,#8721,.F.);
#8723=EDGE_LOOP('',(#8700,#8708,#8716,#8722));
#8724=FACE_OUTER_BOUND('',#8723,.T.);
#8725=ADVANCED_FACE('',(#8724),#8690,.T.);
#8726=CARTESIAN_POINT('',(0.201771653543307,-1.202013E-016,0.148818897637795));
#8727=DIRECTION('',(0.0,0.0,1.0));
#8728=DIRECTION('',(1.0,0.0,0.0));
#8729=AXIS2_PLACEMENT_3D('',#8726,#8727,#8728);
#8730=PLANE('',#8729);
#8731=CARTESIAN_POINT('',(0.201771653543307,-0.070841616684117,0.148818897637795));
#8732=VERTEX_POINT('',#8731);
#8733=CARTESIAN_POINT('',(0.218307086614173,-0.070841616684117,0.148818897637795));
#8734=DIRECTION('',(-1.0,0.0,0.0));
#8735=VECTOR('',#8734,0.016535433070866);
#8736=LINE('',#8733,#8735);
#8737=EDGE_CURVE('',#8694,#8732,#8736,.T.);
#8738=ORIENTED_EDGE('',*,*,#8737,.F.);
#8739=ORIENTED_EDGE('',*,*,#8721,.T.);
#8740=CARTESIAN_POINT('',(0.201771653543307,0.070841616684117,0.148818897637795));
#8741=VERTEX_POINT('',#8740);
#8742=CARTESIAN_POINT('',(0.201771653543307,0.070841616684117,0.148818897637795));
#8743=DIRECTION('',(1.0,0.0,0.0));
#8744=VECTOR('',#8743,0.016535433070866);
#8745=LINE('',#8742,#8744);
#8746=EDGE_CURVE('',#8741,#8710,#8745,.T.);
#8747=ORIENTED_EDGE('',*,*,#8746,.F.);
#8748=CARTESIAN_POINT('',(0.201771653543307,-0.070841616684117,0.148818897637795));
#8749=DIRECTION('',(0.0,1.0,0.0));
#8750=VECTOR('',#8749,0.141683233368233);
#8751=LINE('',#8748,#8750);
#8752=EDGE_CURVE('',#8732,#8741,#8751,.T.);
#8753=ORIENTED_EDGE('',*,*,#8752,.F.);
#8754=EDGE_LOOP('',(#8738,#8739,#8747,#8753));
#8755=FACE_OUTER_BOUND('',#8754,.T.);
#8756=ADVANCED_FACE('',(#8755),#8730,.T.);
#8757=CARTESIAN_POINT('',(0.201771653543307,0.201771653543307,0.224409448818898));
#8758=DIRECTION('',(1.0,0.0,0.0));
#8759=DIRECTION('',(0.0,0.0,-1.0));
#8760=AXIS2_PLACEMENT_3D('',#8757,#8758,#8759);
#8761=PLANE('',#8760);
#8762=ORIENTED_EDGE('',*,*,#8266,.F.);
#8763=ORIENTED_EDGE('',*,*,#8595,.T.);
#8764=CARTESIAN_POINT('',(0.201771653543307,-0.070841616684117,0.148818897637795));
#8765=DIRECTION('',(0.0,-0.052335956242944,0.998629534754574));
#8766=VECTOR('',#8765,0.075694287571496);
#8767=LINE('',#8764,#8766);
#8768=EDGE_CURVE('',#8584,#8732,#8767,.F.);
#8769=ORIENTED_EDGE('',*,*,#8768,.T.);
#8770=ORIENTED_EDGE('',*,*,#8752,.T.);
#8771=CARTESIAN_POINT('',(0.201771653543307,0.074803149606299,0.224409448818898));
#8772=DIRECTION('',(0.0,-0.052335956242944,-0.998629534754574));
#8773=VECTOR('',#8772,0.075694287571496);
#8774=LINE('',#8771,#8773);
#8775=EDGE_CURVE('',#8560,#8741,#8774,.T.);
#8776=ORIENTED_EDGE('',*,*,#8775,.F.);
#8777=ORIENTED_EDGE('',*,*,#8565,.T.);
#8778=ORIENTED_EDGE('',*,*,#8403,.F.);
#8779=ORIENTED_EDGE('',*,*,#8288,.F.);
#8780=EDGE_LOOP('',(#8762,#8763,#8769,#8770,#8776,#8777,#8778,#8779));
#8781=FACE_OUTER_BOUND('',#8780,.T.);
#8782=ADVANCED_FACE('',(#8781),#8761,.T.);
#8783=CARTESIAN_POINT('',(0.172244094488189,0.074803149606299,0.224409448818898));
#8784=DIRECTION('',(-1.0,0.0,0.0));
#8785=DIRECTION('',(0.0,0.0,1.0));
#8786=AXIS2_PLACEMENT_3D('',#8783,#8784,#8785);
#8787=PLANE('',#8786);
#8788=CARTESIAN_POINT('',(0.172244094488189,0.068406924575692,0.102362204724409));
#8789=VERTEX_POINT('',#8788);
#8790=CARTESIAN_POINT('',(0.172244094488189,-0.068406924575692,0.102362204724409));
#8791=VERTEX_POINT('',#8790);
#8792=CARTESIAN_POINT('',(0.172244094488189,0.068406924575692,0.102362204724409));
#8793=DIRECTION('',(0.0,-1.0,0.0));
#8794=VECTOR('',#8793,0.136813849151384);
#8795=LINE('',#8792,#8794);
#8796=EDGE_CURVE('',#8789,#8791,#8795,.T.);
#8797=ORIENTED_EDGE('',*,*,#8796,.T.);
#8798=CARTESIAN_POINT('',(0.172244094488189,-0.074803149606299,0.224409448818898));
#8799=DIRECTION('',(0.0,0.052335956242944,-0.998629534754574));
#8800=VECTOR('',#8799,0.122214735141479);
#8801=LINE('',#8798,#8800);
#8802=EDGE_CURVE('',#8576,#8791,#8801,.T.);
#8803=ORIENTED_EDGE('',*,*,#8802,.F.);
#8804=ORIENTED_EDGE('',*,*,#8581,.F.);
#8805=CARTESIAN_POINT('',(0.172244094488189,0.068406924575692,0.102362204724409));
#8806=DIRECTION('',(0.0,0.052335956242944,0.998629534754574));
#8807=VECTOR('',#8806,0.122214735141479);
#8808=LINE('',#8805,#8807);
#8809=EDGE_CURVE('',#8568,#8789,#8808,.F.);
#8810=ORIENTED_EDGE('',*,*,#8809,.T.);
#8811=EDGE_LOOP('',(#8797,#8803,#8804,#8810));
#8812=FACE_OUTER_BOUND('',#8811,.T.);
#8813=ADVANCED_FACE('',(#8812),#8787,.T.);
#8814=CARTESIAN_POINT('',(0.187007874015748,-1.092739E-016,0.102362204724409));
#8815=DIRECTION('',(0.0,0.0,1.0));
#8816=DIRECTION('',(1.0,0.0,0.0));
#8817=AXIS2_PLACEMENT_3D('',#8814,#8815,#8816);
#8818=PLANE('',#8817);
#8819=CARTESIAN_POINT('',(0.201771653543307,-0.068406924575692,0.102362204724409));
#8820=DIRECTION('',(-1.0,0.0,0.0));
#8821=VECTOR('',#8820,0.029527559055118);
#8822=LINE('',#8819,#8821);
#8823=EDGE_CURVE('',#8791,#8692,#8822,.F.);
#8824=ORIENTED_EDGE('',*,*,#8823,.F.);
#8825=ORIENTED_EDGE('',*,*,#8796,.F.);
#8826=CARTESIAN_POINT('',(0.172244094488189,0.068406924575692,0.102362204724409));
#8827=DIRECTION('',(1.0,0.0,0.0));
#8828=VECTOR('',#8827,0.029527559055118);
#8829=LINE('',#8826,#8828);
#8830=EDGE_CURVE('',#8702,#8789,#8829,.F.);
#8831=ORIENTED_EDGE('',*,*,#8830,.F.);
#8832=ORIENTED_EDGE('',*,*,#8707,.F.);
#8833=EDGE_LOOP('',(#8824,#8825,#8831,#8832));
#8834=FACE_OUTER_BOUND('',#8833,.T.);
#8835=ADVANCED_FACE('',(#8834),#8818,.F.);
#8836=CARTESIAN_POINT('',(0.070841616684117,0.21003937007874,0.125590551181102));
#8837=DIRECTION('',(0.0,0.942102631717714,-0.335324665526646));
#8838=DIRECTION('',(0.0,0.335324665526646,0.942102631717714));
#8839=AXIS2_PLACEMENT_3D('',#8836,#8837,#8838);
#8840=PLANE('',#8839);
#8841=CARTESIAN_POINT('',(0.068406924575692,0.201771653543307,0.102362204724409));
#8842=VERTEX_POINT('',#8841);
#8843=CARTESIAN_POINT('',(0.070841616684117,0.218307086614173,0.148818897637795));
#8844=VERTEX_POINT('',#8843);
#8845=CARTESIAN_POINT('',(0.068406924575692,0.201771653543307,0.102362204724409));
#8846=DIRECTION('',(0.04931343662494,0.334916693566511,0.940956424782101));
#8847=VECTOR('',#8846,0.049371779276754);
#8848=LINE('',#8845,#8847);
#8849=EDGE_CURVE('',#8842,#8844,#8848,.T.);
#8850=ORIENTED_EDGE('',*,*,#8849,.F.);
#8851=CARTESIAN_POINT('',(-0.068406924575692,0.201771653543307,0.102362204724409));
#8852=VERTEX_POINT('',#8851);
#8853=CARTESIAN_POINT('',(0.068406924575692,0.201771653543307,0.102362204724409));
#8854=DIRECTION('',(-1.0,0.0,0.0));
#8855=VECTOR('',#8854,0.136813849151384);
#8856=LINE('',#8853,#8855);
#8857=EDGE_CURVE('',#8842,#8852,#8856,.T.);
#8858=ORIENTED_EDGE('',*,*,#8857,.T.);
#8859=CARTESIAN_POINT('',(-0.070841616684116,0.218307086614173,0.148818897637795));
#8860=VERTEX_POINT('',#8859);
#8861=CARTESIAN_POINT('',(-0.070841616684116,0.218307086614173,0.148818897637795));
#8862=DIRECTION('',(0.04931343662494,-0.334916693566511,-0.940956424782101));
#8863=VECTOR('',#8862,0.049371779276754);
#8864=LINE('',#8861,#8863);
#8865=EDGE_CURVE('',#8860,#8852,#8864,.T.);
#8866=ORIENTED_EDGE('',*,*,#8865,.F.);
#8867=CARTESIAN_POINT('',(0.070841616684117,0.218307086614173,0.148818897637795));
#8868=DIRECTION('',(-1.0,0.0,0.0));
#8869=VECTOR('',#8868,0.141683233368233);
#8870=LINE('',#8867,#8869);
#8871=EDGE_CURVE('',#8844,#8860,#8870,.T.);
#8872=ORIENTED_EDGE('',*,*,#8871,.F.);
#8873=EDGE_LOOP('',(#8850,#8858,#8866,#8872));
#8874=FACE_OUTER_BOUND('',#8873,.T.);
#8875=ADVANCED_FACE('',(#8874),#8840,.T.);
#8876=CARTESIAN_POINT('',(1.857657E-016,0.201771653543307,0.148818897637795));
#8877=DIRECTION('',(0.0,0.0,1.0));
#8878=DIRECTION('',(1.0,0.0,0.0));
#8879=AXIS2_PLACEMENT_3D('',#8876,#8877,#8878);
#8880=PLANE('',#8879);
#8881=CARTESIAN_POINT('',(0.070841616684117,0.218307086614173,0.148818897637795));
#8882=DIRECTION('',(0.0,-1.0,0.0));
#8883=VECTOR('',#8882,0.016535433070866);
#8884=LINE('',#8881,#8883);
#8885=EDGE_CURVE('',#8844,#8649,#8884,.T.);
#8886=ORIENTED_EDGE('',*,*,#8885,.F.);
#8887=ORIENTED_EDGE('',*,*,#8871,.T.);
#8888=CARTESIAN_POINT('',(-0.070841616684116,0.201771653543307,0.148818897637795));
#8889=DIRECTION('',(0.0,1.0,0.0));
#8890=VECTOR('',#8889,0.016535433070866);
#8891=LINE('',#8888,#8890);
#8892=EDGE_CURVE('',#8657,#8860,#8891,.T.);
#8893=ORIENTED_EDGE('',*,*,#8892,.F.);
#8894=ORIENTED_EDGE('',*,*,#8662,.F.);
#8895=EDGE_LOOP('',(#8886,#8887,#8893,#8894));
#8896=FACE_OUTER_BOUND('',#8895,.T.);
#8897=ADVANCED_FACE('',(#8896),#8880,.T.);
#8898=CARTESIAN_POINT('',(-0.074803149606299,0.172244094488189,0.224409448818898));
#8899=DIRECTION('',(0.0,-1.0,0.0));
#8900=DIRECTION('',(0.0,0.0,-1.0));
#8901=AXIS2_PLACEMENT_3D('',#8898,#8899,#8900);
#8902=PLANE('',#8901);
#8903=CARTESIAN_POINT('',(-0.068406924575692,0.172244094488189,0.102362204724409));
#8904=VERTEX_POINT('',#8903);
#8905=CARTESIAN_POINT('',(0.068406924575692,0.172244094488189,0.102362204724409));
#8906=VERTEX_POINT('',#8905);
#8907=CARTESIAN_POINT('',(-0.068406924575692,0.172244094488189,0.102362204724409));
#8908=DIRECTION('',(1.0,0.0,0.0));
#8909=VECTOR('',#8908,0.136813849151384);
#8910=LINE('',#8907,#8909);
#8911=EDGE_CURVE('',#8904,#8906,#8910,.T.);
#8912=ORIENTED_EDGE('',*,*,#8911,.T.);
#8913=CARTESIAN_POINT('',(0.074803149606299,0.172244094488189,0.224409448818898));
#8914=DIRECTION('',(-0.052335956242944,0.0,-0.998629534754574));
#8915=VECTOR('',#8914,0.122214735141479);
#8916=LINE('',#8913,#8915);
#8917=EDGE_CURVE('',#8537,#8906,#8916,.T.);
#8918=ORIENTED_EDGE('',*,*,#8917,.F.);
#8919=ORIENTED_EDGE('',*,*,#8542,.F.);
#8920=CARTESIAN_POINT('',(-0.068406924575692,0.172244094488189,0.102362204724409));
#8921=DIRECTION('',(-0.052335956242944,0.0,0.998629534754574));
#8922=VECTOR('',#8921,0.122214735141479);
#8923=LINE('',#8920,#8922);
#8924=EDGE_CURVE('',#8529,#8904,#8923,.F.);
#8925=ORIENTED_EDGE('',*,*,#8924,.T.);
#8926=EDGE_LOOP('',(#8912,#8918,#8919,#8925));
#8927=FACE_OUTER_BOUND('',#8926,.T.);
#8928=ADVANCED_FACE('',(#8927),#8902,.T.);
#8929=CARTESIAN_POINT('',(3.524084E-016,0.187007874015748,0.102362204724409));
#8930=DIRECTION('',(0.0,0.0,1.0));
#8931=DIRECTION('',(1.0,0.0,0.0));
#8932=AXIS2_PLACEMENT_3D('',#8929,#8930,#8931);
#8933=PLANE('',#8932);
#8934=CARTESIAN_POINT('',(-0.068406924575692,0.172244094488189,0.102362204724409));
#8935=DIRECTION('',(0.0,1.0,0.0));
#8936=VECTOR('',#8935,0.029527559055118);
#8937=LINE('',#8934,#8936);
#8938=EDGE_CURVE('',#8852,#8904,#8937,.F.);
#8939=ORIENTED_EDGE('',*,*,#8938,.F.);
#8940=ORIENTED_EDGE('',*,*,#8857,.F.);
#8941=CARTESIAN_POINT('',(0.068406924575692,0.201771653543307,0.102362204724409));
#8942=DIRECTION('',(0.0,-1.0,0.0));
#8943=VECTOR('',#8942,0.029527559055118);
#8944=LINE('',#8941,#8943);
#8945=EDGE_CURVE('',#8906,#8842,#8944,.F.);
#8946=ORIENTED_EDGE('',*,*,#8945,.F.);
#8947=ORIENTED_EDGE('',*,*,#8911,.F.);
#8948=EDGE_LOOP('',(#8939,#8940,#8946,#8947));
#8949=FACE_OUTER_BOUND('',#8948,.T.);
#8950=ADVANCED_FACE('',(#8949),#8933,.F.);
#8951=CARTESIAN_POINT('',(-0.172244094488189,-0.074803149606299,0.224409448818898));
#8952=DIRECTION('',(1.0,0.0,0.0));
#8953=DIRECTION('',(0.0,0.0,-1.0));
#8954=AXIS2_PLACEMENT_3D('',#8951,#8952,#8953);
#8955=PLANE('',#8954);
#8956=CARTESIAN_POINT('',(-0.172244094488189,-0.068406924575692,0.102362204724409));
#8957=VERTEX_POINT('',#8956);
#8958=CARTESIAN_POINT('',(-0.172244094488189,0.068406924575691,0.102362204724409));
#8959=VERTEX_POINT('',#8958);
#8960=CARTESIAN_POINT('',(-0.172244094488189,-0.068406924575692,0.102362204724409));
#8961=DIRECTION('',(0.0,1.0,0.0));
#8962=VECTOR('',#8961,0.136813849151383);
#8963=LINE('',#8960,#8962);
#8964=EDGE_CURVE('',#8957,#8959,#8963,.T.);
#8965=ORIENTED_EDGE('',*,*,#8964,.T.);
#8966=CARTESIAN_POINT('',(-0.172244094488189,0.074803149606299,0.224409448818898));
#8967=DIRECTION('',(0.0,-0.052335956242944,-0.998629534754574));
#8968=VECTOR('',#8967,0.122214735141479);
#8969=LINE('',#8966,#8968);
#8970=EDGE_CURVE('',#8505,#8959,#8969,.T.);
#8971=ORIENTED_EDGE('',*,*,#8970,.F.);
#8972=ORIENTED_EDGE('',*,*,#8510,.F.);
#8973=CARTESIAN_POINT('',(-0.172244094488189,-0.068406924575692,0.102362204724409));
#8974=DIRECTION('',(0.0,-0.052335956242944,0.998629534754574));
#8975=VECTOR('',#8974,0.122214735141479);
#8976=LINE('',#8973,#8975);
#8977=EDGE_CURVE('',#8497,#8957,#8976,.F.);
#8978=ORIENTED_EDGE('',*,*,#8977,.T.);
#8979=EDGE_LOOP('',(#8965,#8971,#8972,#8978));
#8980=FACE_OUTER_BOUND('',#8979,.T.);
#8981=ADVANCED_FACE('',(#8980),#8955,.T.);
#8982=CARTESIAN_POINT('',(-0.218307086614173,-2.280765E-016,0.148818897637795));
#8983=DIRECTION('',(0.0,0.0,1.0));
#8984=DIRECTION('',(1.0,0.0,0.0));
#8985=AXIS2_PLACEMENT_3D('',#8982,#8983,#8984);
#8986=PLANE('',#8985);
#8987=CARTESIAN_POINT('',(-0.218307086614173,-0.070841616684117,0.148818897637795));
#8988=VERTEX_POINT('',#8987);
#8989=CARTESIAN_POINT('',(-0.201771653543307,-0.070841616684117,0.148818897637795));
#8990=DIRECTION('',(-1.0,0.0,0.0));
#8991=VECTOR('',#8990,0.016535433070866);
#8992=LINE('',#8989,#8991);
#8993=EDGE_CURVE('',#8988,#8465,#8992,.F.);
#8994=ORIENTED_EDGE('',*,*,#8993,.T.);
#8995=ORIENTED_EDGE('',*,*,#8470,.F.);
#8996=CARTESIAN_POINT('',(-0.218307086614173,0.070841616684116,0.148818897637795));
#8997=VERTEX_POINT('',#8996);
#8998=CARTESIAN_POINT('',(-0.218307086614173,0.070841616684116,0.148818897637795));
#8999=DIRECTION('',(1.0,0.0,0.0));
#9000=VECTOR('',#8999,0.016535433070866);
#9001=LINE('',#8998,#9000);
#9002=EDGE_CURVE('',#8457,#8997,#9001,.F.);
#9003=ORIENTED_EDGE('',*,*,#9002,.T.);
#9004=CARTESIAN_POINT('',(-0.218307086614173,-0.070841616684117,0.148818897637795));
#9005=DIRECTION('',(0.0,1.0,0.0));
#9006=VECTOR('',#9005,0.141683233368233);
#9007=LINE('',#9004,#9006);
#9008=EDGE_CURVE('',#8988,#8997,#9007,.T.);
#9009=ORIENTED_EDGE('',*,*,#9008,.F.);
#9010=EDGE_LOOP('',(#8994,#8995,#9003,#9009));
#9011=FACE_OUTER_BOUND('',#9010,.T.);
#9012=ADVANCED_FACE('',(#9011),#8986,.T.);
#9013=CARTESIAN_POINT('',(-0.201771653543307,-2.207333E-016,0.102362204724409));
#9014=DIRECTION('',(-0.942102631717715,-4.183776E-016,-0.335324665526645));
#9015=DIRECTION('',(-0.335324665526645,0.0,0.942102631717715));
#9016=AXIS2_PLACEMENT_3D('',#9013,#9014,#9015);
#9017=PLANE('',#9016);
#9018=CARTESIAN_POINT('',(-0.201771653543307,-0.068406924575692,0.102362204724409));
#9019=VERTEX_POINT('',#9018);
#9020=CARTESIAN_POINT('',(-0.218307086614173,-0.070841616684117,0.148818897637795));
#9021=DIRECTION('',(0.334916693566511,0.04931343662494,-0.940956424782101));
#9022=VECTOR('',#9021,0.049371779276754);
#9023=LINE('',#9020,#9022);
#9024=EDGE_CURVE('',#9019,#8988,#9023,.F.);
#9025=ORIENTED_EDGE('',*,*,#9024,.T.);
#9026=ORIENTED_EDGE('',*,*,#9008,.T.);
#9027=CARTESIAN_POINT('',(-0.201771653543307,0.068406924575691,0.102362204724409));
#9028=VERTEX_POINT('',#9027);
#9029=CARTESIAN_POINT('',(-0.201771653543307,0.068406924575691,0.102362204724409));
#9030=DIRECTION('',(-0.334916693566511,0.04931343662494,0.940956424782101));
#9031=VECTOR('',#9030,0.049371779276754);
#9032=LINE('',#9029,#9031);
#9033=EDGE_CURVE('',#8997,#9028,#9032,.F.);
#9034=ORIENTED_EDGE('',*,*,#9033,.T.);
#9035=CARTESIAN_POINT('',(-0.201771653543307,0.068406924575691,0.102362204724409));
#9036=DIRECTION('',(0.0,-1.0,0.0));
#9037=VECTOR('',#9036,0.136813849151383);
#9038=LINE('',#9035,#9037);
#9039=EDGE_CURVE('',#9028,#9019,#9038,.T.);
#9040=ORIENTED_EDGE('',*,*,#9039,.T.);
#9041=EDGE_LOOP('',(#9025,#9026,#9034,#9040));
#9042=FACE_OUTER_BOUND('',#9041,.T.);
#9043=ADVANCED_FACE('',(#9042),#9017,.T.);
#9044=CARTESIAN_POINT('',(-0.187007874015748,-2.363048E-016,0.102362204724409));
#9045=DIRECTION('',(0.0,0.0,1.0));
#9046=DIRECTION('',(1.0,0.0,0.0));
#9047=AXIS2_PLACEMENT_3D('',#9044,#9045,#9046);
#9048=PLANE('',#9047);
#9049=CARTESIAN_POINT('',(-0.172244094488189,-0.068406924575692,0.102362204724409));
#9050=DIRECTION('',(-1.0,0.0,0.0));
#9051=VECTOR('',#9050,0.029527559055118);
#9052=LINE('',#9049,#9051);
#9053=EDGE_CURVE('',#9019,#8957,#9052,.F.);
#9054=ORIENTED_EDGE('',*,*,#9053,.F.);
#9055=ORIENTED_EDGE('',*,*,#9039,.F.);
#9056=CARTESIAN_POINT('',(-0.201771653543307,0.068406924575691,0.102362204724409));
#9057=DIRECTION('',(1.0,0.0,0.0));
#9058=VECTOR('',#9057,0.029527559055118);
#9059=LINE('',#9056,#9058);
#9060=EDGE_CURVE('',#8959,#9028,#9059,.F.);
#9061=ORIENTED_EDGE('',*,*,#9060,.F.);
#9062=ORIENTED_EDGE('',*,*,#8964,.F.);
#9063=EDGE_LOOP('',(#9054,#9055,#9061,#9062));
#9064=FACE_OUTER_BOUND('',#9063,.T.);
#9065=ADVANCED_FACE('',(#9064),#9048,.F.);
#9066=CARTESIAN_POINT('',(0.074803149606299,-0.172244094488189,0.224409448818898));
#9067=DIRECTION('',(0.0,1.0,0.0));
#9068=DIRECTION('',(0.0,0.0,1.0));
#9069=AXIS2_PLACEMENT_3D('',#9066,#9067,#9068);
#9070=PLANE('',#9069);
#9071=CARTESIAN_POINT('',(0.068406924575692,-0.172244094488189,0.102362204724409));
#9072=VERTEX_POINT('',#9071);
#9073=CARTESIAN_POINT('',(-0.068406924575692,-0.172244094488189,0.102362204724409));
#9074=VERTEX_POINT('',#9073);
#9075=CARTESIAN_POINT('',(0.068406924575692,-0.172244094488189,0.102362204724409));
#9076=DIRECTION('',(-1.0,0.0,0.0));
#9077=VECTOR('',#9076,0.136813849151384);
#9078=LINE('',#9075,#9077);
#9079=EDGE_CURVE('',#9072,#9074,#9078,.T.);
#9080=ORIENTED_EDGE('',*,*,#9079,.T.);
#9081=CARTESIAN_POINT('',(-0.074803149606299,-0.172244094488189,0.224409448818898));
#9082=DIRECTION('',(0.052335956242944,0.0,-0.998629534754574));
#9083=VECTOR('',#9082,0.122214735141479);
#9084=LINE('',#9081,#9083);
#9085=EDGE_CURVE('',#8615,#9074,#9084,.T.);
#9086=ORIENTED_EDGE('',*,*,#9085,.F.);
#9087=ORIENTED_EDGE('',*,*,#8620,.F.);
#9088=CARTESIAN_POINT('',(0.068406924575692,-0.172244094488189,0.102362204724409));
#9089=DIRECTION('',(0.052335956242944,0.0,0.998629534754574));
#9090=VECTOR('',#9089,0.122214735141479);
#9091=LINE('',#9088,#9090);
#9092=EDGE_CURVE('',#8607,#9072,#9091,.F.);
#9093=ORIENTED_EDGE('',*,*,#9092,.T.);
#9094=EDGE_LOOP('',(#9080,#9086,#9087,#9093));
#9095=FACE_OUTER_BOUND('',#9094,.T.);
#9096=ADVANCED_FACE('',(#9095),#9070,.T.);
#9097=CARTESIAN_POINT('',(0.172244094488189,-0.074803149606299,0.224409448818898));
#9098=DIRECTION('',(-3.695672E-016,-0.998629534754574,-0.052335956242944));
#9099=DIRECTION('',(0.0,0.052335956242944,-0.998629534754574));
#9100=AXIS2_PLACEMENT_3D('',#9097,#9098,#9099);
#9101=PLANE('',#9100);
#9102=ORIENTED_EDGE('',*,*,#8823,.T.);
#9103=ORIENTED_EDGE('',*,*,#8699,.T.);
#9104=ORIENTED_EDGE('',*,*,#8737,.T.);
#9105=ORIENTED_EDGE('',*,*,#8768,.F.);
#9106=ORIENTED_EDGE('',*,*,#8589,.F.);
#9107=ORIENTED_EDGE('',*,*,#8802,.T.);
#9108=EDGE_LOOP('',(#9102,#9103,#9104,#9105,#9106,#9107));
#9109=FACE_OUTER_BOUND('',#9108,.T.);
#9110=ADVANCED_FACE('',(#9109),#9101,.T.);
#9111=CARTESIAN_POINT('',(0.074803149606299,0.172244094488189,0.224409448818898));
#9112=DIRECTION('',(0.998629534754574,0.0,-0.052335956242944));
#9113=DIRECTION('',(-0.052335956242944,0.0,-0.998629534754574));
#9114=AXIS2_PLACEMENT_3D('',#9111,#9112,#9113);
#9115=PLANE('',#9114);
#9116=ORIENTED_EDGE('',*,*,#8945,.T.);
#9117=ORIENTED_EDGE('',*,*,#8849,.T.);
#9118=ORIENTED_EDGE('',*,*,#8885,.T.);
#9119=ORIENTED_EDGE('',*,*,#8654,.F.);
#9120=ORIENTED_EDGE('',*,*,#8550,.F.);
#9121=ORIENTED_EDGE('',*,*,#8917,.T.);
#9122=EDGE_LOOP('',(#9116,#9117,#9118,#9119,#9120,#9121));
#9123=FACE_OUTER_BOUND('',#9122,.T.);
#9124=ADVANCED_FACE('',(#9123),#9115,.T.);
#9125=CARTESIAN_POINT('',(-0.172244094488189,0.074803149606299,0.224409448818898));
#9126=DIRECTION('',(0.0,0.998629534754574,-0.052335956242944));
#9127=DIRECTION('',(0.0,0.052335956242944,0.998629534754574));
#9128=AXIS2_PLACEMENT_3D('',#9125,#9126,#9127);
#9129=PLANE('',#9128);
#9130=ORIENTED_EDGE('',*,*,#9060,.T.);
#9131=ORIENTED_EDGE('',*,*,#9033,.F.);
#9132=ORIENTED_EDGE('',*,*,#9002,.F.);
#9133=ORIENTED_EDGE('',*,*,#8462,.F.);
#9134=ORIENTED_EDGE('',*,*,#8516,.F.);
#9135=ORIENTED_EDGE('',*,*,#8970,.T.);
#9136=EDGE_LOOP('',(#9130,#9131,#9132,#9133,#9134,#9135));
#9137=FACE_OUTER_BOUND('',#9136,.T.);
#9138=ADVANCED_FACE('',(#9137),#9129,.T.);
#9139=CARTESIAN_POINT('',(0.201771653543307,-0.201771653543307,0.224409448818898));
#9140=DIRECTION('',(0.0,-1.0,0.0));
#9141=DIRECTION('',(0.0,0.0,-1.0));
#9142=AXIS2_PLACEMENT_3D('',#9139,#9140,#9141);
#9143=PLANE('',#9142);
#9144=ORIENTED_EDGE('',*,*,#8342,.F.);
#9145=ORIENTED_EDGE('',*,*,#8634,.T.);
#9146=CARTESIAN_POINT('',(-0.070841616684117,-0.201771653543307,0.148818897637795));
#9147=VERTEX_POINT('',#9146);
#9148=CARTESIAN_POINT('',(-0.070841616684117,-0.201771653543307,0.148818897637795));
#9149=DIRECTION('',(-0.052335956242944,0.0,0.998629534754574));
#9150=VECTOR('',#9149,0.075694287571496);
#9151=LINE('',#9148,#9150);
#9152=EDGE_CURVE('',#8623,#9147,#9151,.F.);
#9153=ORIENTED_EDGE('',*,*,#9152,.T.);
#9154=CARTESIAN_POINT('',(0.070841616684116,-0.201771653543307,0.148818897637795));
#9155=VERTEX_POINT('',#9154);
#9156=CARTESIAN_POINT('',(-0.070841616684117,-0.201771653543307,0.148818897637795));
#9157=DIRECTION('',(1.0,0.0,0.0));
#9158=VECTOR('',#9157,0.141683233368233);
#9159=LINE('',#9156,#9158);
#9160=EDGE_CURVE('',#9147,#9155,#9159,.T.);
#9161=ORIENTED_EDGE('',*,*,#9160,.T.);
#9162=CARTESIAN_POINT('',(0.074803149606299,-0.201771653543307,0.224409448818898));
#9163=DIRECTION('',(-0.052335956242944,0.0,-0.998629534754574));
#9164=VECTOR('',#9163,0.075694287571496);
#9165=LINE('',#9162,#9164);
#9166=EDGE_CURVE('',#8599,#9155,#9165,.T.);
#9167=ORIENTED_EDGE('',*,*,#9166,.F.);
#9168=ORIENTED_EDGE('',*,*,#8604,.T.);
#9169=ORIENTED_EDGE('',*,*,#8273,.F.);
#9170=ORIENTED_EDGE('',*,*,#8234,.F.);
#9171=EDGE_LOOP('',(#9144,#9145,#9153,#9161,#9167,#9168,#9169,#9170));
#9172=FACE_OUTER_BOUND('',#9171,.T.);
#9173=ADVANCED_FACE('',(#9172),#9143,.T.);
#9174=CARTESIAN_POINT('',(0.0,-0.218307086614173,0.148818897637795));
#9175=DIRECTION('',(0.0,0.0,1.0));
#9176=DIRECTION('',(1.0,0.0,0.0));
#9177=AXIS2_PLACEMENT_3D('',#9174,#9175,#9176);
#9178=PLANE('',#9177);
#9179=CARTESIAN_POINT('',(0.070841616684116,-0.218307086614173,0.148818897637795));
#9180=VERTEX_POINT('',#9179);
#9181=CARTESIAN_POINT('',(0.070841616684116,-0.201771653543307,0.148818897637795));
#9182=DIRECTION('',(0.0,-1.0,0.0));
#9183=VECTOR('',#9182,0.016535433070866);
#9184=LINE('',#9181,#9183);
#9185=EDGE_CURVE('',#9180,#9155,#9184,.F.);
#9186=ORIENTED_EDGE('',*,*,#9185,.T.);
#9187=ORIENTED_EDGE('',*,*,#9160,.F.);
#9188=CARTESIAN_POINT('',(-0.070841616684117,-0.218307086614173,0.148818897637795));
#9189=VERTEX_POINT('',#9188);
#9190=CARTESIAN_POINT('',(-0.070841616684117,-0.218307086614173,0.148818897637795));
#9191=DIRECTION('',(0.0,1.0,0.0));
#9192=VECTOR('',#9191,0.016535433070866);
#9193=LINE('',#9190,#9192);
#9194=EDGE_CURVE('',#9147,#9189,#9193,.F.);
#9195=ORIENTED_EDGE('',*,*,#9194,.T.);
#9196=CARTESIAN_POINT('',(0.070841616684116,-0.218307086614173,0.148818897637795));
#9197=DIRECTION('',(-1.0,0.0,0.0));
#9198=VECTOR('',#9197,0.141683233368233);
#9199=LINE('',#9196,#9198);
#9200=EDGE_CURVE('',#9180,#9189,#9199,.T.);
#9201=ORIENTED_EDGE('',*,*,#9200,.F.);
#9202=EDGE_LOOP('',(#9186,#9187,#9195,#9201));
#9203=FACE_OUTER_BOUND('',#9202,.T.);
#9204=ADVANCED_FACE('',(#9203),#9178,.T.);
#9205=CARTESIAN_POINT('',(0.0,-0.201771653543307,0.102362204724409));
#9206=DIRECTION('',(0.0,-0.942102631717715,-0.335324665526645));
#9207=DIRECTION('',(0.0,0.335324665526645,-0.942102631717715));
#9208=AXIS2_PLACEMENT_3D('',#9205,#9206,#9207);
#9209=PLANE('',#9208);
#9210=CARTESIAN_POINT('',(0.068406924575692,-0.201771653543307,0.102362204724409));
#9211=VERTEX_POINT('',#9210);
#9212=CARTESIAN_POINT('',(0.070841616684116,-0.218307086614173,0.148818897637795));
#9213=DIRECTION('',(-0.04931343662494,0.334916693566511,-0.940956424782101));
#9214=VECTOR('',#9213,0.049371779276754);
#9215=LINE('',#9212,#9214);
#9216=EDGE_CURVE('',#9211,#9180,#9215,.F.);
#9217=ORIENTED_EDGE('',*,*,#9216,.T.);
#9218=ORIENTED_EDGE('',*,*,#9200,.T.);
#9219=CARTESIAN_POINT('',(-0.068406924575692,-0.201771653543307,0.102362204724409));
#9220=VERTEX_POINT('',#9219);
#9221=CARTESIAN_POINT('',(-0.068406924575692,-0.201771653543307,0.102362204724409));
#9222=DIRECTION('',(-0.04931343662494,-0.334916693566511,0.940956424782101));
#9223=VECTOR('',#9222,0.049371779276754);
#9224=LINE('',#9221,#9223);
#9225=EDGE_CURVE('',#9189,#9220,#9224,.F.);
#9226=ORIENTED_EDGE('',*,*,#9225,.T.);
#9227=CARTESIAN_POINT('',(-0.068406924575692,-0.201771653543307,0.102362204724409));
#9228=DIRECTION('',(1.0,0.0,0.0));
#9229=VECTOR('',#9228,0.136813849151384);
#9230=LINE('',#9227,#9229);
#9231=EDGE_CURVE('',#9220,#9211,#9230,.T.);
#9232=ORIENTED_EDGE('',*,*,#9231,.T.);
#9233=EDGE_LOOP('',(#9217,#9218,#9226,#9232));
#9234=FACE_OUTER_BOUND('',#9233,.T.);
#9235=ADVANCED_FACE('',(#9234),#9209,.T.);
#9236=CARTESIAN_POINT('',(0.074803149606299,-0.201771653543307,0.224409448818898));
#9237=DIRECTION('',(0.998629534754574,0.0,-0.052335956242944));
#9238=DIRECTION('',(-0.052335956242944,0.0,-0.998629534754574));
#9239=AXIS2_PLACEMENT_3D('',#9236,#9237,#9238);
#9240=PLANE('',#9239);
#9241=CARTESIAN_POINT('',(0.068406924575692,-0.172244094488189,0.102362204724409));
#9242=DIRECTION('',(0.0,-1.0,0.0));
#9243=VECTOR('',#9242,0.029527559055118);
#9244=LINE('',#9241,#9243);
#9245=EDGE_CURVE('',#9211,#9072,#9244,.F.);
#9246=ORIENTED_EDGE('',*,*,#9245,.T.);
#9247=ORIENTED_EDGE('',*,*,#9092,.F.);
#9248=ORIENTED_EDGE('',*,*,#8612,.F.);
#9249=ORIENTED_EDGE('',*,*,#9166,.T.);
#9250=ORIENTED_EDGE('',*,*,#9185,.F.);
#9251=ORIENTED_EDGE('',*,*,#9216,.F.);
#9252=EDGE_LOOP('',(#9246,#9247,#9248,#9249,#9250,#9251));
#9253=FACE_OUTER_BOUND('',#9252,.T.);
#9254=ADVANCED_FACE('',(#9253),#9240,.T.);
#9255=CARTESIAN_POINT('',(-2.138006E-016,-0.187007874015748,0.102362204724409));
#9256=DIRECTION('',(0.0,0.0,1.0));
#9257=DIRECTION('',(1.0,0.0,0.0));
#9258=AXIS2_PLACEMENT_3D('',#9255,#9256,#9257);
#9259=PLANE('',#9258);
#9260=ORIENTED_EDGE('',*,*,#9231,.F.);
#9261=CARTESIAN_POINT('',(-0.068406924575692,-0.201771653543307,0.102362204724409));
#9262=DIRECTION('',(0.0,1.0,0.0));
#9263=VECTOR('',#9262,0.029527559055118);
#9264=LINE('',#9261,#9263);
#9265=EDGE_CURVE('',#9074,#9220,#9264,.F.);
#9266=ORIENTED_EDGE('',*,*,#9265,.F.);
#9267=ORIENTED_EDGE('',*,*,#9079,.F.);
#9268=ORIENTED_EDGE('',*,*,#9245,.F.);
#9269=EDGE_LOOP('',(#9260,#9266,#9267,#9268));
#9270=FACE_OUTER_BOUND('',#9269,.T.);
#9271=ADVANCED_FACE('',(#9270),#9259,.F.);
#9272=CARTESIAN_POINT('',(-0.074803149606299,-0.172244094488189,0.224409448818898));
#9273=DIRECTION('',(-0.998629534754574,-1.478269E-015,-0.052335956242944));
#9274=DIRECTION('',(-0.052335956242944,0.0,0.998629534754574));
#9275=AXIS2_PLACEMENT_3D('',#9272,#9273,#9274);
#9276=PLANE('',#9275);
#9277=ORIENTED_EDGE('',*,*,#9265,.T.);
#9278=ORIENTED_EDGE('',*,*,#9225,.F.);
#9279=ORIENTED_EDGE('',*,*,#9194,.F.);
#9280=ORIENTED_EDGE('',*,*,#9152,.F.);
#9281=ORIENTED_EDGE('',*,*,#8628,.F.);
#9282=ORIENTED_EDGE('',*,*,#9085,.T.);
#9283=EDGE_LOOP('',(#9277,#9278,#9279,#9280,#9281,#9282));
#9284=FACE_OUTER_BOUND('',#9283,.T.);
#9285=ADVANCED_FACE('',(#9284),#9276,.T.);
#9286=CARTESIAN_POINT('',(-0.201771653543307,-0.074803149606299,0.224409448818898));
#9287=DIRECTION('',(0.0,-0.998629534754574,-0.052335956242944));
#9288=DIRECTION('',(0.0,0.052335956242944,-0.998629534754574));
#9289=AXIS2_PLACEMENT_3D('',#9286,#9287,#9288);
#9290=PLANE('',#9289);
#9291=ORIENTED_EDGE('',*,*,#9053,.T.);
#9292=ORIENTED_EDGE('',*,*,#8977,.F.);
#9293=ORIENTED_EDGE('',*,*,#8502,.F.);
#9294=ORIENTED_EDGE('',*,*,#8478,.T.);
#9295=ORIENTED_EDGE('',*,*,#8993,.F.);
#9296=ORIENTED_EDGE('',*,*,#9024,.F.);
#9297=EDGE_LOOP('',(#9291,#9292,#9293,#9294,#9295,#9296));
#9298=FACE_OUTER_BOUND('',#9297,.T.);
#9299=ADVANCED_FACE('',(#9298),#9290,.T.);
#9300=CARTESIAN_POINT('',(-0.074803149606299,0.201771653543306,0.224409448818898));
#9301=DIRECTION('',(-0.998629534754574,-3.695672E-016,-0.052335956242944));
#9302=DIRECTION('',(-0.052335956242944,0.0,0.998629534754574));
#9303=AXIS2_PLACEMENT_3D('',#9300,#9301,#9302);
#9304=PLANE('',#9303);
#9305=ORIENTED_EDGE('',*,*,#8938,.T.);
#9306=ORIENTED_EDGE('',*,*,#8924,.F.);
#9307=ORIENTED_EDGE('',*,*,#8534,.F.);
#9308=ORIENTED_EDGE('',*,*,#8668,.T.);
#9309=ORIENTED_EDGE('',*,*,#8892,.T.);
#9310=ORIENTED_EDGE('',*,*,#8865,.T.);
#9311=EDGE_LOOP('',(#9305,#9306,#9307,#9308,#9309,#9310));
#9312=FACE_OUTER_BOUND('',#9311,.T.);
#9313=ADVANCED_FACE('',(#9312),#9304,.T.);
#9314=CARTESIAN_POINT('',(0.201771653543307,0.074803149606299,0.224409448818898));
#9315=DIRECTION('',(0.0,0.998629534754574,-0.052335956242944));
#9316=DIRECTION('',(0.0,0.052335956242944,0.998629534754574));
#9317=AXIS2_PLACEMENT_3D('',#9314,#9315,#9316);
#9318=PLANE('',#9317);
#9319=ORIENTED_EDGE('',*,*,#8830,.T.);
#9320=ORIENTED_EDGE('',*,*,#8809,.F.);
#9321=ORIENTED_EDGE('',*,*,#8573,.F.);
#9322=ORIENTED_EDGE('',*,*,#8775,.T.);
#9323=ORIENTED_EDGE('',*,*,#8746,.T.);
#9324=ORIENTED_EDGE('',*,*,#8715,.T.);
#9325=EDGE_LOOP('',(#9319,#9320,#9321,#9322,#9323,#9324));
#9326=FACE_OUTER_BOUND('',#9325,.T.);
#9327=ADVANCED_FACE('',(#9326),#9318,.T.);
#9328=CLOSED_SHELL('',(#8118,#8153,#8188,#8223,#8245,#8277,#8299,#8321,#8353,#8375,#8407,#8439,#8488,#8638,#8673,#8685,#8725,#8756,#8782,#8813,#8835,#8875,#8897,#8928,#8950,#8981,#9012,#9043,#9065,#9096,#9110,#9124,#9138,#9173,#9204,#9235,#9254,#9271,#9285,#9299,#9313,#9327));
#9329=MANIFOLD_SOLID_BREP('320_01 cap',#9328);
#9330=STYLED_ITEM('',(#7794,#8057),#9329);
#9331=COLOUR_RGB('',1.0,1.0,1.0);
#9332=FILL_AREA_STYLE_COLOUR('',#9331);
#9333=FILL_AREA_STYLE('',(#9332));
#9334=SURFACE_STYLE_FILL_AREA(#9333);
#9335=SURFACE_SIDE_STYLE('',(#9334));
#9336=SURFACE_STYLE_USAGE(.BOTH.,#9335);
#9337=PRESENTATION_STYLE_ASSIGNMENT((#9336));
#9338=OVER_RIDING_STYLED_ITEM('',(#9337),#8118,#9330);
#9339=OVER_RIDING_STYLED_ITEM('',(#9337),#8153,#9330);
#9340=OVER_RIDING_STYLED_ITEM('',(#9337),#8188,#9330);
#9341=OVER_RIDING_STYLED_ITEM('',(#9337),#8223,#9330);
#9342=OVER_RIDING_STYLED_ITEM('',(#9337),#8245,#9330);
#9343=OVER_RIDING_STYLED_ITEM('',(#9337),#8277,#9330);
#9344=OVER_RIDING_STYLED_ITEM('',(#9337),#8299,#9330);
#9345=OVER_RIDING_STYLED_ITEM('',(#9337),#8321,#9330);
#9346=OVER_RIDING_STYLED_ITEM('',(#9337),#8353,#9330);
#9347=OVER_RIDING_STYLED_ITEM('',(#9337),#8375,#9330);
#9348=OVER_RIDING_STYLED_ITEM('',(#9337),#8407,#9330);
#9349=OVER_RIDING_STYLED_ITEM('',(#9337),#8439,#9330);
#9350=OVER_RIDING_STYLED_ITEM('',(#9337),#8488,#9330);
#9351=OVER_RIDING_STYLED_ITEM('',(#9337),#8638,#9330);
#9352=OVER_RIDING_STYLED_ITEM('',(#9337),#8673,#9330);
#9353=OVER_RIDING_STYLED_ITEM('',(#9337),#8685,#9330);
#9354=OVER_RIDING_STYLED_ITEM('',(#9337),#8725,#9330);
#9355=OVER_RIDING_STYLED_ITEM('',(#9337),#8756,#9330);
#9356=OVER_RIDING_STYLED_ITEM('',(#9337),#8782,#9330);
#9357=OVER_RIDING_STYLED_ITEM('',(#9337),#8813,#9330);
#9358=OVER_RIDING_STYLED_ITEM('',(#9337),#8835,#9330);
#9359=OVER_RIDING_STYLED_ITEM('',(#9337),#8875,#9330);
#9360=OVER_RIDING_STYLED_ITEM('',(#9337),#8897,#9330);
#9361=OVER_RIDING_STYLED_ITEM('',(#9337),#8928,#9330);
#9362=OVER_RIDING_STYLED_ITEM('',(#9337),#8950,#9330);
#9363=OVER_RIDING_STYLED_ITEM('',(#9337),#8981,#9330);
#9364=OVER_RIDING_STYLED_ITEM('',(#9337),#9012,#9330);
#9365=OVER_RIDING_STYLED_ITEM('',(#9337),#9043,#9330);
#9366=OVER_RIDING_STYLED_ITEM('',(#9337),#9065,#9330);
#9367=OVER_RIDING_STYLED_ITEM('',(#9337),#9096,#9330);
#9368=OVER_RIDING_STYLED_ITEM('',(#9337),#9110,#9330);
#9369=OVER_RIDING_STYLED_ITEM('',(#9337),#9124,#9330);
#9370=OVER_RIDING_STYLED_ITEM('',(#9337),#9138,#9330);
#9371=OVER_RIDING_STYLED_ITEM('',(#9337),#9173,#9330);
#9372=OVER_RIDING_STYLED_ITEM('',(#9337),#9204,#9330);
#9373=OVER_RIDING_STYLED_ITEM('',(#9337),#9235,#9330);
#9374=OVER_RIDING_STYLED_ITEM('',(#9337),#9254,#9330);
#9375=OVER_RIDING_STYLED_ITEM('',(#9337),#9271,#9330);
#9376=OVER_RIDING_STYLED_ITEM('',(#9337),#9285,#9330);
#9377=OVER_RIDING_STYLED_ITEM('',(#9337),#9299,#9330);
#9378=OVER_RIDING_STYLED_ITEM('',(#9337),#9313,#9330);
#9379=OVER_RIDING_STYLED_ITEM('',(#9337),#9327,#9330);
#9380=MECHANICAL_DESIGN_GEOMETRIC_PRESENTATION_REPRESENTATION('',(#9330,#9338,#9339,#9340,#9341,#9342,#9343,#9344,#9345,#9346,#9347,#9348,#9349,#9350,#9351,#9352,#9353,#9354,#9355,#9356,#9357,#9358,#9359,#9360,#9361,#9362,#9363,#9364,#9365,#9366,#9367,#9368,#9369,#9370,#9371,#9372,#9373,#9374,#9375,#9376,#9377,#9378,#9379),#8083);
#9386=(NAMED_UNIT(*)PLANE_ANGLE_UNIT()SI_UNIT($,.RADIAN.));
#9387=DIMENSIONAL_EXPONENTS(0.0,0.0,0.0,0.0,0.0,0.0,0.0);
#9388=PLANE_ANGLE_MEASURE_WITH_UNIT(PLANE_ANGLE_MEASURE(0.0174532925),#9386);
#9392=(CONVERSION_BASED_UNIT('DEGREE',#9388)NAMED_UNIT(#9387)PLANE_ANGLE_UNIT());
#9396=(NAMED_UNIT(*)SI_UNIT($,.STERADIAN.)SOLID_ANGLE_UNIT());
#9400=(LENGTH_UNIT()NAMED_UNIT(*)SI_UNIT(.MILLI.,.METRE.));
#9402=UNCERTAINTY_MEASURE_WITH_UNIT(LENGTH_MEASURE(0.000001),#9400,'DISTANCE_ACCURACY_VALUE','');
#9404=(GEOMETRIC_REPRESENTATION_CONTEXT(3)GLOBAL_UNCERTAINTY_ASSIGNED_CONTEXT((#9402))GLOBAL_UNIT_ASSIGNED_CONTEXT((#9392,#9396,#9400))REPRESENTATION_CONTEXT('','3D'));
#9405=CARTESIAN_POINT('',(-0.065031572774255,-0.029062915414723,-0.035433070866142));
#9406=DIRECTION('',(-0.500000000000002,0.499999999999999,-0.707106781186547));
#9407=DIRECTION('',(5.551115E-017,0.816496580927726,0.577350269189625));
#9408=AXIS2_PLACEMENT_3D('',#9405,#9406,#9407);
#9409=PLANE('',#9408);
#9410=CARTESIAN_POINT('',(-0.071105955525489,-0.04070506809656,-0.039370078740157));
#9411=VERTEX_POINT('',#9410);
#9412=CARTESIAN_POINT('',(-0.076673725456091,-0.035137298165957,-0.031496062992126));
#9413=VERTEX_POINT('',#9412);
#9414=CARTESIAN_POINT('',(-0.071105955525489,-0.04070506809656,-0.039370078740157));
#9415=DIRECTION('',(-0.500000000000004,0.5,0.707106781186545));
#9416=VECTOR('',#9415,0.011135539861206);
#9417=LINE('',#9414,#9416);
#9418=EDGE_CURVE('',#9411,#9413,#9417,.T.);
#9419=ORIENTED_EDGE('',*,*,#9418,.T.);
#9420=CARTESIAN_POINT('',(-0.064862701834044,-0.02332627454391,-0.031496062992126));
#9421=VERTEX_POINT('',#9420);
#9422=CARTESIAN_POINT('',(-0.076673725456091,-0.035137298165957,-0.031496062992126));
#9423=DIRECTION('',(0.707106781186548,0.707106781186547,0.0));
#9424=VECTOR('',#9423,0.016703309791808);
#9425=LINE('',#9422,#9424);
#9426=EDGE_CURVE('',#9413,#9421,#9425,.T.);
#9427=ORIENTED_EDGE('',*,*,#9426,.T.);
#9428=CARTESIAN_POINT('',(-0.059294931903441,-0.028894044474513,-0.039370078740157));
#9429=VERTEX_POINT('',#9428);
#9430=CARTESIAN_POINT('',(-0.064862701834044,-0.02332627454391,-0.031496062992126));
#9431=DIRECTION('',(0.500000000000001,-0.500000000000001,-0.707106781186547));
#9432=VECTOR('',#9431,0.011135539861206);
#9433=LINE('',#9430,#9432);
#9434=EDGE_CURVE('',#9421,#9429,#9433,.T.);
#9435=ORIENTED_EDGE('',*,*,#9434,.T.);
#9436=CARTESIAN_POINT('',(-0.059294931903441,-0.028894044474513,-0.039370078740157));
#9437=DIRECTION('',(-0.707106781186546,-0.707106781186549,0.0));
#9438=VECTOR('',#9437,0.016703309791808);
#9439=LINE('',#9436,#9438);
#9440=EDGE_CURVE('',#9429,#9411,#9439,.T.);
#9441=ORIENTED_EDGE('',*,*,#9440,.T.);
#9442=EDGE_LOOP('',(#9419,#9427,#9435,#9441));
#9443=FACE_OUTER_BOUND('',#9442,.T.);
#9444=ADVANCED_FACE('',(#9443),#9409,.T.);
#9445=CARTESIAN_POINT('',(-0.013360829975969,-0.074828146401985,0.00511811023622));
#9446=DIRECTION('',(0.707106781186546,0.707106781186549,0.0));
#9447=DIRECTION('',(0.0,0.0,1.0));
#9448=AXIS2_PLACEMENT_3D('',#9445,#9446,#9447);
#9449=PLANE('',#9448);
#9450=ORIENTED_EDGE('',*,*,#9434,.F.);
#9451=CARTESIAN_POINT('',(-0.064862701834044,-0.02332627454391,-0.007874015748031));
#9452=VERTEX_POINT('',#9451);
#9453=CARTESIAN_POINT('',(-0.064862701834044,-0.02332627454391,-0.007874015748031));
#9454=DIRECTION('',(0.0,0.0,-1.0));
#9455=VECTOR('',#9454,0.023622047244094);
#9456=LINE('',#9453,#9455);
#9457=EDGE_CURVE('',#9452,#9421,#9456,.T.);
#9458=ORIENTED_EDGE('',*,*,#9457,.F.);
#9459=CARTESIAN_POINT('',(-0.074606299212599,-0.013582677165355,-0.007874015748031));
#9460=VERTEX_POINT('',#9459);
#9461=CARTESIAN_POINT('',(-0.064862701834044,-0.02332627454391,-0.007874015748031));
#9462=DIRECTION('',(-0.707106781186549,0.707106781186546,0.0));
#9463=VECTOR('',#9462,0.013779527559055);
#9464=LINE('',#9461,#9463);
#9465=EDGE_CURVE('',#9452,#9460,#9464,.T.);
#9466=ORIENTED_EDGE('',*,*,#9465,.T.);
#9467=CARTESIAN_POINT('',(-0.074606299212599,-0.013582677165355,0.00511811023622));
#9468=VERTEX_POINT('',#9467);
#9469=CARTESIAN_POINT('',(-0.074606299212599,-0.013582677165355,0.00511811023622));
#9470=DIRECTION('',(0.0,0.0,-1.0));
#9471=VECTOR('',#9470,0.012992125984252);
#9472=LINE('',#9469,#9471);
#9473=EDGE_CURVE('',#9468,#9460,#9472,.T.);
#9474=ORIENTED_EDGE('',*,*,#9473,.F.);
#9475=CARTESIAN_POINT('',(-0.013360829975969,-0.074828146401985,0.00511811023622));
#9476=VERTEX_POINT('',#9475);
#9477=CARTESIAN_POINT('',(-0.013360829975969,-0.074828146401985,0.00511811023622));
#9478=DIRECTION('',(-0.707106781186549,0.707106781186546,0.0));
#9479=VECTOR('',#9478,0.086614173228346);
#9480=LINE('',#9477,#9479);
#9481=EDGE_CURVE('',#9476,#9468,#9480,.T.);
#9482=ORIENTED_EDGE('',*,*,#9481,.F.);
#9483=CARTESIAN_POINT('',(-0.013360829975969,-0.074828146401985,-0.007874015748031));
#9484=VERTEX_POINT('',#9483);
#9485=CARTESIAN_POINT('',(-0.013360829975969,-0.074828146401985,0.00511811023622));
#9486=DIRECTION('',(0.0,0.0,-1.0));
#9487=VECTOR('',#9486,0.012992125984252);
#9488=LINE('',#9485,#9487);
#9489=EDGE_CURVE('',#9476,#9484,#9488,.T.);
#9490=ORIENTED_EDGE('',*,*,#9489,.T.);
#9491=CARTESIAN_POINT('',(-0.023104427354524,-0.06508454902343,-0.007874015748031));
#9492=VERTEX_POINT('',#9491);
#9493=CARTESIAN_POINT('',(-0.013360829975969,-0.074828146401985,-0.007874015748031));
#9494=DIRECTION('',(-0.707106781186549,0.707106781186546,0.0));
#9495=VECTOR('',#9494,0.013779527559055);
#9496=LINE('',#9493,#9495);
#9497=EDGE_CURVE('',#9484,#9492,#9496,.T.);
#9498=ORIENTED_EDGE('',*,*,#9497,.T.);
#9499=CARTESIAN_POINT('',(-0.023104427354524,-0.06508454902343,-0.031496062992126));
#9500=VERTEX_POINT('',#9499);
#9501=CARTESIAN_POINT('',(-0.023104427354524,-0.06508454902343,-0.007874015748031));
#9502=DIRECTION('',(0.0,0.0,-1.0));
#9503=VECTOR('',#9502,0.023622047244094);
#9504=LINE('',#9501,#9503);
#9505=EDGE_CURVE('',#9492,#9500,#9504,.T.);
#9506=ORIENTED_EDGE('',*,*,#9505,.T.);
#9507=CARTESIAN_POINT('',(-0.028672197285126,-0.059516779092828,-0.039370078740157));
#9508=VERTEX_POINT('',#9507);
#9509=CARTESIAN_POINT('',(-0.028672197285126,-0.059516779092828,-0.039370078740157));
#9510=DIRECTION('',(0.500000000000002,-0.499999999999996,0.707106781186548));
#9511=VECTOR('',#9510,0.011135539861205);
#9512=LINE('',#9509,#9511);
#9513=EDGE_CURVE('',#9508,#9500,#9512,.T.);
#9514=ORIENTED_EDGE('',*,*,#9513,.F.);
#9515=CARTESIAN_POINT('',(-0.028672197285126,-0.059516779092828,-0.187007874015748));
#9516=VERTEX_POINT('',#9515);
#9517=CARTESIAN_POINT('',(-0.028672197285126,-0.059516779092828,-0.039370078740157));
#9518=DIRECTION('',(0.0,0.0,-1.0));
#9519=VECTOR('',#9518,0.147637795275591);
#9520=LINE('',#9517,#9519);
#9521=EDGE_CURVE('',#9508,#9516,#9520,.T.);
#9522=ORIENTED_EDGE('',*,*,#9521,.T.);
#9523=CARTESIAN_POINT('',(-0.059294931903441,-0.028894044474513,-0.187007874015748));
#9524=VERTEX_POINT('',#9523);
#9525=CARTESIAN_POINT('',(-0.043983564594284,-0.04420541178367,-0.187007874015748));
#9526=DIRECTION('',(-0.707106781186545,-0.70710678118655,9.436896E-016));
#9527=DIRECTION('',(-0.500000000000001,0.499999999999997,-0.707106781186549));
#9528=AXIS2_PLACEMENT_3D('',#9525,#9526,#9527);
#9529=CIRCLE('',#9528,0.021653543307087);
#9530=EDGE_CURVE('',#9524,#9516,#9529,.T.);
#9531=ORIENTED_EDGE('',*,*,#9530,.F.);
#9532=CARTESIAN_POINT('',(-0.059294931903441,-0.028894044474513,-0.039370078740157));
#9533=DIRECTION('',(0.0,0.0,-1.0));
#9534=VECTOR('',#9533,0.147637795275591);
#9535=LINE('',#9532,#9534);
#9536=EDGE_CURVE('',#9429,#9524,#9535,.T.);
#9537=ORIENTED_EDGE('',*,*,#9536,.F.);
#9538=EDGE_LOOP('',(#9450,#9458,#9466,#9474,#9482,#9490,#9498,#9506,#9514,#9522,#9531,#9537));
#9539=FACE_OUTER_BOUND('',#9538,.T.);
#9540=ADVANCED_FACE('',(#9539),#9449,.T.);
#9541=CARTESIAN_POINT('',(-0.03474658003636,-0.071158931774664,-0.035433070866142));
#9542=DIRECTION('',(0.500000000000002,-0.499999999999999,-0.707106781186547));
#9543=DIRECTION('',(5.551115E-017,0.816496580927726,-0.577350269189625));
#9544=AXIS2_PLACEMENT_3D('',#9541,#9542,#9543);
#9545=PLANE('',#9544);
#9546=ORIENTED_EDGE('',*,*,#9513,.T.);
#9547=CARTESIAN_POINT('',(-0.034915450976571,-0.076895572645477,-0.031496062992126));
#9548=VERTEX_POINT('',#9547);
#9549=CARTESIAN_POINT('',(-0.023104427354524,-0.06508454902343,-0.031496062992126));
#9550=DIRECTION('',(-0.707106781186545,-0.70710678118655,0.0));
#9551=VECTOR('',#9550,0.016703309791808);
#9552=LINE('',#9549,#9551);
#9553=EDGE_CURVE('',#9500,#9548,#9552,.T.);
#9554=ORIENTED_EDGE('',*,*,#9553,.T.);
#9555=CARTESIAN_POINT('',(-0.040483220907174,-0.071327802714875,-0.039370078740157));
#9556=VERTEX_POINT('',#9555);
#9557=CARTESIAN_POINT('',(-0.034915450976571,-0.076895572645477,-0.031496062992126));
#9558=DIRECTION('',(-0.500000000000003,0.499999999999998,-0.707106781186547));
#9559=VECTOR('',#9558,0.011135539861205);
#9560=LINE('',#9557,#9559);
#9561=EDGE_CURVE('',#9548,#9556,#9560,.T.);
#9562=ORIENTED_EDGE('',*,*,#9561,.T.);
#9563=CARTESIAN_POINT('',(-0.040483220907174,-0.071327802714875,-0.039370078740157));
#9564=DIRECTION('',(0.707106781186546,0.707106781186549,0.0));
#9565=VECTOR('',#9564,0.016703309791808);
#9566=LINE('',#9563,#9565);
#9567=EDGE_CURVE('',#9556,#9508,#9566,.T.);
#9568=ORIENTED_EDGE('',*,*,#9567,.T.);
#9569=EDGE_LOOP('',(#9546,#9554,#9562,#9568));
#9570=FACE_OUTER_BOUND('',#9569,.T.);
#9571=ADVANCED_FACE('',(#9570),#9545,.T.);
#9572=CARTESIAN_POINT('',(-0.034915450976571,-0.076895572645477,-0.007874015748031));
#9573=DIRECTION('',(0.707106781186549,-0.707106781186546,0.0));
#9574=DIRECTION('',(0.0,0.0,-1.0));
#9575=AXIS2_PLACEMENT_3D('',#9572,#9573,#9574);
#9576=PLANE('',#9575);
#9577=ORIENTED_EDGE('',*,*,#9553,.F.);
#9578=ORIENTED_EDGE('',*,*,#9505,.F.);
#9579=CARTESIAN_POINT('',(-0.034915450976571,-0.076895572645477,-0.007874015748031));
#9580=VERTEX_POINT('',#9579);
#9581=CARTESIAN_POINT('',(-0.034915450976571,-0.076895572645477,-0.007874015748031));
#9582=DIRECTION('',(0.707106781186546,0.707106781186549,0.0));
#9583=VECTOR('',#9582,0.016703309791808);
#9584=LINE('',#9581,#9583);
#9585=EDGE_CURVE('',#9580,#9492,#9584,.T.);
#9586=ORIENTED_EDGE('',*,*,#9585,.F.);
#9587=CARTESIAN_POINT('',(-0.034915450976571,-0.076895572645477,-0.007874015748031));
#9588=DIRECTION('',(0.0,0.0,-1.0));
#9589=VECTOR('',#9588,0.023622047244094);
#9590=LINE('',#9587,#9589);
#9591=EDGE_CURVE('',#9580,#9548,#9590,.T.);
#9592=ORIENTED_EDGE('',*,*,#9591,.T.);
#9593=EDGE_LOOP('',(#9577,#9578,#9586,#9592));
#9594=FACE_OUTER_BOUND('',#9593,.T.);
#9595=ADVANCED_FACE('',(#9594),#9576,.T.);
#9596=CARTESIAN_POINT('',(-0.052841832310819,-0.053063679500205,-0.187007874015748));
#9597=DIRECTION('',(0.707106781186546,0.707106781186549,6.368795E-030));
#9598=DIRECTION('',(0.500000000000001,-0.499999999999999,-0.707106781186548));
#9599=AXIS2_PLACEMENT_3D('',#9596,#9597,#9598);
#9600=CYLINDRICAL_SURFACE('',#9599,0.021653543307087);
#9601=ORIENTED_EDGE('',*,*,#9530,.T.);
#9602=CARTESIAN_POINT('',(-0.040483220907174,-0.071327802714875,-0.187007874015748));
#9603=VERTEX_POINT('',#9602);
#9604=CARTESIAN_POINT('',(-0.028672197285126,-0.059516779092828,-0.187007874015748));
#9605=DIRECTION('',(-0.707106781186545,-0.707106781186549,0.0));
#9606=VECTOR('',#9605,0.016703309791808);
#9607=LINE('',#9604,#9606);
#9608=EDGE_CURVE('',#9516,#9603,#9607,.T.);
#9609=ORIENTED_EDGE('',*,*,#9608,.T.);
#9610=CARTESIAN_POINT('',(-0.071105955525489,-0.04070506809656,-0.187007874015748));
#9611=VERTEX_POINT('',#9610);
#9612=CARTESIAN_POINT('',(-0.055794588216331,-0.056016435405717,-0.187007874015748));
#9613=DIRECTION('',(0.707106781186545,0.70710678118655,-8.881784E-016));
#9614=DIRECTION('',(-0.500000000000001,0.499999999999997,-0.707106781186549));
#9615=AXIS2_PLACEMENT_3D('',#9612,#9613,#9614);
#9616=CIRCLE('',#9615,0.021653543307087);
#9617=EDGE_CURVE('',#9603,#9611,#9616,.T.);
#9618=ORIENTED_EDGE('',*,*,#9617,.T.);
#9619=CARTESIAN_POINT('',(-0.071105955525489,-0.04070506809656,-0.187007874015748));
#9620=DIRECTION('',(0.707106781186545,0.70710678118655,0.0));
#9621=VECTOR('',#9620,0.016703309791808);
#9622=LINE('',#9619,#9621);
#9623=EDGE_CURVE('',#9611,#9524,#9622,.T.);
#9624=ORIENTED_EDGE('',*,*,#9623,.T.);
#9625=EDGE_LOOP('',(#9601,#9609,#9618,#9624));
#9626=FACE_OUTER_BOUND('',#9625,.T.);
#9627=ADVANCED_FACE('',(#9626),#9600,.T.);
#9628=CARTESIAN_POINT('',(-0.040483220907174,-0.071327802714875,-0.039370078740157));
#9629=DIRECTION('',(0.707106781186549,-0.707106781186546,0.0));
#9630=DIRECTION('',(0.0,0.0,-1.0));
#9631=AXIS2_PLACEMENT_3D('',#9628,#9629,#9630);
#9632=PLANE('',#9631);
#9633=ORIENTED_EDGE('',*,*,#9608,.F.);
#9634=ORIENTED_EDGE('',*,*,#9521,.F.);
#9635=ORIENTED_EDGE('',*,*,#9567,.F.);
#9636=CARTESIAN_POINT('',(-0.040483220907174,-0.071327802714875,-0.039370078740157));
#9637=DIRECTION('',(0.0,0.0,-1.0));
#9638=VECTOR('',#9637,0.147637795275591);
#9639=LINE('',#9636,#9638);
#9640=EDGE_CURVE('',#9556,#9603,#9639,.T.);
#9641=ORIENTED_EDGE('',*,*,#9640,.T.);
#9642=EDGE_LOOP('',(#9633,#9634,#9635,#9641));
#9643=FACE_OUTER_BOUND('',#9642,.T.);
#9644=ADVANCED_FACE('',(#9643),#9632,.T.);
#9645=CARTESIAN_POINT('',(-0.059294931903441,-0.028894044474513,-0.039370078740157));
#9646=DIRECTION('',(-0.707106781186549,0.707106781186546,0.0));
#9647=DIRECTION('',(0.0,0.0,1.0));
#9648=AXIS2_PLACEMENT_3D('',#9645,#9646,#9647);
#9649=PLANE('',#9648);
#9650=ORIENTED_EDGE('',*,*,#9623,.F.);
#9651=CARTESIAN_POINT('',(-0.071105955525489,-0.04070506809656,-0.039370078740157));
#9652=DIRECTION('',(0.0,0.0,-1.0));
#9653=VECTOR('',#9652,0.147637795275591);
#9654=LINE('',#9651,#9653);
#9655=EDGE_CURVE('',#9411,#9611,#9654,.T.);
#9656=ORIENTED_EDGE('',*,*,#9655,.F.);
#9657=ORIENTED_EDGE('',*,*,#9440,.F.);
#9658=ORIENTED_EDGE('',*,*,#9536,.T.);
#9659=EDGE_LOOP('',(#9650,#9656,#9657,#9658));
#9660=FACE_OUTER_BOUND('',#9659,.T.);
#9661=ADVANCED_FACE('',(#9660),#9649,.T.);
#9662=CARTESIAN_POINT('',(-0.064862701834044,-0.02332627454391,-0.007874015748031));
#9663=DIRECTION('',(-0.707106781186549,0.707106781186546,0.0));
#9664=DIRECTION('',(0.0,0.0,1.0));
#9665=AXIS2_PLACEMENT_3D('',#9662,#9663,#9664);
#9666=PLANE('',#9665);
#9667=ORIENTED_EDGE('',*,*,#9426,.F.);
#9668=CARTESIAN_POINT('',(-0.076673725456091,-0.035137298165957,-0.007874015748031));
#9669=VERTEX_POINT('',#9668);
#9670=CARTESIAN_POINT('',(-0.076673725456091,-0.035137298165957,-0.007874015748031));
#9671=DIRECTION('',(0.0,0.0,-1.0));
#9672=VECTOR('',#9671,0.023622047244094);
#9673=LINE('',#9670,#9672);
#9674=EDGE_CURVE('',#9669,#9413,#9673,.T.);
#9675=ORIENTED_EDGE('',*,*,#9674,.F.);
#9676=CARTESIAN_POINT('',(-0.064862701834044,-0.02332627454391,-0.007874015748031));
#9677=DIRECTION('',(-0.707106781186547,-0.707106781186548,0.0));
#9678=VECTOR('',#9677,0.016703309791808);
#9679=LINE('',#9676,#9678);
#9680=EDGE_CURVE('',#9452,#9669,#9679,.T.);
#9681=ORIENTED_EDGE('',*,*,#9680,.F.);
#9682=ORIENTED_EDGE('',*,*,#9457,.T.);
#9683=EDGE_LOOP('',(#9667,#9675,#9681,#9682));
#9684=FACE_OUTER_BOUND('',#9683,.T.);
#9685=ADVANCED_FACE('',(#9684),#9666,.T.);
#9686=CARTESIAN_POINT('',(-0.049889076405307,-0.050110923594694,-0.007874015748031));
#9687=DIRECTION('',(0.0,0.0,-1.0));
#9688=DIRECTION('',(0.0,1.0,0.0));
#9689=AXIS2_PLACEMENT_3D('',#9686,#9687,#9688);
#9690=PLANE('',#9689);
#9691=ORIENTED_EDGE('',*,*,#9680,.T.);
#9692=CARTESIAN_POINT('',(-0.086417322834646,-0.025393700787402,-0.007874015748031));
#9693=VERTEX_POINT('',#9692);
#9694=CARTESIAN_POINT('',(-0.086417322834646,-0.025393700787402,-0.007874015748031));
#9695=DIRECTION('',(0.707106781186549,-0.707106781186546,0.0));
#9696=VECTOR('',#9695,0.013779527559055);
#9697=LINE('',#9694,#9696);
#9698=EDGE_CURVE('',#9693,#9669,#9697,.T.);
#9699=ORIENTED_EDGE('',*,*,#9698,.F.);
#9700=CARTESIAN_POINT('',(-0.074606299212599,-0.013582677165355,-0.007874015748031));
#9701=DIRECTION('',(-0.707106781186545,-0.70710678118655,0.0));
#9702=VECTOR('',#9701,0.016703309791808);
#9703=LINE('',#9700,#9702);
#9704=EDGE_CURVE('',#9460,#9693,#9703,.T.);
#9705=ORIENTED_EDGE('',*,*,#9704,.F.);
#9706=ORIENTED_EDGE('',*,*,#9465,.F.);
#9707=EDGE_LOOP('',(#9691,#9699,#9705,#9706));
#9708=FACE_OUTER_BOUND('',#9707,.T.);
#9709=ADVANCED_FACE('',(#9708),#9690,.T.);
#9710=CARTESIAN_POINT('',(-0.086417322834646,-0.025393700787402,0.00511811023622));
#9711=DIRECTION('',(-0.707106781186546,-0.707106781186549,0.0));
#9712=DIRECTION('',(0.0,0.0,-1.0));
#9713=AXIS2_PLACEMENT_3D('',#9710,#9711,#9712);
#9714=PLANE('',#9713);
#9715=ORIENTED_EDGE('',*,*,#9418,.F.);
#9716=ORIENTED_EDGE('',*,*,#9655,.T.);
#9717=ORIENTED_EDGE('',*,*,#9617,.F.);
#9718=ORIENTED_EDGE('',*,*,#9640,.F.);
#9719=ORIENTED_EDGE('',*,*,#9561,.F.);
#9720=ORIENTED_EDGE('',*,*,#9591,.F.);
#9721=CARTESIAN_POINT('',(-0.025171853598016,-0.086639170024032,-0.007874015748031));
#9722=VERTEX_POINT('',#9721);
#9723=CARTESIAN_POINT('',(-0.034915450976571,-0.076895572645477,-0.007874015748031));
#9724=DIRECTION('',(0.707106781186549,-0.707106781186546,0.0));
#9725=VECTOR('',#9724,0.013779527559055);
#9726=LINE('',#9723,#9725);
#9727=EDGE_CURVE('',#9580,#9722,#9726,.T.);
#9728=ORIENTED_EDGE('',*,*,#9727,.T.);
#9729=CARTESIAN_POINT('',(-0.025171853598016,-0.086639170024032,0.00511811023622));
#9730=VERTEX_POINT('',#9729);
#9731=CARTESIAN_POINT('',(-0.025171853598016,-0.086639170024032,0.00511811023622));
#9732=DIRECTION('',(0.0,0.0,-1.0));
#9733=VECTOR('',#9732,0.012992125984252);
#9734=LINE('',#9731,#9733);
#9735=EDGE_CURVE('',#9730,#9722,#9734,.T.);
#9736=ORIENTED_EDGE('',*,*,#9735,.F.);
#9737=CARTESIAN_POINT('',(-0.086417322834646,-0.025393700787402,0.00511811023622));
#9738=VERTEX_POINT('',#9737);
#9739=CARTESIAN_POINT('',(-0.086417322834646,-0.025393700787402,0.00511811023622));
#9740=DIRECTION('',(0.707106781186549,-0.707106781186546,0.0));
#9741=VECTOR('',#9740,0.086614173228346);
#9742=LINE('',#9739,#9741);
#9743=EDGE_CURVE('',#9738,#9730,#9742,.T.);
#9744=ORIENTED_EDGE('',*,*,#9743,.F.);
#9745=CARTESIAN_POINT('',(-0.086417322834646,-0.025393700787402,0.00511811023622));
#9746=DIRECTION('',(0.0,0.0,-1.0));
#9747=VECTOR('',#9746,0.012992125984252);
#9748=LINE('',#9745,#9747);
#9749=EDGE_CURVE('',#9738,#9693,#9748,.T.);
#9750=ORIENTED_EDGE('',*,*,#9749,.T.);
#9751=ORIENTED_EDGE('',*,*,#9698,.T.);
#9752=ORIENTED_EDGE('',*,*,#9674,.T.);
#9753=EDGE_LOOP('',(#9715,#9716,#9717,#9718,#9719,#9720,#9728,#9736,#9744,#9750,#9751,#9752));
#9754=FACE_OUTER_BOUND('',#9753,.T.);
#9755=ADVANCED_FACE('',(#9754),#9714,.T.);
#9756=CARTESIAN_POINT('',(-0.025171853598016,-0.086639170024032,0.00511811023622));
#9757=DIRECTION('',(0.707106781186549,-0.707106781186546,0.0));
#9758=DIRECTION('',(0.0,0.0,-1.0));
#9759=AXIS2_PLACEMENT_3D('',#9756,#9757,#9758);
#9760=PLANE('',#9759);
#9761=CARTESIAN_POINT('',(-0.025171853598016,-0.086639170024032,-0.007874015748031));
#9762=DIRECTION('',(0.707106781186546,0.707106781186549,0.0));
#9763=VECTOR('',#9762,0.016703309791808);
#9764=LINE('',#9761,#9763);
#9765=EDGE_CURVE('',#9722,#9484,#9764,.T.);
#9766=ORIENTED_EDGE('',*,*,#9765,.T.);
#9767=ORIENTED_EDGE('',*,*,#9489,.F.);
#9768=CARTESIAN_POINT('',(-0.025171853598016,-0.086639170024032,0.00511811023622));
#9769=DIRECTION('',(0.707106781186546,0.707106781186549,0.0));
#9770=VECTOR('',#9769,0.016703309791808);
#9771=LINE('',#9768,#9770);
#9772=EDGE_CURVE('',#9730,#9476,#9771,.T.);
#9773=ORIENTED_EDGE('',*,*,#9772,.F.);
#9774=ORIENTED_EDGE('',*,*,#9735,.T.);
#9775=EDGE_LOOP('',(#9766,#9767,#9773,#9774));
#9776=FACE_OUTER_BOUND('',#9775,.T.);
#9777=ADVANCED_FACE('',(#9776),#9760,.T.);
#9778=CARTESIAN_POINT('',(-0.074606299212599,-0.013582677165355,0.00511811023622));
#9779=DIRECTION('',(-0.707106781186549,0.707106781186546,0.0));
#9780=DIRECTION('',(0.0,0.0,1.0));
#9781=AXIS2_PLACEMENT_3D('',#9778,#9779,#9780);
#9782=PLANE('',#9781);
#9783=ORIENTED_EDGE('',*,*,#9704,.T.);
#9784=ORIENTED_EDGE('',*,*,#9749,.F.);
#9785=CARTESIAN_POINT('',(-0.074606299212599,-0.013582677165355,0.00511811023622));
#9786=DIRECTION('',(-0.707106781186545,-0.70710678118655,0.0));
#9787=VECTOR('',#9786,0.016703309791808);
#9788=LINE('',#9785,#9787);
#9789=EDGE_CURVE('',#9468,#9738,#9788,.T.);
#9790=ORIENTED_EDGE('',*,*,#9789,.F.);
#9791=ORIENTED_EDGE('',*,*,#9473,.T.);
#9792=EDGE_LOOP('',(#9783,#9784,#9790,#9791));
#9793=FACE_OUTER_BOUND('',#9792,.T.);
#9794=ADVANCED_FACE('',(#9793),#9782,.T.);
#9795=CARTESIAN_POINT('',(-0.049889076405307,-0.050110923594694,-0.007874015748031));
#9796=DIRECTION('',(0.0,0.0,-1.0));
#9797=DIRECTION('',(0.0,1.0,0.0));
#9798=AXIS2_PLACEMENT_3D('',#9795,#9796,#9797);
#9799=PLANE('',#9798);
#9800=ORIENTED_EDGE('',*,*,#9585,.T.);
#9801=ORIENTED_EDGE('',*,*,#9497,.F.);
#9802=ORIENTED_EDGE('',*,*,#9765,.F.);
#9803=ORIENTED_EDGE('',*,*,#9727,.F.);
#9804=EDGE_LOOP('',(#9800,#9801,#9802,#9803));
#9805=FACE_OUTER_BOUND('',#9804,.T.);
#9806=ADVANCED_FACE('',(#9805),#9799,.T.);
#9807=CARTESIAN_POINT('',(-0.049889076405307,-0.050110923594694,0.00511811023622));
#9808=DIRECTION('',(0.0,0.0,-1.0));
#9809=DIRECTION('',(0.0,1.0,0.0));
#9810=AXIS2_PLACEMENT_3D('',#9807,#9808,#9809);
#9811=PLANE('',#9810);
#9812=ORIENTED_EDGE('',*,*,#9789,.T.);
#9813=ORIENTED_EDGE('',*,*,#9743,.T.);
#9814=ORIENTED_EDGE('',*,*,#9772,.T.);
#9815=ORIENTED_EDGE('',*,*,#9481,.T.);
#9816=EDGE_LOOP('',(#9812,#9813,#9814,#9815));
#9817=FACE_OUTER_BOUND('',#9816,.T.);
#9818=ADVANCED_FACE('',(#9817),#9811,.F.);
#9819=CLOSED_SHELL('',(#9444,#9540,#9571,#9595,#9627,#9644,#9661,#9685,#9709,#9755,#9777,#9794,#9806,#9818));
#9820=MANIFOLD_SOLID_BREP('terminal',#9819);
#9821=STYLED_ITEM('',(#7794,#8057),#9820);
#9822=COLOUR_RGB('',0.949019610881805,0.925490200519562,0.933333337306976);
#9823=FILL_AREA_STYLE_COLOUR('',#9822);
#9824=FILL_AREA_STYLE('',(#9823));
#9825=SURFACE_STYLE_FILL_AREA(#9824);
#9826=SURFACE_SIDE_STYLE('',(#9825));
#9827=SURFACE_STYLE_USAGE(.BOTH.,#9826);
#9828=PRESENTATION_STYLE_ASSIGNMENT((#9827));
#9829=OVER_RIDING_STYLED_ITEM('',(#9828),#9444,#9821);
#9830=OVER_RIDING_STYLED_ITEM('',(#9828),#9540,#9821);
#9831=OVER_RIDING_STYLED_ITEM('',(#9828),#9571,#9821);
#9832=OVER_RIDING_STYLED_ITEM('',(#9828),#9595,#9821);
#9833=OVER_RIDING_STYLED_ITEM('',(#9828),#9627,#9821);
#9834=OVER_RIDING_STYLED_ITEM('',(#9828),#9644,#9821);
#9835=OVER_RIDING_STYLED_ITEM('',(#9828),#9661,#9821);
#9836=OVER_RIDING_STYLED_ITEM('',(#9828),#9685,#9821);
#9837=OVER_RIDING_STYLED_ITEM('',(#9828),#9709,#9821);
#9838=OVER_RIDING_STYLED_ITEM('',(#9828),#9755,#9821);
#9839=OVER_RIDING_STYLED_ITEM('',(#9828),#9777,#9821);
#9840=OVER_RIDING_STYLED_ITEM('',(#9828),#9794,#9821);
#9841=OVER_RIDING_STYLED_ITEM('',(#9828),#9806,#9821);
#9842=OVER_RIDING_STYLED_ITEM('',(#9828),#9818,#9821);
#9843=MECHANICAL_DESIGN_GEOMETRIC_PRESENTATION_REPRESENTATION('',(#9821,#9829,#9830,#9831,#9832,#9833,#9834,#9835,#9836,#9837,#9838,#9839,#9840,#9841,#9842),#9404);
#9849=(NAMED_UNIT(*)PLANE_ANGLE_UNIT()SI_UNIT($,.RADIAN.));
#9850=DIMENSIONAL_EXPONENTS(0.0,0.0,0.0,0.0,0.0,0.0,0.0);
#9851=PLANE_ANGLE_MEASURE_WITH_UNIT(PLANE_ANGLE_MEASURE(0.0174532925),#9849);
#9855=(CONVERSION_BASED_UNIT('DEGREE',#9851)NAMED_UNIT(#9850)PLANE_ANGLE_UNIT());
#9859=(NAMED_UNIT(*)SI_UNIT($,.STERADIAN.)SOLID_ANGLE_UNIT());
#9863=(LENGTH_UNIT()NAMED_UNIT(*)SI_UNIT(.MILLI.,.METRE.));
#9865=UNCERTAINTY_MEASURE_WITH_UNIT(LENGTH_MEASURE(0.000001),#9863,'DISTANCE_ACCURACY_VALUE','');
#9867=(GEOMETRIC_REPRESENTATION_CONTEXT(3)GLOBAL_UNCERTAINTY_ASSIGNED_CONTEXT((#9865))GLOBAL_UNIT_ASSIGNED_CONTEXT((#9855,#9859,#9863))REPRESENTATION_CONTEXT('','3D'));
#9868=CARTESIAN_POINT('',(0.170937084585278,0.165031572774254,-0.035433070866142));
#9869=DIRECTION('',(0.499999999999999,0.500000000000002,-0.707106781186547));
#9870=DIRECTION('',(0.816496580927726,-5.551115E-017,0.577350269189625));
#9871=AXIS2_PLACEMENT_3D('',#9868,#9869,#9870);
#9872=PLANE('',#9871);
#9873=CARTESIAN_POINT('',(0.159294931903441,0.171105955525488,-0.039370078740157));
#9874=VERTEX_POINT('',#9873);
#9875=CARTESIAN_POINT('',(0.164862701834044,0.176673725456091,-0.031496062992126));
#9876=VERTEX_POINT('',#9875);
#9877=CARTESIAN_POINT('',(0.159294931903441,0.171105955525488,-0.039370078740157));
#9878=DIRECTION('',(0.5,0.500000000000005,0.707106781186544));
#9879=VECTOR('',#9878,0.011135539861206);
#9880=LINE('',#9877,#9879);
#9881=EDGE_CURVE('',#9874,#9876,#9880,.T.);
#9882=ORIENTED_EDGE('',*,*,#9881,.T.);
#9883=CARTESIAN_POINT('',(0.176673725456091,0.164862701834044,-0.031496062992126));
#9884=VERTEX_POINT('',#9883);
#9885=CARTESIAN_POINT('',(0.164862701834044,0.176673725456091,-0.031496062992126));
#9886=DIRECTION('',(0.707106781186548,-0.707106781186548,0.0));
#9887=VECTOR('',#9886,0.016703309791808);
#9888=LINE('',#9885,#9887);
#9889=EDGE_CURVE('',#9876,#9884,#9888,.T.);
#9890=ORIENTED_EDGE('',*,*,#9889,.T.);
#9891=CARTESIAN_POINT('',(0.171105955525488,0.159294931903441,-0.039370078740157));
#9892=VERTEX_POINT('',#9891);
#9893=CARTESIAN_POINT('',(0.176673725456091,0.164862701834044,-0.031496062992126));
#9894=DIRECTION('',(-0.500000000000001,-0.500000000000001,-0.707106781186547));
#9895=VECTOR('',#9894,0.011135539861206);
#9896=LINE('',#9893,#9895);
#9897=EDGE_CURVE('',#9884,#9892,#9896,.T.);
#9898=ORIENTED_EDGE('',*,*,#9897,.T.);
#9899=CARTESIAN_POINT('',(0.171105955525488,0.159294931903441,-0.039370078740157));
#9900=DIRECTION('',(-0.70710678118655,0.707106781186545,0.0));
#9901=VECTOR('',#9900,0.016703309791808);
#9902=LINE('',#9899,#9901);
#9903=EDGE_CURVE('',#9892,#9874,#9902,.T.);
#9904=ORIENTED_EDGE('',*,*,#9903,.T.);
#9905=EDGE_LOOP('',(#9882,#9890,#9898,#9904));
#9906=FACE_OUTER_BOUND('',#9905,.T.);
#9907=ADVANCED_FACE('',(#9906),#9872,.T.);
#9908=CARTESIAN_POINT('',(0.125171853598016,0.113360829975968,0.00511811023622));
#9909=DIRECTION('',(0.707106781186549,-0.707106781186546,0.0));
#9910=DIRECTION('',(0.0,0.0,1.0));
#9911=AXIS2_PLACEMENT_3D('',#9908,#9909,#9910);
#9912=PLANE('',#9911);
#9913=ORIENTED_EDGE('',*,*,#9897,.F.);
#9914=CARTESIAN_POINT('',(0.176673725456091,0.164862701834044,-0.007874015748031));
#9915=VERTEX_POINT('',#9914);
#9916=CARTESIAN_POINT('',(0.176673725456091,0.164862701834044,-0.007874015748031));
#9917=DIRECTION('',(0.0,0.0,-1.0));
#9918=VECTOR('',#9917,0.023622047244094);
#9919=LINE('',#9916,#9918);
#9920=EDGE_CURVE('',#9915,#9884,#9919,.T.);
#9921=ORIENTED_EDGE('',*,*,#9920,.F.);
#9922=CARTESIAN_POINT('',(0.186417322834646,0.174606299212598,-0.007874015748031));
#9923=VERTEX_POINT('',#9922);
#9924=CARTESIAN_POINT('',(0.176673725456091,0.164862701834044,-0.007874015748031));
#9925=DIRECTION('',(0.707106781186546,0.707106781186548,0.0));
#9926=VECTOR('',#9925,0.013779527559055);
#9927=LINE('',#9924,#9926);
#9928=EDGE_CURVE('',#9915,#9923,#9927,.T.);
#9929=ORIENTED_EDGE('',*,*,#9928,.T.);
#9930=CARTESIAN_POINT('',(0.186417322834646,0.174606299212598,0.00511811023622));
#9931=VERTEX_POINT('',#9930);
#9932=CARTESIAN_POINT('',(0.186417322834646,0.174606299212598,0.00511811023622));
#9933=DIRECTION('',(0.0,0.0,-1.0));
#9934=VECTOR('',#9933,0.012992125984252);
#9935=LINE('',#9932,#9934);
#9936=EDGE_CURVE('',#9931,#9923,#9935,.T.);
#9937=ORIENTED_EDGE('',*,*,#9936,.F.);
#9938=CARTESIAN_POINT('',(0.125171853598016,0.113360829975968,0.00511811023622));
#9939=VERTEX_POINT('',#9938);
#9940=CARTESIAN_POINT('',(0.125171853598016,0.113360829975968,0.00511811023622));
#9941=DIRECTION('',(0.707106781186546,0.707106781186549,0.0));
#9942=VECTOR('',#9941,0.086614173228346);
#9943=LINE('',#9940,#9942);
#9944=EDGE_CURVE('',#9939,#9931,#9943,.T.);
#9945=ORIENTED_EDGE('',*,*,#9944,.F.);
#9946=CARTESIAN_POINT('',(0.125171853598016,0.113360829975968,-0.007874015748031));
#9947=VERTEX_POINT('',#9946);
#9948=CARTESIAN_POINT('',(0.125171853598016,0.113360829975968,0.00511811023622));
#9949=DIRECTION('',(0.0,0.0,-1.0));
#9950=VECTOR('',#9949,0.012992125984252);
#9951=LINE('',#9948,#9950);
#9952=EDGE_CURVE('',#9939,#9947,#9951,.T.);
#9953=ORIENTED_EDGE('',*,*,#9952,.T.);
#9954=CARTESIAN_POINT('',(0.13491545097657,0.123104427354523,-0.007874015748031));
#9955=VERTEX_POINT('',#9954);
#9956=CARTESIAN_POINT('',(0.125171853598016,0.113360829975968,-0.007874015748031));
#9957=DIRECTION('',(0.707106781186546,0.707106781186549,0.0));
#9958=VECTOR('',#9957,0.013779527559055);
#9959=LINE('',#9956,#9958);
#9960=EDGE_CURVE('',#9947,#9955,#9959,.T.);
#9961=ORIENTED_EDGE('',*,*,#9960,.T.);
#9962=CARTESIAN_POINT('',(0.13491545097657,0.123104427354523,-0.031496062992126));
#9963=VERTEX_POINT('',#9962);
#9964=CARTESIAN_POINT('',(0.13491545097657,0.123104427354523,-0.007874015748031));
#9965=DIRECTION('',(0.0,0.0,-1.0));
#9966=VECTOR('',#9965,0.023622047244094);
#9967=LINE('',#9964,#9966);
#9968=EDGE_CURVE('',#9955,#9963,#9967,.T.);
#9969=ORIENTED_EDGE('',*,*,#9968,.T.);
#9970=CARTESIAN_POINT('',(0.140483220907173,0.128672197285126,-0.039370078740157));
#9971=VERTEX_POINT('',#9970);
#9972=CARTESIAN_POINT('',(0.140483220907173,0.128672197285126,-0.039370078740157));
#9973=DIRECTION('',(-0.499999999999997,-0.500000000000002,0.707106781186548));
#9974=VECTOR('',#9973,0.011135539861205);
#9975=LINE('',#9972,#9974);
#9976=EDGE_CURVE('',#9971,#9963,#9975,.T.);
#9977=ORIENTED_EDGE('',*,*,#9976,.F.);
#9978=CARTESIAN_POINT('',(0.140483220907173,0.128672197285126,-0.187007874015748));
#9979=VERTEX_POINT('',#9978);
#9980=CARTESIAN_POINT('',(0.140483220907173,0.128672197285126,-0.039370078740157));
#9981=DIRECTION('',(0.0,0.0,-1.0));
#9982=VECTOR('',#9981,0.147637795275591);
#9983=LINE('',#9980,#9982);
#9984=EDGE_CURVE('',#9971,#9979,#9983,.T.);
#9985=ORIENTED_EDGE('',*,*,#9984,.T.);
#9986=CARTESIAN_POINT('',(0.171105955525488,0.159294931903441,-0.187007874015748));
#9987=VERTEX_POINT('',#9986);
#9988=CARTESIAN_POINT('',(0.155794588216331,0.143983564594283,-0.187007874015748));
#9989=DIRECTION('',(-0.70710678118655,0.707106781186545,9.436896E-016));
#9990=DIRECTION('',(0.499999999999997,0.500000000000001,-0.707106781186549));
#9991=AXIS2_PLACEMENT_3D('',#9988,#9989,#9990);
#9992=CIRCLE('',#9991,0.021653543307087);
#9993=EDGE_CURVE('',#9987,#9979,#9992,.T.);
#9994=ORIENTED_EDGE('',*,*,#9993,.F.);
#9995=CARTESIAN_POINT('',(0.171105955525488,0.159294931903441,-0.039370078740157));
#9996=DIRECTION('',(0.0,0.0,-1.0));
#9997=VECTOR('',#9996,0.147637795275591);
#9998=LINE('',#9995,#9997);
#9999=EDGE_CURVE('',#9892,#9987,#9998,.T.);
#10000=ORIENTED_EDGE('',*,*,#9999,.F.);
#10001=EDGE_LOOP('',(#9913,#9921,#9929,#9937,#9945,#9953,#9961,#9969,#9977,#9985,#9994,#10000));
#10002=FACE_OUTER_BOUND('',#10001,.T.);
#10003=ADVANCED_FACE('',(#10002),#9912,.T.);
#10004=CARTESIAN_POINT('',(0.128841068225336,0.13474658003636,-0.035433070866142));
#10005=DIRECTION('',(-0.499999999999999,-0.500000000000002,-0.707106781186547));
#10006=DIRECTION('',(0.816496580927726,-5.551115E-017,-0.577350269189625));
#10007=AXIS2_PLACEMENT_3D('',#10004,#10005,#10006);
#10008=PLANE('',#10007);
#10009=ORIENTED_EDGE('',*,*,#9976,.T.);
#10010=CARTESIAN_POINT('',(0.123104427354523,0.13491545097657,-0.031496062992126));
#10011=VERTEX_POINT('',#10010);
#10012=CARTESIAN_POINT('',(0.13491545097657,0.123104427354523,-0.031496062992126));
#10013=DIRECTION('',(-0.70710678118655,0.707106781186545,0.0));
#10014=VECTOR('',#10013,0.016703309791808);
#10015=LINE('',#10012,#10014);
#10016=EDGE_CURVE('',#9963,#10011,#10015,.T.);
#10017=ORIENTED_EDGE('',*,*,#10016,.T.);
#10018=CARTESIAN_POINT('',(0.128672197285126,0.140483220907173,-0.039370078740157));
#10019=VERTEX_POINT('',#10018);
#10020=CARTESIAN_POINT('',(0.123104427354523,0.13491545097657,-0.031496062992126));
#10021=DIRECTION('',(0.499999999999998,0.500000000000002,-0.707106781186547));
#10022=VECTOR('',#10021,0.011135539861205);
#10023=LINE('',#10020,#10022);
#10024=EDGE_CURVE('',#10011,#10019,#10023,.T.);
#10025=ORIENTED_EDGE('',*,*,#10024,.T.);
#10026=CARTESIAN_POINT('',(0.128672197285126,0.140483220907173,-0.039370078740157));
#10027=DIRECTION('',(0.707106781186549,-0.707106781186546,0.0));
#10028=VECTOR('',#10027,0.016703309791808);
#10029=LINE('',#10026,#10028);
#10030=EDGE_CURVE('',#10019,#9971,#10029,.T.);
#10031=ORIENTED_EDGE('',*,*,#10030,.T.);
#10032=EDGE_LOOP('',(#10009,#10017,#10025,#10031));
#10033=FACE_OUTER_BOUND('',#10032,.T.);
#10034=ADVANCED_FACE('',(#10033),#10008,.T.);
#10035=CARTESIAN_POINT('',(0.123104427354523,0.13491545097657,-0.007874015748031));
#10036=DIRECTION('',(-0.707106781186546,-0.707106781186549,0.0));
#10037=DIRECTION('',(0.0,0.0,-1.0));
#10038=AXIS2_PLACEMENT_3D('',#10035,#10036,#10037);
#10039=PLANE('',#10038);
#10040=ORIENTED_EDGE('',*,*,#10016,.F.);
#10041=ORIENTED_EDGE('',*,*,#9968,.F.);
#10042=CARTESIAN_POINT('',(0.123104427354523,0.13491545097657,-0.007874015748031));
#10043=VERTEX_POINT('',#10042);
#10044=CARTESIAN_POINT('',(0.123104427354523,0.13491545097657,-0.007874015748031));
#10045=DIRECTION('',(0.707106781186549,-0.707106781186546,0.0));
#10046=VECTOR('',#10045,0.016703309791808);
#10047=LINE('',#10044,#10046);
#10048=EDGE_CURVE('',#10043,#9955,#10047,.T.);
#10049=ORIENTED_EDGE('',*,*,#10048,.F.);
#10050=CARTESIAN_POINT('',(0.123104427354523,0.13491545097657,-0.007874015748031));
#10051=DIRECTION('',(0.0,0.0,-1.0));
#10052=VECTOR('',#10051,0.023622047244094);
#10053=LINE('',#10050,#10052);
#10054=EDGE_CURVE('',#10043,#10011,#10053,.T.);
#10055=ORIENTED_EDGE('',*,*,#10054,.T.);
#10056=EDGE_LOOP('',(#10040,#10041,#10049,#10055));
#10057=FACE_OUTER_BOUND('',#10056,.T.);
#10058=ADVANCED_FACE('',(#10057),#10039,.T.);
#10059=CARTESIAN_POINT('',(0.146936320499795,0.152841832310819,-0.187007874015748));
#10060=DIRECTION('',(0.707106781186549,-0.707106781186546,6.368795E-030));
#10061=DIRECTION('',(-0.499999999999999,-0.500000000000001,-0.707106781186548));
#10062=AXIS2_PLACEMENT_3D('',#10059,#10060,#10061);
#10063=CYLINDRICAL_SURFACE('',#10062,0.021653543307087);
#10064=ORIENTED_EDGE('',*,*,#9993,.T.);
#10065=CARTESIAN_POINT('',(0.128672197285126,0.140483220907173,-0.187007874015748));
#10066=VERTEX_POINT('',#10065);
#10067=CARTESIAN_POINT('',(0.140483220907173,0.128672197285126,-0.187007874015748));
#10068=DIRECTION('',(-0.707106781186549,0.707106781186546,0.0));
#10069=VECTOR('',#10068,0.016703309791808);
#10070=LINE('',#10067,#10069);
#10071=EDGE_CURVE('',#9979,#10066,#10070,.T.);
#10072=ORIENTED_EDGE('',*,*,#10071,.T.);
#10073=CARTESIAN_POINT('',(0.159294931903441,0.171105955525488,-0.187007874015748));
#10074=VERTEX_POINT('',#10073);
#10075=CARTESIAN_POINT('',(0.143983564594283,0.155794588216331,-0.187007874015748));
#10076=DIRECTION('',(0.70710678118655,-0.707106781186545,-8.881784E-016));
#10077=DIRECTION('',(0.499999999999997,0.500000000000001,-0.707106781186549));
#10078=AXIS2_PLACEMENT_3D('',#10075,#10076,#10077);
#10079=CIRCLE('',#10078,0.021653543307087);
#10080=EDGE_CURVE('',#10066,#10074,#10079,.T.);
#10081=ORIENTED_EDGE('',*,*,#10080,.T.);
#10082=CARTESIAN_POINT('',(0.159294931903441,0.171105955525488,-0.187007874015748));
#10083=DIRECTION('',(0.707106781186549,-0.707106781186546,0.0));
#10084=VECTOR('',#10083,0.016703309791808);
#10085=LINE('',#10082,#10084);
#10086=EDGE_CURVE('',#10074,#9987,#10085,.T.);
#10087=ORIENTED_EDGE('',*,*,#10086,.T.);
#10088=EDGE_LOOP('',(#10064,#10072,#10081,#10087));
#10089=FACE_OUTER_BOUND('',#10088,.T.);
#10090=ADVANCED_FACE('',(#10089),#10063,.T.);
#10091=CARTESIAN_POINT('',(0.128672197285126,0.140483220907173,-0.039370078740157));
#10092=DIRECTION('',(-0.707106781186546,-0.707106781186549,0.0));
#10093=DIRECTION('',(0.0,0.0,-1.0));
#10094=AXIS2_PLACEMENT_3D('',#10091,#10092,#10093);
#10095=PLANE('',#10094);
#10096=ORIENTED_EDGE('',*,*,#10071,.F.);
#10097=ORIENTED_EDGE('',*,*,#9984,.F.);
#10098=ORIENTED_EDGE('',*,*,#10030,.F.);
#10099=CARTESIAN_POINT('',(0.128672197285126,0.140483220907173,-0.039370078740157));
#10100=DIRECTION('',(0.0,0.0,-1.0));
#10101=VECTOR('',#10100,0.147637795275591);
#10102=LINE('',#10099,#10101);
#10103=EDGE_CURVE('',#10019,#10066,#10102,.T.);
#10104=ORIENTED_EDGE('',*,*,#10103,.T.);
#10105=EDGE_LOOP('',(#10096,#10097,#10098,#10104));
#10106=FACE_OUTER_BOUND('',#10105,.T.);
#10107=ADVANCED_FACE('',(#10106),#10095,.T.);
#10108=CARTESIAN_POINT('',(0.171105955525488,0.159294931903441,-0.039370078740157));
#10109=DIRECTION('',(0.707106781186546,0.707106781186549,0.0));
#10110=DIRECTION('',(0.0,0.0,1.0));
#10111=AXIS2_PLACEMENT_3D('',#10108,#10109,#10110);
#10112=PLANE('',#10111);
#10113=ORIENTED_EDGE('',*,*,#10086,.F.);
#10114=CARTESIAN_POINT('',(0.159294931903441,0.171105955525488,-0.039370078740157));
#10115=DIRECTION('',(0.0,0.0,-1.0));
#10116=VECTOR('',#10115,0.147637795275591);
#10117=LINE('',#10114,#10116);
#10118=EDGE_CURVE('',#9874,#10074,#10117,.T.);
#10119=ORIENTED_EDGE('',*,*,#10118,.F.);
#10120=ORIENTED_EDGE('',*,*,#9903,.F.);
#10121=ORIENTED_EDGE('',*,*,#9999,.T.);
#10122=EDGE_LOOP('',(#10113,#10119,#10120,#10121));
#10123=FACE_OUTER_BOUND('',#10122,.T.);
#10124=ADVANCED_FACE('',(#10123),#10112,.T.);
#10125=CARTESIAN_POINT('',(0.176673725456091,0.164862701834044,-0.007874015748031));
#10126=DIRECTION('',(0.707106781186546,0.707106781186549,0.0));
#10127=DIRECTION('',(0.0,0.0,1.0));
#10128=AXIS2_PLACEMENT_3D('',#10125,#10126,#10127);
#10129=PLANE('',#10128);
#10130=ORIENTED_EDGE('',*,*,#9889,.F.);
#10131=CARTESIAN_POINT('',(0.164862701834044,0.176673725456091,-0.007874015748031));
#10132=VERTEX_POINT('',#10131);
#10133=CARTESIAN_POINT('',(0.164862701834044,0.176673725456091,-0.007874015748031));
#10134=DIRECTION('',(0.0,0.0,-1.0));
#10135=VECTOR('',#10134,0.023622047244094);
#10136=LINE('',#10133,#10135);
#10137=EDGE_CURVE('',#10132,#9876,#10136,.T.);
#10138=ORIENTED_EDGE('',*,*,#10137,.F.);
#10139=CARTESIAN_POINT('',(0.176673725456091,0.164862701834044,-0.007874015748031));
#10140=DIRECTION('',(-0.707106781186548,0.707106781186548,0.0));
#10141=VECTOR('',#10140,0.016703309791808);
#10142=LINE('',#10139,#10141);
#10143=EDGE_CURVE('',#9915,#10132,#10142,.T.);
#10144=ORIENTED_EDGE('',*,*,#10143,.F.);
#10145=ORIENTED_EDGE('',*,*,#9920,.T.);
#10146=EDGE_LOOP('',(#10130,#10138,#10144,#10145));
#10147=FACE_OUTER_BOUND('',#10146,.T.);
#10148=ADVANCED_FACE('',(#10147),#10129,.T.);
#10149=CARTESIAN_POINT('',(0.149889076405307,0.149889076405307,-0.007874015748031));
#10150=DIRECTION('',(0.0,0.0,-1.0));
#10151=DIRECTION('',(1.0,0.0,0.0));
#10152=AXIS2_PLACEMENT_3D('',#10149,#10150,#10151);
#10153=PLANE('',#10152);
#10154=ORIENTED_EDGE('',*,*,#10143,.T.);
#10155=CARTESIAN_POINT('',(0.174606299212598,0.186417322834646,-0.007874015748031));
#10156=VERTEX_POINT('',#10155);
#10157=CARTESIAN_POINT('',(0.174606299212598,0.186417322834646,-0.007874015748031));
#10158=DIRECTION('',(-0.707106781186545,-0.707106781186549,0.0));
#10159=VECTOR('',#10158,0.013779527559055);
#10160=LINE('',#10157,#10159);
#10161=EDGE_CURVE('',#10156,#10132,#10160,.T.);
#10162=ORIENTED_EDGE('',*,*,#10161,.F.);
#10163=CARTESIAN_POINT('',(0.186417322834646,0.174606299212598,-0.007874015748031));
#10164=DIRECTION('',(-0.70710678118655,0.707106781186545,0.0));
#10165=VECTOR('',#10164,0.016703309791808);
#10166=LINE('',#10163,#10165);
#10167=EDGE_CURVE('',#9923,#10156,#10166,.T.);
#10168=ORIENTED_EDGE('',*,*,#10167,.F.);
#10169=ORIENTED_EDGE('',*,*,#9928,.F.);
#10170=EDGE_LOOP('',(#10154,#10162,#10168,#10169));
#10171=FACE_OUTER_BOUND('',#10170,.T.);
#10172=ADVANCED_FACE('',(#10171),#10153,.T.);
#10173=CARTESIAN_POINT('',(0.174606299212598,0.186417322834646,0.00511811023622));
#10174=DIRECTION('',(-0.707106781186549,0.707106781186546,0.0));
#10175=DIRECTION('',(0.0,0.0,-1.0));
#10176=AXIS2_PLACEMENT_3D('',#10173,#10174,#10175);
#10177=PLANE('',#10176);
#10178=ORIENTED_EDGE('',*,*,#9881,.F.);
#10179=ORIENTED_EDGE('',*,*,#10118,.T.);
#10180=ORIENTED_EDGE('',*,*,#10080,.F.);
#10181=ORIENTED_EDGE('',*,*,#10103,.F.);
#10182=ORIENTED_EDGE('',*,*,#10024,.F.);
#10183=ORIENTED_EDGE('',*,*,#10054,.F.);
#10184=CARTESIAN_POINT('',(0.113360829975968,0.125171853598015,-0.007874015748031));
#10185=VERTEX_POINT('',#10184);
#10186=CARTESIAN_POINT('',(0.123104427354523,0.13491545097657,-0.007874015748031));
#10187=DIRECTION('',(-0.707106781186546,-0.707106781186549,0.0));
#10188=VECTOR('',#10187,0.013779527559055);
#10189=LINE('',#10186,#10188);
#10190=EDGE_CURVE('',#10043,#10185,#10189,.T.);
#10191=ORIENTED_EDGE('',*,*,#10190,.T.);
#10192=CARTESIAN_POINT('',(0.113360829975968,0.125171853598015,0.00511811023622));
#10193=VERTEX_POINT('',#10192);
#10194=CARTESIAN_POINT('',(0.113360829975968,0.125171853598015,0.00511811023622));
#10195=DIRECTION('',(0.0,0.0,-1.0));
#10196=VECTOR('',#10195,0.012992125984252);
#10197=LINE('',#10194,#10196);
#10198=EDGE_CURVE('',#10193,#10185,#10197,.T.);
#10199=ORIENTED_EDGE('',*,*,#10198,.F.);
#10200=CARTESIAN_POINT('',(0.174606299212598,0.186417322834646,0.00511811023622));
#10201=VERTEX_POINT('',#10200);
#10202=CARTESIAN_POINT('',(0.174606299212598,0.186417322834646,0.00511811023622));
#10203=DIRECTION('',(-0.707106781186546,-0.707106781186549,0.0));
#10204=VECTOR('',#10203,0.086614173228346);
#10205=LINE('',#10202,#10204);
#10206=EDGE_CURVE('',#10201,#10193,#10205,.T.);
#10207=ORIENTED_EDGE('',*,*,#10206,.F.);
#10208=CARTESIAN_POINT('',(0.174606299212598,0.186417322834646,0.00511811023622));
#10209=DIRECTION('',(0.0,0.0,-1.0));
#10210=VECTOR('',#10209,0.012992125984252);
#10211=LINE('',#10208,#10210);
#10212=EDGE_CURVE('',#10201,#10156,#10211,.T.);
#10213=ORIENTED_EDGE('',*,*,#10212,.T.);
#10214=ORIENTED_EDGE('',*,*,#10161,.T.);
#10215=ORIENTED_EDGE('',*,*,#10137,.T.);
#10216=EDGE_LOOP('',(#10178,#10179,#10180,#10181,#10182,#10183,#10191,#10199,#10207,#10213,#10214,#10215));
#10217=FACE_OUTER_BOUND('',#10216,.T.);
#10218=ADVANCED_FACE('',(#10217),#10177,.T.);
#10219=CARTESIAN_POINT('',(0.113360829975968,0.125171853598015,0.00511811023622));
#10220=DIRECTION('',(-0.707106781186546,-0.707106781186549,0.0));
#10221=DIRECTION('',(0.0,0.0,-1.0));
#10222=AXIS2_PLACEMENT_3D('',#10219,#10220,#10221);
#10223=PLANE('',#10222);
#10224=CARTESIAN_POINT('',(0.113360829975968,0.125171853598015,-0.007874015748031));
#10225=DIRECTION('',(0.707106781186549,-0.707106781186546,0.0));
#10226=VECTOR('',#10225,0.016703309791808);
#10227=LINE('',#10224,#10226);
#10228=EDGE_CURVE('',#10185,#9947,#10227,.T.);
#10229=ORIENTED_EDGE('',*,*,#10228,.T.);
#10230=ORIENTED_EDGE('',*,*,#9952,.F.);
#10231=CARTESIAN_POINT('',(0.113360829975968,0.125171853598015,0.00511811023622));
#10232=DIRECTION('',(0.707106781186549,-0.707106781186546,0.0));
#10233=VECTOR('',#10232,0.016703309791808);
#10234=LINE('',#10231,#10233);
#10235=EDGE_CURVE('',#10193,#9939,#10234,.T.);
#10236=ORIENTED_EDGE('',*,*,#10235,.F.);
#10237=ORIENTED_EDGE('',*,*,#10198,.T.);
#10238=EDGE_LOOP('',(#10229,#10230,#10236,#10237));
#10239=FACE_OUTER_BOUND('',#10238,.T.);
#10240=ADVANCED_FACE('',(#10239),#10223,.T.);
#10241=CARTESIAN_POINT('',(0.186417322834646,0.174606299212598,0.00511811023622));
#10242=DIRECTION('',(0.707106781186546,0.707106781186549,0.0));
#10243=DIRECTION('',(0.0,0.0,1.0));
#10244=AXIS2_PLACEMENT_3D('',#10241,#10242,#10243);
#10245=PLANE('',#10244);
#10246=ORIENTED_EDGE('',*,*,#10167,.T.);
#10247=ORIENTED_EDGE('',*,*,#10212,.F.);
#10248=CARTESIAN_POINT('',(0.186417322834646,0.174606299212598,0.00511811023622));
#10249=DIRECTION('',(-0.70710678118655,0.707106781186545,0.0));
#10250=VECTOR('',#10249,0.016703309791808);
#10251=LINE('',#10248,#10250);
#10252=EDGE_CURVE('',#9931,#10201,#10251,.T.);
#10253=ORIENTED_EDGE('',*,*,#10252,.F.);
#10254=ORIENTED_EDGE('',*,*,#9936,.T.);
#10255=EDGE_LOOP('',(#10246,#10247,#10253,#10254));
#10256=FACE_OUTER_BOUND('',#10255,.T.);
#10257=ADVANCED_FACE('',(#10256),#10245,.T.);
#10258=CARTESIAN_POINT('',(0.149889076405307,0.149889076405307,-0.007874015748031));
#10259=DIRECTION('',(0.0,0.0,-1.0));
#10260=DIRECTION('',(1.0,0.0,0.0));
#10261=AXIS2_PLACEMENT_3D('',#10258,#10259,#10260);
#10262=PLANE('',#10261);
#10263=ORIENTED_EDGE('',*,*,#10048,.T.);
#10264=ORIENTED_EDGE('',*,*,#9960,.F.);
#10265=ORIENTED_EDGE('',*,*,#10228,.F.);
#10266=ORIENTED_EDGE('',*,*,#10190,.F.);
#10267=EDGE_LOOP('',(#10263,#10264,#10265,#10266));
#10268=FACE_OUTER_BOUND('',#10267,.T.);
#10269=ADVANCED_FACE('',(#10268),#10262,.T.);
#10270=CARTESIAN_POINT('',(0.149889076405307,0.149889076405307,0.00511811023622));
#10271=DIRECTION('',(0.0,0.0,-1.0));
#10272=DIRECTION('',(1.0,0.0,0.0));
#10273=AXIS2_PLACEMENT_3D('',#10270,#10271,#10272);
#10274=PLANE('',#10273);
#10275=ORIENTED_EDGE('',*,*,#10252,.T.);
#10276=ORIENTED_EDGE('',*,*,#10206,.T.);
#10277=ORIENTED_EDGE('',*,*,#10235,.T.);
#10278=ORIENTED_EDGE('',*,*,#9944,.T.);
#10279=EDGE_LOOP('',(#10275,#10276,#10277,#10278));
#10280=FACE_OUTER_BOUND('',#10279,.T.);
#10281=ADVANCED_FACE('',(#10280),#10274,.F.);
#10282=CLOSED_SHELL('',(#9907,#10003,#10034,#10058,#10090,#10107,#10124,#10148,#10172,#10218,#10240,#10257,#10269,#10281));
#10283=MANIFOLD_SOLID_BREP('terminal_1',#10282);
#10284=STYLED_ITEM('',(#7794,#8057),#10283);
#10285=OVER_RIDING_STYLED_ITEM('',(#9828),#9907,#10284);
#10286=OVER_RIDING_STYLED_ITEM('',(#9828),#10003,#10284);
#10287=OVER_RIDING_STYLED_ITEM('',(#9828),#10034,#10284);
#10288=OVER_RIDING_STYLED_ITEM('',(#9828),#10058,#10284);
#10289=OVER_RIDING_STYLED_ITEM('',(#9828),#10090,#10284);
#10290=OVER_RIDING_STYLED_ITEM('',(#9828),#10107,#10284);
#10291=OVER_RIDING_STYLED_ITEM('',(#9828),#10124,#10284);
#10292=OVER_RIDING_STYLED_ITEM('',(#9828),#10148,#10284);
#10293=OVER_RIDING_STYLED_ITEM('',(#9828),#10172,#10284);
#10294=OVER_RIDING_STYLED_ITEM('',(#9828),#10218,#10284);
#10295=OVER_RIDING_STYLED_ITEM('',(#9828),#10240,#10284);
#10296=OVER_RIDING_STYLED_ITEM('',(#9828),#10257,#10284);
#10297=OVER_RIDING_STYLED_ITEM('',(#9828),#10269,#10284);
#10298=OVER_RIDING_STYLED_ITEM('',(#9828),#10281,#10284);
#10299=MECHANICAL_DESIGN_GEOMETRIC_PRESENTATION_REPRESENTATION('',(#10284,#10285,#10286,#10287,#10288,#10289,#10290,#10291,#10292,#10293,#10294,#10295,#10296,#10297,#10298),#9867);
ENDSEC;
END-ISO-10303-21;
