ISO-10303-21;
HEADER;
FILE_DESCRIPTION (( 'STEP AP214' ),
    '1' );
FILE_NAME ('150120RS75000.STEP',
    '2024-02-14T15:15:05',
    ( '' ),
    ( '' ),
    'SwSTEP 2.0',
    'SolidWorks 2021',
    '' );
FILE_SCHEMA (( 'AUTOMOTIVE_DESIGN' ));
ENDSEC;

DATA;
#1 = ORIENTED_EDGE ( 'NONE', *, *, #1410, .F. ) ;
#2 = LINE ( 'NONE', #191, #2585 ) ;
#3 = VERTEX_POINT ( 'NONE', #1785 ) ;
#4 = EDGE_CURVE ( 'NONE', #1886, #762, #2467, .T. ) ;
#5 = DIRECTION ( 'NONE',  ( 0.000000000000000000, -0.000000000000000000, 1.000000000000000000 ) ) ;
#6 = CARTESIAN_POINT ( 'NONE',  ( 0.9999999999999993339, 0.3800000000000000044, 0.5500000000000011546 ) ) ;
#7 = ORIENTED_EDGE ( 'NONE', *, *, #1849, .T. ) ;
#8 = ORIENTED_EDGE ( 'NONE', *, *, #218, .T. ) ;
#9 = CARTESIAN_POINT ( 'NONE',  ( -0.9957249612981705633, 0.4615725978149392006, -0.7607729275817601833 ) ) ;
#10 = DIRECTION ( 'NONE',  ( -1.000000000000000000, 0.000000000000000000, 0.000000000000000000 ) ) ;
#11 = PLANE ( 'NONE',  #1925 ) ;
#12 = ORIENTED_EDGE ( 'NONE', *, *, #2534, .T. ) ;
#13 = DIRECTION ( 'NONE',  ( 0.05226442768871403244, -0.9972646886342372285, 0.05226442768871403244 ) ) ;
#14 = DIRECTION ( 'NONE',  ( -1.000000000000000000, 0.000000000000000000, 0.000000000000000000 ) ) ;
#15 = VECTOR ( 'NONE', #2434, 1000.000000000000000 ) ;
#16 = CARTESIAN_POINT ( 'NONE',  ( 1.074999999999999734, 0.3450000000000000289, -0.5500000000000000444 ) ) ;
#17 = ORIENTED_EDGE ( 'NONE', *, *, #2910, .T. ) ;
#18 = EDGE_LOOP ( 'NONE', ( #211, #2305, #461, #1002, #2723 ) ) ;
#19 = VECTOR ( 'NONE', #1562, 1000.000000000000000 ) ;
#20 = VECTOR ( 'NONE', #2877, 1000.000000000000000 ) ;
#21 = FACE_OUTER_BOUND ( 'NONE', #371, .T. ) ;
#22 = FACE_OUTER_BOUND ( 'NONE', #45, .T. ) ;
#23 = ORIENTED_EDGE ( 'NONE', *, *, #215, .T. ) ;
#24 = UNCERTAINTY_MEASURE_WITH_UNIT (LENGTH_MEASURE( 1.000000000000000082E-05 ), #717, 'distance_accuracy_value', 'NONE');
#25 = DIRECTION ( 'NONE',  ( 0.000000000000000000, 0.05233595624294395260, 0.9986295347545739443 ) ) ;
#26 = LINE ( 'NONE', #2715, #1823 ) ;
#27 = EDGE_CURVE ( 'NONE', #65, #2381, #210, .T. ) ;
#28 = CARTESIAN_POINT ( 'NONE',  ( -0.9250000000000000444, 0.3800000000000000044, 0.8000000000000003775 ) ) ;
#29 = ORIENTED_EDGE ( 'NONE', *, *, #474, .F. ) ;
#30 = EDGE_LOOP ( 'NONE', ( #2564, #2478, #2298, #1076 ) ) ;
#31 = ORIENTED_EDGE ( 'NONE', *, *, #1034, .F. ) ;
#32 = VECTOR ( 'NONE', #1419, 1000.000000000000000 ) ;
#33 = DIRECTION ( 'NONE',  ( -1.000000000000000000, 0.000000000000000000, -4.336808689942019708E-16 ) ) ;
#34 = CIRCLE ( 'NONE', #1698, 0.03500000000000009354 ) ;
#35 = EDGE_CURVE ( 'NONE', #1549, #1322, #2943, .T. ) ;
#36 = VECTOR ( 'NONE', #1735, 1000.000000000000000 ) ;
#37 = CARTESIAN_POINT ( 'NONE',  ( 0.4763139720814413836, 0.05000000000000000278, 0.5500000000000000444 ) ) ;
#38 = PRESENTATION_LAYER_ASSIGNMENT (  '', '', ( #517 ) ) ;
#39 = FACE_OUTER_BOUND ( 'NONE', #454, .T. ) ;
#40 = EDGE_LOOP ( 'NONE', ( #1781, #2765, #449, #2354 ) ) ;
#41 = DIRECTION ( 'NONE',  ( 0.8660254037844385966, 0.000000000000000000, -0.5000000000000000000 ) ) ;
#42 = CARTESIAN_POINT ( 'NONE',  ( -1.250000000000000222, 0.3450000000000000289, -0.7999999999999999334 ) ) ;
#43 = CARTESIAN_POINT ( 'NONE',  ( 1.074999999999999734, 0.3450000000000000289, -0.7999999999999999334 ) ) ;
#44 = ORIENTED_EDGE ( 'NONE', *, *, #1261, .T. ) ;
#45 = EDGE_LOOP ( 'NONE', ( #715, #286, #1226, #2788 ) ) ;
#46 = EDGE_CURVE ( 'NONE', #887, #1976, #1065, .T. ) ;
#47 = EDGE_LOOP ( 'NONE', ( #2075, #2134, #2126, #2751 ) ) ;
#48 = EDGE_CURVE ( 'NONE', #1677, #2932, #843, .T. ) ;
#49 = DIRECTION ( 'NONE',  ( 0.05226442768871403938, 0.9972646886342372285, 0.05226442768871402550 ) ) ;
#50 = PRESENTATION_STYLE_ASSIGNMENT (( #1100 ) ) ;
#51 = DIRECTION ( 'NONE',  ( -1.000000000000000000, 0.000000000000000000, -3.101971637136721167E-15 ) ) ;
#52 = DIRECTION ( 'NONE',  ( 1.000000000000000000, 0.000000000000000000, -0.000000000000000000 ) ) ;
#53 = ORIENTED_EDGE ( 'NONE', *, *, #1516, .F. ) ;
#54 = DIRECTION ( 'NONE',  ( -0.000000000000000000, 0.000000000000000000, 1.000000000000000000 ) ) ;
#55 = DIRECTION ( 'NONE',  ( 0.000000000000000000, -0.000000000000000000, 1.000000000000000000 ) ) ;
#56 = ORIENTED_EDGE ( 'NONE', *, *, #1529, .T. ) ;
#57 = ORIENTED_EDGE ( 'NONE', *, *, #1695, .F. ) ;
#58 = VERTEX_POINT ( 'NONE', #1275 ) ;
#59 = FACE_OUTER_BOUND ( 'NONE', #1608, .T. ) ;
#60 = CARTESIAN_POINT ( 'NONE',  ( 0.4763139720814413836, 0.05000000000000000278, 0.5500000000000000444 ) ) ;
#61 = CARTESIAN_POINT ( 'NONE',  ( 0.9249999999999999334, 0.3450000000000000289, -0.5500000000000000444 ) ) ;
#62 = UNCERTAINTY_MEASURE_WITH_UNIT (LENGTH_MEASURE( 1.000000000000000082E-05 ), #1138, 'distance_accuracy_value', 'NONE');
#63 = AXIS2_PLACEMENT_3D ( 'NONE', #1220, #2133, #1641 ) ;
#64 = CARTESIAN_POINT ( 'NONE',  ( 1.600000000000000089, 0.000000000000000000, 0.5500000000000017097 ) ) ;
#65 = VERTEX_POINT ( 'NONE', #2188 ) ;
#66 = SURFACE_SIDE_STYLE ('',( #774 ) ) ;
#67 = VECTOR ( 'NONE', #462, 1000.000000000000000 ) ;
#68 = LINE ( 'NONE', #747, #978 ) ;
#69 = CARTESIAN_POINT ( 'NONE',  ( -1.600000000000000533, 0.3800000000000000044, -0.3750000000000000555 ) ) ;
#70 = ORIENTED_EDGE ( 'NONE', *, *, #1703, .F. ) ;
#71 = ORIENTED_EDGE ( 'NONE', *, *, #956, .F. ) ;
#72 = ORIENTED_EDGE ( 'NONE', *, *, #2153, .T. ) ;
#73 = CARTESIAN_POINT ( 'NONE',  ( -0.9250000000000001554, 0.3450000000000000289, 0.5500000000000004885 ) ) ;
#74 = CARTESIAN_POINT ( 'NONE',  ( 0.9458231284517625292, 0.7449999999999999956, 0.7458231284517626847 ) ) ;
#75 = CARTESIAN_POINT ( 'NONE',  ( 0.9596802994211079962, 0.4805894266286889205, -0.7596802994211087068 ) ) ;
#76 = LINE ( 'NONE', #742, #2686 ) ;
#77 = AXIS2_PLACEMENT_3D ( 'NONE', #2507, #1596, #466 ) ;
#78 = EDGE_CURVE ( 'NONE', #924, #1618, #1125, .T. ) ;
#79 = DIRECTION ( 'NONE',  ( -1.000000000000000000, 0.000000000000000000, 0.000000000000000000 ) ) ;
#80 = ORIENTED_EDGE ( 'NONE', *, *, #2136, .T. ) ;
#81 = CARTESIAN_POINT ( 'NONE',  ( -0.9999999999999997780, 0.000000000000000000, 0.5500000000000004885 ) ) ;
#82 = PLANE ( 'NONE',  #2035 ) ;
#83 = DIRECTION ( 'NONE',  ( 1.000000000000000000, 0.000000000000000000, 0.000000000000000000 ) ) ;
#84 = VECTOR ( 'NONE', #112, 1000.000000000000000 ) ;
#85 = STYLED_ITEM ( 'NONE', ( #570 ), #2392 ) ;
#86 = CARTESIAN_POINT ( 'NONE',  ( 0.9458231284517625292, 0.7449999999999999956, 0.7458231284517626847 ) ) ;
#87 = ORIENTED_EDGE ( 'NONE', *, *, #1359, .T. ) ;
#88 = VERTEX_POINT ( 'NONE', #2667 ) ;
#89 = VERTEX_POINT ( 'NONE', #620 ) ;
#90 = DIRECTION ( 'NONE',  ( 0.000000000000000000, 1.000000000000000000, 0.000000000000000000 ) ) ;
#91 = DIRECTION ( 'NONE',  ( 1.000000000000000000, 0.000000000000000000, 9.035018104045859108E-16 ) ) ;
#92 = CARTESIAN_POINT ( 'NONE',  ( -0.9250000000000001554, 0.3450000000000000289, 0.5500000000000004885 ) ) ;
#93 = PLANE ( 'NONE',  #1964 ) ;
#94 = ORIENTED_EDGE ( 'NONE', *, *, #2098, .T. ) ;
#95 = CARTESIAN_POINT ( 'NONE',  ( 0.9999999999999997780, 0.3800000000000000044, 0.7999999999999999334 ) ) ;
#96 = CARTESIAN_POINT ( 'NONE',  ( -0.9250000000000000444, 0.3800000000000000044, 0.8000000000000003775 ) ) ;
#97 =( NAMED_UNIT ( * ) SI_UNIT ( $, .STERADIAN. ) SOLID_ANGLE_UNIT ( ) );
#98 = EDGE_CURVE ( 'NONE', #1060, #418, #2448, .T. ) ;
#99 = FACE_OUTER_BOUND ( 'NONE', #2221, .T. ) ;
#100 = VERTEX_POINT ( 'NONE', #984 ) ;
#101 = ORIENTED_EDGE ( 'NONE', *, *, #1356, .F. ) ;
#102 = ORIENTED_EDGE ( 'NONE', *, *, #1529, .F. ) ;
#103 = DIRECTION ( 'NONE',  ( -9.856383386231861539E-16, 0.000000000000000000, 1.000000000000000000 ) ) ;
#104 = DIRECTION ( 'NONE',  ( 0.000000000000000000, 0.000000000000000000, 1.000000000000000000 ) ) ;
#105 = ADVANCED_FACE ( 'NONE', ( #2365 ), #2137, .F. ) ;
#106 = CARTESIAN_POINT ( 'NONE',  ( -1.250000000000000222, 0.3450000000000000289, -0.7999999999999999334 ) ) ;
#107 = AXIS2_PLACEMENT_3D ( 'NONE', #2122, #503, #83 ) ;
#108 = SURFACE_STYLE_USAGE ( .BOTH. , #66 ) ;
#109 = EDGE_CURVE ( 'NONE', #736, #2677, #2653, .T. ) ;
#110 = EDGE_CURVE ( 'NONE', #1271, #1733, #968, .T. ) ;
#111 = AXIS2_PLACEMENT_3D ( 'NONE', #1876, #2806, #2791 ) ;
#112 = DIRECTION ( 'NONE',  ( 0.000000000000000000, 1.000000000000000000, 0.000000000000000000 ) ) ;
#113 = DIRECTION ( 'NONE',  ( 0.000000000000000000, 0.000000000000000000, 1.000000000000000000 ) ) ;
#114 = ORIENTED_EDGE ( 'NONE', *, *, #2755, .F. ) ;
#115 = EDGE_LOOP ( 'NONE', ( #2001, #144, #1141, #2369 ) ) ;
#116 = FACE_OUTER_BOUND ( 'NONE', #494, .T. ) ;
#117 = ORIENTED_EDGE ( 'NONE', *, *, #2473, .F. ) ;
#118 = EDGE_CURVE ( 'NONE', #709, #1678, #2855, .T. ) ;
#119 = FACE_OUTER_BOUND ( 'NONE', #1013, .T. ) ;
#120 = VECTOR ( 'NONE', #1581, 1000.000000000000000 ) ;
#121 = FACE_OUTER_BOUND ( 'NONE', #1407, .T. ) ;
#122 = VECTOR ( 'NONE', #1959, 1000.000000000000000 ) ;
#123 = AXIS2_PLACEMENT_3D ( 'NONE', #695, #54, #1391 ) ;
#124 = VECTOR ( 'NONE', #1491, 1000.000000000000000 ) ;
#125 = ADVANCED_FACE ( 'NONE', ( #1882 ), #2811, .T. ) ;
#126 = DIRECTION ( 'NONE',  ( 0.000000000000000000, 0.000000000000000000, -1.000000000000000000 ) ) ;
#127 =( GEOMETRIC_REPRESENTATION_CONTEXT ( 3 ) GLOBAL_UNCERTAINTY_ASSIGNED_CONTEXT ( ( #2777 ) ) GLOBAL_UNIT_ASSIGNED_CONTEXT ( ( #1555, #2230, #1994 ) ) REPRESENTATION_CONTEXT ( 'NONE', 'WORKASPACE' ) );
#128 = FACE_OUTER_BOUND ( 'NONE', #2884, .T. ) ;
#129 = CYLINDRICAL_SURFACE ( 'NONE', #788, 0.3749999999999999445 ) ;
#130 = AXIS2_PLACEMENT_3D ( 'NONE', #539, #1212, #103 ) ;
#131 = ORIENTED_EDGE ( 'NONE', *, *, #859, .T. ) ;
#132 = ORIENTED_EDGE ( 'NONE', *, *, #2840, .F. ) ;
#133 = LINE ( 'NONE', #1302, #1795 ) ;
#134 = VECTOR ( 'NONE', #202, 1000.000000000000000 ) ;
#135 = FACE_OUTER_BOUND ( 'NONE', #1090, .T. ) ;
#136 = DIRECTION ( 'NONE',  ( -4.336808689942019708E-16, -0.000000000000000000, 1.000000000000000000 ) ) ;
#137 = EDGE_CURVE ( 'NONE', #160, #1665, #2796, .T. ) ;
#138 = PLANE ( 'NONE',  #419 ) ;
#139 = EDGE_CURVE ( 'NONE', #239, #65, #1688, .T. ) ;
#140 = DIRECTION ( 'NONE',  ( -0.000000000000000000, -0.000000000000000000, -1.000000000000000000 ) ) ;
#141 = CARTESIAN_POINT ( 'NONE',  ( -1.600000000000000533, 0.000000000000000000, 0.3750000000000002776 ) ) ;
#142 = CARTESIAN_POINT ( 'NONE',  ( 0.000000000000000000, 0.7449999999999999956, -0.7458231284517626847 ) ) ;
#143 = LINE ( 'NONE', #2234, #1967 ) ;
#144 = ORIENTED_EDGE ( 'NONE', *, *, #2638, .T. ) ;
#145 = VERTEX_POINT ( 'NONE', #96 ) ;
#146 = LINE ( 'NONE', #2429, #1699 ) ;
#147 = CARTESIAN_POINT ( 'NONE',  ( -1.600000000000000533, 0.000000000000000000, 1.084202172485504434E-16 ) ) ;
#148 = CARTESIAN_POINT ( 'NONE',  ( -0.9458231284517630844, 0.7449999999999999956, -0.7458231284517626847 ) ) ;
#149 = DIRECTION ( 'NONE',  ( -0.000000000000000000, -1.000000000000000000, 0.000000000000000000 ) ) ;
#150 = FILL_AREA_STYLE ('',( #1487 ) ) ;
#151 = CARTESIAN_POINT ( 'NONE',  ( 0.9249999999999998224, 0.3450000000000000289, -0.7999999999999999334 ) ) ;
#152 = VECTOR ( 'NONE', #2670, 1000.000000000000000 ) ;
#153 = ADVANCED_FACE ( 'NONE', ( #775 ), #2603, .F. ) ;
#154 = CARTESIAN_POINT ( 'NONE',  ( 1.600000000000000533, 0.000000000000000000, 1.889823385246634790E-15 ) ) ;
#155 = EDGE_CURVE ( 'NONE', #2083, #184, #760, .T. ) ;
#156 = VECTOR ( 'NONE', #1145, 1000.000000000000000 ) ;
#157 = SURFACE_SIDE_STYLE ('',( #2196 ) ) ;
#158 = CARTESIAN_POINT ( 'NONE',  ( 0.9249999999999998224, 0.3800000000000000044, 0.8000000000000001554 ) ) ;
#159 = VECTOR ( 'NONE', #10, 1000.000000000000000 ) ;
#160 = VERTEX_POINT ( 'NONE', #341 ) ;
#161 = ORIENTED_EDGE ( 'NONE', *, *, #2000, .T. ) ;
#162 = LINE ( 'NONE', #1711, #877 ) ;
#163 = LINE ( 'NONE', #1047, #1458 ) ;
#164 = LINE ( 'NONE', #6, #2205 ) ;
#165 = ORIENTED_EDGE ( 'NONE', *, *, #943, .T. ) ;
#166 = AXIS2_PLACEMENT_3D ( 'NONE', #1523, #2440, #648 ) ;
#167 = DIRECTION ( 'NONE',  ( 0.000000000000000000, -1.000000000000000000, 0.000000000000000000 ) ) ;
#168 = PRODUCT_RELATED_PRODUCT_CATEGORY ( 'part', '', ( #425 ) ) ;
#169 = LINE ( 'NONE', #2207, #152 ) ;
#170 = EDGE_CURVE ( 'NONE', #1620, #663, #1424, .T. ) ;
#171 = CARTESIAN_POINT ( 'NONE',  ( -1.000000000000000222, 0.3800000000000000044, 0.7999999999999999334 ) ) ;
#172 = EDGE_CURVE ( 'NONE', #1167, #737, #1233, .T. ) ;
#173 = FILL_AREA_STYLE ('',( #2211 ) ) ;
#174 = EDGE_LOOP ( 'NONE', ( #1850, #2844, #1873, #2921, #1415 ) ) ;
#175 = DIRECTION ( 'NONE',  ( 0.000000000000000000, 0.000000000000000000, -1.000000000000000000 ) ) ;
#176 = CARTESIAN_POINT ( 'NONE',  ( 0.4763139720814413836, 0.05000000000000000278, 0.5500000000000000444 ) ) ;
#177 = VECTOR ( 'NONE', #2269, 1000.000000000000000 ) ;
#178 = ORIENTED_EDGE ( 'NONE', *, *, #1244, .T. ) ;
#179 = DIRECTION ( 'NONE',  ( -1.000000000000000000, 0.000000000000000000, 6.672013369141570147E-16 ) ) ;
#180 = VECTOR ( 'NONE', #2924, 1000.000000000000000 ) ;
#181 = ORIENTED_EDGE ( 'NONE', *, *, #1736, .T. ) ;
#182 = DIRECTION ( 'NONE',  ( -0.000000000000000000, 1.000000000000000000, -0.000000000000000000 ) ) ;
#183 = CARTESIAN_POINT ( 'NONE',  ( 0.9249999999999999334, 0.3450000000000000289, -0.5500000000000000444 ) ) ;
#184 = VERTEX_POINT ( 'NONE', #353 ) ;
#185 = FACE_OUTER_BOUND ( 'NONE', #241, .T. ) ;
#186 = CARTESIAN_POINT ( 'NONE',  ( 1.074999999999999734, 0.3800000000000000044, -0.7999999999999999334 ) ) ;
#187 = EDGE_LOOP ( 'NONE', ( #2048, #1958, #2111, #2215 ) ) ;
#188 = CARTESIAN_POINT ( 'NONE',  ( 1.600000000000000089, 0.3800000000000000044, 0.5500000000000017097 ) ) ;
#189 = DIRECTION ( 'NONE',  ( -1.000000000000000000, -0.000000000000000000, -0.000000000000000000 ) ) ;
#190 = ORIENTED_EDGE ( 'NONE', *, *, #2887, .T. ) ;
#191 = CARTESIAN_POINT ( 'NONE',  ( 1.000000000000000444, 0.000000000000000000, -0.5499999999999984901 ) ) ;
#192 = ORIENTED_EDGE ( 'NONE', *, *, #1156, .F. ) ;
#193 = EDGE_CURVE ( 'NONE', #2395, #1354, #1011, .T. ) ;
#194 = DIRECTION ( 'NONE',  ( 0.000000000000000000, 1.000000000000000000, 0.000000000000000000 ) ) ;
#195 = CARTESIAN_POINT ( 'NONE',  ( 0.9249999999999998224, 0.3450000000000000289, -0.7999999999999999334 ) ) ;
#196 = EDGE_LOOP ( 'NONE', ( #2232, #764, #1455, #207 ) ) ;
#197 = LINE ( 'NONE', #1793, #2511 ) ;
#198 =( NAMED_UNIT ( * ) PLANE_ANGLE_UNIT ( ) SI_UNIT ( $, .RADIAN. ) );
#199 = EDGE_CURVE ( 'NONE', #565, #2083, #68, .T. ) ;
#200 = DIRECTION ( 'NONE',  ( -1.000000000000000000, 0.000000000000000000, 0.000000000000000000 ) ) ;
#201 = ORIENTED_EDGE ( 'NONE', *, *, #840, .F. ) ;
#202 = DIRECTION ( 'NONE',  ( -9.856383386231861539E-16, 0.000000000000000000, 1.000000000000000000 ) ) ;
#203 = DIRECTION ( 'NONE',  ( -1.000000000000000000, 0.000000000000000000, 6.672013369141568175E-16 ) ) ;
#204 = ADVANCED_FACE ( 'NONE', ( #128 ), #82, .T. ) ;
#205 = ORIENTED_EDGE ( 'NONE', *, *, #2899, .T. ) ;
#206 = CARTESIAN_POINT ( 'NONE',  ( -1.600000000000000533, 0.000000000000000000, 0.8000000000000001554 ) ) ;
#207 = ORIENTED_EDGE ( 'NONE', *, *, #478, .T. ) ;
#208 = FACE_OUTER_BOUND ( 'NONE', #2492, .T. ) ;
#209 = LINE ( 'NONE', #1806, #1243 ) ;
#210 = LINE ( 'NONE', #1108, #120 ) ;
#211 = ORIENTED_EDGE ( 'NONE', *, *, #1798, .F. ) ;
#212 = AXIS2_PLACEMENT_3D ( 'NONE', #1919, #757, #52 ) ;
#213 = VECTOR ( 'NONE', #1403, 1000.000000000000000 ) ;
#214 = EDGE_CURVE ( 'NONE', #2371, #1060, #1922, .T. ) ;
#215 = EDGE_CURVE ( 'NONE', #1396, #2238, #1027, .T. ) ;
#216 = CARTESIAN_POINT ( 'NONE',  ( 1.599999999999999645, 0.000000000000000000, 0.8000000000000001554 ) ) ;
#217 = DIRECTION ( 'NONE',  ( 0.8660254037844385966, -0.000000000000000000, 0.5000000000000000000 ) ) ;
#218 = EDGE_CURVE ( 'NONE', #1733, #145, #2121, .T. ) ;
#219 = ORIENTED_EDGE ( 'NONE', *, *, #1798, .T. ) ;
#220 = APPLICATION_CONTEXT ( 'automotive_design' ) ;
#221 = FACE_OUTER_BOUND ( 'NONE', #40, .T. ) ;
#222 = FACE_OUTER_BOUND ( 'NONE', #316, .T. ) ;
#223 = VERTEX_POINT ( 'NONE', #366 ) ;
#224 = LINE ( 'NONE', #2278, #1771 ) ;
#225 = ORIENTED_EDGE ( 'NONE', *, *, #137, .T. ) ;
#226 = CARTESIAN_POINT ( 'NONE',  ( 0.9249999999999999334, 0.3450000000000000289, -0.5500000000000000444 ) ) ;
#227 = FACE_OUTER_BOUND ( 'NONE', #1642, .T. ) ;
#228 = EDGE_LOOP ( 'NONE', ( #2394, #2043, #687 ) ) ;
#229 = VECTOR ( 'NONE', #1607, 1000.000000000000000 ) ;
#230 = ORIENTED_EDGE ( 'NONE', *, *, #862, .T. ) ;
#231 = CARTESIAN_POINT ( 'NONE',  ( 1.074999999999999734, 0.3450000000000000289, 0.8000000000000001554 ) ) ;
#232 = VECTOR ( 'NONE', #1223, 1000.000000000000000 ) ;
#233 = AXIS2_PLACEMENT_3D ( 'NONE', #1268, #1955, #2181 ) ;
#234 = CARTESIAN_POINT ( 'NONE',  ( -1.000000000000000000, 0.000000000000000000, -0.5500000000000000444 ) ) ;
#235 = CARTESIAN_POINT ( 'NONE',  ( -1.000000000000000444, 0.3800000000000000044, -0.7855339910196127429 ) ) ;
#236 = EDGE_LOOP ( 'NONE', ( #2003, #2814, #1300, #2743 ) ) ;
#237 = DIRECTION ( 'NONE',  ( 0.000000000000000000, 1.000000000000000000, 0.000000000000000000 ) ) ;
#238 = DIRECTION ( 'NONE',  ( 1.000000000000000000, -0.000000000000000000, 1.807003620809171920E-16 ) ) ;
#239 = VERTEX_POINT ( 'NONE', #1730 ) ;
#240 = PLANE ( 'NONE',  #1114 ) ;
#241 = EDGE_LOOP ( 'NONE', ( #71, #739, #961, #72, #2918, #2647 ) ) ;
#242 = EDGE_LOOP ( 'NONE', ( #2927, #117, #2528, #1602 ) ) ;
#243 = DIRECTION ( 'NONE',  ( 0.000000000000000000, 1.000000000000000000, 0.000000000000000000 ) ) ;
#244 = PRESENTATION_STYLE_ASSIGNMENT (( #459 ) ) ;
#245 = CARTESIAN_POINT ( 'NONE',  ( -1.000000000000000222, 0.3800000000000000044, -0.7650479662835896200 ) ) ;
#246 = EDGE_LOOP ( 'NONE', ( #1984, #102, #600, #796 ) ) ;
#247 = ADVANCED_FACE ( 'NONE', ( #2014 ), #409, .T. ) ;
#248 = CARTESIAN_POINT ( 'NONE',  ( 1.600000000000000977, 0.000000000000000000, -0.5499999999999978240 ) ) ;
#249 = EDGE_CURVE ( 'NONE', #2727, #2127, #830, .T. ) ;
#250 = CARTESIAN_POINT ( 'NONE',  ( 0.9999999999999993339, 0.3800000000000000044, 0.5500000000000011546 ) ) ;
#251 = LINE ( 'NONE', #2742, #651 ) ;
#252 = ORIENTED_EDGE ( 'NONE', *, *, #98, .F. ) ;
#253 = ORIENTED_EDGE ( 'NONE', *, *, #1183, .T. ) ;
#254 = ADVANCED_FACE ( 'NONE', ( #2867 ), #624, .T. ) ;
#255 = AXIS2_PLACEMENT_3D ( 'NONE', #2491, #2052, #1780 ) ;
#256 = VECTOR ( 'NONE', #2244, 1000.000000000000000 ) ;
#257 = CARTESIAN_POINT ( 'NONE',  ( 0.9650479662835896866, 0.3800000000000000044, 0.8000000000000001554 ) ) ;
#258 = EDGE_CURVE ( 'NONE', #1188, #2199, #2931, .T. ) ;
#259 = CARTESIAN_POINT ( 'NONE',  ( 0.9999999999999993339, 0.000000000000000000, 0.5500000000000011546 ) ) ;
#260 = EDGE_LOOP ( 'NONE', ( #2873, #2732, #549, #2339 ) ) ;
#261 = ADVANCED_FACE ( 'NONE', ( #393 ), #1329, .T. ) ;
#262 = EDGE_CURVE ( 'NONE', #386, #702, #1970, .T. ) ;
#263 = PLANE ( 'NONE',  #921 ) ;
#264 = EDGE_CURVE ( 'NONE', #2254, #2288, #815, .T. ) ;
#265 = CLOSED_SHELL ( 'NONE', ( #2938, #105, #1215, #434, #1689 ) ) ;
#266 = DIRECTION ( 'NONE',  ( 0.000000000000000000, 1.000000000000000000, 0.000000000000000000 ) ) ;
#267 = VECTOR ( 'NONE', #1950, 1000.000000000000000 ) ;
#268 = MECHANICAL_DESIGN_GEOMETRIC_PRESENTATION_REPRESENTATION (  '', ( #2834 ), #1551 ) ;
#269 = ORIENTED_EDGE ( 'NONE', *, *, #1574, .T. ) ;
#270 = EDGE_LOOP ( 'NONE', ( #1439, #2352, #2444, #2890, #658, #2204 ) ) ;
#271 = VECTOR ( 'NONE', #1539, 1000.000000000000000 ) ;
#272 = ORIENTED_EDGE ( 'NONE', *, *, #573, .T. ) ;
#273 = COLOUR_RGB ( '',1.000000000000000000, 0.8117647058823529438, 0.5019607843137254832 ) ;
#274 = LINE ( 'NONE', #1182, #1211 ) ;
#275 = AXIS2_PLACEMENT_3D ( 'NONE', #147, #1080, #2445 ) ;
#276 = AXIS2_PLACEMENT_3D ( 'NONE', #1032, #1697, #1228 ) ;
#277 = LINE ( 'NONE', #60, #1938 ) ;
#278 = FACE_OUTER_BOUND ( 'NONE', #2646, .T. ) ;
#279 = MECHANICAL_DESIGN_GEOMETRIC_PRESENTATION_REPRESENTATION (  '', ( #517 ), #2081 ) ;
#280 = CARTESIAN_POINT ( 'NONE',  ( 1.074999999999999734, 0.3450000000000000289, -0.7999999999999999334 ) ) ;
#281 = ORIENTED_EDGE ( 'NONE', *, *, #1872, .F. ) ;
#282 = FACE_OUTER_BOUND ( 'NONE', #1124, .T. ) ;
#283 = LINE ( 'NONE', #945, #829 ) ;
#284 = EDGE_LOOP ( 'NONE', ( #763, #1303, #1885, #190 ) ) ;
#285 = ORIENTED_EDGE ( 'NONE', *, *, #2534, .F. ) ;
#286 = ORIENTED_EDGE ( 'NONE', *, *, #264, .T. ) ;
#287 = DIRECTION ( 'NONE',  ( -0.05226442768871403244, -0.9972646886342372285, -0.05226442768871403244 ) ) ;
#288 = DIRECTION ( 'NONE',  ( 0.000000000000000000, 1.000000000000000000, 0.000000000000000000 ) ) ;
#289 = CARTESIAN_POINT ( 'NONE',  ( 0.9249999999999999334, 0.3450000000000000289, 0.5500000000000002665 ) ) ;
#290 = CARTESIAN_POINT ( 'NONE',  ( 0.000000000000000000, 0.05000000000000000278, 0.000000000000000000 ) ) ;
#291 = ORIENTED_EDGE ( 'NONE', *, *, #2687, .F. ) ;
#292 =( NAMED_UNIT ( * ) SI_UNIT ( $, .STERADIAN. ) SOLID_ANGLE_UNIT ( ) );
#293 = DIRECTION ( 'NONE',  ( -0.000000000000000000, -0.000000000000000000, -1.000000000000000000 ) ) ;
#294 = DIRECTION ( 'NONE',  ( -0.9986295347545737222, -0.05233595624294441057, 0.000000000000000000 ) ) ;
#295 = VERTEX_POINT ( 'NONE', #2673 ) ;
#296 = ORIENTED_EDGE ( 'NONE', *, *, #1254, .F. ) ;
#297 = EDGE_LOOP ( 'NONE', ( #1825, #1847, #1466, #1988 ) ) ;
#298 = VECTOR ( 'NONE', #622, 1000.000000000000000 ) ;
#299 = LINE ( 'NONE', #1195, #1652 ) ;
#300 = ADVANCED_FACE ( 'NONE', ( #1717 ), #1317, .T. ) ;
#301 = LINE ( 'NONE', #2146, #1603 ) ;
#302 = AXIS2_PLACEMENT_3D ( 'NONE', #2080, #1647, #1392 ) ;
#303 = LINE ( 'NONE', #1344, #2654 ) ;
#304 = VECTOR ( 'NONE', #842, 1000.000000000000000 ) ;
#305 = EDGE_CURVE ( 'NONE', #1677, #1692, #596, .T. ) ;
#306 = LINE ( 'NONE', #1201, #1773 ) ;
#307 = VECTOR ( 'NONE', #2360, 1000.000000000000000 ) ;
#308 = PLANE ( 'NONE',  #2108 ) ;
#309 = ORIENTED_EDGE ( 'NONE', *, *, #155, .F. ) ;
#310 = DIRECTION ( 'NONE',  ( 0.000000000000000000, 1.000000000000000000, 0.000000000000000000 ) ) ;
#311 = AXIS2_PLACEMENT_3D ( 'NONE', #2660, #850, #1087 ) ;
#312 = CARTESIAN_POINT ( 'NONE',  ( 0.4763139720814413836, 0.05000000000000000278, -0.5500000000000000444 ) ) ;
#313 =( NAMED_UNIT ( * ) PLANE_ANGLE_UNIT ( ) SI_UNIT ( $, .RADIAN. ) );
#314 = CARTESIAN_POINT ( 'NONE',  ( 1.600000000000000533, 0.000000000000000000, 1.889823385246634790E-15 ) ) ;
#315 = ORIENTED_EDGE ( 'NONE', *, *, #912, .T. ) ;
#316 = EDGE_LOOP ( 'NONE', ( #2408, #101, #2267, #382, #1571, #2142 ) ) ;
#317 = ORIENTED_EDGE ( 'NONE', *, *, #1770, .T. ) ;
#318 = LINE ( 'NONE', #799, #1418 ) ;
#319 = CARTESIAN_POINT ( 'NONE',  ( 1.074999999999999734, 0.3800000000000000044, 0.5500000000000002665 ) ) ;
#320 = SURFACE_SIDE_STYLE ('',( #2177 ) ) ;
#321 = CIRCLE ( 'NONE', #2888, 0.03499999999999998251 ) ;
#322 = CIRCLE ( 'NONE', #1981, 0.03499999999999999639 ) ;
#323 = DIRECTION ( 'NONE',  ( 0.000000000000000000, 0.000000000000000000, -1.000000000000000000 ) ) ;
#324 = ORIENTED_EDGE ( 'NONE', *, *, #2451, .T. ) ;
#325 = ADVANCED_FACE ( 'NONE', ( #2231 ), #1745, .T. ) ;
#326 = CARTESIAN_POINT ( 'NONE',  ( -1.600000000000000533, 0.3800000000000000044, -0.7999999999999999334 ) ) ;
#327 = DIRECTION ( 'NONE',  ( -0.000000000000000000, 1.000000000000000000, -0.000000000000000000 ) ) ;
#328 = DIRECTION ( 'NONE',  ( -0.05226442768871467776, 0.9972646886342373396, -0.05226442768871450428 ) ) ;
#329 = VERTEX_POINT ( 'NONE', #610 ) ;
#330 = ORIENTED_EDGE ( 'NONE', *, *, #485, .T. ) ;
#331 = VERTEX_POINT ( 'NONE', #1520 ) ;
#332 = DIRECTION ( 'NONE',  ( 0.000000000000000000, 1.000000000000000000, 0.000000000000000000 ) ) ;
#333 = ADVANCED_FACE ( 'NONE', ( #2194 ), #2474, .F. ) ;
#334 = CARTESIAN_POINT ( 'NONE',  ( -0.4763139720814411615, 0.05000000000000000278, 0.000000000000000000 ) ) ;
#335 = MANIFOLD_SOLID_BREP ( 'Boss-Extrude4[1]', #1920 ) ;
#336 = ADVANCED_FACE ( 'NONE', ( #1112 ), #1760, .F. ) ;
#337 = ADVANCED_FACE ( 'NONE', ( #662 ), #2750, .F. ) ;
#338 = DIRECTION ( 'NONE',  ( -0.000000000000000000, 1.000000000000000000, -0.000000000000000000 ) ) ;
#339 = LINE ( 'NONE', #326, #1256 ) ;
#340 = ADVANCED_FACE ( 'NONE', ( #22 ), #11, .T. ) ;
#341 = CARTESIAN_POINT ( 'NONE',  ( 0.9249999999999999334, 0.3450000000000000289, 0.5500000000000002665 ) ) ;
#342 = CARTESIAN_POINT ( 'NONE',  ( -1.000000000000000000, 0.3450000000000000289, -0.5500000000000000444 ) ) ;
#343 = ORIENTED_EDGE ( 'NONE', *, *, #2028, .T. ) ;
#344 = ORIENTED_EDGE ( 'NONE', *, *, #525, .T. ) ;
#345 = CARTESIAN_POINT ( 'NONE',  ( -0.4763139720814411615, 0.05000000000000000278, 0.000000000000000000 ) ) ;
#346 = VERTEX_POINT ( 'NONE', #1854 ) ;
#347 = DIRECTION ( 'NONE',  ( -0.000000000000000000, 1.000000000000000000, -0.000000000000000000 ) ) ;
#348 = ADVANCED_FACE ( 'NONE', ( #39 ), #2287, .T. ) ;
#349 = LINE ( 'NONE', #2387, #1980 ) ;
#350 = FACE_OUTER_BOUND ( 'NONE', #236, .T. ) ;
#351 = CARTESIAN_POINT ( 'NONE',  ( -1.600000000000000533, 0.3800000000000000044, -0.7999999999999999334 ) ) ;
#352 = CARTESIAN_POINT ( 'NONE',  ( 0.000000000000000000, 0.3800000000000000044, 0.000000000000000000 ) ) ;
#353 = CARTESIAN_POINT ( 'NONE',  ( -0.9250000000000002665, 0.3800000000000000044, -0.7999999999999999334 ) ) ;
#354 = ADVANCED_FACE ( 'NONE', ( #1140 ), #2501, .T. ) ;
#355 = CARTESIAN_POINT ( 'NONE',  ( -1.250000000000000000, 0.3450000000000000289, 0.5500000000000007105 ) ) ;
#356 = EDGE_LOOP ( 'NONE', ( #677, #422, #899, #2923 ) ) ;
#357 = ORIENTED_EDGE ( 'NONE', *, *, #139, .F. ) ;
#358 = LINE ( 'NONE', #2648, #36 ) ;
#359 = LINE ( 'NONE', #73, #1550 ) ;
#360 = EDGE_CURVE ( 'NONE', #545, #2427, #688, .T. ) ;
#361 = CARTESIAN_POINT ( 'NONE',  ( -1.000000000000000000, 0.000000000000000000, -0.5500000000000000444 ) ) ;
#362 = DIRECTION ( 'NONE',  ( 1.000000000000000000, -0.000000000000000000, 0.000000000000000000 ) ) ;
#363 = VECTOR ( 'NONE', #237, 1000.000000000000000 ) ;
#364 = FACE_OUTER_BOUND ( 'NONE', #1295, .T. ) ;
#365 = VECTOR ( 'NONE', #2239, 1000.000000000000000 ) ;
#366 = CARTESIAN_POINT ( 'NONE',  ( -1.250000000000000000, 0.3450000000000000289, 0.5500000000000007105 ) ) ;
#367 = PLANE ( 'NONE',  #233 ) ;
#368 = VECTOR ( 'NONE', #1238, 1000.000000000000000 ) ;
#369 = CARTESIAN_POINT ( 'NONE',  ( 1.074999999999999734, 0.3450000000000000289, -0.5500000000000000444 ) ) ;
#370 = ORIENTED_EDGE ( 'NONE', *, *, #1914, .T. ) ;
#371 = EDGE_LOOP ( 'NONE', ( #1957, #1208, #2018, #577 ) ) ;
#372 = DIRECTION ( 'NONE',  ( -0.000000000000000000, -0.000000000000000000, -1.000000000000000000 ) ) ;
#373 = VECTOR ( 'NONE', #793, 1000.000000000000000 ) ;
#374 = CARTESIAN_POINT ( 'NONE',  ( -1.250000000000000000, 0.3800000000000000044, 0.5500000000000004885 ) ) ;
#375 = DIRECTION ( 'NONE',  ( -1.000000000000000000, -0.000000000000000000, 6.672013369141568175E-16 ) ) ;
#376 = DIRECTION ( 'NONE',  ( -1.000000000000000000, -3.097720492815728250E-15, 0.000000000000000000 ) ) ;
#377 = CARTESIAN_POINT ( 'NONE',  ( -1.600000000000000533, 0.3800000000000000044, -0.7999999999999999334 ) ) ;
#378 = DIRECTION ( 'NONE',  ( 1.000000000000000000, 0.000000000000000000, 0.000000000000000000 ) ) ;
#379 = FILL_AREA_STYLE ('',( #2644 ) ) ;
#380 = CARTESIAN_POINT ( 'NONE',  ( -1.600000000000000533, 0.3800000000000000044, -0.7999999999999999334 ) ) ;
#381 = ORIENTED_EDGE ( 'NONE', *, *, #2063, .F. ) ;
#382 = ORIENTED_EDGE ( 'NONE', *, *, #2580, .F. ) ;
#383 = CARTESIAN_POINT ( 'NONE',  ( 0.000000000000000000, 0.3450000000000000289, 0.000000000000000000 ) ) ;
#384 = DIRECTION ( 'NONE',  ( -4.336808689942019708E-16, -0.000000000000000000, 1.000000000000000000 ) ) ;
#385 = CARTESIAN_POINT ( 'NONE',  ( -1.600000000000000533, 0.000000000000000000, 0.3750000000000002776 ) ) ;
#386 = VERTEX_POINT ( 'NONE', #693 ) ;
#387 = EDGE_CURVE ( 'NONE', #58, #2370, #2868, .T. ) ;
#388 = ADVANCED_FACE ( 'NONE', ( #939 ), #2060, .T. ) ;
#389 = DIRECTION ( 'NONE',  ( 0.000000000000000000, 1.000000000000000000, 0.000000000000000000 ) ) ;
#390 = CARTESIAN_POINT ( 'NONE',  ( -0.9250000000000002665, 0.3450000000000000289, -0.5500000000000000444 ) ) ;
#391 = VECTOR ( 'NONE', #2690, 1000.000000000000000 ) ;
#392 = LINE ( 'NONE', #2642, #1646 ) ;
#393 = FACE_OUTER_BOUND ( 'NONE', #246, .T. ) ;
#394 = ORIENTED_EDGE ( 'NONE', *, *, #639, .F. ) ;
#395 = VECTOR ( 'NONE', #2263, 1000.000000000000000 ) ;
#396 = FACE_OUTER_BOUND ( 'NONE', #2216, .T. ) ;
#397 = CARTESIAN_POINT ( 'NONE',  ( 1.000000000000000444, 0.3800000000000000044, -0.5499999999999984901 ) ) ;
#398 = ORIENTED_EDGE ( 'NONE', *, *, #1038, .T. ) ;
#399 = ORIENTED_EDGE ( 'NONE', *, *, #1788, .F. ) ;
#400 = CARTESIAN_POINT ( 'NONE',  ( 0.9999999999999993339, 0.3800000000000000044, 0.5500000000000011546 ) ) ;
#401 = EDGE_LOOP ( 'NONE', ( #1131, #630, #87, #2303, #1382 ) ) ;
#402 = CARTESIAN_POINT ( 'NONE',  ( 0.9790368882867822586, 0.7468317584685030264, -0.7807751621681726650 ) ) ;
#403 = DIRECTION ( 'NONE',  ( 0.05226442768871404632, -0.9972646886342374506, 0.05226442768871403938 ) ) ;
#404 = ORIENTED_EDGE ( 'NONE', *, *, #653, .T. ) ;
#405 = DIRECTION ( 'NONE',  ( 1.000000000000000000, 0.000000000000000000, 0.000000000000000000 ) ) ;
#406 = LINE ( 'NONE', #2854, #1160 ) ;
#407 = AXIS2_PLACEMENT_3D ( 'NONE', #2436, #430, #1294 ) ;
#408 = EDGE_CURVE ( 'NONE', #2127, #1692, #723, .T. ) ;
#409 = PLANE ( 'NONE',  #2462 ) ;
#410 = ORIENTED_EDGE ( 'NONE', *, *, #2830, .T. ) ;
#411 = VECTOR ( 'NONE', #1069, 1000.000000000000000 ) ;
#412 = CARTESIAN_POINT ( 'NONE',  ( -0.9458231284517630844, 0.7449999999999999956, 0.000000000000000000 ) ) ;
#413 = CARTESIAN_POINT ( 'NONE',  ( -1.250000000000000000, 0.3800000000000000044, 0.5500000000000007105 ) ) ;
#414 = VECTOR ( 'NONE', #1669, 1000.000000000000000 ) ;
#415 = VERTEX_POINT ( 'NONE', #1342 ) ;
#416 = CARTESIAN_POINT ( 'NONE',  ( -0.9250000000000000444, 0.3450000000000000289, 0.8000000000000003775 ) ) ;
#417 = VECTOR ( 'NONE', #1336, 1000.000000000000000 ) ;
#418 = VERTEX_POINT ( 'NONE', #280 ) ;
#419 = AXIS2_PLACEMENT_3D ( 'NONE', #1685, #1515, #1460 ) ;
#420 = CARTESIAN_POINT ( 'NONE',  ( 0.9249999999999998224, 0.3800000000000000044, 0.8000000000000001554 ) ) ;
#421 = LINE ( 'NONE', #2483, #726 ) ;
#422 = ORIENTED_EDGE ( 'NONE', *, *, #2210, .F. ) ;
#423 = MECHANICAL_DESIGN_GEOMETRIC_PRESENTATION_REPRESENTATION (  '', ( #2708 ), #2036 ) ;
#424 = EDGE_CURVE ( 'NONE', #1912, #2759, #1796, .T. ) ;
#425 = PRODUCT ( '150120RS75000', '150120RS75000', '', ( #2754 ) ) ;
#426 = CARTESIAN_POINT ( 'NONE',  ( -0.9250000000000002665, 0.3450000000000000289, -0.7999999999999999334 ) ) ;
#427 = EDGE_CURVE ( 'NONE', #1438, #1378, #2273, .T. ) ;
#428 = ADVANCED_FACE ( 'NONE', ( #2074 ), #2515, .F. ) ;
#429 = CARTESIAN_POINT ( 'NONE',  ( 1.599999999999999645, 0.3800000000000000044, 0.8000000000000001554 ) ) ;
#430 = DIRECTION ( 'NONE',  ( -0.000000000000000000, 0.000000000000000000, -1.000000000000000000 ) ) ;
#431 = VERTEX_POINT ( 'NONE', #898 ) ;
#432 = LINE ( 'NONE', #1719, #2418 ) ;
#433 = FACE_OUTER_BOUND ( 'NONE', #959, .T. ) ;
#434 = ADVANCED_FACE ( 'NONE', ( #1360 ), #2047, .F. ) ;
#435 = ORIENTED_EDGE ( 'NONE', *, *, #2228, .T. ) ;
#436 = PLANE ( 'NONE',  #302 ) ;
#437 = EDGE_LOOP ( 'NONE', ( #906, #2535, #2325, #1888 ) ) ;
#438 = CARTESIAN_POINT ( 'NONE',  ( 0.9790368882867823697, 0.7800000000000000266, 0.7458231284517626847 ) ) ;
#439 = EDGE_CURVE ( 'NONE', #2485, #1481, #1864, .T. ) ;
#440 = CYLINDRICAL_SURFACE ( 'NONE', #2223, 0.03499999999999999639 ) ;
#441 = ORIENTED_EDGE ( 'NONE', *, *, #1261, .F. ) ;
#442 = ORIENTED_EDGE ( 'NONE', *, *, #2840, .T. ) ;
#443 = ADVANCED_FACE ( 'NONE', ( #1231 ), #1704, .F. ) ;
#444 = CARTESIAN_POINT ( 'NONE',  ( 1.074999999999999734, 0.3450000000000000289, -0.5500000000000000444 ) ) ;
#445 = CARTESIAN_POINT ( 'NONE',  ( -1.600000000000000533, 0.3800000000000000044, 1.084202172485504434E-16 ) ) ;
#446 = ORIENTED_EDGE ( 'NONE', *, *, #1200, .F. ) ;
#447 = EDGE_CURVE ( 'NONE', #649, #2238, #2779, .T. ) ;
#448 = DIRECTION ( 'NONE',  ( -0.9986295347545737222, 0.05233595624294441057, 0.000000000000000000 ) ) ;
#449 = ORIENTED_EDGE ( 'NONE', *, *, #703, .F. ) ;
#450 = PLANE ( 'NONE',  #2059 ) ;
#451 = ORIENTED_EDGE ( 'NONE', *, *, #874, .T. ) ;
#452 = CARTESIAN_POINT ( 'NONE',  ( -0.4763139720814411615, 0.05000000000000000278, 0.000000000000000000 ) ) ;
#453 = CARTESIAN_POINT ( 'NONE',  ( 1.000000000000000444, 0.000000000000000000, -0.5499999999999984901 ) ) ;
#454 = EDGE_LOOP ( 'NONE', ( #2542, #1855, #719, #940, #269 ) ) ;
#455 = ORIENTED_EDGE ( 'NONE', *, *, #1234, .F. ) ;
#456 = AXIS2_PLACEMENT_3D ( 'NONE', #744, #2569, #530 ) ;
#457 = VECTOR ( 'NONE', #678, 1000.000000000000000 ) ;
#458 = CARTESIAN_POINT ( 'NONE',  ( -1.600000000000000533, 0.3800000000000000044, 0.8000000000000001554 ) ) ;
#459 = SURFACE_STYLE_USAGE ( .BOTH. , #2286 ) ;
#460 = CARTESIAN_POINT ( 'NONE',  ( -0.9855339910196134756, 0.3800000000000000044, -0.8000000000000000444 ) ) ;
#461 = ORIENTED_EDGE ( 'NONE', *, *, #1413, .F. ) ;
#462 = DIRECTION ( 'NONE',  ( 0.000000000000000000, 1.000000000000000000, 0.000000000000000000 ) ) ;
#463 = LINE ( 'NONE', #206, #1440 ) ;
#464 = ORIENTED_EDGE ( 'NONE', *, *, #2903, .T. ) ;
#465 = FACE_OUTER_BOUND ( 'NONE', #1495, .T. ) ;
#466 = DIRECTION ( 'NONE',  ( 0.000000000000000000, 0.9986295347545739443, 0.05233595624294395260 ) ) ;
#467 = VERTEX_POINT ( 'NONE', #995 ) ;
#468 = VECTOR ( 'NONE', #2292, 1000.000000000000000 ) ;
#469 = ORIENTED_EDGE ( 'NONE', *, *, #2285, .F. ) ;
#470 = EDGE_CURVE ( 'NONE', #2951, #2716, #1905, .T. ) ;
#471 = CARTESIAN_POINT ( 'NONE',  ( 1.000000000000000444, 0.000000000000000000, -0.5499999999999984901 ) ) ;
#472 = VECTOR ( 'NONE', #2166, 1000.000000000000000 ) ;
#473 = VECTOR ( 'NONE', #612, 1000.000000000000000 ) ;
#474 = EDGE_CURVE ( 'NONE', #2909, #1665, #2600, .T. ) ;
#475 = CARTESIAN_POINT ( 'NONE',  ( 1.599999999999999645, 0.3800000000000000044, 1.084202172485504434E-16 ) ) ;
#476 = ORIENTED_EDGE ( 'NONE', *, *, #1079, .T. ) ;
#477 = PRODUCT_DEFINITION_CONTEXT ( 'detailed design', #2615, 'design' ) ;
#478 = EDGE_CURVE ( 'NONE', #805, #2156, #2346, .T. ) ;
#479 = CARTESIAN_POINT ( 'NONE',  ( 0.9249999999999996003, 0.3800000000000000044, -0.7999999999999999334 ) ) ;
#480 = DIRECTION ( 'NONE',  ( 0.000000000000000000, 0.000000000000000000, 1.000000000000000000 ) ) ;
#481 = LINE ( 'NONE', #1633, #1499 ) ;
#482 = ORIENTED_EDGE ( 'NONE', *, *, #478, .F. ) ;
#483 = VERTEX_POINT ( 'NONE', #2148 ) ;
#484 = ADVANCED_FACE ( 'NONE', ( #2820 ), #1009, .T. ) ;
#485 = EDGE_CURVE ( 'NONE', #2716, #2727, #1448, .T. ) ;
#486 = LINE ( 'NONE', #444, #538 ) ;
#487 = ADVANCED_FACE ( 'NONE', ( #730 ), #93, .T. ) ;
#488 = DIRECTION ( 'NONE',  ( 1.000000000000000000, 0.000000000000000000, 1.807003620809171920E-16 ) ) ;
#489 = ORIENTED_EDGE ( 'NONE', *, *, #949, .F. ) ;
#490 = DIRECTION ( 'NONE',  ( 1.000000000000000000, 0.000000000000000000, -1.971276677246370533E-16 ) ) ;
#491 =( LENGTH_UNIT ( ) NAMED_UNIT ( * ) SI_UNIT ( .MILLI., .METRE. ) );
#492 = DIRECTION ( 'NONE',  ( -0.8660254037844385966, -0.000000000000000000, 0.5000000000000000000 ) ) ;
#493 = ORIENTED_EDGE ( 'NONE', *, *, #1219, .F. ) ;
#494 = EDGE_LOOP ( 'NONE', ( #2720, #2591, #2705, #835, #2384 ) ) ;
#495 = EDGE_LOOP ( 'NONE', ( #855, #205, #2070, #178, #1910, #2409 ) ) ;
#496 = AXIS2_PLACEMENT_3D ( 'NONE', #148, #51, #1670 ) ;
#497 = SPHERICAL_SURFACE ( 'NONE', #787, 0.03500000000000000333 ) ;
#498 = DIRECTION ( 'NONE',  ( 1.000000000000000000, 0.000000000000000000, 0.000000000000000000 ) ) ;
#499 = DIRECTION ( 'NONE',  ( 1.000000000000000000, 0.000000000000000000, 0.000000000000000000 ) ) ;
#500 = CARTESIAN_POINT ( 'NONE',  ( 0.000000000000000000, 0.3800000000000000044, 0.000000000000000000 ) ) ;
#501 = ORIENTED_EDGE ( 'NONE', *, *, #983, .F. ) ;
#502 = PLANE ( 'NONE',  #2879 ) ;
#503 = DIRECTION ( 'NONE',  ( 0.000000000000000000, 0.000000000000000000, 1.000000000000000000 ) ) ;
#504 = PLANE ( 'NONE',  #1213 ) ;
#505 = AXIS2_PLACEMENT_3D ( 'NONE', #2399, #332, #1933 ) ;
#506 = VECTOR ( 'NONE', #13, 1000.000000000000114 ) ;
#507 = ORIENTED_EDGE ( 'NONE', *, *, #2271, .F. ) ;
#508 = EDGE_LOOP ( 'NONE', ( #2843, #2699, #17, #872 ) ) ;
#509 = STYLED_ITEM ( 'NONE', ( #2453 ), #335 ) ;
#510 = VERTEX_POINT ( 'NONE', #2377 ) ;
#511 = AXIS2_PLACEMENT_3D ( 'NONE', #1729, #623, #2882 ) ;
#512 = CARTESIAN_POINT ( 'NONE',  ( 0.9999999999999993339, 0.000000000000000000, 0.5500000000000011546 ) ) ;
#513 = AXIS2_PLACEMENT_3D ( 'NONE', #994, #1713, #1904 ) ;
#514 =( NAMED_UNIT ( * ) SI_UNIT ( $, .STERADIAN. ) SOLID_ANGLE_UNIT ( ) );
#515 = DIRECTION ( 'NONE',  ( -0.000000000000000000, 1.000000000000000000, 0.000000000000000000 ) ) ;
#516 = UNCERTAINTY_MEASURE_WITH_UNIT (LENGTH_MEASURE( 1.000000000000000082E-05 ), #2452, 'distance_accuracy_value', 'NONE');
#517 = STYLED_ITEM ( 'NONE', ( #1971 ), #2321 ) ;
#518 = CARTESIAN_POINT ( 'NONE',  ( 0.9249999999999998224, 0.3800000000000000044, 0.8000000000000001554 ) ) ;
#519 = ORIENTED_EDGE ( 'NONE', *, *, #2098, .F. ) ;
#520 = DIRECTION ( 'NONE',  ( -1.000000000000000000, 0.000000000000000000, -0.000000000000000000 ) ) ;
#521 = ADVANCED_FACE ( 'NONE', ( #1658 ), #1671, .T. ) ;
#522 = VERTEX_POINT ( 'NONE', #106 ) ;
#523 = VERTEX_POINT ( 'NONE', #518 ) ;
#524 = ORIENTED_EDGE ( 'NONE', *, *, #258, .F. ) ;
#525 = EDGE_CURVE ( 'NONE', #418, #295, #2836, .T. ) ;
#526 = CARTESIAN_POINT ( 'NONE',  ( -0.9250000000000002665, 0.3450000000000000289, -0.7999999999999999334 ) ) ;
#527 = ADVANCED_FACE ( 'NONE', ( #1476 ), #2389, .F. ) ;
#528 = CARTESIAN_POINT ( 'NONE',  ( 1.599999999999999645, 0.3800000000000000044, 1.084202172485504434E-16 ) ) ;
#529 = LINE ( 'NONE', #1724, #543 ) ;
#530 = DIRECTION ( 'NONE',  ( 0.000000000000000000, -0.000000000000000000, 1.000000000000000000 ) ) ;
#531 = ORIENTED_EDGE ( 'NONE', *, *, #2537, .T. ) ;
#532 = CYLINDRICAL_SURFACE ( 'NONE', #2701, 0.3750000000000001665 ) ;
#533 = DIRECTION ( 'NONE',  ( 1.000000000000000000, 0.000000000000000000, 0.000000000000000000 ) ) ;
#534 = DIRECTION ( 'NONE',  ( 0.000000000000000000, -1.000000000000000000, 0.000000000000000000 ) ) ;
#535 = VERTEX_POINT ( 'NONE', #1187 ) ;
#536 = ORIENTED_EDGE ( 'NONE', *, *, #562, .T. ) ;
#537 = ORIENTED_EDGE ( 'NONE', *, *, #2614, .T. ) ;
#538 = VECTOR ( 'NONE', #243, 1000.000000000000000 ) ;
#539 = CARTESIAN_POINT ( 'NONE',  ( 1.000000000000000444, 0.000000000000000000, -0.5499999999999984901 ) ) ;
#540 = FACE_OUTER_BOUND ( 'NONE', #2523, .T. ) ;
#541 = COLOUR_RGB ( '',0.7921568627450980005, 0.8196078431372548767, 0.9333333333333333481 ) ;
#542 = DIRECTION ( 'NONE',  ( -0.000000000000000000, -1.000000000000000000, -0.000000000000000000 ) ) ;
#543 = VECTOR ( 'NONE', #2637, 1000.000000000000000 ) ;
#544 = DIRECTION ( 'NONE',  ( 0.000000000000000000, 0.000000000000000000, 1.000000000000000000 ) ) ;
#545 = VERTEX_POINT ( 'NONE', #2103 ) ;
#546 = VECTOR ( 'NONE', #2017, 1000.000000000000000 ) ;
#547 = DIRECTION ( 'NONE',  ( 3.097720492815728645E-15, -1.000000000000000000, 0.000000000000000000 ) ) ;
#548 = CARTESIAN_POINT ( 'NONE',  ( 1.074999999999999734, 0.3800000000000000044, 0.8000000000000001554 ) ) ;
#549 = ORIENTED_EDGE ( 'NONE', *, *, #1683, .F. ) ;
#550 = EDGE_LOOP ( 'NONE', ( #398, #1865, #2157, #1030 ) ) ;
#551 = VERTEX_POINT ( 'NONE', #966 ) ;
#552 = PLANE ( 'NONE',  #505 ) ;
#553 =( NAMED_UNIT ( * ) PLANE_ANGLE_UNIT ( ) SI_UNIT ( $, .RADIAN. ) );
#554 = ADVANCED_FACE ( 'NONE', ( #1878 ), #2793, .T. ) ;
#555 = AXIS2_PLACEMENT_3D ( 'NONE', #1891, #1214, #2804 ) ;
#556 = VECTOR ( 'NONE', #2798, 1000.000000000000000 ) ;
#557 = DIRECTION ( 'NONE',  ( -1.000000000000000000, -0.000000000000000000, -0.000000000000000000 ) ) ;
#558 = VECTOR ( 'NONE', #1468, 1000.000000000000000 ) ;
#559 = ADVANCED_FACE ( 'NONE', ( #1432 ), #308, .F. ) ;
#560 = PLANE ( 'NONE',  #2168 ) ;
#561 = DIRECTION ( 'NONE',  ( 0.000000000000000000, 1.000000000000000000, 0.000000000000000000 ) ) ;
#562 = EDGE_CURVE ( 'NONE', #535, #1986, #1489, .T. ) ;
#563 = CARTESIAN_POINT ( 'NONE',  ( -1.600000000000000533, 0.000000000000000000, 0.5500000000000003775 ) ) ;
#564 = ORIENTED_EDGE ( 'NONE', *, *, #1410, .T. ) ;
#565 = VERTEX_POINT ( 'NONE', #1742 ) ;
#566 = LINE ( 'NONE', #2891, #1923 ) ;
#567 = ORIENTED_EDGE ( 'NONE', *, *, #1038, .F. ) ;
#568 = LINE ( 'NONE', #2849, #2606 ) ;
#569 = DIRECTION ( 'NONE',  ( 0.000000000000000000, 0.000000000000000000, 1.000000000000000000 ) ) ;
#570 = PRESENTATION_STYLE_ASSIGNMENT (( #1741 ) ) ;
#571 = EDGE_CURVE ( 'NONE', #2441, #1870, #1758, .T. ) ;
#572 = DIRECTION ( 'NONE',  ( -1.000000000000000000, -0.000000000000000000, -0.000000000000000000 ) ) ;
#573 = EDGE_CURVE ( 'NONE', #295, #2371, #1084, .T. ) ;
#574 =( LENGTH_UNIT ( ) NAMED_UNIT ( * ) SI_UNIT ( .MILLI., .METRE. ) );
#575 = CARTESIAN_POINT ( 'NONE',  ( 0.000000000000000000, 0.7449999999999999956, 0.7458231284517626847 ) ) ;
#576 = DIRECTION ( 'NONE',  ( 1.000000000000000000, 0.000000000000000000, -0.000000000000000000 ) ) ;
#577 = ORIENTED_EDGE ( 'NONE', *, *, #1375, .F. ) ;
#578 = VERTEX_POINT ( 'NONE', #583 ) ;
#579 = DIRECTION ( 'NONE',  ( 1.000000000000000000, -0.000000000000000000, 1.807003620809171920E-16 ) ) ;
#580 = FACE_OUTER_BOUND ( 'NONE', #673, .T. ) ;
#581 = FACE_OUTER_BOUND ( 'NONE', #2095, .T. ) ;
#582 = LINE ( 'NONE', #2206, #2225 ) ;
#583 = CARTESIAN_POINT ( 'NONE',  ( 1.074999999999999734, 0.3800000000000000044, -0.7999999999999999334 ) ) ;
#584 = FILL_AREA_STYLE ('',( #1025 ) ) ;
#585 = VECTOR ( 'NONE', #1811, 1000.000000000000000 ) ;
#586 = SURFACE_SIDE_STYLE ('',( #1071 ) ) ;
#587 = CARTESIAN_POINT ( 'NONE',  ( -1.250000000000000222, 0.3450000000000000289, -0.7999999999999999334 ) ) ;
#588 = DIRECTION ( 'NONE',  ( 0.000000000000000000, 1.000000000000000000, 0.000000000000000000 ) ) ;
#589 = ORIENTED_EDGE ( 'NONE', *, *, #999, .T. ) ;
#590 = EDGE_LOOP ( 'NONE', ( #2327, #161, #2461, #394, #1901 ) ) ;
#591 = PLANE ( 'NONE',  #2167 ) ;
#592 = CARTESIAN_POINT ( 'NONE',  ( -0.9250000000000002665, 0.3450000000000000289, -0.5500000000000000444 ) ) ;
#593 = CARTESIAN_POINT ( 'NONE',  ( 1.600000000000000089, 0.000000000000000000, 0.3750000000000017764 ) ) ;
#594 = CARTESIAN_POINT ( 'NONE',  ( 1.599999999999999645, 0.000000000000000000, -0.7999999999999999334 ) ) ;
#595 = AXIS2_PLACEMENT_3D ( 'NONE', #183, #1081, #2942 ) ;
#596 = LINE ( 'NONE', #2423, #1158 ) ;
#597 = DIRECTION ( 'NONE',  ( 1.000000000000000000, 0.000000000000000000, 0.000000000000000000 ) ) ;
#598 = CARTESIAN_POINT ( 'NONE',  ( 0.4763139720814413836, 0.000000000000000000, -0.5500000000000000444 ) ) ;
#599 = VERTEX_POINT ( 'NONE', #594 ) ;
#600 = ORIENTED_EDGE ( 'NONE', *, *, #470, .T. ) ;
#601 = LINE ( 'NONE', #1253, #2696 ) ;
#602 = VECTOR ( 'NONE', #1190, 1000.000000000000000 ) ;
#603 = ADVANCED_FACE ( 'NONE', ( #185 ), #1023, .F. ) ;
#604 = AXIS2_PLACEMENT_3D ( 'NONE', #412, #2233, #597 ) ;
#605 = DIRECTION ( 'NONE',  ( -0.000000000000000000, 1.000000000000000000, 0.000000000000000000 ) ) ;
#606 = DIRECTION ( 'NONE',  ( 1.000000000000000000, 0.000000000000000000, 9.035018104045859108E-16 ) ) ;
#607 = DIRECTION ( 'NONE',  ( 0.05226442768871403938, -0.9972646886342372285, -0.05226442768871402550 ) ) ;
#608 = DIRECTION ( 'NONE',  ( 1.000000000000000000, 0.000000000000000000, 0.000000000000000000 ) ) ;
#609 = PRESENTATION_STYLE_ASSIGNMENT (( #812 ) ) ;
#610 = CARTESIAN_POINT ( 'NONE',  ( 1.000000000000000444, 0.3450000000000000289, -0.5499999999999984901 ) ) ;
#611 = ORIENTED_EDGE ( 'NONE', *, *, #98, .T. ) ;
#612 = DIRECTION ( 'NONE',  ( -0.000000000000000000, -0.000000000000000000, 1.000000000000000000 ) ) ;
#613 = PLANE ( 'NONE',  #166 ) ;
#614 = EDGE_LOOP ( 'NONE', ( #1174, #1911, #2496 ) ) ;
#615 = EDGE_LOOP ( 'NONE', ( #2104, #2442, #1193, #253 ) ) ;
#616 = CARTESIAN_POINT ( 'NONE',  ( 0.9999999999999993339, 0.3800000000000000044, 0.5500000000000011546 ) ) ;
#617 = ORIENTED_EDGE ( 'NONE', *, *, #2910, .F. ) ;
#618 = CARTESIAN_POINT ( 'NONE',  ( 0.000000000000000000, 0.3800000000000000044, 0.000000000000000000 ) ) ;
#619 = CARTESIAN_POINT ( 'NONE',  ( 0.9999999999999993339, 0.000000000000000000, 0.5500000000000011546 ) ) ;
#620 = CARTESIAN_POINT ( 'NONE',  ( -1.250000000000000000, 0.3450000000000000289, 0.5500000000000004885 ) ) ;
#621 = ADVANCED_FACE ( 'NONE', ( #2655 ), #2914, .T. ) ;
#622 = DIRECTION ( 'NONE',  ( -1.000000000000000000, -0.000000000000000000, -0.000000000000000000 ) ) ;
#623 = DIRECTION ( 'NONE',  ( 6.672013369141567189E-16, -0.000000000000000000, 1.000000000000000000 ) ) ;
#624 = PLANE ( 'NONE',  #1791 ) ;
#625 = VERTEX_POINT ( 'NONE', #377 ) ;
#626 = LINE ( 'NONE', #1492, #2471 ) ;
#627 = DIRECTION ( 'NONE',  ( -1.000000000000000000, -0.000000000000000000, 6.672013369141568175E-16 ) ) ;
#628 = EDGE_LOOP ( 'NONE', ( #1932, #1225, #1343, #948 ) ) ;
#629 = FACE_OUTER_BOUND ( 'NONE', #550, .T. ) ;
#630 = ORIENTED_EDGE ( 'NONE', *, *, #1398, .T. ) ;
#631 = ADVANCED_FACE ( 'NONE', ( #364 ), #1941, .T. ) ;
#632 = CARTESIAN_POINT ( 'NONE',  ( -1.250000000000000222, 0.3800000000000000044, -0.7999999999999999334 ) ) ;
#633 = CARTESIAN_POINT ( 'NONE',  ( 0.000000000000000000, 0.000000000000000000, 0.000000000000000000 ) ) ;
#634 = ORIENTED_EDGE ( 'NONE', *, *, #1877, .F. ) ;
#635 = EDGE_CURVE ( 'NONE', #2347, #1396, #1536, .T. ) ;
#636 = EDGE_CURVE ( 'NONE', #1678, #736, #1517, .T. ) ;
#637 = CLOSED_SHELL ( 'NONE', ( #1787, #204, #621, #1782, #987, #2948 ) ) ;
#638 = CARTESIAN_POINT ( 'NONE',  ( -0.9790368882867832578, 0.7468317584685030264, 0.7807751621681726650 ) ) ;
#639 = EDGE_CURVE ( 'NONE', #346, #666, #1053, .T. ) ;
#640 = VECTOR ( 'NONE', #1702, 1000.000000000000227 ) ;
#641 = VECTOR ( 'NONE', #1660, 1000.000000000000000 ) ;
#642 = CARTESIAN_POINT ( 'NONE',  ( -1.250000000000000222, 0.3800000000000000044, -0.5500000000000000444 ) ) ;
#643 = AXIS2_PLACEMENT_3D ( 'NONE', #2313, #706, #488 ) ;
#644 = CARTESIAN_POINT ( 'NONE',  ( 1.600000000000000089, 0.000000000000000000, 0.3750000000000017764 ) ) ;
#645 = ORIENTED_EDGE ( 'NONE', *, *, #772, .F. ) ;
#646 = PRESENTATION_LAYER_ASSIGNMENT (  '', '', ( #2464 ) ) ;
#647 = DIRECTION ( 'NONE',  ( -0.000000000000000000, 1.000000000000000000, -0.000000000000000000 ) ) ;
#648 = DIRECTION ( 'NONE',  ( -0.000000000000000000, 0.000000000000000000, -1.000000000000000000 ) ) ;
#649 = VERTEX_POINT ( 'NONE', #2402 ) ;
#650 = FACE_OUTER_BOUND ( 'NONE', #1339, .T. ) ;
#651 = VECTOR ( 'NONE', #697, 1000.000000000000000 ) ;
#652 = EDGE_LOOP ( 'NONE', ( #441, #1801, #519, #1545 ) ) ;
#653 = EDGE_CURVE ( 'NONE', #2558, #1649, #1554, .T. ) ;
#654 = MECHANICAL_DESIGN_GEOMETRIC_PRESENTATION_REPRESENTATION (  '', ( #85 ), #1024 ) ;
#655 = DIRECTION ( 'NONE',  ( -0.000000000000000000, -1.000000000000000000, 0.000000000000000000 ) ) ;
#656 = FACE_OUTER_BOUND ( 'NONE', #270, .T. ) ;
#657 = ORIENTED_EDGE ( 'NONE', *, *, #2101, .T. ) ;
#658 = ORIENTED_EDGE ( 'NONE', *, *, #2756, .T. ) ;
#659 = DIRECTION ( 'NONE',  ( 0.000000000000000000, -0.05233595624294441057, 0.9986295347545737222 ) ) ;
#660 = LINE ( 'NONE', #1569, #1291 ) ;
#661 = EDGE_CURVE ( 'NONE', #1818, #483, #2421, .T. ) ;
#662 = FACE_OUTER_BOUND ( 'NONE', #2607, .T. ) ;
#663 = VERTEX_POINT ( 'NONE', #2881 ) ;
#664 = FACE_OUTER_BOUND ( 'NONE', #174, .T. ) ;
#665 = CARTESIAN_POINT ( 'NONE',  ( 1.000095473940776358, 0.3781782486859279757, 0.7651434402243663113 ) ) ;
#666 = VERTEX_POINT ( 'NONE', #844 ) ;
#667 = DIRECTION ( 'NONE',  ( 0.000000000000000000, -0.000000000000000000, 1.000000000000000000 ) ) ;
#668 = EDGE_CURVE ( 'NONE', #2780, #2254, #169, .T. ) ;
#669 = ORIENTED_EDGE ( 'NONE', *, *, #2063, .T. ) ;
#670 = CARTESIAN_POINT ( 'NONE',  ( 0.000000000000000000, 0.3450000000000000289, 0.000000000000000000 ) ) ;
#671 = CARTESIAN_POINT ( 'NONE',  ( 1.599999999999999645, 0.3800000000000000044, 1.084202172485504434E-16 ) ) ;
#672 = ORIENTED_EDGE ( 'NONE', *, *, #1260, .F. ) ;
#673 = EDGE_LOOP ( 'NONE', ( #1839, #1324, #1338, #2326, #1509, #2692 ) ) ;
#674 = DIRECTION ( 'NONE',  ( -1.000000000000000000, 0.000000000000000000, -1.084202172485503645E-15 ) ) ;
#675 = DIRECTION ( 'NONE',  ( -0.000000000000000000, -0.000000000000000000, -1.000000000000000000 ) ) ;
#676 = AXIS2_PLACEMENT_3D ( 'NONE', #1727, #2641, #659 ) ;
#677 = ORIENTED_EDGE ( 'NONE', *, *, #2812, .F. ) ;
#678 = DIRECTION ( 'NONE',  ( -0.000000000000000000, 1.000000000000000000, -0.000000000000000000 ) ) ;
#679 = LINE ( 'NONE', #2002, #156 ) ;
#680 = VERTEX_POINT ( 'NONE', #426 ) ;
#681 = VECTOR ( 'NONE', #926, 1000.000000000000114 ) ;
#682 = CIRCLE ( 'NONE', #496, 0.03499999999999998251 ) ;
#683 = EDGE_CURVE ( 'NONE', #1819, #889, #1276, .T. ) ;
#684 = CARTESIAN_POINT ( 'NONE',  ( 0.9249999999999999334, 0.3450000000000000289, 0.5500000000000002665 ) ) ;
#685 = LINE ( 'NONE', #2731, #1883 ) ;
#686 = ORIENTED_EDGE ( 'NONE', *, *, #2848, .T. ) ;
#687 = ORIENTED_EDGE ( 'NONE', *, *, #874, .F. ) ;
#688 = CIRCLE ( 'NONE', #2397, 0.03499999999999998251 ) ;
#689 = EDGE_CURVE ( 'NONE', #1665, #523, #2164, .T. ) ;
#690 = VECTOR ( 'NONE', #2694, 1000.000000000000000 ) ;
#691 = FACE_OUTER_BOUND ( 'NONE', #1237, .T. ) ;
#692 = CARTESIAN_POINT ( 'NONE',  ( -1.250000000000000222, 0.3450000000000000289, -0.5500000000000000444 ) ) ;
#693 = CARTESIAN_POINT ( 'NONE',  ( -0.9250000000000001554, 0.3800000000000000044, 0.5500000000000004885 ) ) ;
#694 = EDGE_LOOP ( 'NONE', ( #2794, #1389, #252, #1720 ) ) ;
#695 = CARTESIAN_POINT ( 'NONE',  ( 0.9249999999999999334, 0.3450000000000000289, -0.5500000000000000444 ) ) ;
#696 = CARTESIAN_POINT ( 'NONE',  ( -1.250000000000000222, 0.3450000000000000289, -0.7999999999999999334 ) ) ;
#697 = DIRECTION ( 'NONE',  ( 1.000000000000000000, 0.000000000000000000, 0.000000000000000000 ) ) ;
#699 = EDGE_CURVE ( 'NONE', #1649, #1986, #1037, .T. ) ;
#698 = VECTOR ( 'NONE', #1493, 1000.000000000000000 ) ;
#700 = ORIENTED_EDGE ( 'NONE', *, *, #2401, .T. ) ;
#701 = AXIS2_PLACEMENT_3D ( 'NONE', #1898, #2785, #1235 ) ;
#702 = VERTEX_POINT ( 'NONE', #811 ) ;
#703 = EDGE_CURVE ( 'NONE', #1636, #1549, #2438, .T. ) ;
#704 = CARTESIAN_POINT ( 'NONE',  ( -0.9999999999999997780, 0.000000000000000000, 0.5500000000000004885 ) ) ;
#705 = LINE ( 'NONE', #2949, #1442 ) ;
#706 = DIRECTION ( 'NONE',  ( -1.807003620809171920E-16, 0.000000000000000000, 1.000000000000000000 ) ) ;
#707 = VERTEX_POINT ( 'NONE', #458 ) ;
#708 = CARTESIAN_POINT ( 'NONE',  ( 1.074999999999999734, 0.3450000000000000289, 0.8000000000000001554 ) ) ;
#709 = VERTEX_POINT ( 'NONE', #257 ) ;
#710 = VERTEX_POINT ( 'NONE', #1821 ) ;
#711 = ORIENTED_EDGE ( 'NONE', *, *, #46, .T. ) ;
#712 = CARTESIAN_POINT ( 'NONE',  ( 0.9249999999999998224, 0.3450000000000000289, -0.7999999999999999334 ) ) ;
#713 = ADVANCED_FACE ( 'NONE', ( #2486 ), #2946, .T. ) ;
#714 = DIRECTION ( 'NONE',  ( 0.000000000000000000, 0.000000000000000000, 1.000000000000000000 ) ) ;
#715 = ORIENTED_EDGE ( 'NONE', *, *, #1907, .F. ) ;
#716 = CARTESIAN_POINT ( 'NONE',  ( 1.074999999999999734, 0.3800000000000000044, -0.5500000000000000444 ) ) ;
#717 =( LENGTH_UNIT ( ) NAMED_UNIT ( * ) SI_UNIT ( .MILLI., .METRE. ) );
#718 = FACE_OUTER_BOUND ( 'NONE', #1209, .T. ) ;
#719 = ORIENTED_EDGE ( 'NONE', *, *, #2145, .T. ) ;
#720 = VERTEX_POINT ( 'NONE', #2762 ) ;
#721 = ADVANCED_FACE ( 'NONE', ( #691, #2009 ), #1096, .F. ) ;
#722 = VERTEX_POINT ( 'NONE', #1611 ) ;
#723 = CIRCLE ( 'NONE', #2875, 0.3750000000000001665 ) ;
#724 = EDGE_CURVE ( 'NONE', #2780, #1691, #2057, .T. ) ;
#725 = EDGE_CURVE ( 'NONE', #1060, #1188, #486, .T. ) ;
#726 = VECTOR ( 'NONE', #2203, 1000.000000000000000 ) ;
#727 = PLANE ( 'NONE',  #555 ) ;
#728 =( LENGTH_UNIT ( ) NAMED_UNIT ( * ) SI_UNIT ( .MILLI., .METRE. ) );
#729 = DIRECTION ( 'NONE',  ( -0.9986295347545739443, 0.05233595624294395954, 0.000000000000000000 ) ) ;
#730 = FACE_OUTER_BOUND ( 'NONE', #869, .T. ) ;
#731 = EDGE_LOOP ( 'NONE', ( #2771, #1588, #1301, #2609 ) ) ;
#732 = EDGE_CURVE ( 'NONE', #3, #2020, #2721, .T. ) ;
#733 = ADVANCED_FACE ( 'NONE', ( #907 ), #922, .F. ) ;
#734 = FACE_OUTER_BOUND ( 'NONE', #228, .T. ) ;
#735 = VECTOR ( 'NONE', #2586, 1000.000000000000000 ) ;
#736 = VERTEX_POINT ( 'NONE', #936 ) ;
#737 = VERTEX_POINT ( 'NONE', #2284 ) ;
#738 = ADVANCED_FACE ( 'NONE', ( #1340 ), #2256, .T. ) ;
#739 = ORIENTED_EDGE ( 'NONE', *, *, #1314, .F. ) ;
#740 = AXIS2_PLACEMENT_3D ( 'NONE', #618, #194, #1737 ) ;
#741 = CARTESIAN_POINT ( 'NONE',  ( -1.600000000000000533, 0.000000000000000000, 0.5500000000000003775 ) ) ;
#742 = CARTESIAN_POINT ( 'NONE',  ( 0.9249999999999999334, 0.3800000000000000044, -0.5500000000000000444 ) ) ;
#743 = VECTOR ( 'NONE', #533, 1000.000000000000000 ) ;
#744 = CARTESIAN_POINT ( 'NONE',  ( -1.600000000000000533, 0.3800000000000000044, 1.084202172485504434E-16 ) ) ;
#745 = ORIENTED_EDGE ( 'NONE', *, *, #952, .T. ) ;
#746 = LINE ( 'NONE', #81, #641 ) ;
#747 = CARTESIAN_POINT ( 'NONE',  ( -0.9250000000000002665, 0.3450000000000000289, -0.5500000000000000444 ) ) ;
#748 = CARTESIAN_POINT ( 'NONE',  ( -1.000000000000000000, 0.000000000000000000, -0.5500000000000000444 ) ) ;
#749 = SPHERICAL_SURFACE ( 'NONE', #2839, 0.03500000000000000333 ) ;
#750 = ORIENTED_EDGE ( 'NONE', *, *, #724, .T. ) ;
#751 = VERTEX_POINT ( 'NONE', #216 ) ;
#752 = EDGE_LOOP ( 'NONE', ( #2086, #2184, #988, #745 ) ) ;
#753 = DIRECTION ( 'NONE',  ( -0.000000000000000000, 1.000000000000000000, -0.000000000000000000 ) ) ;
#754 = DIRECTION ( 'NONE',  ( 0.5000000000000001110, 0.000000000000000000, 0.8660254037844387076 ) ) ;
#755 = FACE_OUTER_BOUND ( 'NONE', #242, .T. ) ;
#756 = DIRECTION ( 'NONE',  ( 1.000000000000000000, 0.000000000000000000, 0.000000000000000000 ) ) ;
#757 = DIRECTION ( 'NONE',  ( 0.000000000000000000, 0.000000000000000000, 1.000000000000000000 ) ) ;
#758 = VERTEX_POINT ( 'NONE', #2029 ) ;
#759 = DIRECTION ( 'NONE',  ( -0.000000000000000000, -0.000000000000000000, -1.000000000000000000 ) ) ;
#760 = LINE ( 'NONE', #1249, #2517 ) ;
#761 = CARTESIAN_POINT ( 'NONE',  ( 0.9249999999999998224, 0.3450000000000000289, 0.8000000000000001554 ) ) ;
#762 = VERTEX_POINT ( 'NONE', #876 ) ;
#763 = ORIENTED_EDGE ( 'NONE', *, *, #1849, .F. ) ;
#764 = ORIENTED_EDGE ( 'NONE', *, *, #2887, .F. ) ;
#765 = AXIS2_PLACEMENT_3D ( 'NONE', #1110, #1568, #2512 ) ;
#766 = EDGE_CURVE ( 'NONE', #1164, #2760, #2524, .T. ) ;
#767 = CARTESIAN_POINT ( 'NONE',  ( 1.000000000000000444, 0.000000000000000000, -0.5499999999999984901 ) ) ;
#768 = ADVANCED_FACE ( 'NONE', ( #21 ), #1851, .F. ) ;
#769 = CARTESIAN_POINT ( 'NONE',  ( -1.250000000000000222, 0.3800000000000000044, -0.5500000000000000444 ) ) ;
#770 = CARTESIAN_POINT ( 'NONE',  ( 0.9458231284517626403, 0.7800000000000000266, -0.7458231284517626847 ) ) ;
#771 = AXIS2_PLACEMENT_3D ( 'NONE', #2089, #756, #824 ) ;
#772 = EDGE_CURVE ( 'NONE', #889, #1155, #2295, .T. ) ;
#773 = CARTESIAN_POINT ( 'NONE',  ( 1.599999999999999645, 0.3800000000000000044, 0.8000000000000001554 ) ) ;
#774 = SURFACE_STYLE_FILL_AREA ( #1906 ) ;
#775 = FACE_OUTER_BOUND ( 'NONE', #115, .T. ) ;
#776 = CARTESIAN_POINT ( 'NONE',  ( -0.9250000000000000444, 0.3450000000000000289, 0.8000000000000003775 ) ) ;
#777 = EDGE_LOOP ( 'NONE', ( #867, #1361, #2744 ) ) ;
#778 = ORIENTED_EDGE ( 'NONE', *, *, #2013, .T. ) ;
#779 = ORIENTED_EDGE ( 'NONE', *, *, #2308, .T. ) ;
#780 = EDGE_CURVE ( 'NONE', #89, #2484, #197, .T. ) ;
#781 = DIRECTION ( 'NONE',  ( -1.000000000000000000, -0.000000000000000000, -0.000000000000000000 ) ) ;
#782 = EDGE_CURVE ( 'NONE', #1946, #1270, #2538, .T. ) ;
#783 = MECHANICAL_DESIGN_GEOMETRIC_PRESENTATION_REPRESENTATION (  '', ( #509 ), #2835 ) ;
#784 = EDGE_CURVE ( 'NONE', #1808, #1797, #2707, .T. ) ;
#785 = CARTESIAN_POINT ( 'NONE',  ( -1.250000000000000222, 0.3450000000000000289, -0.7999999999999999334 ) ) ;
#786 = LINE ( 'NONE', #1242, #640 ) ;
#787 = AXIS2_PLACEMENT_3D ( 'NONE', #74, #2553, #1637 ) ;
#788 = AXIS2_PLACEMENT_3D ( 'NONE', #314, #1000, #113 ) ;
#789 = DIRECTION ( 'NONE',  ( 1.000000000000000000, 0.000000000000000000, 0.000000000000000000 ) ) ;
#790 = VECTOR ( 'NONE', #1915, 1000.000000000000000 ) ;
#791 = DIRECTION ( 'NONE',  ( 1.000000000000000000, 0.000000000000000000, -4.336808689942019708E-16 ) ) ;
#792 = AXIS2_PLACEMENT_3D ( 'NONE', #817, #1731, #175 ) ;
#793 = DIRECTION ( 'NONE',  ( -0.000000000000000000, 1.000000000000000000, -0.000000000000000000 ) ) ;
#794 =( BOUNDED_CURVE ( )  B_SPLINE_CURVE ( 3, ( #1366, #2531, #918, #1148 ),
 .UNSPECIFIED., .F., .F. ) 
 B_SPLINE_CURVE_WITH_KNOTS ( ( 4, 4 ),
 ( 5.499156671652529305, 7.067213942706639607 ),
 .UNSPECIFIED. ) 
 CURVE ( )  GEOMETRIC_REPRESENTATION_ITEM ( )  RATIONAL_B_SPLINE_CURVE ( ( 1.000000000000000000, 0.8053830134673587438, 0.8053830134673587438, 1.000000000000000000 ) ) 
 REPRESENTATION_ITEM ( '' )  );
#795 = DIRECTION ( 'NONE',  ( -1.000000000000000000, 3.097720492815728250E-15, 0.000000000000000000 ) ) ;
#796 = ORIENTED_EDGE ( 'NONE', *, *, #1995, .T. ) ;
#797 = ORIENTED_EDGE ( 'NONE', *, *, #2549, .F. ) ;
#798 = CARTESIAN_POINT ( 'NONE',  ( -0.9790368882867832578, 0.7800000000000000266, -0.7458231284517626847 ) ) ;
#799 = CARTESIAN_POINT ( 'NONE',  ( 0.9999999999999993339, 0.000000000000000000, 0.5500000000000011546 ) ) ;
#800 = FACE_OUTER_BOUND ( 'NONE', #187, .T. ) ;
#801 = DIRECTION ( 'NONE',  ( 1.000000000000000000, 0.000000000000000000, 9.035018104045859108E-16 ) ) ;
#802 = LINE ( 'NONE', #2193, #2555 ) ;
#803 = CARTESIAN_POINT ( 'NONE',  ( 1.599999999999999645, 0.3800000000000000044, 0.8000000000000001554 ) ) ;
#804 = CARTESIAN_POINT ( 'NONE',  ( -0.9250000000000000444, 0.3450000000000000289, 0.8000000000000003775 ) ) ;
#805 = VERTEX_POINT ( 'NONE', #231 ) ;
#806 = ORIENTED_EDGE ( 'NONE', *, *, #1667, .F. ) ;
#807 = LINE ( 'NONE', #2443, #1120 ) ;
#808 = LINE ( 'NONE', #2114, #2560 ) ;
#809 = DIRECTION ( 'NONE',  ( -0.05233595624294395954, -0.9986295347545739443, 0.000000000000000000 ) ) ;
#810 = LINE ( 'NONE', #1007, #267 ) ;
#811 = CARTESIAN_POINT ( 'NONE',  ( -0.9999999999999997780, 0.3800000000000000044, 0.5500000000000004885 ) ) ;
#812 = SURFACE_STYLE_USAGE ( .BOTH. , #2403 ) ;
#813 = EDGE_CURVE ( 'NONE', #2427, #58, #1599, .T. ) ;
#814 = VECTOR ( 'NONE', #1993, 1000.000000000000000 ) ;
#815 = LINE ( 'NONE', #1267, #271 ) ;
#816 = AXIS2_PLACEMENT_3D ( 'NONE', #1346, #1573, #914 ) ;
#817 = CARTESIAN_POINT ( 'NONE',  ( -0.9250000000000002665, 0.3450000000000000289, -0.7999999999999999334 ) ) ;
#818 = LINE ( 'NONE', #1763, #2364 ) ;
#819 = ADVANCED_FACE ( 'NONE', ( #540 ), #727, .F. ) ;
#820 = EDGE_LOOP ( 'NONE', ( #700, #2576, #2118, #1095, #315, #1577 ) ) ;
#821 = ORIENTED_EDGE ( 'NONE', *, *, #27, .T. ) ;
#822 = LINE ( 'NONE', #345, #2683 ) ;
#823 = DIRECTION ( 'NONE',  ( -0.000000000000000000, -0.000000000000000000, 1.000000000000000000 ) ) ;
#824 = DIRECTION ( 'NONE',  ( 0.000000000000000000, 0.000000000000000000, -1.000000000000000000 ) ) ;
#825 = ORIENTED_EDGE ( 'NONE', *, *, #2672, .F. ) ;
#826 = CARTESIAN_POINT ( 'NONE',  ( -1.000000000000000000, 0.3800000000000000044, -0.5500000000000000444 ) ) ;
#827 = CARTESIAN_POINT ( 'NONE',  ( -1.250000000000000000, 0.3450000000000000289, 0.5500000000000007105 ) ) ;
#828 = VECTOR ( 'NONE', #2497, 1000.000000000000000 ) ;
#829 = VECTOR ( 'NONE', #266, 1000.000000000000000 ) ;
#830 = LINE ( 'NONE', #2404, #124 ) ;
#831 = ORIENTED_EDGE ( 'NONE', *, *, #1092, .F. ) ;
#832 = CARTESIAN_POINT ( 'NONE',  ( 1.074999999999999734, 0.3800000000000000044, -0.7999999999999999334 ) ) ;
#833 = FACE_OUTER_BOUND ( 'NONE', #2353, .T. ) ;
#834 = ORIENTED_EDGE ( 'NONE', *, *, #1386, .F. ) ;
#835 = ORIENTED_EDGE ( 'NONE', *, *, #956, .T. ) ;
#836 = CARTESIAN_POINT ( 'NONE',  ( -1.250000000000000000, 0.3450000000000000289, 0.5500000000000007105 ) ) ;
#837 = AXIS2_PLACEMENT_3D ( 'NONE', #2391, #1897, #2824 ) ;
#838 = ORIENTED_EDGE ( 'NONE', *, *, #1969, .F. ) ;
#839 = VECTOR ( 'NONE', #2885, 1000.000000000000000 ) ;
#840 = EDGE_CURVE ( 'NONE', #2370, #2015, #274, .T. ) ;
#841 = CARTESIAN_POINT ( 'NONE',  ( 1.600000000000000533, 0.000000000000000000, 1.889823385246634790E-15 ) ) ;
#842 = DIRECTION ( 'NONE',  ( 1.000000000000000000, 0.000000000000000000, 9.035018104045859108E-16 ) ) ;
#843 = LINE ( 'NONE', #2719, #1265 ) ;
#844 = CARTESIAN_POINT ( 'NONE',  ( 1.000000000000000444, 0.3800000000000000044, -0.5499999999999984901 ) ) ;
#845 =( NAMED_UNIT ( * ) SI_UNIT ( $, .STERADIAN. ) SOLID_ANGLE_UNIT ( ) );
#846 = EDGE_CURVE ( 'NONE', #1678, #894, #1068, .T. ) ;
#847 = DIRECTION ( 'NONE',  ( 0.000000000000000000, 0.000000000000000000, -1.000000000000000000 ) ) ;
#848 = VERTEX_POINT ( 'NONE', #319 ) ;
#849 = CARTESIAN_POINT ( 'NONE',  ( 1.599999999999999645, 0.3800000000000000044, -0.7999999999999999334 ) ) ;
#850 = DIRECTION ( 'NONE',  ( -1.000000000000000000, 0.000000000000000000, 0.000000000000000000 ) ) ;
#851 = ADVANCED_FACE ( 'NONE', ( #2774 ), #497, .T. ) ;
#852 = ADVANCED_FACE ( 'NONE', ( #59 ), #2131, .F. ) ;
#853 = ORIENTED_EDGE ( 'NONE', *, *, #1041, .F. ) ;
#854 = LINE ( 'NONE', #798, #1263 ) ;
#855 = ORIENTED_EDGE ( 'NONE', *, *, #1296, .T. ) ;
#856 = LINE ( 'NONE', #438, #417 ) ;
#857 = LINE ( 'NONE', #2666, #2366 ) ;
#858 = EDGE_LOOP ( 'NONE', ( #1945, #2454, #435, #1567 ) ) ;
#859 = EDGE_CURVE ( 'NONE', #522, #1992, #1916, .T. ) ;
#860 = DIRECTION ( 'NONE',  ( -9.035018104045859108E-16, 0.000000000000000000, 1.000000000000000000 ) ) ;
#861 = CARTESIAN_POINT ( 'NONE',  ( 0.9249999999999998224, 0.3450000000000000289, 0.8000000000000001554 ) ) ;
#862 = EDGE_CURVE ( 'NONE', #680, #184, #1700, .T. ) ;
#863 = ORIENTED_EDGE ( 'NONE', *, *, #218, .F. ) ;
#864 = CARTESIAN_POINT ( 'NONE',  ( 1.074999999999999734, 0.3450000000000000289, 0.8000000000000001554 ) ) ;
#865 = LINE ( 'NONE', #380, #2355 ) ;
#866 = AXIS2_PLACEMENT_3D ( 'NONE', #1627, #2736, #1822 ) ;
#867 = ORIENTED_EDGE ( 'NONE', *, *, #766, .T. ) ;
#868 = DIRECTION ( 'NONE',  ( 0.5000000000000001110, 0.000000000000000000, -0.8660254037844387076 ) ) ;
#869 = EDGE_LOOP ( 'NONE', ( #1347, #1753, #2125 ) ) ;
#870 = CARTESIAN_POINT ( 'NONE',  ( 0.000000000000000000, 0.3800000000000000044, 0.000000000000000000 ) ) ;
#871 = FACE_OUTER_BOUND ( 'NONE', #1015, .T. ) ;
#872 = ORIENTED_EDGE ( 'NONE', *, *, #1385, .F. ) ;
#873 = ORIENTED_EDGE ( 'NONE', *, *, #258, .T. ) ;
#874 = EDGE_CURVE ( 'NONE', #2432, #1549, #321, .T. ) ;
#875 = ADVANCED_FACE ( 'NONE', ( #2087 ), #975, .T. ) ;
#876 = CARTESIAN_POINT ( 'NONE',  ( -1.250000000000000000, 0.3800000000000000044, 0.8000000000000005995 ) ) ;
#877 = VECTOR ( 'NONE', #2860, 1000.000000000000000 ) ;
#878 = AXIS2_PLACEMENT_3D ( 'NONE', #900, #2300, #41 ) ;
#879 = LINE ( 'NONE', #2540, #2398 ) ;
#880 = EDGE_CURVE ( 'NONE', #331, #2427, #1459, .T. ) ;
#881 = COLOUR_RGB ( '',0.000000000000000000, 0.5019607843137254832, 0.000000000000000000 ) ;
#882 = DIRECTION ( 'NONE',  ( -0.000000000000000000, 1.000000000000000000, 0.000000000000000000 ) ) ;
#883 = ORIENTED_EDGE ( 'NONE', *, *, #1384, .T. ) ;
#884 = VECTOR ( 'NONE', #2915, 1000.000000000000000 ) ;
#885 = DIRECTION ( 'NONE',  ( 0.000000000000000000, -0.000000000000000000, 1.000000000000000000 ) ) ;
#886 = CARTESIAN_POINT ( 'NONE',  ( 1.600000000000000089, 0.3800000000000000044, 0.5500000000000017097 ) ) ;
#887 = VERTEX_POINT ( 'NONE', #741 ) ;
#888 = CARTESIAN_POINT ( 'NONE',  ( 0.4763139720814413836, 0.05000000000000000278, 0.5500000000000000444 ) ) ;
#889 = VERTEX_POINT ( 'NONE', #1005 ) ;
#890 = VECTOR ( 'NONE', #2388, 1000.000000000000000 ) ;
#891 = FACE_OUTER_BOUND ( 'NONE', #18, .T. ) ;
#892 = DIRECTION ( 'NONE',  ( 0.000000000000000000, 1.000000000000000000, 0.000000000000000000 ) ) ;
#893 = CARTESIAN_POINT ( 'NONE',  ( 0.9596802994211088844, 0.4824211850971920623, -0.7946323331375186871 ) ) ;
#894 = VERTEX_POINT ( 'NONE', #950 ) ;
#895 = AXIS2_PLACEMENT_3D ( 'NONE', #1250, #534, #1207 ) ;
#896 = CARTESIAN_POINT ( 'NONE',  ( 0.4763139720814413836, 0.000000000000000000, 0.5500000000000000444 ) ) ;
#897 = CARTESIAN_POINT ( 'NONE',  ( -1.250000000000000222, 0.3800000000000000044, -0.7999999999999999334 ) ) ;
#898 = CARTESIAN_POINT ( 'NONE',  ( -1.000000000000000222, 0.3800000000000000044, 0.7650479662835898420 ) ) ;
#899 = ORIENTED_EDGE ( 'NONE', *, *, #1152, .F. ) ;
#900 = CARTESIAN_POINT ( 'NONE',  ( -0.4763139720814411615, 0.05000000000000000278, 0.000000000000000000 ) ) ;
#901 = LINE ( 'NONE', #888, #1052 ) ;
#902 = VERTEX_POINT ( 'NONE', #2307 ) ;
#903 = PLANE ( 'NONE',  #2604 ) ;
#904 = CARTESIAN_POINT ( 'NONE',  ( 0.9458231284517625292, 0.7468317584685030264, 0.7807751621681726650 ) ) ;
#905 = ORIENTED_EDGE ( 'NONE', *, *, #1881, .F. ) ;
#906 = ORIENTED_EDGE ( 'NONE', *, *, #1036, .F. ) ;
#907 = FACE_OUTER_BOUND ( 'NONE', #2685, .T. ) ;
#908 = LINE ( 'NONE', #692, #1020 ) ;
#909 = VECTOR ( 'NONE', #2900, 1000.000000000000000 ) ;
#910 = DIRECTION ( 'NONE',  ( -0.000000000000000000, -1.000000000000000000, -0.000000000000000000 ) ) ;
#911 = VERTEX_POINT ( 'NONE', #1655 ) ;
#912 = EDGE_CURVE ( 'NONE', #1692, #1895, #301, .T. ) ;
#913 = EDGE_CURVE ( 'NONE', #551, #707, #1861, .T. ) ;
#914 = DIRECTION ( 'NONE',  ( -4.336808689942020201E-16, 0.000000000000000000, -1.000000000000000000 ) ) ;
#915 = CARTESIAN_POINT ( 'NONE',  ( 0.9957249612981701192, 0.4615725978149392006, -0.7607729275817601833 ) ) ;
#916 = STYLED_ITEM ( 'NONE', ( #2784 ), #1372 ) ;
#917 = MECHANICAL_DESIGN_GEOMETRIC_PRESENTATION_REPRESENTATION (  '', ( #2587 ), #1913 ) ;
#918 = CARTESIAN_POINT ( 'NONE',  ( 0.9999999999999993339, 0.3799999999999999489, -0.7855339910196128539 ) ) ;
#919 = EDGE_LOOP ( 'NONE', ( #1467, #2294, #2858, #1930 ) ) ;
#920 = ORIENTED_EDGE ( 'NONE', *, *, #2856, .F. ) ;
#921 = AXIS2_PLACEMENT_3D ( 'NONE', #708, #1813, #2545 ) ;
#922 = PLANE ( 'NONE',  #2195 ) ;
#923 = DIRECTION ( 'NONE',  ( 4.336808689942019708E-16, 0.000000000000000000, 1.000000000000000000 ) ) ;
#924 = VERTEX_POINT ( 'NONE', #1903 ) ;
#925 = CARTESIAN_POINT ( 'NONE',  ( 1.000000000000000444, 0.000000000000000000, -0.5499999999999984901 ) ) ;
#926 = DIRECTION ( 'NONE',  ( -0.05226442768871403244, 0.9972646886342372285, 0.05226442768871403244 ) ) ;
#927 = CARTESIAN_POINT ( 'NONE',  ( 0.4763139720814413836, 0.05000000000000000278, 0.5500000000000000444 ) ) ;
#928 = VECTOR ( 'NONE', #1874, 1000.000000000000000 ) ;
#929 = ORIENTED_EDGE ( 'NONE', *, *, #2008, .F. ) ;
#930 = CIRCLE ( 'NONE', #275, 0.3750000000000001665 ) ;
#931 = ORIENTED_EDGE ( 'NONE', *, *, #2401, .F. ) ;
#932 = EDGE_CURVE ( 'NONE', #2558, #535, #2329, .T. ) ;
#933 = ORIENTED_EDGE ( 'NONE', *, *, #1872, .T. ) ;
#934 = VECTOR ( 'NONE', #2611, 1000.000000000000000 ) ;
#935 = COLOUR_RGB ( '',0.000000000000000000, 0.5019607843137254832, 0.000000000000000000 ) ;
#936 = CARTESIAN_POINT ( 'NONE',  ( -0.9458231284517629733, 0.7468317584685030264, 0.7807751621681726650 ) ) ;
#937 = DIRECTION ( 'NONE',  ( 0.9986295347545737222, 0.05233595624294441057, 0.000000000000000000 ) ) ;
#938 = FACE_OUTER_BOUND ( 'NONE', #858, .T. ) ;
#939 = FACE_OUTER_BOUND ( 'NONE', #1282, .T. ) ;
#940 = ORIENTED_EDGE ( 'NONE', *, *, #992, .T. ) ;
#941 = EDGE_CURVE ( 'NONE', #720, #578, #2831, .T. ) ;
#942 = PLANE ( 'NONE',  #2552 ) ;
#943 = EDGE_CURVE ( 'NONE', #722, #1649, #2342, .T. ) ;
#944 = EDGE_CURVE ( 'NONE', #1832, #2395, #2598, .T. ) ;
#945 = CARTESIAN_POINT ( 'NONE',  ( -1.600000000000000533, 0.000000000000000000, -0.5500000000000000444 ) ) ;
#946 = ORIENTED_EDGE ( 'NONE', *, *, #1474, .F. ) ;
#947 = ORIENTED_EDGE ( 'NONE', *, *, #2101, .F. ) ;
#948 = ORIENTED_EDGE ( 'NONE', *, *, #636, .F. ) ;
#949 = EDGE_CURVE ( 'NONE', #1018, #1797, #349, .T. ) ;
#950 = CARTESIAN_POINT ( 'NONE',  ( 0.9458231284517626403, 0.7800000000000000266, 0.7458231284517626847 ) ) ;
#951 = CARTESIAN_POINT ( 'NONE',  ( 0.000000000000000000, 0.3450000000000000289, 0.000000000000000000 ) ) ;
#952 = EDGE_CURVE ( 'NONE', #981, #346, #2612, .T. ) ;
#953 = CARTESIAN_POINT ( 'NONE',  ( 0.9458231284517619741, 0.7468317584685030264, -0.7807751621681726650 ) ) ;
#954 = DIRECTION ( 'NONE',  ( 0.000000000000000000, -1.000000000000000000, 0.000000000000000000 ) ) ;
#955 = ORIENTED_EDGE ( 'NONE', *, *, #846, .F. ) ;
#956 = EDGE_CURVE ( 'NONE', #1870, #89, #818, .T. ) ;
#957 = CARTESIAN_POINT ( 'NONE',  ( 0.9249999999999998224, 0.3800000000000000044, 0.8000000000000001554 ) ) ;
#958 = FACE_OUTER_BOUND ( 'NONE', #2245, .T. ) ;
#959 = EDGE_LOOP ( 'NONE', ( #2304, #1099, #1634, #1252 ) ) ;
#960 = ORIENTED_EDGE ( 'NONE', *, *, #941, .T. ) ;
#961 = ORIENTED_EDGE ( 'NONE', *, *, #46, .F. ) ;
#962 = AXIS2_PLACEMENT_3D ( 'NONE', #1130, #2258, #2033 ) ;
#963 = CARTESIAN_POINT ( 'NONE',  ( -1.250000000000000222, 0.3450000000000000289, -0.7999999999999999334 ) ) ;
#964 = LINE ( 'NONE', #37, #979 ) ;
#965 = DIRECTION ( 'NONE',  ( 0.000000000000000000, 1.000000000000000000, 0.000000000000000000 ) ) ;
#966 = CARTESIAN_POINT ( 'NONE',  ( -1.600000000000000533, 0.3800000000000000044, 0.5500000000000003775 ) ) ;
#967 = VERTEX_POINT ( 'NONE', #369 ) ;
#968 = LINE ( 'NONE', #2336, #472 ) ;
#969 = DIRECTION ( 'NONE',  ( 0.000000000000000000, -0.000000000000000000, 1.000000000000000000 ) ) ;
#970 = ORIENTED_EDGE ( 'NONE', *, *, #2688, .T. ) ;
#971 = ORIENTED_EDGE ( 'NONE', *, *, #699, .T. ) ;
#972 = ORIENTED_EDGE ( 'NONE', *, *, #2510, .T. ) ;
#973 = CARTESIAN_POINT ( 'NONE',  ( -1.000000000000000000, 0.3800000000000000044, -0.5500000000000000444 ) ) ;
#974 = VECTOR ( 'NONE', #1767, 1000.000000000000000 ) ;
#975 = PLANE ( 'NONE',  #2602 ) ;
#976 = DIRECTION ( 'NONE',  ( 0.000000000000000000, 0.000000000000000000, 1.000000000000000000 ) ) ;
#977 = CARTESIAN_POINT ( 'NONE',  ( 0.9249999999999998224, 0.3450000000000000289, 0.8000000000000001554 ) ) ;
#978 = VECTOR ( 'NONE', #561, 1000.000000000000000 ) ;
#979 = VECTOR ( 'NONE', #542, 1000.000000000000000 ) ;
#980 = DIRECTION ( 'NONE',  ( -1.000000000000000000, 0.000000000000000000, 0.000000000000000000 ) ) ;
#981 = VERTEX_POINT ( 'NONE', #2676 ) ;
#982 = DIRECTION ( 'NONE',  ( -0.000000000000000000, -0.000000000000000000, -1.000000000000000000 ) ) ;
#983 = EDGE_CURVE ( 'NONE', #2091, #902, #1102, .T. ) ;
#984 = CARTESIAN_POINT ( 'NONE',  ( -1.600000000000000533, 0.3800000000000000044, -0.5500000000000000444 ) ) ;
#985 = SHAPE_DEFINITION_REPRESENTATION ( #2680, #1372 ) ;
#986 = DIRECTION ( 'NONE',  ( -0.000000000000000000, 1.000000000000000000, -0.000000000000000000 ) ) ;
#987 = ADVANCED_FACE ( 'NONE', ( #2407 ), #2182, .F. ) ;
#988 = ORIENTED_EDGE ( 'NONE', *, *, #1583, .F. ) ;
#989 = ORIENTED_EDGE ( 'NONE', *, *, #2376, .T. ) ;
#990 = ORIENTED_EDGE ( 'NONE', *, *, #2689, .F. ) ;
#991 = CARTESIAN_POINT ( 'NONE',  ( -1.000000000000000000, 0.3800000000000000044, -0.5500000000000000444 ) ) ;
#992 = EDGE_CURVE ( 'NONE', #663, #160, #1043, .T. ) ;
#993 = DIRECTION ( 'NONE',  ( -0.000000000000000000, 1.000000000000000000, -0.000000000000000000 ) ) ;
#994 = CARTESIAN_POINT ( 'NONE',  ( 0.000000000000000000, 0.3450000000000000289, 0.000000000000000000 ) ) ;
#995 = CARTESIAN_POINT ( 'NONE',  ( 0.9249999999999998224, 0.3800000000000000044, 0.8000000000000001554 ) ) ;
#996 = LINE ( 'NONE', #2390, #2697 ) ;
#997 = ADVANCED_FACE ( 'NONE', ( #2870 ), #2645, .T. ) ;
#998 = CARTESIAN_POINT ( 'NONE',  ( -1.250000000000000222, 0.3450000000000000289, -0.5500000000000000444 ) ) ;
#999 = EDGE_CURVE ( 'NONE', #2395, #565, #1542, .T. ) ;
#1000 = DIRECTION ( 'NONE',  ( 0.000000000000000000, 1.000000000000000000, 0.000000000000000000 ) ) ;
#1001 = EDGE_LOOP ( 'NONE', ( #1227, #1119, #501, #2110 ) ) ;
#1002 = ORIENTED_EDGE ( 'NONE', *, *, #699, .F. ) ;
#1003 = ORIENTED_EDGE ( 'NONE', *, *, #1625, .F. ) ;
#1004 = FACE_OUTER_BOUND ( 'NONE', #2859, .T. ) ;
#1005 = CARTESIAN_POINT ( 'NONE',  ( 0.9249999999999998224, 0.3450000000000000289, -0.7999999999999999334 ) ) ;
#1006 =( GEOMETRIC_REPRESENTATION_CONTEXT ( 3 ) GLOBAL_UNCERTAINTY_ASSIGNED_CONTEXT ( ( #24 ) ) GLOBAL_UNIT_ASSIGNED_CONTEXT ( ( #717, #313, #1631 ) ) REPRESENTATION_CONTEXT ( 'NONE', 'WORKASPACE' ) );
#1007 = CARTESIAN_POINT ( 'NONE',  ( 0.9807751621681725096, 0.7468317584685030264, 0.7790368882867834133 ) ) ;
#1008 = VECTOR ( 'NONE', #1185, 1000.000000000000000 ) ;
#1009 = PLANE ( 'NONE',  #212 ) ;
#1010 = LINE ( 'NONE', #2601, #735 ) ;
#1011 = LINE ( 'NONE', #998, #84 ) ;
#1012 = CARTESIAN_POINT ( 'NONE',  ( 0.9249999999999998224, 0.3450000000000000289, 0.8000000000000001554 ) ) ;
#1013 = EDGE_LOOP ( 'NONE', ( #2664, #1815, #2455, #317 ) ) ;
#1014 = VECTOR ( 'NONE', #2652, 1000.000000000000000 ) ;
#1015 = EDGE_LOOP ( 'NONE', ( #567, #489, #1236 ) ) ;
#1016 =( BOUNDED_CURVE ( )  B_SPLINE_CURVE ( 3, ( #1921, #2363, #1687, #1246 ),
 .UNSPECIFIED., .F., .T. ) 
 B_SPLINE_CURVE_WITH_KNOTS ( ( 4, 4 ),
 ( 5.499156671652532857, 7.067213942706640495 ),
 .UNSPECIFIED. ) 
 CURVE ( )  GEOMETRIC_REPRESENTATION_ITEM ( )  RATIONAL_B_SPLINE_CURVE ( ( 1.000000000000000000, 0.8053830134673592989, 0.8053830134673592989, 1.000000000000000000 ) ) 
 REPRESENTATION_ITEM ( '' )  );
#1017 = DIRECTION ( 'NONE',  ( 0.000000000000000000, 1.000000000000000000, 0.000000000000000000 ) ) ;
#1018 = VERTEX_POINT ( 'NONE', #598 ) ;
#1019 = LINE ( 'NONE', #2829, #1789 ) ;
#1020 = VECTOR ( 'NONE', #2058, 1000.000000000000000 ) ;
#1021 = PRESENTATION_LAYER_ASSIGNMENT (  '', '', ( #1259 ) ) ;
#1022 = SPHERICAL_SURFACE ( 'NONE', #2551, 0.03500000000000000333 ) ;
#1023 = PLANE ( 'NONE',  #2343 ) ;
#1024 =( GEOMETRIC_REPRESENTATION_CONTEXT ( 3 ) GLOBAL_UNCERTAINTY_ASSIGNED_CONTEXT ( ( #1604 ) ) GLOBAL_UNIT_ASSIGNED_CONTEXT ( ( #2880, #553, #2163 ) ) REPRESENTATION_CONTEXT ( 'NONE', 'WORKASPACE' ) );
#1025 = FILL_AREA_STYLE_COLOUR ( '', #2310 ) ;
#1026 = VECTOR ( 'NONE', #2574, 1000.000000000000000 ) ;
#1027 = LINE ( 'NONE', #803, #2417 ) ;
#1028 = PLANE ( 'NONE',  #701 ) ;
#1029 = EDGE_LOOP ( 'NONE', ( #2593, #1543, #1441, #2926 ) ) ;
#1030 = ORIENTED_EDGE ( 'NONE', *, *, #784, .T. ) ;
#1031 = CARTESIAN_POINT ( 'NONE',  ( -0.9458231284517630844, 0.7800000000000000266, 0.7458231284517626847 ) ) ;
#1032 = CARTESIAN_POINT ( 'NONE',  ( 0.000000000000000000, 0.3800000000000000044, 0.000000000000000000 ) ) ;
#1033 = DIRECTION ( 'NONE',  ( 1.000000000000000000, 0.000000000000000000, 0.000000000000000000 ) ) ;
#1034 = EDGE_CURVE ( 'NONE', #710, #2172, #143, .T. ) ;
#1035 = CARTESIAN_POINT ( 'NONE',  ( 0.4763139720814413836, 0.000000000000000000, 0.5500000000000000444 ) ) ;
#1036 = EDGE_CURVE ( 'NONE', #184, #911, #2426, .T. ) ;
#1037 = LINE ( 'NONE', #1951, #2056 ) ;
#1038 = EDGE_CURVE ( 'NONE', #1797, #2437, #1956, .T. ) ;
#1039 = CARTESIAN_POINT ( 'NONE',  ( -1.600000000000000533, 0.3800000000000000044, 0.8000000000000001554 ) ) ;
#1040 = CARTESIAN_POINT ( 'NONE',  ( -1.250000000000000000, 0.3800000000000000044, 0.5500000000000007105 ) ) ;
#1041 = EDGE_CURVE ( 'NONE', #2288, #578, #865, .T. ) ;
#1042 = CARTESIAN_POINT ( 'NONE',  ( 1.600000000000000977, 0.3800000000000000044, -0.5499999999999978240 ) ) ;
#1043 = LINE ( 'NONE', #1269, #1057 ) ;
#1044 = ORIENTED_EDGE ( 'NONE', *, *, #2761, .F. ) ;
#1045 = ORIENTED_EDGE ( 'NONE', *, *, #725, .F. ) ;
#1046 = FACE_OUTER_BOUND ( 'NONE', #1001, .T. ) ;
#1047 = CARTESIAN_POINT ( 'NONE',  ( 0.9249999999999998224, 0.3800000000000000044, -0.7999999999999999334 ) ) ;
#1048 = CARTESIAN_POINT ( 'NONE',  ( -0.9250000000000002665, 0.3800000000000000044, -0.5500000000000000444 ) ) ;
#1049 = ORIENTED_EDGE ( 'NONE', *, *, #2622, .T. ) ;
#1050 = VECTOR ( 'NONE', #1809, 1000.000000000000227 ) ;
#1051 = CARTESIAN_POINT ( 'NONE',  ( -0.9807751621681729537, 0.7468317584685030264, -0.7458231284517626847 ) ) ;
#1052 = VECTOR ( 'NONE', #2726, 1000.000000000000227 ) ;
#1053 = LINE ( 'NONE', #2470, #391 ) ;
#1054 = PRESENTATION_LAYER_ASSIGNMENT (  '', '', ( #2587 ) ) ;
#1055 = SURFACE_STYLE_FILL_AREA ( #584 ) ;
#1056 = CARTESIAN_POINT ( 'NONE',  ( -1.000000000000000000, 0.000000000000000000, -0.5500000000000000444 ) ) ;
#1057 = VECTOR ( 'NONE', #2247, 1000.000000000000000 ) ;
#1058 = SURFACE_STYLE_USAGE ( .BOTH. , #157 ) ;
#1059 = LINE ( 'NONE', #1972, #2208 ) ;
#1060 = VERTEX_POINT ( 'NONE', #1280 ) ;
#1061 = ORIENTED_EDGE ( 'NONE', *, *, #724, .F. ) ;
#1062 = CARTESIAN_POINT ( 'NONE',  ( -1.600000000000000533, 0.000000000000000000, -0.3750000000000000555 ) ) ;
#1063 = CARTESIAN_POINT ( 'NONE',  ( -0.9999999999999997780, 0.3450000000000000289, 0.5500000000000004885 ) ) ;
#1064 = CARTESIAN_POINT ( 'NONE',  ( 0.9651434402243661559, 0.3763464902174249449, 0.7651434402243663113 ) ) ;
#1065 = LINE ( 'NONE', #1807, #1503 ) ;
#1066 = CARTESIAN_POINT ( 'NONE',  ( -0.4763139720814411615, 0.05000000000000000278, 0.000000000000000000 ) ) ;
#1067 = DIRECTION ( 'NONE',  ( 0.000000000000000000, 0.000000000000000000, -1.000000000000000000 ) ) ;
#1068 = CIRCLE ( 'NONE', #2746, 0.03499999999999998251 ) ;
#1069 = DIRECTION ( 'NONE',  ( 1.000000000000000000, 0.000000000000000000, 0.000000000000000000 ) ) ;
#1070 = AXIS2_PLACEMENT_3D ( 'NONE', #841, #655, #2186 ) ;
#1071 = SURFACE_STYLE_FILL_AREA ( #173 ) ;
#1072 = VERTEX_POINT ( 'NONE', #886 ) ;
#1073 = LINE ( 'NONE', #587, #2846 ) ;
#1074 = CARTESIAN_POINT ( 'NONE',  ( -1.250000000000000222, 0.3450000000000000289, -0.5500000000000000444 ) ) ;
#1075 = EDGE_CURVE ( 'NONE', #523, #709, #2197, .T. ) ;
#1076 = ORIENTED_EDGE ( 'NONE', *, *, #2359, .T. ) ;
#1077 = DIRECTION ( 'NONE',  ( -4.336808689942019708E-16, 0.000000000000000000, -1.000000000000000000 ) ) ;
#1078 = ORIENTED_EDGE ( 'NONE', *, *, #1183, .F. ) ;
#1079 = EDGE_CURVE ( 'NONE', #565, #680, #2214, .T. ) ;
#1080 = DIRECTION ( 'NONE',  ( -0.000000000000000000, -1.000000000000000000, -0.000000000000000000 ) ) ;
#1081 = DIRECTION ( 'NONE',  ( 0.000000000000000000, 0.000000000000000000, 1.000000000000000000 ) ) ;
#1082 = ORIENTED_EDGE ( 'NONE', *, *, #2755, .T. ) ;
#1083 = EDGE_CURVE ( 'NONE', #1629, #2909, #1059, .T. ) ;
#1084 = LINE ( 'NONE', #151, #2582 ) ;
#1085 = VERTEX_POINT ( 'NONE', #176 ) ;
#1086 = DIRECTION ( 'NONE',  ( 0.000000000000000000, 1.000000000000000000, 0.000000000000000000 ) ) ;
#1087 = DIRECTION ( 'NONE',  ( 0.000000000000000000, 0.000000000000000000, 1.000000000000000000 ) ) ;
#1088 = EDGE_LOOP ( 'NONE', ( #2566, #1672, #834, #1166, #686, #2024, #2679, #1044, #2259, #1049, #1428, #947 ) ) ;
#1089 = LINE ( 'NONE', #2039, #395 ) ;
#1090 = EDGE_LOOP ( 'NONE', ( #1734, #1860, #12, #7 ) ) ;
#1091 = ADVANCED_FACE ( 'NONE', ( #833 ), #613, .F. ) ;
#1092 = EDGE_CURVE ( 'NONE', #1593, #1858, #1560, .T. ) ;
#1093 = CARTESIAN_POINT ( 'NONE',  ( 1.000000000000000444, 0.3800000000000000044, -0.5499999999999984901 ) ) ;
#1094 = DIRECTION ( 'NONE',  ( -1.000000000000000000, 0.000000000000000000, 4.336808689942020201E-16 ) ) ;
#1095 = ORIENTED_EDGE ( 'NONE', *, *, #408, .T. ) ;
#1096 = PLANE ( 'NONE',  #765 ) ;
#1097 = CARTESIAN_POINT ( 'NONE',  ( 0.9249999999999998224, 0.3800000000000000044, -0.7999999999999999334 ) ) ;
#1098 = DIRECTION ( 'NONE',  ( 0.000000000000000000, 0.000000000000000000, -1.000000000000000000 ) ) ;
#1099 = ORIENTED_EDGE ( 'NONE', *, *, #2229, .F. ) ;
#1100 = SURFACE_STYLE_USAGE ( .BOTH. , #2088 ) ;
#1101 = VECTOR ( 'NONE', #338, 1000.000000000000000 ) ;
#1102 = LINE ( 'NONE', #413, #546 ) ;
#1103 = VECTOR ( 'NONE', #1600, 1000.000000000000000 ) ;
#1104 = ORIENTED_EDGE ( 'NONE', *, *, #1804, .T. ) ;
#1105 = ORIENTED_EDGE ( 'NONE', *, *, #2362, .F. ) ;
#1106 = LINE ( 'NONE', #2717, #974 ) ;
#1107 = DIRECTION ( 'NONE',  ( 1.000000000000000000, 0.000000000000000000, 0.000000000000000000 ) ) ;
#1108 = CARTESIAN_POINT ( 'NONE',  ( -1.600000000000000533, 0.000000000000000000, -0.5500000000000000444 ) ) ;
#1109 = EDGE_LOOP ( 'NONE', ( #524, #1045, #611, #778 ) ) ;
#1110 = CARTESIAN_POINT ( 'NONE',  ( 1.599999999999999645, 0.000000000000000000, 1.084202172485504434E-16 ) ) ;
#1111 = FILL_AREA_STYLE ('',( #1376 ) ) ;
#1112 = FACE_OUTER_BOUND ( 'NONE', #1480, .T. ) ;
#1113 = ORIENTED_EDGE ( 'NONE', *, *, #932, .F. ) ;
#1114 = AXIS2_PLACEMENT_3D ( 'NONE', #1816, #2265, #55 ) ;
#1115 =( NAMED_UNIT ( * ) PLANE_ANGLE_UNIT ( ) SI_UNIT ( $, .RADIAN. ) );
#1116 = DIRECTION ( 'NONE',  ( -1.971276677246370533E-16, 0.000000000000000000, -1.000000000000000000 ) ) ;
#1117 = VERTEX_POINT ( 'NONE', #1985 ) ;
#1118 = PLANE ( 'NONE',  #1289 ) ;
#1119 = ORIENTED_EDGE ( 'NONE', *, *, #1836, .T. ) ;
#1120 = VECTOR ( 'NONE', #1077, 1000.000000000000000 ) ;
#1121 = DIRECTION ( 'NONE',  ( 0.000000000000000000, 1.000000000000000000, 0.000000000000000000 ) ) ;
#1122 = PLANE ( 'NONE',  #77 ) ;
#1123 = ORIENTED_EDGE ( 'NONE', *, *, #2672, .T. ) ;
#1124 = EDGE_LOOP ( 'NONE', ( #929, #2826, #1194, #2548 ) ) ;
#1125 = CIRCLE ( 'NONE', #2947, 0.3749999999999999445 ) ;
#1126 = AXIS2_PLACEMENT_3D ( 'NONE', #761, #1676, #2590 ) ;
#1127 = DIRECTION ( 'NONE',  ( 0.000000000000000000, 1.000000000000000000, 0.000000000000000000 ) ) ;
#1128 = ADVANCED_FACE ( 'NONE', ( #433 ), #2905, .F. ) ;
#1129 = SURFACE_STYLE_FILL_AREA ( #1111 ) ;
#1130 = CARTESIAN_POINT ( 'NONE',  ( -1.600000000000000533, 0.000000000000000000, 1.084202172485504434E-16 ) ) ;
#1131 = ORIENTED_EDGE ( 'NONE', *, *, #2285, .T. ) ;
#1132 = DIRECTION ( 'NONE',  ( 0.000000000000000000, -0.9986295347545739443, 0.05233595624294395260 ) ) ;
#1133 = FACE_OUTER_BOUND ( 'NONE', #1650, .T. ) ;
#1134 = DIRECTION ( 'NONE',  ( 0.000000000000000000, 0.000000000000000000, -1.000000000000000000 ) ) ;
#1135 = ORIENTED_EDGE ( 'NONE', *, *, #447, .T. ) ;
#1136 = EDGE_LOOP ( 'NONE', ( #831, #493, #1833, #779 ) ) ;
#1137 = DIRECTION ( 'NONE',  ( 1.084202172485503645E-15, 0.000000000000000000, -1.000000000000000000 ) ) ;
#1138 =( LENGTH_UNIT ( ) NAMED_UNIT ( * ) SI_UNIT ( .MILLI., .METRE. ) );
#1139 = AXIS2_PLACEMENT_3D ( 'NONE', #2243, #1127, #2071 ) ;
#1140 = FACE_OUTER_BOUND ( 'NONE', #2550, .T. ) ;
#1141 = ORIENTED_EDGE ( 'NONE', *, *, #474, .T. ) ;
#1142 = UNCERTAINTY_MEASURE_WITH_UNIT (LENGTH_MEASURE( 1.000000000000000082E-05 ), #728, 'distance_accuracy_value', 'NONE');
#1143 = LINE ( 'NONE', #957, #1790 ) ;
#1144 = ADVANCED_FACE ( 'NONE', ( #1842 ), #263, .F. ) ;
#1145 = DIRECTION ( 'NONE',  ( 1.000000000000000000, 0.000000000000000000, 0.000000000000000000 ) ) ;
#1146 = VECTOR ( 'NONE', #2530, 1000.000000000000000 ) ;
#1147 = VECTOR ( 'NONE', #1565, 1000.000000000000000 ) ;
#1148 = CARTESIAN_POINT ( 'NONE',  ( 0.9999999999999997780, 0.3800000000000000044, -0.7650479662835898420 ) ) ;
#1149 = ORIENTED_EDGE ( 'NONE', *, *, #1694, .F. ) ;
#1150 = ORIENTED_EDGE ( 'NONE', *, *, #1929, .T. ) ;
#1151 = DIRECTION ( 'NONE',  ( -1.000000000000000000, -0.000000000000000000, -1.084202172485503645E-15 ) ) ;
#1152 = EDGE_CURVE ( 'NONE', #331, #736, #1829, .T. ) ;
#1153 = CARTESIAN_POINT ( 'NONE',  ( 1.074999999999999734, 0.3450000000000000289, 0.8000000000000001554 ) ) ;
#1154 = CARTESIAN_POINT ( 'NONE',  ( -1.250000000000000222, 0.3450000000000000289, -0.5500000000000000444 ) ) ;
#1155 = VERTEX_POINT ( 'NONE', #479 ) ;
#1156 = EDGE_CURVE ( 'NONE', #1818, #1072, #2065, .T. ) ;
#1157 = ADVANCED_FACE ( 'NONE', ( #282 ), #2503, .T. ) ;
#1158 = VECTOR ( 'NONE', #1983, 1000.000000000000000 ) ;
#1159 = CARTESIAN_POINT ( 'NONE',  ( 0.4763139720814413836, 0.05000000000000000278, -0.5500000000000000444 ) ) ;
#1160 = VECTOR ( 'NONE', #2209, 1000.000000000000000 ) ;
#1161 = SURFACE_SIDE_STYLE ('',( #1425 ) ) ;
#1162 = ADVANCED_FACE ( 'NONE', ( #2093 ), #2767, .T. ) ;
#1163 = CARTESIAN_POINT ( 'NONE',  ( -0.9458231284517629733, 0.7468317584685030264, -0.7807751621681726650 ) ) ;
#1164 = VERTEX_POINT ( 'NONE', #1605 ) ;
#1165 = VECTOR ( 'NONE', #2021, 1000.000000000000000 ) ;
#1166 = ORIENTED_EDGE ( 'NONE', *, *, #1385, .T. ) ;
#1167 = VERTEX_POINT ( 'NONE', #1159 ) ;
#1168 = VECTOR ( 'NONE', #372, 1000.000000000000000 ) ;
#1169 = VECTOR ( 'NONE', #647, 1000.000000000000000 ) ;
#1170 = CARTESIAN_POINT ( 'NONE',  ( 0.9458231284517619741, 0.7449999999999999956, -0.7458231284517626847 ) ) ;
#1171 = EDGE_CURVE ( 'NONE', #1691, #329, #1616, .T. ) ;
#1172 = LINE ( 'NONE', #361, #2781 ) ;
#1173 = DIRECTION ( 'NONE',  ( 0.000000000000000000, 0.000000000000000000, 1.000000000000000000 ) ) ;
#1174 = ORIENTED_EDGE ( 'NONE', *, *, #1152, .T. ) ;
#1175 = LINE ( 'NONE', #665, #506 ) ;
#1176 = PRODUCT_DEFINITION ( 'UNKNOWN', '', #2158, #477 ) ;
#1177 = DIRECTION ( 'NONE',  ( 0.9986295347545739443, 0.05233595624294395954, 0.000000000000000000 ) ) ;
#1178 = EDGE_LOOP ( 'NONE', ( #2097, #2733, #989, #883, #2160, #2248 ) ) ;
#1179 = ORIENTED_EDGE ( 'NONE', *, *, #249, .F. ) ;
#1180 = ORIENTED_EDGE ( 'NONE', *, *, #1534, .T. ) ;
#1181 = ADVANCED_FACE ( 'NONE', ( #222 ), #502, .F. ) ;
#1182 = CARTESIAN_POINT ( 'NONE',  ( -0.9651434402243666000, 0.3781782486859279757, -0.8000954739407764027 ) ) ;
#1183 = EDGE_CURVE ( 'NONE', #2505, #1618, #2078, .T. ) ;
#1184 = FILL_AREA_STYLE_COLOUR ( '', #2322 ) ;
#1185 = DIRECTION ( 'NONE',  ( 1.000000000000000000, 0.000000000000000000, 0.000000000000000000 ) ) ;
#1186 = UNCERTAINTY_MEASURE_WITH_UNIT (LENGTH_MEASURE( 1.000000000000000082E-05 ), #2100, 'distance_accuracy_value', 'NONE');
#1187 = CARTESIAN_POINT ( 'NONE',  ( -0.9250000000000002665, 0.3450000000000000289, -0.7999999999999999334 ) ) ;
#1188 = VERTEX_POINT ( 'NONE', #716 ) ;
#1189 = PRESENTATION_STYLE_ASSIGNMENT (( #108 ) ) ;
#1190 = DIRECTION ( 'NONE',  ( 0.000000000000000000, -1.000000000000000000, 0.000000000000000000 ) ) ;
#1191 = FACE_OUTER_BOUND ( 'NONE', #2808, .T. ) ;
#1192 = ORIENTED_EDGE ( 'NONE', *, *, #427, .T. ) ;
#1193 = ORIENTED_EDGE ( 'NONE', *, *, #1843, .T. ) ;
#1194 = ORIENTED_EDGE ( 'NONE', *, *, #2271, .T. ) ;
#1195 = CARTESIAN_POINT ( 'NONE',  ( -1.000000000000000000, 0.000000000000000000, -0.5500000000000000444 ) ) ;
#1196 = VECTOR ( 'NONE', #2226, 1000.000000000000000 ) ;
#1197 = DIRECTION ( 'NONE',  ( 0.8660254037844385966, 0.000000000000000000, -0.5000000000000000000 ) ) ;
#1198 = VECTOR ( 'NONE', #1321, 1000.000000000000000 ) ;
#1199 = SURFACE_STYLE_FILL_AREA ( #2311 ) ;
#1200 = EDGE_CURVE ( 'NONE', #967, #1819, #2740, .T. ) ;
#1201 = CARTESIAN_POINT ( 'NONE',  ( -1.250000000000000000, 0.3450000000000000289, 0.5500000000000007105 ) ) ;
#1202 = CARTESIAN_POINT ( 'NONE',  ( -1.600000000000000533, 0.3800000000000000044, 0.8000000000000001554 ) ) ;
#1203 = EDGE_LOOP ( 'NONE', ( #2055, #1664, #1900, #1180 ) ) ;
#1204 = ADVANCED_FACE ( 'NONE', ( #2290 ), #1856, .F. ) ;
#1205 = DIRECTION ( 'NONE',  ( 1.000000000000000000, -0.000000000000000000, 0.000000000000000000 ) ) ;
#1206 = CARTESIAN_POINT ( 'NONE',  ( 0.9249999999999999334, 0.3450000000000000289, -0.5500000000000000444 ) ) ;
#1207 = DIRECTION ( 'NONE',  ( 0.000000000000000000, -0.000000000000000000, -1.000000000000000000 ) ) ;
#1208 = ORIENTED_EDGE ( 'NONE', *, *, #668, .F. ) ;
#1209 = EDGE_LOOP ( 'NONE', ( #2592, #2878, #1680, #1598 ) ) ;
#1210 = ORIENTED_EDGE ( 'NONE', *, *, #48, .F. ) ;
#1211 = VECTOR ( 'NONE', #49, 1000.000000000000114 ) ;
#1212 = DIRECTION ( 'NONE',  ( -1.000000000000000000, 0.000000000000000000, -9.856383386231861539E-16 ) ) ;
#1213 = AXIS2_PLACEMENT_3D ( 'NONE', #927, #1617, #2041 ) ;
#1214 = DIRECTION ( 'NONE',  ( 1.000000000000000000, 0.000000000000000000, -0.000000000000000000 ) ) ;
#1215 = ADVANCED_FACE ( 'NONE', ( #1630 ), #1591, .F. ) ;
#1216 = CARTESIAN_POINT ( 'NONE',  ( -1.250000000000000222, 0.3450000000000000289, -0.5500000000000000444 ) ) ;
#1217 = ADVANCED_FACE ( 'NONE', ( #1800 ), #942, .T. ) ;
#1218 = AXIS2_PLACEMENT_3D ( 'NONE', #575, #1706, #2838 ) ;
#1219 = EDGE_CURVE ( 'NONE', #710, #1593, #2277, .T. ) ;
#1220 = CARTESIAN_POINT ( 'NONE',  ( -1.250000000000000000, 0.3450000000000000289, 0.8000000000000005995 ) ) ;
#1221 = ORIENTED_EDGE ( 'NONE', *, *, #1999, .T. ) ;
#1222 = DIRECTION ( 'NONE',  ( 1.000000000000000000, 0.000000000000000000, 0.000000000000000000 ) ) ;
#1223 = DIRECTION ( 'NONE',  ( -0.000000000000000000, -0.000000000000000000, 1.000000000000000000 ) ) ;
#1224 = APPLICATION_PROTOCOL_DEFINITION ( 'draft international standard', 'automotive_design', 1998, #2615 ) ;
#1225 = ORIENTED_EDGE ( 'NONE', *, *, #1935, .F. ) ;
#1226 = ORIENTED_EDGE ( 'NONE', *, *, #1041, .T. ) ;
#1227 = ORIENTED_EDGE ( 'NONE', *, *, #1625, .T. ) ;
#1228 = DIRECTION ( 'NONE',  ( 0.000000000000000000, -0.000000000000000000, 1.000000000000000000 ) ) ;
#1229 = CARTESIAN_POINT ( 'NONE',  ( -0.9807751621681729537, 0.7468317584685030264, -0.7790368882867834133 ) ) ;
#1230 = CARTESIAN_POINT ( 'NONE',  ( -1.250000000000000222, 0.3800000000000000044, -0.7999999999999999334 ) ) ;
#1231 = FACE_OUTER_BOUND ( 'NONE', #2917, .T. ) ;
#1232 = CARTESIAN_POINT ( 'NONE',  ( 1.074999999999999734, 0.3800000000000000044, 0.5500000000000012657 ) ) ;
#1233 = LINE ( 'NONE', #312, #602 ) ;
#1234 = EDGE_CURVE ( 'NONE', #625, #239, #1412, .T. ) ;
#1235 = DIRECTION ( 'NONE',  ( -0.000000000000000000, 0.000000000000000000, 1.000000000000000000 ) ) ;
#1236 = ORIENTED_EDGE ( 'NONE', *, *, #2752, .F. ) ;
#1237 = EDGE_LOOP ( 'NONE', ( #617, #711, #1365, #1525, #357, #132, #1769, #750, #2944, #2171, #2040, #1871 ) ) ;
#1238 = DIRECTION ( 'NONE',  ( -4.336808689942019708E-16, 0.000000000000000000, -1.000000000000000000 ) ) ;
#1239 = ORIENTED_EDGE ( 'NONE', *, *, #2812, .T. ) ;
#1240 = DIRECTION ( 'NONE',  ( -1.000000000000000000, 0.000000000000000000, 4.336808689942019708E-16 ) ) ;
#1241 = DIRECTION ( 'NONE',  ( -0.8660254037844385966, -0.000000000000000000, 0.5000000000000000000 ) ) ;
#1242 = CARTESIAN_POINT ( 'NONE',  ( -0.4763139720814411615, 0.000000000000000000, 0.000000000000000000 ) ) ;
#1243 = VECTOR ( 'NONE', #2912, 1000.000000000000000 ) ;
#1244 = EDGE_CURVE ( 'NONE', #1651, #1629, #1175, .T. ) ;
#1245 = DIRECTION ( 'NONE',  ( 0.000000000000000000, 0.000000000000000000, 1.000000000000000000 ) ) ;
#1246 = CARTESIAN_POINT ( 'NONE',  ( 0.9650479662835896866, 0.3800000000000000044, 0.8000000000000001554 ) ) ;
#1247 = EDGE_CURVE ( 'NONE', #467, #2156, #1143, .T. ) ;
#1248 = ADVANCED_FACE ( 'NONE', ( #2822 ), #560, .F. ) ;
#1249 = CARTESIAN_POINT ( 'NONE',  ( -0.9250000000000002665, 0.3800000000000000044, -0.7999999999999999334 ) ) ;
#1250 = CARTESIAN_POINT ( 'NONE',  ( 1.600000000000000533, 0.3800000000000000044, 1.889823385246634790E-15 ) ) ;
#1251 = EDGE_LOOP ( 'NONE', ( #1764, #1417, #1527, #2897 ) ) ;
#1252 = ORIENTED_EDGE ( 'NONE', *, *, #1694, .T. ) ;
#1253 = CARTESIAN_POINT ( 'NONE',  ( -1.000000000000000000, 0.000000000000000000, -0.5500000000000000444 ) ) ;
#1254 = EDGE_CURVE ( 'NONE', #2760, #737, #1010, .T. ) ;
#1255 = LINE ( 'NONE', #1483, #2415 ) ;
#1256 = VECTOR ( 'NONE', #1645, 1000.000000000000000 ) ;
#1257 = CARTESIAN_POINT ( 'NONE',  ( 1.600000000000000977, 0.3800000000000000044, -0.5499999999999978240 ) ) ;
#1258 = VECTOR ( 'NONE', #2883, 1000.000000000000000 ) ;
#1259 = STYLED_ITEM ( 'NONE', ( #2435 ), #1397 ) ;
#1260 = EDGE_CURVE ( 'NONE', #1992, #625, #339, .T. ) ;
#1261 = EDGE_CURVE ( 'NONE', #1629, #709, #1016, .T. ) ;
#1262 = DIRECTION ( 'NONE',  ( 4.336808689942019708E-16, 0.000000000000000000, 1.000000000000000000 ) ) ;
#1263 = VECTOR ( 'NONE', #2159, 1000.000000000000000 ) ;
#1264 = CARTESIAN_POINT ( 'NONE',  ( -1.250000000000000222, 0.3800000000000000044, -0.5500000000000000444 ) ) ;
#1265 = VECTOR ( 'NONE', #2495, 1000.000000000000000 ) ;
#1266 = AXIS2_PLACEMENT_3D ( 'NONE', #75, #2805, #937 ) ;
#1267 = CARTESIAN_POINT ( 'NONE',  ( 1.599999999999999645, 0.3800000000000000044, -0.3750000000000002220 ) ) ;
#1268 = CARTESIAN_POINT ( 'NONE',  ( -1.000000000000000000, 0.000000000000000000, -0.5500000000000000444 ) ) ;
#1269 = CARTESIAN_POINT ( 'NONE',  ( 0.9249999999999999334, 0.3450000000000000289, 0.5500000000000002665 ) ) ;
#1270 = VERTEX_POINT ( 'NONE', #1232 ) ;
#1271 = VERTEX_POINT ( 'NONE', #1450 ) ;
#1272 = PLANE ( 'NONE',  #2541 ) ;
#1273 = CARTESIAN_POINT ( 'NONE',  ( -1.250000000000000000, 0.3450000000000000289, 0.8000000000000005995 ) ) ;
#1274 = CARTESIAN_POINT ( 'NONE',  ( 0.9807751621681725096, 0.7468317584685030264, -0.7458231284517626847 ) ) ;
#1275 = CARTESIAN_POINT ( 'NONE',  ( -1.000000000000000222, 0.3800000000000000044, -0.7650479662835896200 ) ) ;
#1276 = LINE ( 'NONE', #1982, #298 ) ;
#1277 = PLANE ( 'NONE',  #866 ) ;
#1278 = DIRECTION ( 'NONE',  ( 0.000000000000000000, -0.000000000000000000, -1.000000000000000000 ) ) ;
#1279 = LINE ( 'NONE', #1559, #839 ) ;
#1280 = CARTESIAN_POINT ( 'NONE',  ( 1.074999999999999734, 0.3450000000000000289, -0.5500000000000000444 ) ) ;
#1281 = ORIENTED_EDGE ( 'NONE', *, *, #2782, .T. ) ;
#1282 = EDGE_LOOP ( 'NONE', ( #1105, #2044, #330, #1597 ) ) ;
#1283 = DIRECTION ( 'NONE',  ( -0.000000000000000000, 1.000000000000000000, -0.000000000000000000 ) ) ;
#1284 = LINE ( 'NONE', #632, #2792 ) ;
#1285 = DIRECTION ( 'NONE',  ( 0.000000000000000000, -1.000000000000000000, 0.000000000000000000 ) ) ;
#1286 = ORIENTED_EDGE ( 'NONE', *, *, #2773, .F. ) ;
#1287 = VECTOR ( 'NONE', #608, 1000.000000000000000 ) ;
#1288 = LINE ( 'NONE', #1066, #2079 ) ;
#1289 = AXIS2_PLACEMENT_3D ( 'NONE', #696, #14, #480 ) ;
#1290 = CARTESIAN_POINT ( 'NONE',  ( 1.600000000000000089, 0.000000000000000000, 0.3750000000000017764 ) ) ;
#1291 = VECTOR ( 'NONE', #1341, 1000.000000000000000 ) ;
#1292 = ADVANCED_FACE ( 'NONE', ( #2837 ), #2135, .F. ) ;
#1293 = DIRECTION ( 'NONE',  ( -0.000000000000000000, 1.000000000000000000, -0.000000000000000000 ) ) ;
#1294 = DIRECTION ( 'NONE',  ( -1.000000000000000000, 0.000000000000000000, 0.000000000000000000 ) ) ;
#1295 = EDGE_LOOP ( 'NONE', ( #1508, #2112, #2584, #1609 ) ) ;
#1296 = EDGE_CURVE ( 'NONE', #666, #415, #2106, .T. ) ;
#1297 = VECTOR ( 'NONE', #1507, 1000.000000000000227 ) ;
#1298 = FACE_OUTER_BOUND ( 'NONE', #1540, .T. ) ;
#1299 = DIRECTION ( 'NONE',  ( -1.000000000000000000, -0.000000000000000000, -1.084202172485503645E-15 ) ) ;
#1300 = ORIENTED_EDGE ( 'NONE', *, *, #944, .T. ) ;
#1301 = ORIENTED_EDGE ( 'NONE', *, *, #1579, .F. ) ;
#1302 = CARTESIAN_POINT ( 'NONE',  ( -1.250000000000000222, 0.3450000000000000289, -0.7999999999999999334 ) ) ;
#1303 = ORIENTED_EDGE ( 'NONE', *, *, #1718, .F. ) ;
#1304 = EDGE_CURVE ( 'NONE', #1618, #1593, #996, .T. ) ;
#1305 = PLANE ( 'NONE',  #2030 ) ;
#1306 = DIRECTION ( 'NONE',  ( 0.000000000000000000, -0.000000000000000000, -1.000000000000000000 ) ) ;
#1307 = CARTESIAN_POINT ( 'NONE',  ( 1.074999999999999734, 0.3450000000000000289, -0.7999999999999999334 ) ) ;
#1308 = CARTESIAN_POINT ( 'NONE',  ( 1.074999999999999734, 0.3450000000000000289, -0.7999999999999999334 ) ) ;
#1309 = MANIFOLD_SOLID_BREP ( 'Fillet1', #1404 ) ;
#1311 = ADVANCED_FACE ( 'NONE', ( #2335 ), #1705, .F. ) ;
#1310 = VECTOR ( 'NONE', #2115, 1000.000000000000000 ) ;
#1312 = DIRECTION ( 'NONE',  ( -0.000000000000000000, -0.000000000000000000, -1.000000000000000000 ) ) ;
#1313 = CIRCLE ( 'NONE', #1070, 0.3749999999999999445 ) ;
#1314 = EDGE_CURVE ( 'NONE', #1976, #1870, #746, .T. ) ;
#1315 = ADVANCED_FACE ( 'NONE', ( #2571 ), #532, .F. ) ;
#1316 = AXIS2_PLACEMENT_3D ( 'NONE', #2636, #1457, #2341 ) ;
#1317 = CYLINDRICAL_SURFACE ( 'NONE', #2309, 0.03499999999999999639 ) ;
#1318 = ORIENTED_EDGE ( 'NONE', *, *, #562, .F. ) ;
#1319 = CARTESIAN_POINT ( 'NONE',  ( -0.9999999999999997780, 0.000000000000000000, 0.5500000000000004885 ) ) ;
#1320 = VECTOR ( 'NONE', #986, 1000.000000000000000 ) ;
#1321 = DIRECTION ( 'NONE',  ( 1.000000000000000000, 0.000000000000000000, 0.000000000000000000 ) ) ;
#1322 = VERTEX_POINT ( 'NONE', #1896 ) ;
#1323 = CARTESIAN_POINT ( 'NONE',  ( -0.9999999999999997780, 0.3800000000000000044, 0.5500000000000004885 ) ) ;
#1324 = ORIENTED_EDGE ( 'NONE', *, *, #2638, .F. ) ;
#1325 = CARTESIAN_POINT ( 'NONE',  ( 1.600000000000000089, 0.000000000000000000, 0.5500000000000017097 ) ) ;
#1326 = PLANE ( 'NONE',  #595 ) ;
#1327 = CARTESIAN_POINT ( 'NONE',  ( -1.250000000000000000, 0.3800000000000000044, 0.8000000000000005995 ) ) ;
#1328 = CARTESIAN_POINT ( 'NONE',  ( 1.074999999999999734, 0.3450000000000000289, 0.5500000000000002665 ) ) ;
#1329 = PLANE ( 'NONE',  #1411 ) ;
#1330 = VERTEX_POINT ( 'NONE', #2809 ) ;
#1331 = PLANE ( 'NONE',  #792 ) ;
#1332 = DIRECTION ( 'NONE',  ( -6.672013369141568175E-16, 0.000000000000000000, -1.000000000000000000 ) ) ;
#1333 = ORIENTED_EDGE ( 'NONE', *, *, #661, .T. ) ;
#1334 = CARTESIAN_POINT ( 'NONE',  ( -1.000000000000000222, 0.3800000000000000044, 0.7650479662835898420 ) ) ;
#1335 = ORIENTED_EDGE ( 'NONE', *, *, #668, .T. ) ;
#1336 = DIRECTION ( 'NONE',  ( 1.000000000000000000, -0.000000000000000000, -0.000000000000000000 ) ) ;
#1337 = CARTESIAN_POINT ( 'NONE',  ( -1.250000000000000000, 0.3800000000000000044, 0.8000000000000005995 ) ) ;
#1338 = ORIENTED_EDGE ( 'NONE', *, *, #170, .F. ) ;
#1339 = EDGE_LOOP ( 'NONE', ( #564, #1575, #873, #2475 ) ) ;
#1340 = FACE_OUTER_BOUND ( 'NONE', #1136, .T. ) ;
#1341 = DIRECTION ( 'NONE',  ( -1.000000000000000000, -0.000000000000000000, -0.000000000000000000 ) ) ;
#1342 = CARTESIAN_POINT ( 'NONE',  ( 0.9999999999999997780, 0.3800000000000000044, -0.7650479662835898420 ) ) ;
#1343 = ORIENTED_EDGE ( 'NONE', *, *, #109, .F. ) ;
#1344 = CARTESIAN_POINT ( 'NONE',  ( -1.600000000000000533, 0.3800000000000000044, -0.5500000000000000444 ) ) ;
#1345 = AXIS2_PLACEMENT_3D ( 'NONE', #1824, #954, #2117 ) ;
#1346 = CARTESIAN_POINT ( 'NONE',  ( -0.9250000000000000444, 0.3450000000000000289, 0.8000000000000003775 ) ) ;
#1347 = ORIENTED_EDGE ( 'NONE', *, *, #2903, .F. ) ;
#1348 = CARTESIAN_POINT ( 'NONE',  ( 0.9458231284517626403, 0.7449999999999999956, -0.7458231284517626847 ) ) ;
#1349 = ORIENTED_EDGE ( 'NONE', *, *, #1718, .T. ) ;
#1350 = AXIS2_PLACEMENT_3D ( 'NONE', #1379, #2489, #448 ) ;
#1351 = DIRECTION ( 'NONE',  ( 0.000000000000000000, 1.000000000000000000, 0.000000000000000000 ) ) ;
#1352 = CARTESIAN_POINT ( 'NONE',  ( 0.9249999999999998224, 0.3450000000000000289, -0.7999999999999999334 ) ) ;
#1353 = ORIENTED_EDGE ( 'NONE', *, *, #1929, .F. ) ;
#1354 = VERTEX_POINT ( 'NONE', #1264 ) ;
#1355 = EDGE_CURVE ( 'NONE', #2661, #1167, #392, .T. ) ;
#1356 = EDGE_CURVE ( 'NONE', #2096, #722, #2671, .T. ) ;
#1357 = CARTESIAN_POINT ( 'NONE',  ( -0.4763139720814411615, 0.05000000000000000278, 0.000000000000000000 ) ) ;
#1358 = CARTESIAN_POINT ( 'NONE',  ( -1.250000000000000222, 0.3450000000000000289, -0.7999999999999999334 ) ) ;
#1359 = EDGE_CURVE ( 'NONE', #2096, #2558, #406, .T. ) ;
#1360 = FACE_OUTER_BOUND ( 'NONE', #1524, .T. ) ;
#1361 = ORIENTED_EDGE ( 'NONE', *, *, #1254, .T. ) ;
#1362 = VECTOR ( 'NONE', #2506, 1000.000000000000000 ) ;
#1363 = DIRECTION ( 'NONE',  ( 0.000000000000000000, 0.000000000000000000, -1.000000000000000000 ) ) ;
#1364 = DIRECTION ( 'NONE',  ( -1.000000000000000000, 0.000000000000000000, 0.000000000000000000 ) ) ;
#1365 = ORIENTED_EDGE ( 'NONE', *, *, #2580, .T. ) ;
#1366 = CARTESIAN_POINT ( 'NONE',  ( 0.9650479662835891315, 0.3800000000000000044, -0.7999999999999999334 ) ) ;
#1367 = CARTESIAN_POINT ( 'NONE',  ( -0.4763139720814411615, 0.000000000000000000, 0.000000000000000000 ) ) ;
#1368 = ORIENTED_EDGE ( 'NONE', *, *, #1359, .F. ) ;
#1369 = ORIENTED_EDGE ( 'NONE', *, *, #683, .F. ) ;
#1370 = VECTOR ( 'NONE', #1464, 1000.000000000000000 ) ;
#1371 = COLOUR_RGB ( '',0.000000000000000000, 0.5019607843137254832, 0.000000000000000000 ) ;
#1372 = ADVANCED_BREP_SHAPE_REPRESENTATION ( '150120RS75000', ( #1401, #335, #2321, #2392, #2386, #1309, #1374, #1397, #107 ), #2348 ) ;
#1373 = DIRECTION ( 'NONE',  ( 0.000000000000000000, 1.000000000000000000, 0.000000000000000000 ) ) ;
#1374 = MANIFOLD_SOLID_BREP ( 'Boss-Extrude5[1]', #2456 ) ;
#1375 = EDGE_CURVE ( 'NONE', #2288, #599, #1942, .T. ) ;
#1376 = FILL_AREA_STYLE_COLOUR ( '', #1537 ) ;
#1377 = CARTESIAN_POINT ( 'NONE',  ( 0.000000000000000000, 0.3450000000000000289, 0.000000000000000000 ) ) ;
#1378 = VERTEX_POINT ( 'NONE', #642 ) ;
#1379 = CARTESIAN_POINT ( 'NONE',  ( -0.9458231284517628623, 0.7449999999999999956, 0.7458231284517626847 ) ) ;
#1380 = LINE ( 'NONE', #915, #681 ) ;
#1381 = PLANE ( 'NONE',  #1841 ) ;
#1382 = ORIENTED_EDGE ( 'NONE', *, *, #1514, .T. ) ;
#1383 = VERTEX_POINT ( 'NONE', #861 ) ;
#1384 = EDGE_CURVE ( 'NONE', #2872, #523, #2866, .T. ) ;
#1385 = EDGE_CURVE ( 'NONE', #707, #2143, #1518, .T. ) ;
#1386 = EDGE_CURVE ( 'NONE', #707, #762, #802, .T. ) ;
#1387 = DIRECTION ( 'NONE',  ( -1.000000000000000000, 0.000000000000000000, 0.000000000000000000 ) ) ;
#1388 = DIRECTION ( 'NONE',  ( -6.195440985631457289E-15, 1.000000000000000000, 3.097720492815728645E-15 ) ) ;
#1389 = ORIENTED_EDGE ( 'NONE', *, *, #525, .F. ) ;
#1390 = ADVANCED_FACE ( 'NONE', ( #1774 ), #1502, .T. ) ;
#1391 = DIRECTION ( 'NONE',  ( 1.000000000000000000, 0.000000000000000000, 0.000000000000000000 ) ) ;
#1392 = DIRECTION ( 'NONE',  ( 0.000000000000000000, -0.000000000000000000, 1.000000000000000000 ) ) ;
#1393 = CIRCLE ( 'NONE', #255, 0.03499999999999998251 ) ;
#1394 = LINE ( 'NONE', #28, #229 ) ;
#1395 = EDGE_LOOP ( 'NONE', ( #1469, #2532, #2262, #589 ) ) ;
#1396 = VERTEX_POINT ( 'NONE', #429 ) ;
#1397 = MANIFOLD_SOLID_BREP ( 'Boss-Extrude5[2]', #2832 ) ;
#1398 = EDGE_CURVE ( 'NONE', #1438, #2096, #908, .T. ) ;
#1399 = ORIENTED_EDGE ( 'NONE', *, *, #2412, .F. ) ;
#1400 = CARTESIAN_POINT ( 'NONE',  ( -0.9250000000000002665, 0.3450000000000000289, -0.7999999999999999334 ) ) ;
#1401 = MANIFOLD_SOLID_BREP ( 'Boss-Extrude3', #265 ) ;
#1402 = CARTESIAN_POINT ( 'NONE',  ( -1.600000000000000533, 0.3800000000000000044, -0.5500000000000000444 ) ) ;
#1403 = DIRECTION ( 'NONE',  ( -1.000000000000000000, -0.000000000000000000, -0.000000000000000000 ) ) ;
#1404 = CLOSED_SHELL ( 'NONE', ( #1715, #2022, #721, #340, #527, #1311, #559, #2851, #443, #768, #2367, #1936, #1794, #1621, #1162, #2627, #1940, #997, #875, #487, #1834, #733, #153, #1144, #348, #336, #2105, #1128, #1248, #2724, #1830, #2894, #819, #337, #2328, #1292, #2544, #1091, #1204, #2330, #852, #1918, #2668, #603, #333, #1181, #2375, #2578, #1749, #2140, #851, #1533, #2251, #125, #300, #2085, #2472, #2242 ) ) ;
#1405 = ADVANCED_FACE ( 'NONE', ( #938 ), #1277, .T. ) ;
#1406 = DIRECTION ( 'NONE',  ( 0.000000000000000000, -0.000000000000000000, 1.000000000000000000 ) ) ;
#1407 = EDGE_LOOP ( 'NONE', ( #797, #482, #1433, #972 ) ) ;
#1408 = VECTOR ( 'NONE', #1889, 1000.000000000000000 ) ;
#1409 = VECTOR ( 'NONE', #759, 1000.000000000000000 ) ;
#1410 = EDGE_CURVE ( 'NONE', #88, #510, #2930, .T. ) ;
#1411 = AXIS2_PLACEMENT_3D ( 'NONE', #1056, #847, #1557 ) ;
#1412 = LINE ( 'NONE', #2318, #2026 ) ;
#1413 = EDGE_CURVE ( 'NONE', #1986, #2370, #1837, .T. ) ;
#1414 = FACE_OUTER_BOUND ( 'NONE', #495, .T. ) ;
#1415 = ORIENTED_EDGE ( 'NONE', *, *, #683, .T. ) ;
#1416 = ORIENTED_EDGE ( 'NONE', *, *, #110, .F. ) ;
#1417 = ORIENTED_EDGE ( 'NONE', *, *, #305, .F. ) ;
#1418 = VECTOR ( 'NONE', #753, 1000.000000000000000 ) ;
#1419 = DIRECTION ( 'NONE',  ( -0.000000000000000000, 0.000000000000000000, -1.000000000000000000 ) ) ;
#1420 = DIRECTION ( 'NONE',  ( 0.000000000000000000, -0.000000000000000000, 1.000000000000000000 ) ) ;
#1421 = DIRECTION ( 'NONE',  ( 0.000000000000000000, -0.000000000000000000, 1.000000000000000000 ) ) ;
#1422 = CARTESIAN_POINT ( 'NONE',  ( 1.074999999999999734, 0.3450000000000000289, 0.8000000000000001554 ) ) ;
#1423 = ORIENTED_EDGE ( 'NONE', *, *, #689, .F. ) ;
#1424 = LINE ( 'NONE', #2572, #373 ) ;
#1425 = SURFACE_STYLE_FILL_AREA ( #2573 ) ;
#1426 = SPHERICAL_SURFACE ( 'NONE', #2513, 0.03500000000000000333 ) ;
#1427 = VERTEX_POINT ( 'NONE', #2296 ) ;
#1428 = ORIENTED_EDGE ( 'NONE', *, *, #1384, .F. ) ;
#1429 = ORIENTED_EDGE ( 'NONE', *, *, #139, .T. ) ;
#1430 = DIRECTION ( 'NONE',  ( -0.000000000000000000, -0.000000000000000000, -1.000000000000000000 ) ) ;
#1431 = DIRECTION ( 'NONE',  ( 0.000000000000000000, 0.000000000000000000, -1.000000000000000000 ) ) ;
#1432 = FACE_OUTER_BOUND ( 'NONE', #508, .T. ) ;
#1433 = ORIENTED_EDGE ( 'NONE', *, *, #1624, .T. ) ;
#1434 = CARTESIAN_POINT ( 'NONE',  ( -1.600000000000000533, 0.000000000000000000, 1.084202172485504434E-16 ) ) ;
#1435 = VECTOR ( 'NONE', #140, 1000.000000000000000 ) ;
#1436 = DIRECTION ( 'NONE',  ( 0.000000000000000000, 0.000000000000000000, -1.000000000000000000 ) ) ;
#1437 = CARTESIAN_POINT ( 'NONE',  ( -0.9250000000000002665, 0.3800000000000000044, -0.5500000000000000444 ) ) ;
#1438 = VERTEX_POINT ( 'NONE', #2012 ) ;
#1439 = ORIENTED_EDGE ( 'NONE', *, *, #1413, .T. ) ;
#1440 = VECTOR ( 'NONE', #1814, 1000.000000000000000 ) ;
#1441 = ORIENTED_EDGE ( 'NONE', *, *, #780, .F. ) ;
#1442 = VECTOR ( 'NONE', #675, 1000.000000000000000 ) ;
#1443 = DIRECTION ( 'NONE',  ( -1.971276677246370779E-16, -0.000000000000000000, -1.000000000000000000 ) ) ;
#1444 = EDGE_CURVE ( 'NONE', #1383, #805, #879, .T. ) ;
#1445 = DIRECTION ( 'NONE',  ( -9.035018104045859108E-16, 0.000000000000000000, 1.000000000000000000 ) ) ;
#1446 = VECTOR ( 'NONE', #189, 1000.000000000000000 ) ;
#1447 = CYLINDRICAL_SURFACE ( 'NONE', #1266, 0.03499999999999999639 ) ;
#1448 = LINE ( 'NONE', #1461, #307 ) ;
#1449 = ORIENTED_EDGE ( 'NONE', *, *, #2906, .T. ) ;
#1450 = CARTESIAN_POINT ( 'NONE',  ( -1.250000000000000000, 0.3450000000000000289, 0.8000000000000005995 ) ) ;
#1451 = DIRECTION ( 'NONE',  ( -0.000000000000000000, -0.000000000000000000, -1.000000000000000000 ) ) ;
#1452 = CARTESIAN_POINT ( 'NONE',  ( 0.4763139720814413836, 0.05000000000000000278, -0.5500000000000000444 ) ) ;
#1453 = ORIENTED_EDGE ( 'NONE', *, *, #2051, .T. ) ;
#1454 = ORIENTED_EDGE ( 'NONE', *, *, #1375, .T. ) ;
#1455 = ORIENTED_EDGE ( 'NONE', *, *, #1444, .T. ) ;
#1456 = AXIS2_PLACEMENT_3D ( 'NONE', #512, #1445, #91 ) ;
#1457 = DIRECTION ( 'NONE',  ( 0.000000000000000000, 0.000000000000000000, -1.000000000000000000 ) ) ;
#1458 = VECTOR ( 'NONE', #2219, 1000.000000000000000 ) ;
#1459 = LINE ( 'NONE', #1229, #32 ) ;
#1460 = DIRECTION ( 'NONE',  ( 0.000000000000000000, 0.000000000000000000, 1.000000000000000000 ) ) ;
#1461 = CARTESIAN_POINT ( 'NONE',  ( -1.600000000000000533, 0.000000000000000000, -0.5500000000000000444 ) ) ;
#1462 = EDGE_CURVE ( 'NONE', #2909, #666, #2709, .T. ) ;
#1463 = CARTESIAN_POINT ( 'NONE',  ( -0.9250000000000000444, 0.3450000000000000289, 0.8000000000000003775 ) ) ;
#1464 = DIRECTION ( 'NONE',  ( 1.000000000000000000, 0.000000000000000000, -6.672013369141566203E-16 ) ) ;
#1465 = CARTESIAN_POINT ( 'NONE',  ( -0.9458231284517629733, 0.7449999999999999956, -0.7458231284517626847 ) ) ;
#1466 = ORIENTED_EDGE ( 'NONE', *, *, #1519, .F. ) ;
#1467 = ORIENTED_EDGE ( 'NONE', *, *, #1707, .T. ) ;
#1468 = DIRECTION ( 'NONE',  ( 1.000000000000000000, 0.000000000000000000, 9.035018104045859108E-16 ) ) ;
#1469 = ORIENTED_EDGE ( 'NONE', *, *, #199, .T. ) ;
#1470 = PLANE ( 'NONE',  #276 ) ;
#1471 = EDGE_CURVE ( 'NONE', #2199, #88, #660, .T. ) ;
#1472 = CARTESIAN_POINT ( 'NONE',  ( 0.9249999999999999334, 0.3450000000000000289, -0.5500000000000000444 ) ) ;
#1473 = EDGE_CURVE ( 'NONE', #1808, #1085, #2046, .T. ) ;
#1474 = EDGE_CURVE ( 'NONE', #1072, #924, #705, .T. ) ;
#1475 = CARTESIAN_POINT ( 'NONE',  ( -1.250000000000000000, 0.3450000000000000289, 0.8000000000000005995 ) ) ;
#1476 = FACE_OUTER_BOUND ( 'NONE', #2913, .T. ) ;
#1477 = EDGE_CURVE ( 'NONE', #1378, #2381, #1586, .T. ) ;
#1478 = CARTESIAN_POINT ( 'NONE',  ( -1.600000000000000533, 0.000000000000000000, -0.3750000000000000555 ) ) ;
#1479 = LINE ( 'NONE', #2393, #2797 ) ;
#1480 = EDGE_LOOP ( 'NONE', ( #1848, #1239, #2934, #2816, #114 ) ) ;
#1481 = VERTEX_POINT ( 'NONE', #1153 ) ;
#1482 = DIRECTION ( 'NONE',  ( -6.672013369141570147E-16, 0.000000000000000000, -1.000000000000000000 ) ) ;
#1483 = CARTESIAN_POINT ( 'NONE',  ( -1.250000000000000000, 0.3800000000000000044, 0.8000000000000005995 ) ) ;
#1484 = PLANE ( 'NONE',  #2449 ) ;
#1485 = EDGE_CURVE ( 'NONE', #2780, #599, #2073, .T. ) ;
#1486 = VECTOR ( 'NONE', #79, 1000.000000000000000 ) ;
#1487 = FILL_AREA_STYLE_COLOUR ( '', #1371 ) ;
#1488 = VECTOR ( 'NONE', #2031, 1000.000000000000000 ) ;
#1489 = LINE ( 'NONE', #2852, #1196 ) ;
#1490 = FILL_AREA_STYLE_COLOUR ( '', #273 ) ;
#1491 = DIRECTION ( 'NONE',  ( 0.000000000000000000, 1.000000000000000000, 0.000000000000000000 ) ) ;
#1492 = CARTESIAN_POINT ( 'NONE',  ( -0.9651434402243666000, 0.3781782486859279757, 0.8000954739407764027 ) ) ;
#1493 = DIRECTION ( 'NONE',  ( -0.000000000000000000, 1.000000000000000000, -0.000000000000000000 ) ) ;
#1494 = ORIENTED_EDGE ( 'NONE', *, *, #360, .T. ) ;
#1495 = EDGE_LOOP ( 'NONE', ( #1531, #2937, #464, #2565 ) ) ;
#1496 = LINE ( 'NONE', #616, #122 ) ;
#1497 = LINE ( 'NONE', #402, #1165 ) ;
#1498 = CARTESIAN_POINT ( 'NONE',  ( 1.074999999999999734, 0.3450000000000000289, 0.8000000000000001554 ) ) ;
#1499 = VECTOR ( 'NONE', #2546, 1000.000000000000000 ) ;
#1500 = DIRECTION ( 'NONE',  ( 0.000000000000000000, 0.000000000000000000, -1.000000000000000000 ) ) ;
#1501 = CARTESIAN_POINT ( 'NONE',  ( -0.9999999999999997780, 0.000000000000000000, 0.5500000000000004885 ) ) ;
#1502 = PLANE ( 'NONE',  #511 ) ;
#1503 = VECTOR ( 'NONE', #1513, 1000.000000000000000 ) ;
#1504 = VECTOR ( 'NONE', #2675, 1000.000000000000000 ) ;
#1505 = DIRECTION ( 'NONE',  ( -0.000000000000000000, -0.000000000000000000, -1.000000000000000000 ) ) ;
#1506 = CARTESIAN_POINT ( 'NONE',  ( 1.000000000000000444, 0.000000000000000000, -0.5499999999999984901 ) ) ;
#1507 = DIRECTION ( 'NONE',  ( 0.8660254037844385966, -0.000000000000000000, 0.5000000000000000000 ) ) ;
#1508 = ORIENTED_EDGE ( 'NONE', *, *, #1736, .F. ) ;
#1509 = ORIENTED_EDGE ( 'NONE', *, *, #1171, .T. ) ;
#1510 = DIRECTION ( 'NONE',  ( -4.336808689942019708E-16, -0.000000000000000000, 1.000000000000000000 ) ) ;
#1511 = CARTESIAN_POINT ( 'NONE',  ( -0.9458231284517629733, 0.7449999999999999956, -0.7458231284517626847 ) ) ;
#1512 = DIRECTION ( 'NONE',  ( 0.000000000000000000, 0.000000000000000000, -1.000000000000000000 ) ) ;
#1513 = DIRECTION ( 'NONE',  ( 1.000000000000000000, -0.000000000000000000, 1.807003620809171920E-16 ) ) ;
#1514 = EDGE_CURVE ( 'NONE', #535, #522, #2763, .T. ) ;
#1515 = DIRECTION ( 'NONE',  ( -1.000000000000000000, 0.000000000000000000, 0.000000000000000000 ) ) ;
#1516 = EDGE_CURVE ( 'NONE', #2547, #65, #2272, .T. ) ;
#1517 = LINE ( 'NONE', #638, #15 ) ;
#1518 = LINE ( 'NONE', #1039, #1792 ) ;
#1519 = EDGE_CURVE ( 'NONE', #510, #1188, #76, .T. ) ;
#1520 = CARTESIAN_POINT ( 'NONE',  ( -0.9807751621681729537, 0.7468317584685030264, 0.7458231284517626847 ) ) ;
#1521 = ORIENTED_EDGE ( 'NONE', *, *, #470, .F. ) ;
#1522 = FACE_OUTER_BOUND ( 'NONE', #2459, .T. ) ;
#1523 = CARTESIAN_POINT ( 'NONE',  ( 1.074999999999999734, 0.3450000000000000289, -0.7999999999999999334 ) ) ;
#1524 = EDGE_LOOP ( 'NONE', ( #1757, #80, #1281 ) ) ;
#1525 = ORIENTED_EDGE ( 'NONE', *, *, #1516, .T. ) ;
#1526 = CARTESIAN_POINT ( 'NONE',  ( -0.9250000000000000444, 0.3450000000000000289, 0.8000000000000003775 ) ) ;
#1527 = ORIENTED_EDGE ( 'NONE', *, *, #48, .T. ) ;
#1528 = CARTESIAN_POINT ( 'NONE',  ( -1.250000000000000222, 0.3450000000000000289, -0.7999999999999999334 ) ) ;
#1529 = EDGE_CURVE ( 'NONE', #2951, #2608, #1172, .T. ) ;
#1530 = LINE ( 'NONE', #2042, #1147 ) ;
#1531 = ORIENTED_EDGE ( 'NONE', *, *, #766, .F. ) ;
#1532 = VECTOR ( 'NONE', #1373, 1000.000000000000000 ) ;
#1533 = ADVANCED_FACE ( 'NONE', ( #278 ), #2187, .T. ) ;
#1534 = EDGE_CURVE ( 'NONE', #2758, #1018, #1949, .T. ) ;
#1535 = AXIS2_PLACEMENT_3D ( 'NONE', #1544, #868, #2698 ) ;
#1536 = LINE ( 'NONE', #1772, #1287 ) ;
#1537 = COLOUR_RGB ( '',0.000000000000000000, 0.5019607843137254832, 0.000000000000000000 ) ;
#1538 = SURFACE_STYLE_USAGE ( .BOTH. , #1759 ) ;
#1539 = DIRECTION ( 'NONE',  ( 0.000000000000000000, 0.000000000000000000, -1.000000000000000000 ) ) ;
#1540 = EDGE_LOOP ( 'NONE', ( #931, #2338, #970, #56 ) ) ;
#1541 = CARTESIAN_POINT ( 'NONE',  ( -1.250000000000000000, 0.3450000000000000289, 0.8000000000000005995 ) ) ;
#1542 = LINE ( 'NONE', #1074, #1198 ) ;
#1543 = ORIENTED_EDGE ( 'NONE', *, *, #2745, .F. ) ;
#1544 = CARTESIAN_POINT ( 'NONE',  ( 0.4763139720814413836, 0.05000000000000000278, 0.5500000000000000444 ) ) ;
#1545 = ORIENTED_EDGE ( 'NONE', *, *, #118, .F. ) ;
#1546 = CARTESIAN_POINT ( 'NONE',  ( 1.000000000000000444, 0.3800000000000000044, -0.5499999999999984901 ) ) ;
#1547 = CLOSED_SHELL ( 'NONE', ( #1390, #521, #2766, #1157, #2049, #2799 ) ) ;
#1548 = CARTESIAN_POINT ( 'NONE',  ( -1.600000000000000533, 0.3800000000000000044, 0.3750000000000002776 ) ) ;
#1549 = VERTEX_POINT ( 'NONE', #953 ) ;
#1550 = VECTOR ( 'NONE', #90, 1000.000000000000000 ) ;
#1551 =( GEOMETRIC_REPRESENTATION_CONTEXT ( 3 ) GLOBAL_UNCERTAINTY_ASSIGNED_CONTEXT ( ( #2332 ) ) GLOBAL_UNIT_ASSIGNED_CONTEXT ( ( #574, #2783, #292 ) ) REPRESENTATION_CONTEXT ( 'NONE', 'WORKASPACE' ) );
#1552 = AXIS2_PLACEMENT_3D ( 'NONE', #1628, #2950, #1587 ) ;
#1553 =( GEOMETRIC_REPRESENTATION_CONTEXT ( 3 ) GLOBAL_UNCERTAINTY_ASSIGNED_CONTEXT ( ( #516 ) ) GLOBAL_UNIT_ASSIGNED_CONTEXT ( ( #2452, #1968, #845 ) ) REPRESENTATION_CONTEXT ( 'NONE', 'WORKASPACE' ) );
#1554 = LINE ( 'NONE', #390, #909 ) ;
#1555 =( LENGTH_UNIT ( ) NAMED_UNIT ( * ) SI_UNIT ( .MILLI., .METRE. ) );
#1556 = AXIS2_PLACEMENT_3D ( 'NONE', #2665, #1960, #1990 ) ;
#1557 = DIRECTION ( 'NONE',  ( -1.000000000000000000, 0.000000000000000000, -0.000000000000000000 ) ) ;
#1558 = ORIENTED_EDGE ( 'NONE', *, *, #653, .F. ) ;
#1559 = CARTESIAN_POINT ( 'NONE',  ( -1.000000000000000222, 0.3800000000000000044, 0.7999999999999999334 ) ) ;
#1560 = LINE ( 'NONE', #397, #2737 ) ;
#1561 = ORIENTED_EDGE ( 'NONE', *, *, #1477, .T. ) ;
#1562 = DIRECTION ( 'NONE',  ( 0.000000000000000000, 0.000000000000000000, -1.000000000000000000 ) ) ;
#1563 = EDGE_LOOP ( 'NONE', ( #94, #2382, #955 ) ) ;
#1564 = LINE ( 'NONE', #1273, #365 ) ;
#1565 = DIRECTION ( 'NONE',  ( 0.000000000000000000, 1.000000000000000000, 0.000000000000000000 ) ) ;
#1566 = ORIENTED_EDGE ( 'NONE', *, *, #2597, .T. ) ;
#1567 = ORIENTED_EDGE ( 'NONE', *, *, #424, .T. ) ;
#1568 = DIRECTION ( 'NONE',  ( 0.000000000000000000, 1.000000000000000000, 0.000000000000000000 ) ) ;
#1569 = CARTESIAN_POINT ( 'NONE',  ( 0.9249999999999998224, 0.3800000000000000044, -0.7999999999999999334 ) ) ;
#1570 = DIRECTION ( 'NONE',  ( 0.000000000000000000, 1.000000000000000000, 0.000000000000000000 ) ) ;
#1571 = ORIENTED_EDGE ( 'NONE', *, *, #1314, .T. ) ;
#1572 = PLANE ( 'NONE',  #2276 ) ;
#1573 = DIRECTION ( 'NONE',  ( 1.000000000000000000, 0.000000000000000000, -4.336808689942020201E-16 ) ) ;
#1574 = EDGE_CURVE ( 'NONE', #160, #2485, #2651, .T. ) ;
#1575 = ORIENTED_EDGE ( 'NONE', *, *, #1519, .T. ) ;
#1576 = CARTESIAN_POINT ( 'NONE',  ( -0.9650479662835901307, 0.3800000000000000044, 0.7999999999999999334 ) ) ;
#1577 = ORIENTED_EDGE ( 'NONE', *, *, #2689, .T. ) ;
#1578 = DIRECTION ( 'NONE',  ( -0.05233595624294395954, 0.9986295347545739443, 0.000000000000000000 ) ) ;
#1579 = EDGE_CURVE ( 'NONE', #1427, #2054, #1657, .T. ) ;
#1580 = DIRECTION ( 'NONE',  ( 4.336808689942019708E-16, 0.000000000000000000, 1.000000000000000000 ) ) ;
#1581 = DIRECTION ( 'NONE',  ( -0.000000000000000000, 1.000000000000000000, -0.000000000000000000 ) ) ;
#1582 = ORIENTED_EDGE ( 'NONE', *, *, #427, .F. ) ;
#1583 = EDGE_CURVE ( 'NONE', #981, #329, #1893, .T. ) ;
#1584 = VECTOR ( 'NONE', #1585, 1000.000000000000000 ) ;
#1585 = DIRECTION ( 'NONE',  ( -0.000000000000000000, 1.000000000000000000, -0.000000000000000000 ) ) ;
#1586 = LINE ( 'NONE', #2514, #2823 ) ;
#1587 = DIRECTION ( 'NONE',  ( 1.000000000000000000, 0.000000000000000000, 0.000000000000000000 ) ) ;
#1588 = ORIENTED_EDGE ( 'NONE', *, *, #2682, .F. ) ;
#1589 = CIRCLE ( 'NONE', #2928, 0.03500000000000009354 ) ;
#1590 = VECTOR ( 'NONE', #2557, 1000.000000000000000 ) ;
#1591 = PLANE ( 'NONE',  #878 ) ;
#1592 = CARTESIAN_POINT ( 'NONE',  ( -0.9855339910196131425, 0.3800000000000000044, 0.8000000000000000444 ) ) ;
#1593 = VERTEX_POINT ( 'NONE', #1257 ) ;
#1594 = AXIS2_PLACEMENT_3D ( 'NONE', #1732, #588, #1748 ) ;
#1595 = LINE ( 'NONE', #16, #1362 ) ;
#1596 = DIRECTION ( 'NONE',  ( 0.000000000000000000, 0.05233595624294395260, -0.9986295347545739443 ) ) ;
#1597 = ORIENTED_EDGE ( 'NONE', *, *, #249, .T. ) ;
#1598 = ORIENTED_EDGE ( 'NONE', *, *, #4, .F. ) ;
#1599 = LINE ( 'NONE', #9, #2222 ) ;
#1600 = DIRECTION ( 'NONE',  ( -1.000000000000000000, -0.000000000000000000, -0.000000000000000000 ) ) ;
#1601 = CARTESIAN_POINT ( 'NONE',  ( -1.600000000000000533, 0.000000000000000000, -0.5500000000000000444 ) ) ;
#1602 = ORIENTED_EDGE ( 'NONE', *, *, #2283, .T. ) ;
#1603 = VECTOR ( 'NONE', #104, 1000.000000000000000 ) ;
#1604 = UNCERTAINTY_MEASURE_WITH_UNIT (LENGTH_MEASURE( 1.000000000000000082E-05 ), #2880, 'distance_accuracy_value', 'NONE');
#1605 = CARTESIAN_POINT ( 'NONE',  ( -0.4763139720814412725, 0.000000000000000000, 3.252606517456513302E-16 ) ) ;
#1606 = CARTESIAN_POINT ( 'NONE',  ( -1.000000000000000222, 0.3800000000000000044, 0.7855339910196131870 ) ) ;
#1607 = DIRECTION ( 'NONE',  ( -4.336808689942019708E-16, 0.000000000000000000, -1.000000000000000000 ) ) ;
#1608 = EDGE_LOOP ( 'NONE', ( #2786, #2577, #2279, #1996, #2490, #2893 ) ) ;
#1609 = ORIENTED_EDGE ( 'NONE', *, *, #1156, .T. ) ;
#1610 = ADVANCED_FACE ( 'NONE', ( #2568 ), #2312, .T. ) ;
#1611 = CARTESIAN_POINT ( 'NONE',  ( -1.000000000000000000, 0.3800000000000000044, -0.5500000000000000444 ) ) ;
#1612 = EDGE_CURVE ( 'NONE', #545, #2015, #682, .T. ) ;
#1613 = DIRECTION ( 'NONE',  ( 0.000000000000000000, 0.000000000000000000, -1.000000000000000000 ) ) ;
#1614 = ORIENTED_EDGE ( 'NONE', *, *, #2614, .F. ) ;
#1615 = EDGE_CURVE ( 'NONE', #483, #924, #2776, .T. ) ;
#1616 = LINE ( 'NONE', #925, #457 ) ;
#1617 = DIRECTION ( 'NONE',  ( 0.5000000000000001110, 0.000000000000000000, -0.8660254037844387076 ) ) ;
#1618 = VERTEX_POINT ( 'NONE', #1961 ) ;
#1619 = ORIENTED_EDGE ( 'NONE', *, *, #1914, .F. ) ;
#1620 = VERTEX_POINT ( 'NONE', #2175 ) ;
#1621 = ADVANCED_FACE ( 'NONE', ( #581 ), #1484, .T. ) ;
#1622 = EDGE_CURVE ( 'NONE', #2484, #2282, #529, .T. ) ;
#1623 = DIRECTION ( 'NONE',  ( -0.000000000000000000, -0.000000000000000000, 1.000000000000000000 ) ) ;
#1624 = EDGE_CURVE ( 'NONE', #805, #1427, #2102, .T. ) ;
#1625 = EDGE_CURVE ( 'NONE', #758, #223, #306, .T. ) ;
#1626 = PLANE ( 'NONE',  #1654 ) ;
#1627 = CARTESIAN_POINT ( 'NONE',  ( 1.000000000000000444, 0.000000000000000000, -0.5499999999999984901 ) ) ;
#1628 = CARTESIAN_POINT ( 'NONE',  ( -1.250000000000000222, 0.3450000000000000289, -0.5500000000000000444 ) ) ;
#1629 = VERTEX_POINT ( 'NONE', #2414 ) ;
#1630 = FACE_OUTER_BOUND ( 'NONE', #1203, .T. ) ;
#1631 =( NAMED_UNIT ( * ) SI_UNIT ( $, .STERADIAN. ) SOLID_ANGLE_UNIT ( ) );
#1632 = VECTOR ( 'NONE', #1784, 1000.000000000000000 ) ;
#1633 = CARTESIAN_POINT ( 'NONE',  ( -1.000000000000000000, 0.000000000000000000, -0.5500000000000000444 ) ) ;
#1634 = ORIENTED_EDGE ( 'NONE', *, *, #571, .F. ) ;
#1635 = ORIENTED_EDGE ( 'NONE', *, *, #689, .T. ) ;
#1636 = VERTEX_POINT ( 'NONE', #1274 ) ;
#1637 = DIRECTION ( 'NONE',  ( -1.000000000000000000, 3.097720492815728250E-15, 0.000000000000000000 ) ) ;
#1638 =( NAMED_UNIT ( * ) PLANE_ANGLE_UNIT ( ) SI_UNIT ( $, .RADIAN. ) );
#1639 = CARTESIAN_POINT ( 'NONE',  ( 0.9807751621681725096, 0.7468317584685030264, 0.7458231284517626847 ) ) ;
#1640 = UNCERTAINTY_MEASURE_WITH_UNIT (LENGTH_MEASURE( 1.000000000000000082E-05 ), #2916, 'distance_accuracy_value', 'NONE');
#1641 = DIRECTION ( 'NONE',  ( 0.000000000000000000, 0.000000000000000000, 1.000000000000000000 ) ) ;
#1642 = EDGE_LOOP ( 'NONE', ( #1286, #2800, #2508, #23 ) ) ;
#1643 = PRESENTATION_LAYER_ASSIGNMENT (  '', '', ( #2834 ) ) ;
#1644 = AXIS2_PLACEMENT_3D ( 'NONE', #1377, #882, #2738 ) ;
#1645 = DIRECTION ( 'NONE',  ( -1.000000000000000000, -0.000000000000000000, -0.000000000000000000 ) ) ;
#1646 = VECTOR ( 'NONE', #1312, 1000.000000000000000 ) ;
#1647 = DIRECTION ( 'NONE',  ( 0.000000000000000000, 1.000000000000000000, 0.000000000000000000 ) ) ;
#1648 = LINE ( 'NONE', #1884, #2011 ) ;
#1649 = VERTEX_POINT ( 'NONE', #1048 ) ;
#1650 = EDGE_LOOP ( 'NONE', ( #2264, #1582, #469, #131 ) ) ;
#1651 = VERTEX_POINT ( 'NONE', #1639 ) ;
#1652 = VECTOR ( 'NONE', #1443, 1000.000000000000000 ) ;
#1653 = VECTOR ( 'NONE', #1451, 1000.000000000000000 ) ;
#1654 = AXIS2_PLACEMENT_3D ( 'NONE', #528, #1875, #2072 ) ;
#1655 = CARTESIAN_POINT ( 'NONE',  ( -1.250000000000000222, 0.3800000000000000044, -0.7999999999999999334 ) ) ;
#1656 = PLANE ( 'NONE',  #2562 ) ;
#1657 = LINE ( 'NONE', #289, #213 ) ;
#1658 = FACE_OUTER_BOUND ( 'NONE', #2827, .T. ) ;
#1659 = VERTEX_POINT ( 'NONE', #1738 ) ;
#1660 = DIRECTION ( 'NONE',  ( -0.000000000000000000, 1.000000000000000000, -0.000000000000000000 ) ) ;
#1661 = DIRECTION ( 'NONE',  ( 0.000000000000000000, 0.000000000000000000, -1.000000000000000000 ) ) ;
#1662 = ADVANCED_FACE ( 'NONE', ( #2345 ), #1863, .F. ) ;
#1663 = LINE ( 'NONE', #355, #1026 ) ;
#1664 = ORIENTED_EDGE ( 'NONE', *, *, #784, .F. ) ;
#1665 = VERTEX_POINT ( 'NONE', #2331 ) ;
#1666 = ORIENTED_EDGE ( 'NONE', *, *, #1083, .F. ) ;
#1667 = EDGE_CURVE ( 'NONE', #1912, #1818, #2116, .T. ) ;
#1668 = CARTESIAN_POINT ( 'NONE',  ( -1.000000000000000000, 0.000000000000000000, -0.5500000000000000444 ) ) ;
#1669 = DIRECTION ( 'NONE',  ( -0.000000000000000000, -0.000000000000000000, -1.000000000000000000 ) ) ;
#1670 = DIRECTION ( 'NONE',  ( -3.097720492815728645E-15, 0.000000000000000000, 1.000000000000000000 ) ) ;
#1671 = PLANE ( 'NONE',  #63 ) ;
#1672 = ORIENTED_EDGE ( 'NONE', *, *, #2745, .T. ) ;
#1673 = DIRECTION ( 'NONE',  ( 0.000000000000000000, -0.000000000000000000, 1.000000000000000000 ) ) ;
#1674 = AXIS2_PLACEMENT_3D ( 'NONE', #1308, #405, #1067 ) ;
#1675 = CARTESIAN_POINT ( 'NONE',  ( -1.250000000000000000, 0.3800000000000000044, 0.8000000000000005995 ) ) ;
#1676 = DIRECTION ( 'NONE',  ( -1.000000000000000000, 0.000000000000000000, -4.336808689942020201E-16 ) ) ;
#1677 = VERTEX_POINT ( 'NONE', #385 ) ;
#1678 = VERTEX_POINT ( 'NONE', #904 ) ;
#1679 = MECHANICAL_DESIGN_GEOMETRIC_PRESENTATION_REPRESENTATION (  '', ( #916 ), #1006 ) ;
#1680 = ORIENTED_EDGE ( 'NONE', *, *, #1386, .T. ) ;
#1681 = VECTOR ( 'NONE', #217, 1000.000000000000227 ) ;
#1682 = DIRECTION ( 'NONE',  ( -0.000000000000000000, -0.000000000000000000, 1.000000000000000000 ) ) ;
#1683 = EDGE_CURVE ( 'NONE', #889, #981, #1991, .T. ) ;
#1684 = DIRECTION ( 'NONE',  ( 1.000000000000000000, 0.000000000000000000, 0.000000000000000000 ) ) ;
#1685 = CARTESIAN_POINT ( 'NONE',  ( -1.250000000000000222, 0.3450000000000000289, -0.7999999999999999334 ) ) ;
#1686 = CARTESIAN_POINT ( 'NONE',  ( 0.9249999999999998224, 0.3450000000000000289, 0.8000000000000001554 ) ) ;
#1687 = CARTESIAN_POINT ( 'NONE',  ( 0.9855339910196129205, 0.3800000000000000044, 0.8000000000000000444 ) ) ;
#1688 = LINE ( 'NONE', #1478, #232 ) ;
#1689 = ADVANCED_FACE ( 'NONE', ( #871 ), #2253, .T. ) ;
#1690 = FACE_OUTER_BOUND ( 'NONE', #196, .T. ) ;
#1691 = VERTEX_POINT ( 'NONE', #453 ) ;
#1692 = VERTEX_POINT ( 'NONE', #1548 ) ;
#1693 = ORIENTED_EDGE ( 'NONE', *, *, #1234, .T. ) ;
#1694 = EDGE_CURVE ( 'NONE', #2441, #386, #209, .T. ) ;
#1695 = EDGE_CURVE ( 'NONE', #2932, #3, #421, .T. ) ;
#1696 = VECTOR ( 'NONE', #1430, 1000.000000000000000 ) ;
#1697 = DIRECTION ( 'NONE',  ( -0.000000000000000000, 1.000000000000000000, 0.000000000000000000 ) ) ;
#1698 = AXIS2_PLACEMENT_3D ( 'NONE', #1511, #1783, #1755 ) ;
#1699 = VECTOR ( 'NONE', #579, 1000.000000000000000 ) ;
#1700 = LINE ( 'NONE', #1400, #928 ) ;
#1701 = VECTOR ( 'NONE', #498, 1000.000000000000000 ) ;
#1702 = DIRECTION ( 'NONE',  ( -0.8660254037844385966, -0.000000000000000000, 0.5000000000000000000 ) ) ;
#1703 = EDGE_CURVE ( 'NONE', #1651, #894, #1589, .T. ) ;
#1704 = PLANE ( 'NONE',  #2010 ) ;
#1705 = PLANE ( 'NONE',  #1924 ) ;
#1706 = DIRECTION ( 'NONE',  ( 1.000000000000000000, 0.000000000000000000, 0.000000000000000000 ) ) ;
#1707 = EDGE_CURVE ( 'NONE', #2347, #1270, #2494, .T. ) ;
#1708 = PLANE ( 'NONE',  #2610 ) ;
#1709 = ORIENTED_EDGE ( 'NONE', *, *, #1398, .F. ) ;
#1710 = EDGE_LOOP ( 'NONE', ( #296, #2618, #2902, #2025 ) ) ;
#1711 = CARTESIAN_POINT ( 'NONE',  ( -1.000000000000000222, 0.3800000000000000044, -0.7999999999999999334 ) ) ;
#1712 = CARTESIAN_POINT ( 'NONE',  ( 0.9249999999999998224, 0.3450000000000000289, -0.7999999999999999334 ) ) ;
#1713 = DIRECTION ( 'NONE',  ( 0.000000000000000000, 1.000000000000000000, 0.000000000000000000 ) ) ;
#1714 = CARTESIAN_POINT ( 'NONE',  ( 0.9249999999999998224, 0.3800000000000000044, 0.8000000000000001554 ) ) ;
#1715 = ADVANCED_FACE ( 'NONE', ( #227 ), #2466, .T. ) ;
#1716 = DIRECTION ( 'NONE',  ( 1.000000000000000000, 0.000000000000000000, 0.000000000000000000 ) ) ;
#1717 = FACE_OUTER_BOUND ( 'NONE', #356, .T. ) ;
#1718 = EDGE_CURVE ( 'NONE', #2054, #1117, #1530, .T. ) ;
#1719 = CARTESIAN_POINT ( 'NONE',  ( -1.600000000000000533, 0.3800000000000000044, -0.3750000000000000555 ) ) ;
#1720 = ORIENTED_EDGE ( 'NONE', *, *, #214, .F. ) ;
#1721 = ORIENTED_EDGE ( 'NONE', *, *, #360, .F. ) ;
#1722 = LINE ( 'NONE', #2396, #2032 ) ;
#1723 = LINE ( 'NONE', #767, #790 ) ;
#1724 = CARTESIAN_POINT ( 'NONE',  ( -1.250000000000000000, 0.3450000000000000289, 0.8000000000000005995 ) ) ;
#1725 = VECTOR ( 'NONE', #789, 1000.000000000000000 ) ;
#1726 = FACE_OUTER_BOUND ( 'NONE', #614, .T. ) ;
#1727 = CARTESIAN_POINT ( 'NONE',  ( 0.9458231284517624182, 0.7449999999999999956, -0.7458231284517626847 ) ) ;
#1728 = AXIS2_PLACEMENT_3D ( 'NONE', #2261, #25, #1132 ) ;
#1729 = CARTESIAN_POINT ( 'NONE',  ( -1.250000000000000000, 0.3450000000000000289, 0.8000000000000005995 ) ) ;
#1730 = CARTESIAN_POINT ( 'NONE',  ( -1.600000000000000533, 0.000000000000000000, -0.7999999999999999334 ) ) ;
#1731 = DIRECTION ( 'NONE',  ( 1.000000000000000000, 0.000000000000000000, 0.000000000000000000 ) ) ;
#1732 = CARTESIAN_POINT ( 'NONE',  ( 0.000000000000000000, 0.3450000000000000289, 0.000000000000000000 ) ) ;
#1733 = VERTEX_POINT ( 'NONE', #1337 ) ;
#1734 = ORIENTED_EDGE ( 'NONE', *, *, #1247, .T. ) ;
#1735 = DIRECTION ( 'NONE',  ( -0.000000000000000000, -0.000000000000000000, -1.000000000000000000 ) ) ;
#1736 = EDGE_CURVE ( 'NONE', #2759, #1072, #164, .T. ) ;
#1737 = DIRECTION ( 'NONE',  ( 0.000000000000000000, -0.000000000000000000, 1.000000000000000000 ) ) ;
#1738 = CARTESIAN_POINT ( 'NONE',  ( -0.9650479662835901307, 0.3800000000000000044, 0.7999999999999999334 ) ) ;
#1739 = CARTESIAN_POINT ( 'NONE',  ( 1.600000000000000533, 0.3800000000000000044, 1.889823385246634790E-15 ) ) ;
#1740 = VECTOR ( 'NONE', #2911, 1000.000000000000000 ) ;
#1741 = SURFACE_STYLE_USAGE ( .BOTH. , #320 ) ;
#1742 = CARTESIAN_POINT ( 'NONE',  ( -0.9250000000000002665, 0.3450000000000000289, -0.5500000000000000444 ) ) ;
#1743 = VECTOR ( 'NONE', #607, 1000.000000000000114 ) ;
#1744 = PRESENTATION_LAYER_ASSIGNMENT (  '', '', ( #85 ) ) ;
#1745 = PLANE ( 'NONE',  #2027 ) ;
#1746 = ORIENTED_EDGE ( 'NONE', *, *, #27, .F. ) ;
#1747 = CARTESIAN_POINT ( 'NONE',  ( -0.9250000000000000444, 0.3450000000000000289, 0.8000000000000003775 ) ) ;
#1748 = DIRECTION ( 'NONE',  ( 0.000000000000000000, -0.000000000000000000, 1.000000000000000000 ) ) ;
#1749 = ADVANCED_FACE ( 'NONE', ( #2447 ), #440, .T. ) ;
#1750 = ORIENTED_EDGE ( 'NONE', *, *, #813, .T. ) ;
#1751 = ORIENTED_EDGE ( 'NONE', *, *, #2688, .F. ) ;
#1752 = CARTESIAN_POINT ( 'NONE',  ( -1.250000000000000000, 0.3450000000000000289, 0.8000000000000005995 ) ) ;
#1753 = ORIENTED_EDGE ( 'NONE', *, *, #1999, .F. ) ;
#1754 = EDGE_CURVE ( 'NONE', #431, #331, #2023, .T. ) ;
#1755 = DIRECTION ( 'NONE',  ( -0.9986295347545739443, 0.05233595624294426485, 0.000000000000000000 ) ) ;
#1756 = DIRECTION ( 'NONE',  ( 0.05226442768871403244, 0.9972646886342372285, -0.05226442768871403244 ) ) ;
#1757 = ORIENTED_EDGE ( 'NONE', *, *, #1473, .T. ) ;
#1758 = LINE ( 'NONE', #827, #814 ) ;
#1759 = SURFACE_SIDE_STYLE ('',( #1055 ) ) ;
#1760 = PLANE ( 'NONE',  #2939 ) ;
#1761 = EDGE_LOOP ( 'NONE', ( #863, #1416, #1104, #1566 ) ) ;
#1762 = DIRECTION ( 'NONE',  ( 0.000000000000000000, 0.000000000000000000, 1.000000000000000000 ) ) ;
#1763 = CARTESIAN_POINT ( 'NONE',  ( -1.250000000000000000, 0.3450000000000000289, 0.5500000000000007105 ) ) ;
#1764 = ORIENTED_EDGE ( 'NONE', *, *, #912, .F. ) ;
#1765 = PLANE ( 'NONE',  #2469 ) ;
#1766 = ORIENTED_EDGE ( 'NONE', *, *, #1075, .F. ) ;
#1767 = DIRECTION ( 'NONE',  ( 0.000000000000000000, 1.000000000000000000, 0.000000000000000000 ) ) ;
#1768 = FACE_OUTER_BOUND ( 'NONE', #2711, .T. ) ;
#1769 = ORIENTED_EDGE ( 'NONE', *, *, #1485, .F. ) ;
#1770 = EDGE_CURVE ( 'NONE', #894, #2432, #857, .T. ) ;
#1771 = VECTOR ( 'NONE', #2237, 1000.000000000000000 ) ;
#1772 = CARTESIAN_POINT ( 'NONE',  ( -1.600000000000000533, 0.3800000000000000044, 0.8000000000000001554 ) ) ;
#1773 = VECTOR ( 'NONE', #375, 1000.000000000000000 ) ;
#1774 = FACE_OUTER_BOUND ( 'NONE', #1761, .T. ) ;
#1775 =( NAMED_UNIT ( * ) PLANE_ANGLE_UNIT ( ) SI_UNIT ( $, .RADIAN. ) );
#1776 = EDGE_LOOP ( 'NONE', ( #1082, #1149, #1974, #657 ) ) ;
#1777 = FACE_OUTER_BOUND ( 'NONE', #2198, .T. ) ;
#1778 = CARTESIAN_POINT ( 'NONE',  ( -0.9250000000000002665, 0.3450000000000000289, -0.7999999999999999334 ) ) ;
#1779 = ORIENTED_EDGE ( 'NONE', *, *, #2622, .F. ) ;
#1780 = DIRECTION ( 'NONE',  ( 1.000000000000000000, -3.097720492815728645E-15, 0.000000000000000000 ) ) ;
#1781 = ORIENTED_EDGE ( 'NONE', *, *, #2000, .F. ) ;
#1782 = ADVANCED_FACE ( 'NONE', ( #2220 ), #1326, .T. ) ;
#1783 = DIRECTION ( 'NONE',  ( 0.05226442768871451816, 0.9972646886342373396, 0.05226442768871450428 ) ) ;
#1784 = DIRECTION ( 'NONE',  ( 0.000000000000000000, 0.000000000000000000, -1.000000000000000000 ) ) ;
#1785 = CARTESIAN_POINT ( 'NONE',  ( -0.9999999999999997780, 0.000000000000000000, 0.5500000000000004885 ) ) ;
#1786 = ORIENTED_EDGE ( 'NONE', *, *, #1356, .T. ) ;
#1787 = ADVANCED_FACE ( 'NONE', ( #1768 ), #2240, .T. ) ;
#1788 = EDGE_CURVE ( 'NONE', #2932, #1895, #2925, .T. ) ;
#1789 = VECTOR ( 'NONE', #2803, 1000.000000000000000 ) ;
#1790 = VECTOR ( 'NONE', #1222, 1000.000000000000000 ) ;
#1791 = AXIS2_PLACEMENT_3D ( 'NONE', #644, #378, #1098 ) ;
#1792 = VECTOR ( 'NONE', #1952, 1000.000000000000000 ) ;
#1793 = CARTESIAN_POINT ( 'NONE',  ( -1.250000000000000000, 0.3450000000000000289, 0.8000000000000005995 ) ) ;
#1794 = ADVANCED_FACE ( 'NONE', ( #656 ), #1122, .T. ) ;
#1795 = VECTOR ( 'NONE', #2908, 1000.000000000000000 ) ;
#1796 = LINE ( 'NONE', #259, #2635 ) ;
#1797 = VERTEX_POINT ( 'NONE', #1367 ) ;
#1798 = EDGE_CURVE ( 'NONE', #58, #722, #685, .T. ) ;
#1799 = AXIS2_PLACEMENT_3D ( 'NONE', #142, #2904, #1762 ) ;
#1800 = FACE_OUTER_BOUND ( 'NONE', #2212, .T. ) ;
#1801 = ORIENTED_EDGE ( 'NONE', *, *, #1244, .F. ) ;
#1802 = LINE ( 'NONE', #1323, #2821 ) ;
#1803 = EDGE_LOOP ( 'NONE', ( #2633, #2183, #1221, #2428 ) ) ;
#1804 = EDGE_CURVE ( 'NONE', #1271, #2801, #1564, .T. ) ;
#1805 = LINE ( 'NONE', #420, #2892 ) ;
#1806 = CARTESIAN_POINT ( 'NONE',  ( -0.9250000000000001554, 0.3450000000000000289, 0.5500000000000004885 ) ) ;
#1807 = CARTESIAN_POINT ( 'NONE',  ( -0.9999999999999997780, 0.000000000000000000, 0.5500000000000004885 ) ) ;
#1808 = VERTEX_POINT ( 'NONE', #2252 ) ;
#1809 = DIRECTION ( 'NONE',  ( 0.8660254037844385966, -0.000000000000000000, 0.5000000000000000000 ) ) ;
#1810 = CARTESIAN_POINT ( 'NONE',  ( 0.9999999999999997780, 0.3800000000000000044, 0.7999999999999999334 ) ) ;
#1811 = DIRECTION ( 'NONE',  ( -0.000000000000000000, 1.000000000000000000, -0.000000000000000000 ) ) ;
#1812 = ORIENTED_EDGE ( 'NONE', *, *, #1612, .T. ) ;
#1813 = DIRECTION ( 'NONE',  ( 1.000000000000000000, 0.000000000000000000, 0.000000000000000000 ) ) ;
#1814 = DIRECTION ( 'NONE',  ( 1.000000000000000000, 0.000000000000000000, 0.000000000000000000 ) ) ;
#1815 = ORIENTED_EDGE ( 'NONE', *, *, #2624, .T. ) ;
#1816 = CARTESIAN_POINT ( 'NONE',  ( 1.599999999999999645, 0.3800000000000000044, 1.084202172485504434E-16 ) ) ;
#1817 = DIRECTION ( 'NONE',  ( 0.000000000000000000, 0.000000000000000000, 1.000000000000000000 ) ) ;
#1818 = VERTEX_POINT ( 'NONE', #1325 ) ;
#1819 = VERTEX_POINT ( 'NONE', #1977 ) ;
#1820 = AXIS2_PLACEMENT_3D ( 'NONE', #1966, #860, #801 ) ;
#1821 = CARTESIAN_POINT ( 'NONE',  ( 1.600000000000000977, 0.000000000000000000, -0.5499999999999978240 ) ) ;
#1822 = DIRECTION ( 'NONE',  ( -9.856383386231861539E-16, 0.000000000000000000, 1.000000000000000000 ) ) ;
#1823 = VECTOR ( 'NONE', #2678, 1000.000000000000000 ) ;
#1824 = CARTESIAN_POINT ( 'NONE',  ( 0.000000000000000000, 0.05000000000000000278, 0.000000000000000000 ) ) ;
#1825 = ORIENTED_EDGE ( 'NONE', *, *, #214, .T. ) ;
#1826 = VECTOR ( 'NONE', #136, 1000.000000000000000 ) ;
#1827 = CARTESIAN_POINT ( 'NONE',  ( 1.600000000000000977, 0.000000000000000000, -0.3749999999999981126 ) ) ;
#1828 = FACE_OUTER_BOUND ( 'NONE', #1088, .T. ) ;
#1829 = CIRCLE ( 'NONE', #1350, 0.03499999999999999639 ) ;
#1830 = ADVANCED_FACE ( 'NONE', ( #891 ), #2413, .F. ) ;
#1831 = DIRECTION ( 'NONE',  ( -1.000000000000000000, 0.000000000000000000, -0.000000000000000000 ) ) ;
#1832 = VERTEX_POINT ( 'NONE', #1528 ) ;
#1833 = ORIENTED_EDGE ( 'NONE', *, *, #1034, .T. ) ;
#1834 = ADVANCED_FACE ( 'NONE', ( #208 ), #1305, .F. ) ;
#1835 = CARTESIAN_POINT ( 'NONE',  ( 0.9249999999999998224, 0.3450000000000000289, 0.8000000000000001554 ) ) ;
#1836 = EDGE_CURVE ( 'NONE', #223, #902, #1106, .T. ) ;
#1837 = LINE ( 'NONE', #897, #1103 ) ;
#1838 =( NAMED_UNIT ( * ) SI_UNIT ( $, .STERADIAN. ) SOLID_ANGLE_UNIT ( ) );
#1839 = ORIENTED_EDGE ( 'NONE', *, *, #1462, .F. ) ;
#1840 = VECTOR ( 'NONE', #993, 1000.000000000000000 ) ;
#1841 = AXIS2_PLACEMENT_3D ( 'NONE', #2280, #1134, #1831 ) ;
#1842 = FACE_OUTER_BOUND ( 'NONE', #919, .T. ) ;
#1843 = EDGE_CURVE ( 'NONE', #483, #2505, #1313, .T. ) ;
#1844 =( BOUNDED_CURVE ( )  B_SPLINE_CURVE ( 3, ( #1576, #1592, #1606, #1334 ),
 .UNSPECIFIED., .F., .T. ) 
 B_SPLINE_CURVE_WITH_KNOTS ( ( 4, 4 ),
 ( 5.499156671652531969, 7.067213942706639607 ),
 .UNSPECIFIED. ) 
 CURVE ( )  GEOMETRIC_REPRESENTATION_ITEM ( )  RATIONAL_B_SPLINE_CURVE ( ( 1.000000000000000000, 0.8053830134673592989, 0.8053830134673592989, 1.000000000000000000 ) ) 
 REPRESENTATION_ITEM ( '' )  );
#1845 = CARTESIAN_POINT ( 'NONE',  ( -1.000000000000000222, 0.3800000000000000044, -0.7999999999999999334 ) ) ;
#1846 = EDGE_CURVE ( 'NONE', #911, #1354, #1284, .T. ) ;
#1847 = ORIENTED_EDGE ( 'NONE', *, *, #725, .T. ) ;
#1848 = ORIENTED_EDGE ( 'NONE', *, *, #2376, .F. ) ;
#1849 = EDGE_CURVE ( 'NONE', #1117, #467, #1805, .T. ) ;
#1850 = ORIENTED_EDGE ( 'NONE', *, *, #1683, .T. ) ;
#1851 = PLANE ( 'NONE',  #2728 ) ;
#1852 = LINE ( 'NONE', #2539, #1701 ) ;
#1853 = DIRECTION ( 'NONE',  ( -1.000000000000000000, 0.000000000000000000, 0.000000000000000000 ) ) ;
#1854 = CARTESIAN_POINT ( 'NONE',  ( 0.9249999999999999334, 0.3800000000000000044, -0.5500000000000000444 ) ) ;
#1855 = ORIENTED_EDGE ( 'NONE', *, *, #2315, .T. ) ;
#1856 = PLANE ( 'NONE',  #123 ) ;
#1857 = CARTESIAN_POINT ( 'NONE',  ( -0.9999999999999997780, 0.3800000000000000044, 0.5500000000000004885 ) ) ;
#1858 = VERTEX_POINT ( 'NONE', #1093 ) ;
#1859 = ORIENTED_EDGE ( 'NONE', *, *, #732, .T. ) ;
#1860 = ORIENTED_EDGE ( 'NONE', *, *, #2549, .T. ) ;
#1861 = LINE ( 'NONE', #2567, #1310 ) ;
#1862 = CARTESIAN_POINT ( 'NONE',  ( 1.074999999999999734, 0.3800000000000000044, 0.8000000000000001554 ) ) ;
#1863 = PLANE ( 'NONE',  #2161 ) ;
#1864 = LINE ( 'NONE', #1686, #1725 ) ;
#1865 = ORIENTED_EDGE ( 'NONE', *, *, #2359, .F. ) ;
#1866 = FILL_AREA_STYLE_COLOUR ( '', #541 ) ;
#1867 = VECTOR ( 'NONE', #572, 1000.000000000000000 ) ;
#1868 = VECTOR ( 'NONE', #1613, 1000.000000000000000 ) ;
#1869 = PLANE ( 'NONE',  #2123 ) ;
#1870 = VERTEX_POINT ( 'NONE', #1063 ) ;
#1871 = ORIENTED_EDGE ( 'NONE', *, *, #2848, .F. ) ;
#1872 = EDGE_CURVE ( 'NONE', #1819, #578, #2941, .T. ) ;
#1873 = ORIENTED_EDGE ( 'NONE', *, *, #1969, .T. ) ;
#1874 = DIRECTION ( 'NONE',  ( 0.000000000000000000, 1.000000000000000000, 0.000000000000000000 ) ) ;
#1875 = DIRECTION ( 'NONE',  ( 0.000000000000000000, 1.000000000000000000, 0.000000000000000000 ) ) ;
#1876 = CARTESIAN_POINT ( 'NONE',  ( -0.9607729275817605830, 0.4597408393464361698, -0.7607729275817604053 ) ) ;
#1877 = EDGE_CURVE ( 'NONE', #2727, #1677, #930, .T. ) ;
#1878 = FACE_OUTER_BOUND ( 'NONE', #820, .T. ) ;
#1879 = ORIENTED_EDGE ( 'NONE', *, *, #1474, .T. ) ;
#1880 = CARTESIAN_POINT ( 'NONE',  ( -1.600000000000000533, 0.3800000000000000044, -0.3750000000000000555 ) ) ;
#1881 = EDGE_CURVE ( 'NONE', #2015, #1549, #1497, .T. ) ;
#1882 = FACE_OUTER_BOUND ( 'NONE', #628, .T. ) ;
#1883 = VECTOR ( 'NONE', #823, 1000.000000000000000 ) ;
#1884 = CARTESIAN_POINT ( 'NONE',  ( 0.9249999999999999334, 0.3450000000000000289, 0.5500000000000002665 ) ) ;
#1885 = ORIENTED_EDGE ( 'NONE', *, *, #2682, .T. ) ;
#1886 = VERTEX_POINT ( 'NONE', #374 ) ;
#1887 = EDGE_CURVE ( 'NONE', #1155, #346, #163, .T. ) ;
#1888 = ORIENTED_EDGE ( 'NONE', *, *, #2730, .T. ) ;
#1889 = DIRECTION ( 'NONE',  ( -1.000000000000000000, 0.000000000000000000, 0.000000000000000000 ) ) ;
#1890 = AXIS2_PLACEMENT_3D ( 'NONE', #2616, #2152, #547 ) ;
#1891 = CARTESIAN_POINT ( 'NONE',  ( -0.9250000000000002665, 0.3450000000000000289, -0.7999999999999999334 ) ) ;
#1892 = CARTESIAN_POINT ( 'NONE',  ( 0.000000000000000000, 0.3450000000000000289, 0.000000000000000000 ) ) ;
#1893 = LINE ( 'NONE', #61, #1008 ) ;
#1894 = DIRECTION ( 'NONE',  ( 0.000000000000000000, -1.000000000000000000, 0.000000000000000000 ) ) ;
#1895 = VERTEX_POINT ( 'NONE', #2201 ) ;
#1896 = CARTESIAN_POINT ( 'NONE',  ( 0.9650479662835891315, 0.3800000000000000044, -0.7999999999999999334 ) ) ;
#1897 = DIRECTION ( 'NONE',  ( 0.000000000000000000, 0.000000000000000000, -1.000000000000000000 ) ) ;
#1898 = CARTESIAN_POINT ( 'NONE',  ( -1.250000000000000000, 0.3450000000000000289, 0.8000000000000005995 ) ) ;
#1899 = ORIENTED_EDGE ( 'NONE', *, *, #485, .F. ) ;
#1900 = ORIENTED_EDGE ( 'NONE', *, *, #2782, .F. ) ;
#1901 = ORIENTED_EDGE ( 'NONE', *, *, #1887, .F. ) ;
#1902 = PLANE ( 'NONE',  #2945 ) ;
#1903 = CARTESIAN_POINT ( 'NONE',  ( 1.600000000000000089, 0.3800000000000000044, 0.3750000000000017764 ) ) ;
#1904 = DIRECTION ( 'NONE',  ( 0.000000000000000000, -0.000000000000000000, 1.000000000000000000 ) ) ;
#1905 = LINE ( 'NONE', #2583, #1486 ) ;
#1906 = FILL_AREA_STYLE ('',( #2165 ) ) ;
#1907 = EDGE_CURVE ( 'NONE', #2254, #720, #2650, .T. ) ;
#1908 = DIRECTION ( 'NONE',  ( -1.000000000000000000, 0.000000000000000000, 0.000000000000000000 ) ) ;
#1909 = LINE ( 'NONE', #776, #556 ) ;
#1910 = ORIENTED_EDGE ( 'NONE', *, *, #1083, .T. ) ;
#1911 = ORIENTED_EDGE ( 'NONE', *, *, #109, .T. ) ;
#1912 = VERTEX_POINT ( 'NONE', #2876 ) ;
#1913 =( GEOMETRIC_REPRESENTATION_CONTEXT ( 3 ) GLOBAL_UNCERTAINTY_ASSIGNED_CONTEXT ( ( #62 ) ) GLOBAL_UNIT_ASSIGNED_CONTEXT ( ( #1138, #198, #2526 ) ) REPRESENTATION_CONTEXT ( 'NONE', 'WORKASPACE' ) );
#1914 = EDGE_CURVE ( 'NONE', #2015, #2427, #34, .T. ) ;
#1915 = DIRECTION ( 'NONE',  ( -0.000000000000000000, 1.000000000000000000, -0.000000000000000000 ) ) ;
#1916 = LINE ( 'NONE', #963, #1840 ) ;
#1917 = LINE ( 'NONE', #826, #890 ) ;
#1918 = ADVANCED_FACE ( 'NONE', ( #2430 ), #2702, .F. ) ;
#1919 = CARTESIAN_POINT ( 'NONE',  ( -1.250000000000000222, 0.3450000000000000289, -0.5500000000000000444 ) ) ;
#1920 = CLOSED_SHELL ( 'NONE', ( #2420, #2064, #2316, #484, #2416, #713 ) ) ;
#1921 = CARTESIAN_POINT ( 'NONE',  ( 0.9999999999999997780, 0.3800000000000000044, 0.7650479662835898420 ) ) ;
#1922 = LINE ( 'NONE', #1206, #743 ) ;
#1923 = VECTOR ( 'NONE', #2634, 1000.000000000000000 ) ;
#1924 = AXIS2_PLACEMENT_3D ( 'NONE', #1880, #1205, #2795 ) ;
#1925 = AXIS2_PLACEMENT_3D ( 'NONE', #475, #1570, #2487 ) ;
#1926 = DIRECTION ( 'NONE',  ( -0.000000000000000000, -0.000000000000000000, -1.000000000000000000 ) ) ;
#1927 = MECHANICAL_DESIGN_GEOMETRIC_PRESENTATION_REPRESENTATION (  '', ( #2464 ), #127 ) ;
#1928 = EDGE_LOOP ( 'NONE', ( #838, #1979, #1061, #1335, #2570, #381 ) ) ;
#1929 = EDGE_CURVE ( 'NONE', #295, #88, #2465, .T. ) ;
#1930 = ORIENTED_EDGE ( 'NONE', *, *, #2761, .T. ) ;
#1931 = DIRECTION ( 'NONE',  ( -0.8660254037844385966, -0.000000000000000000, 0.5000000000000000000 ) ) ;
#1932 = ORIENTED_EDGE ( 'NONE', *, *, #846, .T. ) ;
#1933 = DIRECTION ( 'NONE',  ( 0.000000000000000000, -0.000000000000000000, 1.000000000000000000 ) ) ;
#1934 = VECTOR ( 'NONE', #2521, 1000.000000000000000 ) ;
#1935 = EDGE_CURVE ( 'NONE', #2677, #894, #856, .T. ) ;
#1936 = ADVANCED_FACE ( 'NONE', ( #1414 ), #903, .T. ) ;
#1937 = VECTOR ( 'NONE', #347, 1000.000000000000000 ) ;
#1938 = VECTOR ( 'NONE', #2712, 1000.000000000000000 ) ;
#1939 = CARTESIAN_POINT ( 'NONE',  ( 0.9249999999999998224, 0.3450000000000000289, 0.8000000000000001554 ) ) ;
#1940 = ADVANCED_FACE ( 'NONE', ( #465 ), #504, .T. ) ;
#1941 = PLANE ( 'NONE',  #1820 ) ;
#1942 = LINE ( 'NONE', #2179, #884 ) ;
#1943 = CARTESIAN_POINT ( 'NONE',  ( 0.4763139720814413836, 0.05000000000000000278, -0.5500000000000000444 ) ) ;
#1944 = LINE ( 'NONE', #1319, #1169 ) ;
#1945 = ORIENTED_EDGE ( 'NONE', *, *, #2192, .F. ) ;
#1946 = VERTEX_POINT ( 'NONE', #2094 ) ;
#1947 = CARTESIAN_POINT ( 'NONE',  ( 0.4763139720814413836, 0.05000000000000000278, -0.5500000000000000444 ) ) ;
#1948 = FACE_OUTER_BOUND ( 'NONE', #260, .T. ) ;
#1949 = LINE ( 'NONE', #2400, #20 ) ;
#1950 = DIRECTION ( 'NONE',  ( -0.000000000000000000, -0.000000000000000000, 1.000000000000000000 ) ) ;
#1951 = CARTESIAN_POINT ( 'NONE',  ( -0.9250000000000002665, 0.3800000000000000044, -0.7999999999999999334 ) ) ;
#1952 = DIRECTION ( 'NONE',  ( -0.000000000000000000, -1.000000000000000000, -0.000000000000000000 ) ) ;
#1953 = DIRECTION ( 'NONE',  ( 0.000000000000000000, 0.000000000000000000, 1.000000000000000000 ) ) ;
#1954 = VECTOR ( 'NONE', #2626, 1000.000000000000000 ) ;
#1955 = DIRECTION ( 'NONE',  ( 1.000000000000000000, 0.000000000000000000, -1.971276677246370533E-16 ) ) ;
#1956 = LINE ( 'NONE', #1998, #1297 ) ;
#1957 = ORIENTED_EDGE ( 'NONE', *, *, #264, .F. ) ;
#1958 = ORIENTED_EDGE ( 'NONE', *, *, #2952, .F. ) ;
#1959 = DIRECTION ( 'NONE',  ( 1.000000000000000000, 0.000000000000000000, 9.035018104045859108E-16 ) ) ;
#1960 = DIRECTION ( 'NONE',  ( 1.084202172485503645E-15, 0.000000000000000000, -1.000000000000000000 ) ) ;
#1961 = CARTESIAN_POINT ( 'NONE',  ( 1.600000000000000977, 0.3800000000000000044, -0.3749999999999981126 ) ) ;
#1962 = DIRECTION ( 'NONE',  ( 0.000000000000000000, 0.000000000000000000, -1.000000000000000000 ) ) ;
#1963 = AXIS2_PLACEMENT_3D ( 'NONE', #671, #2431, #2266 ) ;
#1964 = AXIS2_PLACEMENT_3D ( 'NONE', #290, #1894, #323 ) ;
#1965 = DIRECTION ( 'NONE',  ( 0.000000000000000000, 0.000000000000000000, 1.000000000000000000 ) ) ;
#1966 = CARTESIAN_POINT ( 'NONE',  ( 0.9999999999999993339, 0.000000000000000000, 0.5500000000000011546 ) ) ;
#1967 = VECTOR ( 'NONE', #2477, 1000.000000000000000 ) ;
#1968 =( NAMED_UNIT ( * ) PLANE_ANGLE_UNIT ( ) SI_UNIT ( $, .RADIAN. ) );
#1969 = EDGE_CURVE ( 'NONE', #329, #967, #251, .T. ) ;
#1970 = LINE ( 'NONE', #1040, #1258 ) ;
#1971 = PRESENTATION_STYLE_ASSIGNMENT (( #1058 ) ) ;
#1972 = CARTESIAN_POINT ( 'NONE',  ( 0.9999999999999997780, 0.3800000000000000044, 0.7999999999999999334 ) ) ;
#1973 = ORIENTED_EDGE ( 'NONE', *, *, #199, .F. ) ;
#1974 = ORIENTED_EDGE ( 'NONE', *, *, #2669, .F. ) ;
#1975 = LINE ( 'NONE', #1752, #2176 ) ;
#1976 = VERTEX_POINT ( 'NONE', #2324 ) ;
#1977 = CARTESIAN_POINT ( 'NONE',  ( 1.074999999999999734, 0.3450000000000000289, -0.7999999999999999334 ) ) ;
#1978 = DIRECTION ( 'NONE',  ( 0.9986295347545737222, 0.05233595624294441057, 0.000000000000000000 ) ) ;
#1979 = ORIENTED_EDGE ( 'NONE', *, *, #1171, .F. ) ;
#1980 = VECTOR ( 'NONE', #1241, 1000.000000000000227 ) ;
#1981 = AXIS2_PLACEMENT_3D ( 'NONE', #86, #328, #294 ) ;
#1982 = CARTESIAN_POINT ( 'NONE',  ( 0.9249999999999998224, 0.3450000000000000289, -0.7999999999999999334 ) ) ;
#1983 = DIRECTION ( 'NONE',  ( 0.000000000000000000, 1.000000000000000000, 0.000000000000000000 ) ) ;
#1984 = ORIENTED_EDGE ( 'NONE', *, *, #2631, .F. ) ;
#1985 = CARTESIAN_POINT ( 'NONE',  ( 0.9249999999999999334, 0.3800000000000000044, 0.5500000000000002665 ) ) ;
#1986 = VERTEX_POINT ( 'NONE', #2082 ) ;
#1987 = CARTESIAN_POINT ( 'NONE',  ( -1.600000000000000533, 0.000000000000000000, -0.5500000000000000444 ) ) ;
#1988 = ORIENTED_EDGE ( 'NONE', *, *, #2051, .F. ) ;
#1989 = EDGE_CURVE ( 'NONE', #1155, #1986, #2067, .T. ) ;
#1990 = DIRECTION ( 'NONE',  ( -1.000000000000000000, 0.000000000000000000, -1.084202172485503645E-15 ) ) ;
#1991 = LINE ( 'NONE', #1352, #2299 ) ;
#1992 = VERTEX_POINT ( 'NONE', #2302 ) ;
#1993 = DIRECTION ( 'NONE',  ( -1.000000000000000000, -0.000000000000000000, 6.672013369141568175E-16 ) ) ;
#1994 =( NAMED_UNIT ( * ) SI_UNIT ( $, .STERADIAN. ) SOLID_ANGLE_UNIT ( ) );
#1995 = EDGE_CURVE ( 'NONE', #2716, #100, #283, .T. ) ;
#1996 = ORIENTED_EDGE ( 'NONE', *, *, #170, .T. ) ;
#1997 = LINE ( 'NONE', #1541, #473 ) ;
#1998 = CARTESIAN_POINT ( 'NONE',  ( 0.4763139720814413836, 0.000000000000000000, 0.5500000000000000444 ) ) ;
#1999 = EDGE_CURVE ( 'NONE', #1167, #1330, #2493, .T. ) ;
#2000 = EDGE_CURVE ( 'NONE', #1322, #415, #794, .T. ) ;
#2001 = ORIENTED_EDGE ( 'NONE', *, *, #992, .F. ) ;
#2002 = CARTESIAN_POINT ( 'NONE',  ( -1.250000000000000222, 0.3800000000000000044, -0.5500000000000000444 ) ) ;
#2003 = ORIENTED_EDGE ( 'NONE', *, *, #1846, .F. ) ;
#2004 = DIRECTION ( 'NONE',  ( 0.000000000000000000, -0.000000000000000000, 1.000000000000000000 ) ) ;
#2005 = DIRECTION ( 'NONE',  ( 4.336808689942020201E-16, 0.000000000000000000, 1.000000000000000000 ) ) ;
#2006 = ORIENTED_EDGE ( 'NONE', *, *, #1579, .T. ) ;
#2007 = ORIENTED_EDGE ( 'NONE', *, *, #813, .F. ) ;
#2008 = EDGE_CURVE ( 'NONE', #145, #2091, #1394, .T. ) ;
#2009 = FACE_BOUND ( 'NONE', #777, .T. ) ;
#2010 = AXIS2_PLACEMENT_3D ( 'NONE', #773, #980, #544 ) ;
#2011 = VECTOR ( 'NONE', #2139, 1000.000000000000000 ) ;
#2012 = CARTESIAN_POINT ( 'NONE',  ( -1.250000000000000222, 0.3450000000000000289, -0.5500000000000000444 ) ) ;
#2013 = EDGE_CURVE ( 'NONE', #418, #2199, #2769, .T. ) ;
#2014 = FACE_OUTER_BOUND ( 'NONE', #1251, .T. ) ;
#2015 = VERTEX_POINT ( 'NONE', #1163 ) ;
#2016 = DIRECTION ( 'NONE',  ( 0.000000000000000000, 1.000000000000000000, 0.000000000000000000 ) ) ;
#2017 = DIRECTION ( 'NONE',  ( -1.000000000000000000, -0.000000000000000000, 6.672013369141568175E-16 ) ) ;
#2018 = ORIENTED_EDGE ( 'NONE', *, *, #1485, .T. ) ;
#2019 = DIRECTION ( 'NONE',  ( -1.000000000000000000, 0.000000000000000000, -0.000000000000000000 ) ) ;
#2020 = VERTEX_POINT ( 'NONE', #1857 ) ;
#2021 = DIRECTION ( 'NONE',  ( 1.000000000000000000, -0.000000000000000000, -0.000000000000000000 ) ) ;
#2022 = ADVANCED_FACE ( 'NONE', ( #718 ), #240, .T. ) ;
#2023 = LINE ( 'NONE', #2896, #2270 ) ;
#2024 = ORIENTED_EDGE ( 'NONE', *, *, #2451, .F. ) ;
#2025 = ORIENTED_EDGE ( 'NONE', *, *, #172, .T. ) ;
#2026 = VECTOR ( 'NONE', #2050, 1000.000000000000000 ) ;
#2027 = AXIS2_PLACEMENT_3D ( 'NONE', #154, #2657, #1278 ) ;
#2028 = EDGE_CURVE ( 'NONE', #2547, #2096, #481, .T. ) ;
#2029 = CARTESIAN_POINT ( 'NONE',  ( -0.9250000000000001554, 0.3450000000000000289, 0.5500000000000004885 ) ) ;
#2030 = AXIS2_PLACEMENT_3D ( 'NONE', #870, #605, #2004 ) ;
#2031 = DIRECTION ( 'NONE',  ( 0.000000000000000000, 0.000000000000000000, -1.000000000000000000 ) ) ;
#2032 = VECTOR ( 'NONE', #1510, 1000.000000000000000 ) ;
#2033 = DIRECTION ( 'NONE',  ( 0.000000000000000000, -0.000000000000000000, 1.000000000000000000 ) ) ;
#2034 = ORIENTED_EDGE ( 'NONE', *, *, #1770, .F. ) ;
#2035 = AXIS2_PLACEMENT_3D ( 'NONE', #2107, #1661, #520 ) ;
#2036 =( GEOMETRIC_REPRESENTATION_CONTEXT ( 3 ) GLOBAL_UNCERTAINTY_ASSIGNED_CONTEXT ( ( #1142 ) ) GLOBAL_UNIT_ASSIGNED_CONTEXT ( ( #728, #1638, #514 ) ) REPRESENTATION_CONTEXT ( 'NONE', 'WORKASPACE' ) );
#2037 = DIRECTION ( 'NONE',  ( 0.000000000000000000, 1.000000000000000000, 0.000000000000000000 ) ) ;
#2038 = EDGE_LOOP ( 'NONE', ( #1751, #57, #1210, #634, #1899, #1521 ) ) ;
#2039 = CARTESIAN_POINT ( 'NONE',  ( -1.600000000000000533, 0.000000000000000000, -0.7999999999999999334 ) ) ;
#2040 = ORIENTED_EDGE ( 'NONE', *, *, #2906, .F. ) ;
#2041 = DIRECTION ( 'NONE',  ( -0.8660254037844385966, 0.000000000000000000, -0.5000000000000000000 ) ) ;
#2042 = CARTESIAN_POINT ( 'NONE',  ( 0.9249999999999999334, 0.3450000000000000289, 0.5500000000000002665 ) ) ;
#2043 = ORIENTED_EDGE ( 'NONE', *, *, #703, .T. ) ;
#2044 = ORIENTED_EDGE ( 'NONE', *, *, #1995, .F. ) ;
#2045 = CARTESIAN_POINT ( 'NONE',  ( 1.599999999999999645, 0.3800000000000000044, -0.3750000000000002220 ) ) ;
#2046 = LINE ( 'NONE', #2749, #1681 ) ;
#2047 = PLANE ( 'NONE',  #1345 ) ;
#2048 = ORIENTED_EDGE ( 'NONE', *, *, #944, .F. ) ;
#2049 = ADVANCED_FACE ( 'NONE', ( #958 ), #1869, .F. ) ;
#2050 = DIRECTION ( 'NONE',  ( -0.000000000000000000, -1.000000000000000000, -0.000000000000000000 ) ) ;
#2051 = EDGE_CURVE ( 'NONE', #2371, #510, #2729, .T. ) ;
#2052 = DIRECTION ( 'NONE',  ( -0.000000000000000000, 0.000000000000000000, -1.000000000000000000 ) ) ;
#2053 = FACE_OUTER_BOUND ( 'NONE', #437, .T. ) ;
#2054 = VERTEX_POINT ( 'NONE', #684 ) ;
#2055 = ORIENTED_EDGE ( 'NONE', *, *, #949, .T. ) ;
#2056 = VECTOR ( 'NONE', #2864, 1000.000000000000000 ) ;
#2057 = LINE ( 'NONE', #471, #2819 ) ;
#2058 = DIRECTION ( 'NONE',  ( 1.000000000000000000, 0.000000000000000000, 0.000000000000000000 ) ) ;
#2059 = AXIS2_PLACEMENT_3D ( 'NONE', #2504, #2520, #2019 ) ;
#2060 = PLANE ( 'NONE',  #2498 ) ;
#2061 = ORIENTED_EDGE ( 'NONE', *, *, #2224, .T. ) ;
#2062 = VECTOR ( 'NONE', #923, 1000.000000000000000 ) ;
#2063 = EDGE_CURVE ( 'NONE', #967, #720, #1595, .T. ) ;
#2064 = ADVANCED_FACE ( 'NONE', ( #2053 ), #1381, .T. ) ;
#2065 = LINE ( 'NONE', #2753, #67 ) ;
#2066 = LINE ( 'NONE', #2291, #19 ) ;
#2067 = LINE ( 'NONE', #1845, #468 ) ;
#2068 = ORIENTED_EDGE ( 'NONE', *, *, #78, .T. ) ;
#2069 = ORIENTED_EDGE ( 'NONE', *, *, #2283, .F. ) ;
#2070 = ORIENTED_EDGE ( 'NONE', *, *, #2412, .T. ) ;
#2071 = DIRECTION ( 'NONE',  ( 0.000000000000000000, -0.000000000000000000, 1.000000000000000000 ) ) ;
#2072 = DIRECTION ( 'NONE',  ( 0.000000000000000000, -0.000000000000000000, 1.000000000000000000 ) ) ;
#2073 = LINE ( 'NONE', #2499, #1868 ) ;
#2074 = FACE_OUTER_BOUND ( 'NONE', #2038, .T. ) ;
#2075 = ORIENTED_EDGE ( 'NONE', *, *, #1846, .T. ) ;
#2076 = VECTOR ( 'NONE', #1684, 1000.000000000000000 ) ;
#2077 = VECTOR ( 'NONE', #492, 1000.000000000000227 ) ;
#2078 = LINE ( 'NONE', #1827, #2113 ) ;
#2079 = VECTOR ( 'NONE', #167, 1000.000000000000000 ) ;
#2080 = CARTESIAN_POINT ( 'NONE',  ( 0.000000000000000000, 0.3800000000000000044, 0.000000000000000000 ) ) ;
#2081 =( GEOMETRIC_REPRESENTATION_CONTEXT ( 3 ) GLOBAL_UNCERTAINTY_ASSIGNED_CONTEXT ( ( #1186 ) ) GLOBAL_UNIT_ASSIGNED_CONTEXT ( ( #2100, #1115, #2344 ) ) REPRESENTATION_CONTEXT ( 'NONE', 'WORKASPACE' ) );
#2082 = CARTESIAN_POINT ( 'NONE',  ( -0.9250000000000002665, 0.3800000000000000044, -0.7999999999999999334 ) ) ;
#2083 = VERTEX_POINT ( 'NONE', #1437 ) ;
#2084 = ORIENTED_EDGE ( 'NONE', *, *, #2192, .T. ) ;
#2085 = ADVANCED_FACE ( 'NONE', ( #1191 ), #1426, .T. ) ;
#2086 = ORIENTED_EDGE ( 'NONE', *, *, #639, .T. ) ;
#2087 = FACE_OUTER_BOUND ( 'NONE', #1803, .T. ) ;
#2088 = SURFACE_SIDE_STYLE ('',( #1199 ) ) ;
#2089 = CARTESIAN_POINT ( 'NONE',  ( 1.600000000000000977, 0.000000000000000000, -0.5499999999999978240 ) ) ;
#2090 = DIRECTION ( 'NONE',  ( -1.623446518680422141E-16, -3.097720492815729434E-15, 1.000000000000000000 ) ) ;
#2091 = VERTEX_POINT ( 'NONE', #2841 ) ;
#2092 = ADVANCED_FACE ( 'NONE', ( #2380 ), #129, .F. ) ;
#2093 = FACE_OUTER_BOUND ( 'NONE', #1178, .T. ) ;
#2094 = CARTESIAN_POINT ( 'NONE',  ( 1.074999999999999734, 0.3450000000000000289, 0.5500000000000012657 ) ) ;
#2095 = EDGE_LOOP ( 'NONE', ( #531, #2828, #2772, #1750, #219, #2334 ) ) ;
#2096 = VERTEX_POINT ( 'NONE', #342 ) ;
#2097 = ORIENTED_EDGE ( 'NONE', *, *, #636, .T. ) ;
#2098 = EDGE_CURVE ( 'NONE', #1678, #1651, #322, .T. ) ;
#2099 = DIRECTION ( 'NONE',  ( 3.097720492815728645E-15, 0.000000000000000000, -1.000000000000000000 ) ) ;
#2100 =( LENGTH_UNIT ( ) NAMED_UNIT ( * ) SI_UNIT ( .MILLI., .METRE. ) );
#2101 = EDGE_CURVE ( 'NONE', #2282, #2872, #1909, .T. ) ;
#2102 = LINE ( 'NONE', #1498, #2871 ) ;
#2103 = CARTESIAN_POINT ( 'NONE',  ( -0.9458231284517630844, 0.7800000000000000266, -0.7458231284517626847 ) ) ;
#2104 = ORIENTED_EDGE ( 'NONE', *, *, #78, .F. ) ;
#2105 = ADVANCED_FACE ( 'NONE', ( #2109 ), #1028, .F. ) ;
#2106 = LINE ( 'NONE', #95, #1409 ) ;
#2107 = CARTESIAN_POINT ( 'NONE',  ( 0.9249999999999998224, 0.3450000000000000289, -0.7999999999999999334 ) ) ;
#2108 = AXIS2_PLACEMENT_3D ( 'NONE', #1202, #2178, #126 ) ;
#2109 = FACE_OUTER_BOUND ( 'NONE', #1029, .T. ) ;
#2110 = ORIENTED_EDGE ( 'NONE', *, *, #2559, .F. ) ;
#2111 = ORIENTED_EDGE ( 'NONE', *, *, #1079, .F. ) ;
#2112 = ORIENTED_EDGE ( 'NONE', *, *, #424, .F. ) ;
#2113 = VECTOR ( 'NONE', #2037, 1000.000000000000000 ) ;
#2114 = CARTESIAN_POINT ( 'NONE',  ( -0.9458231284517630844, 0.7800000000000000266, 0.7790368882867834133 ) ) ;
#2115 = DIRECTION ( 'NONE',  ( -0.000000000000000000, -0.000000000000000000, 1.000000000000000000 ) ) ;
#2116 = LINE ( 'NONE', #619, #304 ) ;
#2117 = DIRECTION ( 'NONE',  ( 0.000000000000000000, 0.000000000000000000, -1.000000000000000000 ) ) ;
#2118 = ORIENTED_EDGE ( 'NONE', *, *, #2362, .T. ) ;
#2119 = DIRECTION ( 'NONE',  ( 0.000000000000000000, 0.000000000000000000, 1.000000000000000000 ) ) ;
#2120 = VECTOR ( 'NONE', #569, 1000.000000000000000 ) ;
#2121 = LINE ( 'NONE', #1675, #1370 ) ;
#2122 = CARTESIAN_POINT ( 'NONE',  ( 0.000000000000000000, 0.000000000000000000, 0.000000000000000000 ) ) ;
#2123 = AXIS2_PLACEMENT_3D ( 'NONE', #670, #1351, #5 ) ;
#2124 = LINE ( 'NONE', #563, #1320 ) ;
#2125 = ORIENTED_EDGE ( 'NONE', *, *, #1355, .F. ) ;
#2126 = ORIENTED_EDGE ( 'NONE', *, *, #155, .T. ) ;
#2127 = VERTEX_POINT ( 'NONE', #69 ) ;
#2128 = CARTESIAN_POINT ( 'NONE',  ( 0.9249999999999999334, 0.3800000000000000044, 0.5500000000000002665 ) ) ;
#2129 = VECTOR ( 'NONE', #2379, 1000.000000000000114 ) ;
#2130 = VECTOR ( 'NONE', #2869, 1000.000000000000000 ) ;
#2131 = PLANE ( 'NONE',  #1456 ) ;
#2132 = PLANE ( 'NONE',  #513 ) ;
#2133 = DIRECTION ( 'NONE',  ( -1.000000000000000000, 0.000000000000000000, 0.000000000000000000 ) ) ;
#2134 = ORIENTED_EDGE ( 'NONE', *, *, #2847, .T. ) ;
#2135 = PLANE ( 'NONE',  #2405 ) ;
#2136 = EDGE_CURVE ( 'NONE', #1085, #2758, #2605, .T. ) ;
#2137 = PLANE ( 'NONE',  #2898 ) ;
#2138 = LINE ( 'NONE', #42, #1146 ) ;
#2139 = DIRECTION ( 'NONE',  ( -1.000000000000000000, -0.000000000000000000, -0.000000000000000000 ) ) ;
#2140 = ADVANCED_FACE ( 'NONE', ( #734 ), #749, .T. ) ;
#2141 = EDGE_LOOP ( 'NONE', ( #2218, #1078, #1123, #2632 ) ) ;
#2142 = ORIENTED_EDGE ( 'NONE', *, *, #2229, .T. ) ;
#2143 = VERTEX_POINT ( 'NONE', #2169 ) ;
#2144 = LINE ( 'NONE', #973, #1408 ) ;
#2145 = EDGE_CURVE ( 'NONE', #1946, #663, #1648, .T. ) ;
#2146 = CARTESIAN_POINT ( 'NONE',  ( -1.600000000000000533, 0.3800000000000000044, 0.3750000000000002776 ) ) ;
#2147 = DIRECTION ( 'NONE',  ( 0.000000000000000000, 0.000000000000000000, 1.000000000000000000 ) ) ;
#2148 = CARTESIAN_POINT ( 'NONE',  ( 1.600000000000000089, 0.000000000000000000, 0.3750000000000017764 ) ) ;
#2149 = EDGE_CURVE ( 'NONE', #89, #1886, #1663, .T. ) ;
#2150 = DIRECTION ( 'NONE',  ( 0.000000000000000000, 1.000000000000000000, 0.000000000000000000 ) ) ;
#2151 = ADVANCED_FACE ( 'NONE', ( #99 ), #2351, .F. ) ;
#2152 = DIRECTION ( 'NONE',  ( -1.000000000000000000, -3.097720492815728250E-15, 1.623446518680421401E-16 ) ) ;
#2153 = EDGE_CURVE ( 'NONE', #887, #551, #2124, .T. ) ;
#2154 = ADVANCED_FACE ( 'NONE', ( #2155 ), #2825, .T. ) ;
#2155 = FACE_OUTER_BOUND ( 'NONE', #284, .T. ) ;
#2156 = VERTEX_POINT ( 'NONE', #548 ) ;
#2157 = ORIENTED_EDGE ( 'NONE', *, *, #1473, .F. ) ;
#2158 = PRODUCT_DEFINITION_FORMATION_WITH_SPECIFIED_SOURCE ( 'ANY', '', #425, .NOT_KNOWN. ) ;
#2159 = DIRECTION ( 'NONE',  ( -1.000000000000000000, 0.000000000000000000, -0.000000000000000000 ) ) ;
#2160 = ORIENTED_EDGE ( 'NONE', *, *, #1075, .T. ) ;
#2161 = AXIS2_PLACEMENT_3D ( 'NONE', #2556, #515, #1421 ) ;
#2162 = DIRECTION ( 'NONE',  ( -0.000000000000000000, -0.000000000000000000, 1.000000000000000000 ) ) ;
#2163 =( NAMED_UNIT ( * ) SI_UNIT ( $, .STERADIAN. ) SOLID_ANGLE_UNIT ( ) );
#2164 = LINE ( 'NONE', #1714, #1954 ) ;
#2165 = FILL_AREA_STYLE_COLOUR ( '', #2935 ) ;
#2166 = DIRECTION ( 'NONE',  ( 0.000000000000000000, 1.000000000000000000, 0.000000000000000000 ) ) ;
#2167 = AXIS2_PLACEMENT_3D ( 'NONE', #836, #1482, #179 ) ;
#2168 = AXIS2_PLACEMENT_3D ( 'NONE', #1463, #791, #2378 ) ;
#2169 = CARTESIAN_POINT ( 'NONE',  ( -1.600000000000000533, 0.000000000000000000, 0.8000000000000001554 ) ) ;
#2170 = VECTOR ( 'NONE', #1293, 1000.000000000000000 ) ;
#2171 = ORIENTED_EDGE ( 'NONE', *, *, #2775, .T. ) ;
#2172 = VERTEX_POINT ( 'NONE', #2368 ) ;
#2173 = DIRECTION ( 'NONE',  ( 0.000000000000000000, -0.000000000000000000, 1.000000000000000000 ) ) ;
#2174 = CYLINDRICAL_SURFACE ( 'NONE', #1316, 0.03499999999999998251 ) ;
#2175 = CARTESIAN_POINT ( 'NONE',  ( 0.9999999999999993339, 0.000000000000000000, 0.5500000000000011546 ) ) ;
#2176 = VECTOR ( 'NONE', #1283, 1000.000000000000000 ) ;
#2177 = SURFACE_STYLE_FILL_AREA ( #150 ) ;
#2178 = DIRECTION ( 'NONE',  ( 1.000000000000000000, -0.000000000000000000, 0.000000000000000000 ) ) ;
#2179 = CARTESIAN_POINT ( 'NONE',  ( 1.599999999999999645, 0.3800000000000000044, -0.7999999999999999334 ) ) ;
#2180 = CARTESIAN_POINT ( 'NONE',  ( -0.9651434402243666000, 0.3763464902174249449, 0.7651434402243663113 ) ) ;
#2181 = DIRECTION ( 'NONE',  ( -1.971276677246370533E-16, 0.000000000000000000, -1.000000000000000000 ) ) ;
#2182 = PLANE ( 'NONE',  #1594 ) ;
#2183 = ORIENTED_EDGE ( 'NONE', *, *, #172, .F. ) ;
#2184 = ORIENTED_EDGE ( 'NONE', *, *, #2536, .F. ) ;
#2185 = CARTESIAN_POINT ( 'NONE',  ( 0.000000000000000000, 0.3800000000000000044, 0.000000000000000000 ) ) ;
#2186 = DIRECTION ( 'NONE',  ( 0.000000000000000000, 0.000000000000000000, -1.000000000000000000 ) ) ;
#2187 = CYLINDRICAL_SURFACE ( 'NONE', #111, 0.03499999999999999639 ) ;
#2188 = CARTESIAN_POINT ( 'NONE',  ( -1.600000000000000533, 0.000000000000000000, -0.5500000000000000444 ) ) ;
#2189 = ADVANCED_FACE ( 'NONE', ( #1690 ), #1708, .T. ) ;
#2190 = LINE ( 'NONE', #1230, #2319 ) ;
#2191 = DIRECTION ( 'NONE',  ( 1.000000000000000000, 0.000000000000000000, 1.807003620809171920E-16 ) ) ;
#2192 = EDGE_CURVE ( 'NONE', #1858, #2759, #1479, .T. ) ;
#2193 = CARTESIAN_POINT ( 'NONE',  ( -1.600000000000000533, 0.3800000000000000044, 0.8000000000000001554 ) ) ;
#2194 = FACE_OUTER_BOUND ( 'NONE', #2787, .T. ) ;
#2195 = AXIS2_PLACEMENT_3D ( 'NONE', #1835, #33, #2747 ) ;
#2196 = SURFACE_STYLE_FILL_AREA ( #379 ) ;
#2197 = LINE ( 'NONE', #158, #2639 ) ;
#2198 = EDGE_LOOP ( 'NONE', ( #1494, #2268, #410, #2293 ) ) ;
#2199 = VERTEX_POINT ( 'NONE', #832 ) ;
#2200 = CARTESIAN_POINT ( 'NONE',  ( 0.4763139720814413836, 0.000000000000000000, -0.5500000000000000444 ) ) ;
#2201 = CARTESIAN_POINT ( 'NONE',  ( -1.600000000000000533, 0.3800000000000000044, 0.5500000000000003775 ) ) ;
#2202 = AXIS2_PLACEMENT_3D ( 'NONE', #1348, #2460, #1364 ) ;
#2203 = DIRECTION ( 'NONE',  ( 1.000000000000000000, -0.000000000000000000, 1.807003620809171920E-16 ) ) ;
#2204 = ORIENTED_EDGE ( 'NONE', *, *, #1989, .T. ) ;
#2205 = VECTOR ( 'NONE', #606, 1000.000000000000000 ) ;
#2206 = CARTESIAN_POINT ( 'NONE',  ( 1.074999999999999734, 0.3450000000000000289, 0.5500000000000002665 ) ) ;
#2207 = CARTESIAN_POINT ( 'NONE',  ( 1.600000000000000977, 0.000000000000000000, -0.5499999999999978240 ) ) ;
#2208 = VECTOR ( 'NONE', #2886, 1000.000000000000000 ) ;
#2209 = DIRECTION ( 'NONE',  ( 1.000000000000000000, 0.000000000000000000, 0.000000000000000000 ) ) ;
#2210 = EDGE_CURVE ( 'NONE', #736, #1659, #626, .T. ) ;
#2211 = FILL_AREA_STYLE_COLOUR ( '', #881 ) ;
#2212 = EDGE_LOOP ( 'NONE', ( #1349, #285, #2889, #2006 ) ) ;
#2213 = LINE ( 'NONE', #1506, #2518 ) ;
#2214 = LINE ( 'NONE', #1778, #690 ) ;
#2215 = ORIENTED_EDGE ( 'NONE', *, *, #999, .F. ) ;
#2216 = EDGE_LOOP ( 'NONE', ( #451, #905, #2236, #291 ) ) ;
#2217 = CARTESIAN_POINT ( 'NONE',  ( 0.4763139720814413836, 0.000000000000000000, 0.5500000000000000444 ) ) ;
#2218 = ORIENTED_EDGE ( 'NONE', *, *, #1304, .F. ) ;
#2219 = DIRECTION ( 'NONE',  ( 4.336808689942019708E-16, 0.000000000000000000, 1.000000000000000000 ) ) ;
#2220 = FACE_OUTER_BOUND ( 'NONE', #297, .T. ) ;
#2221 = EDGE_LOOP ( 'NONE', ( #2068, #2619, #2815, #2084, #181, #1879 ) ) ;
#2222 = VECTOR ( 'NONE', #287, 1000.000000000000114 ) ;
#2223 = AXIS2_PLACEMENT_3D ( 'NONE', #1064, #403, #1978 ) ;
#2224 = EDGE_CURVE ( 'NONE', #223, #1271, #1997, .T. ) ;
#2225 = VECTOR ( 'NONE', #389, 1000.000000000000000 ) ;
#2226 = DIRECTION ( 'NONE',  ( -0.000000000000000000, 1.000000000000000000, -0.000000000000000000 ) ) ;
#2227 = PRESENTATION_LAYER_ASSIGNMENT (  '', '', ( #2708 ) ) ;
#2228 = EDGE_CURVE ( 'NONE', #2172, #1912, #2246, .T. ) ;
#2229 = EDGE_CURVE ( 'NONE', #1870, #702, #1944, .T. ) ;
#2230 =( NAMED_UNIT ( * ) PLANE_ANGLE_UNIT ( ) SI_UNIT ( $, .RADIAN. ) );
#2231 = FACE_OUTER_BOUND ( 'NONE', #2674, .T. ) ;
#2232 = ORIENTED_EDGE ( 'NONE', *, *, #1247, .F. ) ;
#2233 = DIRECTION ( 'NONE',  ( 0.000000000000000000, -0.000000000000000000, 1.000000000000000000 ) ) ;
#2234 = CARTESIAN_POINT ( 'NONE',  ( 1.000000000000000444, 0.000000000000000000, -0.5499999999999984901 ) ) ;
#2235 = EDGE_CURVE ( 'NONE', #722, #702, #1279, .T. ) ;
#2236 = ORIENTED_EDGE ( 'NONE', *, *, #1612, .F. ) ;
#2237 = DIRECTION ( 'NONE',  ( 0.000000000000000000, 1.000000000000000000, 0.000000000000000000 ) ) ;
#2238 = VERTEX_POINT ( 'NONE', #188 ) ;
#2239 = DIRECTION ( 'NONE',  ( 1.000000000000000000, 0.000000000000000000, -6.672013369141566203E-16 ) ) ;
#2240 = PLANE ( 'NONE',  #2317 ) ;
#2241 = ORIENTED_EDGE ( 'NONE', *, *, #408, .F. ) ;
#2242 = ADVANCED_FACE ( 'NONE', ( #1777 ), #2425, .T. ) ;
#2243 = CARTESIAN_POINT ( 'NONE',  ( 0.000000000000000000, 0.3800000000000000044, 0.000000000000000000 ) ) ;
#2244 = DIRECTION ( 'NONE',  ( -1.000000000000000000, -0.000000000000000000, -0.000000000000000000 ) ) ;
#2245 = EDGE_LOOP ( 'NONE', ( #2907, #2533, #1003, #507 ) ) ;
#2246 = LINE ( 'NONE', #2457, #134 ) ;
#2247 = DIRECTION ( 'NONE',  ( -1.000000000000000000, -0.000000000000000000, -0.000000000000000000 ) ) ;
#2248 = ORIENTED_EDGE ( 'NONE', *, *, #118, .T. ) ;
#2249 = DIRECTION ( 'NONE',  ( -9.856383386231861539E-16, 0.000000000000000000, 1.000000000000000000 ) ) ;
#2250 = ORIENTED_EDGE ( 'NONE', *, *, #983, .T. ) ;
#2251 = ADVANCED_FACE ( 'NONE', ( #396 ), #2476, .T. ) ;
#2252 = CARTESIAN_POINT ( 'NONE',  ( -0.4763139720814411615, 0.05000000000000000278, 0.000000000000000000 ) ) ;
#2253 = PLANE ( 'NONE',  #2349 ) ;
#2254 = VERTEX_POINT ( 'NONE', #1042 ) ;
#2255 = ORIENTED_EDGE ( 'NONE', *, *, #387, .F. ) ;
#2256 = PLANE ( 'NONE',  #2865 ) ;
#2257 = AXIS2_PLACEMENT_3D ( 'NONE', #351, #1245, #2333 ) ;
#2258 = DIRECTION ( 'NONE',  ( 0.000000000000000000, 1.000000000000000000, 0.000000000000000000 ) ) ;
#2259 = ORIENTED_EDGE ( 'NONE', *, *, #439, .F. ) ;
#2260 = CARTESIAN_POINT ( 'NONE',  ( 0.9249999999999999334, 0.3450000000000000289, -0.5500000000000000444 ) ) ;
#2261 = CARTESIAN_POINT ( 'NONE',  ( -1.000000000000000222, 0.3800000000000000044, 0.7999999999999999334 ) ) ;
#2262 = ORIENTED_EDGE ( 'NONE', *, *, #193, .F. ) ;
#2263 = DIRECTION ( 'NONE',  ( -1.000000000000000000, -0.000000000000000000, -0.000000000000000000 ) ) ;
#2264 = ORIENTED_EDGE ( 'NONE', *, *, #2473, .T. ) ;
#2265 = DIRECTION ( 'NONE',  ( 0.000000000000000000, 1.000000000000000000, 0.000000000000000000 ) ) ;
#2266 = DIRECTION ( 'NONE',  ( 0.000000000000000000, -0.000000000000000000, 1.000000000000000000 ) ) ;
#2267 = ORIENTED_EDGE ( 'NONE', *, *, #2028, .F. ) ;
#2268 = ORIENTED_EDGE ( 'NONE', *, *, #880, .F. ) ;
#2269 = DIRECTION ( 'NONE',  ( -0.000000000000000000, -1.000000000000000000, -0.000000000000000000 ) ) ;
#2270 = VECTOR ( 'NONE', #1756, 1000.000000000000114 ) ;
#2271 = EDGE_CURVE ( 'NONE', #2801, #758, #2857, .T. ) ;
#2272 = LINE ( 'NONE', #234, #159 ) ;
#2273 = LINE ( 'NONE', #1154, #585 ) ;
#2274 = EDGE_LOOP ( 'NONE', ( #8, #2281, #2250, #537 ) ) ;
#2275 = VECTOR ( 'NONE', #327, 1000.000000000000000 ) ;
#2276 = AXIS2_PLACEMENT_3D ( 'NONE', #1892, #2016, #1420 ) ;
#2277 = LINE ( 'NONE', #248, #363 ) ;
#2278 = CARTESIAN_POINT ( 'NONE',  ( 0.9249999999999998224, 0.3450000000000000289, 0.8000000000000001554 ) ) ;
#2279 = ORIENTED_EDGE ( 'NONE', *, *, #2775, .F. ) ;
#2280 = CARTESIAN_POINT ( 'NONE',  ( -1.250000000000000222, 0.3450000000000000289, -0.7999999999999999334 ) ) ;
#2281 = ORIENTED_EDGE ( 'NONE', *, *, #2008, .T. ) ;
#2282 = VERTEX_POINT ( 'NONE', #1747 ) ;
#2283 = EDGE_CURVE ( 'NONE', #625, #2381, #432, .T. ) ;
#2284 = CARTESIAN_POINT ( 'NONE',  ( 0.4763139720814413836, 0.000000000000000000, -0.5500000000000000444 ) ) ;
#2285 = EDGE_CURVE ( 'NONE', #522, #1438, #1073, .T. ) ;
#2286 = SURFACE_SIDE_STYLE ('',( #1129 ) ) ;
#2287 = PLANE ( 'NONE',  #1644 ) ;
#2288 = VERTEX_POINT ( 'NONE', #849 ) ;
#2289 = UNCERTAINTY_MEASURE_WITH_UNIT (LENGTH_MEASURE( 1.000000000000000082E-05 ), #491, 'distance_accuracy_value', 'NONE');
#2290 = FACE_OUTER_BOUND ( 'NONE', #752, .T. ) ;
#2291 = CARTESIAN_POINT ( 'NONE',  ( 1.599999999999999645, 0.000000000000000000, 0.8000000000000001554 ) ) ;
#2292 = DIRECTION ( 'NONE',  ( -1.000000000000000000, -0.000000000000000000, -0.000000000000000000 ) ) ;
#2293 = ORIENTED_EDGE ( 'NONE', *, *, #2624, .F. ) ;
#2294 = ORIENTED_EDGE ( 'NONE', *, *, #782, .F. ) ;
#2295 = LINE ( 'NONE', #712, #1584 ) ;
#2296 = CARTESIAN_POINT ( 'NONE',  ( 1.074999999999999734, 0.3450000000000000289, 0.5500000000000002665 ) ) ;
#2297 = DIRECTION ( 'NONE',  ( -1.000000000000000000, 0.000000000000000000, 0.000000000000000000 ) ) ;
#2298 = ORIENTED_EDGE ( 'NONE', *, *, #2136, .F. ) ;
#2299 = VECTOR ( 'NONE', #1580, 1000.000000000000000 ) ;
#2300 = DIRECTION ( 'NONE',  ( 0.5000000000000001110, -0.000000000000000000, 0.8660254037844387076 ) ) ;
#2301 = ADVANCED_FACE ( 'NONE', ( #1298 ), #367, .T. ) ;
#2302 = CARTESIAN_POINT ( 'NONE',  ( -1.250000000000000222, 0.3800000000000000044, -0.7999999999999999334 ) ) ;
#2303 = ORIENTED_EDGE ( 'NONE', *, *, #932, .T. ) ;
#2304 = ORIENTED_EDGE ( 'NONE', *, *, #262, .T. ) ;
#2305 = ORIENTED_EDGE ( 'NONE', *, *, #387, .T. ) ;
#2306 = CLOSED_SHELL ( 'NONE', ( #2189, #2154, #1217, #2463, #1662, #2595 ) ) ;
#2307 = CARTESIAN_POINT ( 'NONE',  ( -1.250000000000000000, 0.3800000000000000044, 0.5500000000000007105 ) ) ;
#2308 = EDGE_CURVE ( 'NONE', #2172, #1858, #2213, .T. ) ;
#2309 = AXIS2_PLACEMENT_3D ( 'NONE', #2180, #2643, #2628 ) ;
#2310 = COLOUR_RGB ( '',1.000000000000000000, 0.8117647058823529438, 0.5019607843137254832 ) ;
#2311 = FILL_AREA_STYLE ('',( #1184 ) ) ;
#2312 = PLANE ( 'NONE',  #771 ) ;
#2313 = CARTESIAN_POINT ( 'NONE',  ( -0.9999999999999997780, 0.000000000000000000, 0.5500000000000004885 ) ) ;
#2314 = ORIENTED_EDGE ( 'NONE', *, *, #1615, .T. ) ;
#2315 = EDGE_CURVE ( 'NONE', #1481, #1946, #2919, .T. ) ;
#2316 = ADVANCED_FACE ( 'NONE', ( #1522 ), #1331, .T. ) ;
#2317 = AXIS2_PLACEMENT_3D ( 'NONE', #195, #1094, #2005 ) ;
#2318 = CARTESIAN_POINT ( 'NONE',  ( -1.600000000000000533, 0.3800000000000000044, -0.7999999999999999334 ) ) ;
#2319 = VECTOR ( 'NONE', #1965, 1000.000000000000000 ) ;
#2320 = APPLICATION_PROTOCOL_DEFINITION ( 'draft international standard', 'automotive_design', 1998, #220 ) ;
#2321 = MANIFOLD_SOLID_BREP ( 'Boss-Extrude4[2]', #637 ) ;
#2322 = COLOUR_RGB ( '',0.000000000000000000, 0.5019607843137254832, 0.000000000000000000 ) ;
#2323 = EDGE_CURVE ( 'NONE', #2661, #2760, #277, .T. ) ;
#2324 = CARTESIAN_POINT ( 'NONE',  ( -0.9999999999999997780, 0.000000000000000000, 0.5500000000000004885 ) ) ;
#2325 = ORIENTED_EDGE ( 'NONE', *, *, #2952, .T. ) ;
#2326 = ORIENTED_EDGE ( 'NONE', *, *, #2810, .F. ) ;
#2327 = ORIENTED_EDGE ( 'NONE', *, *, #2756, .F. ) ;
#2328 = ADVANCED_FACE ( 'NONE', ( #2439 ), #1656, .T. ) ;
#2329 = LINE ( 'NONE', #526, #1696 ) ;
#2330 = ADVANCED_FACE ( 'NONE', ( #664 ), #1572, .T. ) ;
#2331 = CARTESIAN_POINT ( 'NONE',  ( 0.9249999999999999334, 0.3800000000000000044, 0.5500000000000002665 ) ) ;
#2332 = UNCERTAINTY_MEASURE_WITH_UNIT (LENGTH_MEASURE( 1.000000000000000082E-05 ), #574, 'distance_accuracy_value', 'NONE');
#2333 = DIRECTION ( 'NONE',  ( 1.000000000000000000, 0.000000000000000000, -0.000000000000000000 ) ) ;
#2334 = ORIENTED_EDGE ( 'NONE', *, *, #2235, .T. ) ;
#2335 = FACE_OUTER_BOUND ( 'NONE', #2770, .T. ) ;
#2336 = CARTESIAN_POINT ( 'NONE',  ( -1.250000000000000000, 0.3450000000000000289, 0.8000000000000005995 ) ) ;
#2337 = DIRECTION ( 'NONE',  ( -1.000000000000000000, -3.097720492815728250E-15, 0.000000000000000000 ) ) ;
#2338 = ORIENTED_EDGE ( 'NONE', *, *, #732, .F. ) ;
#2339 = ORIENTED_EDGE ( 'NONE', *, *, #772, .T. ) ;
#2340 = ORIENTED_EDGE ( 'NONE', *, *, #2228, .F. ) ;
#2341 = DIRECTION ( 'NONE',  ( -1.000000000000000000, 0.000000000000000000, 0.000000000000000000 ) ) ;
#2342 = LINE ( 'NONE', #769, #2076 ) ;
#2343 = AXIS2_PLACEMENT_3D ( 'NONE', #1501, #2450, #2191 ) ;
#2344 =( NAMED_UNIT ( * ) SI_UNIT ( $, .STERADIAN. ) SOLID_ANGLE_UNIT ( ) );
#2345 = FACE_OUTER_BOUND ( 'NONE', #731, .T. ) ;
#2346 = LINE ( 'NONE', #1422, #1590 ) ;
#2347 = VERTEX_POINT ( 'NONE', #1862 ) ;
#2348 =( GEOMETRIC_REPRESENTATION_CONTEXT ( 3 ) GLOBAL_UNCERTAINTY_ASSIGNED_CONTEXT ( ( #2289 ) ) GLOBAL_UNIT_ASSIGNED_CONTEXT ( ( #491, #2589, #97 ) ) REPRESENTATION_CONTEXT ( 'NONE', 'WORKASPACE' ) );
#2349 = AXIS2_PLACEMENT_3D ( 'NONE', #633, #1285, #1512 ) ;
#2350 = DIRECTION ( 'NONE',  ( 0.000000000000000000, 0.000000000000000000, 1.000000000000000000 ) ) ;
#2351 = PLANE ( 'NONE',  #895 ) ;
#2352 = ORIENTED_EDGE ( 'NONE', *, *, #840, .T. ) ;
#2353 = EDGE_LOOP ( 'NONE', ( #960, #281, #446, #669 ) ) ;
#2354 = ORIENTED_EDGE ( 'NONE', *, *, #2899, .F. ) ;
#2355 = VECTOR ( 'NONE', #2920, 1000.000000000000000 ) ;
#2356 = DIRECTION ( 'NONE',  ( 4.336808689942019708E-16, 0.000000000000000000, 1.000000000000000000 ) ) ;
#2357 = CARTESIAN_POINT ( 'NONE',  ( 0.9458231284517626403, 0.7449999999999999956, 0.7458231284517626847 ) ) ;
#2358 = LINE ( 'NONE', #1526, #368 ) ;
#2359 = EDGE_CURVE ( 'NONE', #1085, #2437, #964, .T. ) ;
#2360 = DIRECTION ( 'NONE',  ( 0.000000000000000000, 0.000000000000000000, 1.000000000000000000 ) ) ;
#2361 = ORIENTED_EDGE ( 'NONE', *, *, #2013, .F. ) ;
#2362 = EDGE_CURVE ( 'NONE', #100, #2127, #303, .T. ) ;
#2363 = CARTESIAN_POINT ( 'NONE',  ( 1.000000000000000000, 0.3800000000000000044, 0.7855339910196131870 ) ) ;
#2364 = VECTOR ( 'NONE', #627, 1000.000000000000000 ) ;
#2365 = FACE_OUTER_BOUND ( 'NONE', #30, .T. ) ;
#2366 = VECTOR ( 'NONE', #1306, 1000.000000000000000 ) ;
#2367 = ADVANCED_FACE ( 'NONE', ( #755 ), #1626, .T. ) ;
#2368 = CARTESIAN_POINT ( 'NONE',  ( 1.000000000000000444, 0.000000000000000000, -0.5499999999999984901 ) ) ;
#2369 = ORIENTED_EDGE ( 'NONE', *, *, #137, .F. ) ;
#2370 = VERTEX_POINT ( 'NONE', #2790 ) ;
#2371 = VERTEX_POINT ( 'NONE', #2260 ) ;
#2372 = CARTESIAN_POINT ( 'NONE',  ( 0.9249999999999998224, 0.3450000000000000289, 0.8000000000000001554 ) ) ;
#2373 = DIRECTION ( 'NONE',  ( -1.000000000000000000, 0.000000000000000000, -3.101971637136721167E-15 ) ) ;
#2374 = CARTESIAN_POINT ( 'NONE',  ( 1.074999999999999734, 0.3450000000000000289, 0.8000000000000001554 ) ) ;
#2375 = ADVANCED_FACE ( 'NONE', ( #221 ), #1447, .T. ) ;
#2376 = EDGE_CURVE ( 'NONE', #1659, #2872, #1852, .T. ) ;
#2377 = CARTESIAN_POINT ( 'NONE',  ( 0.9249999999999999334, 0.3800000000000000044, -0.5500000000000000444 ) ) ;
#2378 = DIRECTION ( 'NONE',  ( -4.336808689942019708E-16, 0.000000000000000000, -1.000000000000000000 ) ) ;
#2379 = DIRECTION ( 'NONE',  ( -0.05226442768871403938, 0.9972646886342372285, -0.05226442768871402550 ) ) ;
#2380 = FACE_OUTER_BOUND ( 'NONE', #615, .T. ) ;
#2381 = VERTEX_POINT ( 'NONE', #1402 ) ;
#2382 = ORIENTED_EDGE ( 'NONE', *, *, #1703, .T. ) ;
#2383 = CARTESIAN_POINT ( 'NONE',  ( 1.600000000000000977, 0.000000000000000000, -0.5499999999999978240 ) ) ;
#2384 = ORIENTED_EDGE ( 'NONE', *, *, #780, .T. ) ;
#2385 = LINE ( 'NONE', #2372, #1937 ) ;
#2386 = MANIFOLD_SOLID_BREP ( 'Boss-Extrude4[4]', #1547 ) ;
#2387 = CARTESIAN_POINT ( 'NONE',  ( -0.4763139720814411615, 0.000000000000000000, 0.000000000000000000 ) ) ;
#2388 = DIRECTION ( 'NONE',  ( -1.971276677246370779E-16, -0.000000000000000000, -1.000000000000000000 ) ) ;
#2389 = PLANE ( 'NONE',  #2257 ) ;
#2390 = CARTESIAN_POINT ( 'NONE',  ( 1.600000000000000977, 0.3800000000000000044, -0.5499999999999978240 ) ) ;
#2391 = CARTESIAN_POINT ( 'NONE',  ( 0.9249999999999999334, 0.3450000000000000289, 0.5500000000000002665 ) ) ;
#2392 = MANIFOLD_SOLID_BREP ( 'Boss-Extrude4[3]', #2306 ) ;
#2393 = CARTESIAN_POINT ( 'NONE',  ( 1.000000000000000444, 0.3800000000000000044, -0.5499999999999984901 ) ) ;
#2394 = ORIENTED_EDGE ( 'NONE', *, *, #2856, .T. ) ;
#2395 = VERTEX_POINT ( 'NONE', #1216 ) ;
#2396 = CARTESIAN_POINT ( 'NONE',  ( 0.9249999999999998224, 0.3450000000000000289, 0.8000000000000001554 ) ) ;
#2397 = AXIS2_PLACEMENT_3D ( 'NONE', #2527, #2090, #1388 ) ;
#2398 = VECTOR ( 'NONE', #499, 1000.000000000000000 ) ;
#2399 = CARTESIAN_POINT ( 'NONE',  ( 0.000000000000000000, 0.7800000000000000266, 0.000000000000000000 ) ) ;
#2400 = CARTESIAN_POINT ( 'NONE',  ( 0.4763139720814413836, 0.05000000000000000278, -0.5500000000000000444 ) ) ;
#2401 = EDGE_CURVE ( 'NONE', #2020, #2608, #1917, .T. ) ;
#2402 = CARTESIAN_POINT ( 'NONE',  ( 1.600000000000000089, 0.000000000000000000, 0.5500000000000017097 ) ) ;
#2403 = SURFACE_SIDE_STYLE ('',( #2656 ) ) ;
#2404 = CARTESIAN_POINT ( 'NONE',  ( -1.600000000000000533, 0.000000000000000000, -0.3750000000000000555 ) ) ;
#2405 = AXIS2_PLACEMENT_3D ( 'NONE', #352, #2150, #1673 ) ;
#2406 = DIRECTION ( 'NONE',  ( 0.000000000000000000, 0.000000000000000000, 1.000000000000000000 ) ) ;
#2407 = FACE_OUTER_BOUND ( 'NONE', #694, .T. ) ;
#2408 = ORIENTED_EDGE ( 'NONE', *, *, #2235, .F. ) ;
#2409 = ORIENTED_EDGE ( 'NONE', *, *, #1462, .T. ) ;
#2410 = CARTESIAN_POINT ( 'NONE',  ( 0.9999999999999993339, 0.000000000000000000, 0.5500000000000011546 ) ) ;
#2411 = VECTOR ( 'NONE', #182, 1000.000000000000000 ) ;
#2412 = EDGE_CURVE ( 'NONE', #1636, #1651, #810, .T. ) ;
#2413 = PLANE ( 'NONE',  #740 ) ;
#2414 = CARTESIAN_POINT ( 'NONE',  ( 0.9999999999999997780, 0.3800000000000000044, 0.7650479662835898420 ) ) ;
#2415 = VECTOR ( 'NONE', #2596, 1000.000000000000000 ) ;
#2416 = ADVANCED_FACE ( 'NONE', ( #800 ), #2132, .F. ) ;
#2417 = VECTOR ( 'NONE', #1436, 1000.000000000000000 ) ;
#2418 = VECTOR ( 'NONE', #2659, 1000.000000000000000 ) ;
#2419 = DIRECTION ( 'NONE',  ( -0.000000000000000000, -1.000000000000000000, -0.000000000000000000 ) ) ;
#2420 = ADVANCED_FACE ( 'NONE', ( #350 ), #138, .T. ) ;
#2421 = LINE ( 'NONE', #1290, #1435 ) ;
#2422 = CARTESIAN_POINT ( 'NONE',  ( -1.000000000000000000, 0.000000000000000000, -0.5500000000000000444 ) ) ;
#2423 = CARTESIAN_POINT ( 'NONE',  ( -1.600000000000000533, 0.000000000000000000, 0.3750000000000002776 ) ) ;
#2424 = ORIENTED_EDGE ( 'NONE', *, *, #1574, .F. ) ;
#2425 = CYLINDRICAL_SURFACE ( 'NONE', #604, 0.03499999999999998251 ) ;
#2426 = LINE ( 'NONE', #2458, #1446 ) ;
#2427 = VERTEX_POINT ( 'NONE', #1051 ) ;
#2428 = ORIENTED_EDGE ( 'NONE', *, *, #2525, .T. ) ;
#2429 = CARTESIAN_POINT ( 'NONE',  ( -0.9999999999999997780, 0.3800000000000000044, 0.5500000000000004885 ) ) ;
#2430 = FACE_OUTER_BOUND ( 'NONE', #1928, .T. ) ;
#2431 = DIRECTION ( 'NONE',  ( 0.000000000000000000, 1.000000000000000000, 0.000000000000000000 ) ) ;
#2432 = VERTEX_POINT ( 'NONE', #770 ) ;
#2433 = LINE ( 'NONE', #2128, #2833 ) ;
#2434 = DIRECTION ( 'NONE',  ( -1.000000000000000000, 0.000000000000000000, -0.000000000000000000 ) ) ;
#2435 = PRESENTATION_STYLE_ASSIGNMENT (( #1538 ) ) ;
#2436 = CARTESIAN_POINT ( 'NONE',  ( -1.000000000000000000, 0.000000000000000000, -0.5500000000000000444 ) ) ;
#2437 = VERTEX_POINT ( 'NONE', #1035 ) ;
#2438 = CIRCLE ( 'NONE', #676, 0.03499999999999999639 ) ;
#2439 = FACE_OUTER_BOUND ( 'NONE', #401, .T. ) ;
#2440 = DIRECTION ( 'NONE',  ( 1.000000000000000000, 0.000000000000000000, -0.000000000000000000 ) ) ;
#2441 = VERTEX_POINT ( 'NONE', #92 ) ;
#2442 = ORIENTED_EDGE ( 'NONE', *, *, #1615, .F. ) ;
#2443 = CARTESIAN_POINT ( 'NONE',  ( -0.9250000000000000444, 0.3800000000000000044, 0.8000000000000003775 ) ) ;
#2444 = ORIENTED_EDGE ( 'NONE', *, *, #1881, .T. ) ;
#2445 = DIRECTION ( 'NONE',  ( 0.000000000000000000, 0.000000000000000000, 1.000000000000000000 ) ) ;
#2446 = CIRCLE ( 'NONE', #2202, 0.03499999999999998251 ) ;
#2447 = FACE_OUTER_BOUND ( 'NONE', #652, .T. ) ;
#2448 = LINE ( 'NONE', #1307, #1653 ) ;
#2449 = AXIS2_PLACEMENT_3D ( 'NONE', #2862, #729, #809 ) ;
#2450 = DIRECTION ( 'NONE',  ( -1.807003620809171920E-16, 0.000000000000000000, 1.000000000000000000 ) ) ;
#2451 = EDGE_CURVE ( 'NONE', #1396, #751, #2599, .T. ) ;
#2452 =( LENGTH_UNIT ( ) NAMED_UNIT ( * ) SI_UNIT ( .MILLI., .METRE. ) );
#2453 = PRESENTATION_STYLE_ASSIGNMENT (( #2901 ) ) ;
#2454 = ORIENTED_EDGE ( 'NONE', *, *, #2308, .F. ) ;
#2455 = ORIENTED_EDGE ( 'NONE', *, *, #1935, .T. ) ;
#2456 = CLOSED_SHELL ( 'NONE', ( #2301, #354, #247, #1315, #388, #261, #428, #554 ) ) ;
#2457 = CARTESIAN_POINT ( 'NONE',  ( 1.000000000000000444, 0.000000000000000000, -0.5499999999999984901 ) ) ;
#2458 = CARTESIAN_POINT ( 'NONE',  ( -1.250000000000000222, 0.3800000000000000044, -0.7999999999999999334 ) ) ;
#2459 = EDGE_LOOP ( 'NONE', ( #309, #1973, #476, #230 ) ) ;
#2460 = DIRECTION ( 'NONE',  ( 0.000000000000000000, 0.000000000000000000, -1.000000000000000000 ) ) ;
#2461 = ORIENTED_EDGE ( 'NONE', *, *, #1296, .F. ) ;
#2462 = AXIS2_PLACEMENT_3D ( 'NONE', #141, #200, #1953 ) ;
#2463 = ADVANCED_FACE ( 'NONE', ( #121 ), #2625, .T. ) ;
#2464 = STYLED_ITEM ( 'NONE', ( #609 ), #1374 ) ;
#2465 = LINE ( 'NONE', #2482, #1740 ) ;
#2466 = PLANE ( 'NONE',  #1963 ) ;
#2467 = LINE ( 'NONE', #1327, #1014 ) ;
#2468 = VECTOR ( 'NONE', #1926, 1000.000000000000000 ) ;
#2469 = AXIS2_PLACEMENT_3D ( 'NONE', #383, #1017, #2173 ) ;
#2470 = CARTESIAN_POINT ( 'NONE',  ( 0.9249999999999999334, 0.3800000000000000044, -0.5500000000000000444 ) ) ;
#2471 = VECTOR ( 'NONE', #2629, 1000.000000000000114 ) ;
#2472 = ADVANCED_FACE ( 'NONE', ( #1726 ), #1022, .T. ) ;
#2473 = EDGE_CURVE ( 'NONE', #1992, #1378, #2190, .T. ) ;
#2474 = PLANE ( 'NONE',  #407 ) ;
#2475 = ORIENTED_EDGE ( 'NONE', *, *, #1471, .T. ) ;
#2476 = CYLINDRICAL_SURFACE ( 'NONE', #1799, 0.03499999999999998251 ) ;
#2477 = DIRECTION ( 'NONE',  ( -1.000000000000000000, -0.000000000000000000, -1.084202172485503645E-15 ) ) ;
#2478 = ORIENTED_EDGE ( 'NONE', *, *, #1534, .F. ) ;
#2479 = CARTESIAN_POINT ( 'NONE',  ( -1.600000000000000533, 0.000000000000000000, 0.5500000000000003775 ) ) ;
#2480 = EDGE_CURVE ( 'NONE', #737, #1164, #786, .T. ) ;
#2481 = ORIENTED_EDGE ( 'NONE', *, *, #1471, .F. ) ;
#2482 = CARTESIAN_POINT ( 'NONE',  ( 0.9249999999999998224, 0.3450000000000000289, -0.7999999999999999334 ) ) ;
#2483 = CARTESIAN_POINT ( 'NONE',  ( -0.9999999999999997780, 0.000000000000000000, 0.5500000000000004885 ) ) ;
#2484 = VERTEX_POINT ( 'NONE', #1475 ) ;
#2485 = VERTEX_POINT ( 'NONE', #1939 ) ;
#2486 = FACE_OUTER_BOUND ( 'NONE', #47, .T. ) ;
#2487 = DIRECTION ( 'NONE',  ( 0.000000000000000000, -0.000000000000000000, 1.000000000000000000 ) ) ;
#2488 = ORIENTED_EDGE ( 'NONE', *, *, #1836, .F. ) ;
#2489 = DIRECTION ( 'NONE',  ( 0.05226442768871450428, 0.9972646886342373396, -0.05226442768871435163 ) ) ;
#2490 = ORIENTED_EDGE ( 'NONE', *, *, #2145, .F. ) ;
#2491 = CARTESIAN_POINT ( 'NONE',  ( -0.9458231284517630844, 0.7449999999999999956, 0.7458231284517626847 ) ) ;
#2492 = EDGE_LOOP ( 'NONE', ( #1666, #44, #1766, #1423, #29 ) ) ;
#2493 = LINE ( 'NONE', #452, #2077 ) ;
#2494 = LINE ( 'NONE', #2718, #1632 ) ;
#2495 = DIRECTION ( 'NONE',  ( 0.000000000000000000, 0.000000000000000000, 1.000000000000000000 ) ) ;
#2496 = ORIENTED_EDGE ( 'NONE', *, *, #2830, .F. ) ;
#2497 = DIRECTION ( 'NONE',  ( -0.000000000000000000, 1.000000000000000000, -0.000000000000000000 ) ) ;
#2498 = AXIS2_PLACEMENT_3D ( 'NONE', #1601, #2297, #714 ) ;
#2499 = CARTESIAN_POINT ( 'NONE',  ( 1.599999999999999645, 0.000000000000000000, -0.3750000000000002220 ) ) ;
#2500 = VECTOR ( 'NONE', #2953, 1000.000000000000000 ) ;
#2501 = PLANE ( 'NONE',  #643 ) ;
#2502 = ORIENTED_EDGE ( 'NONE', *, *, #305, .T. ) ;
#2503 = PLANE ( 'NONE',  #816 ) ;
#2504 = CARTESIAN_POINT ( 'NONE',  ( -1.600000000000000533, 0.3800000000000000044, 0.8000000000000001554 ) ) ;
#2505 = VERTEX_POINT ( 'NONE', #2850 ) ;
#2506 = DIRECTION ( 'NONE',  ( -0.000000000000000000, 1.000000000000000000, -0.000000000000000000 ) ) ;
#2507 = CARTESIAN_POINT ( 'NONE',  ( -1.000000000000000222, 0.3800000000000000044, -0.7999999999999999334 ) ) ;
#2508 = ORIENTED_EDGE ( 'NONE', *, *, #635, .T. ) ;
#2509 = ORIENTED_EDGE ( 'NONE', *, *, #1695, .T. ) ;
#2510 = EDGE_CURVE ( 'NONE', #1427, #848, #582, .T. ) ;
#2511 = VECTOR ( 'NONE', #1623, 1000.000000000000000 ) ;
#2512 = DIRECTION ( 'NONE',  ( 0.000000000000000000, -0.000000000000000000, 1.000000000000000000 ) ) ;
#2513 = AXIS2_PLACEMENT_3D ( 'NONE', #1465, #2813, #2337 ) ;
#2514 = CARTESIAN_POINT ( 'NONE',  ( -1.000000000000000000, 0.3800000000000000044, -0.5500000000000000444 ) ) ;
#2515 = PLANE ( 'NONE',  #962 ) ;
#2516 = ORIENTED_EDGE ( 'NONE', *, *, #1877, .T. ) ;
#2517 = VECTOR ( 'NONE', #293, 1000.000000000000000 ) ;
#2518 = VECTOR ( 'NONE', #1086, 1000.000000000000000 ) ;
#2519 = CARTESIAN_POINT ( 'NONE',  ( 1.074999999999999734, 0.3450000000000000289, -0.7999999999999999334 ) ) ;
#2520 = DIRECTION ( 'NONE',  ( 0.000000000000000000, 0.000000000000000000, -1.000000000000000000 ) ) ;
#2521 = DIRECTION ( 'NONE',  ( 0.000000000000000000, 1.000000000000000000, 0.000000000000000000 ) ) ;
#2522 = EDGE_LOOP ( 'NONE', ( #2241, #1179, #2516, #2502 ) ) ;
#2523 = EDGE_LOOP ( 'NONE', ( #971, #1318, #1113, #404 ) ) ;
#2524 = LINE ( 'NONE', #896, #1050 ) ;
#2525 = EDGE_CURVE ( 'NONE', #1330, #1164, #1288, .T. ) ;
#2526 =( NAMED_UNIT ( * ) SI_UNIT ( $, .STERADIAN. ) SOLID_ANGLE_UNIT ( ) );
#2527 = CARTESIAN_POINT ( 'NONE',  ( -0.9458231284517628623, 0.7449999999999999956, -0.7458231284517626847 ) ) ;
#2528 = ORIENTED_EDGE ( 'NONE', *, *, #1260, .T. ) ;
#2529 = CARTESIAN_POINT ( 'NONE',  ( -1.000000000000000000, 0.000000000000000000, -0.5500000000000000444 ) ) ;
#2530 = DIRECTION ( 'NONE',  ( -1.000000000000000000, -0.000000000000000000, -0.000000000000000000 ) ) ;
#2531 = CARTESIAN_POINT ( 'NONE',  ( 0.9855339910196120323, 0.3799999999999999489, -0.7999999999999998224 ) ) ;
#2532 = ORIENTED_EDGE ( 'NONE', *, *, #2847, .F. ) ;
#2533 = ORIENTED_EDGE ( 'NONE', *, *, #2224, .F. ) ;
#2534 = EDGE_CURVE ( 'NONE', #848, #1117, #2433, .T. ) ;
#2535 = ORIENTED_EDGE ( 'NONE', *, *, #862, .F. ) ;
#2536 = EDGE_CURVE ( 'NONE', #329, #666, #1723, .T. ) ;
#2537 = EDGE_CURVE ( 'NONE', #702, #431, #568, .T. ) ;
#2538 = LINE ( 'NONE', #1328, #828 ) ;
#2539 = CARTESIAN_POINT ( 'NONE',  ( -1.000000000000000222, 0.3800000000000000044, 0.7999999999999999334 ) ) ;
#2540 = CARTESIAN_POINT ( 'NONE',  ( 0.9249999999999998224, 0.3450000000000000289, 0.8000000000000001554 ) ) ;
#2541 = AXIS2_PLACEMENT_3D ( 'NONE', #2185, #2741, #667 ) ;
#2542 = ORIENTED_EDGE ( 'NONE', *, *, #439, .T. ) ;
#2543 = VECTOR ( 'NONE', #2623, 1000.000000000000000 ) ;
#2544 = ADVANCED_FACE ( 'NONE', ( #1948 ), #1902, .F. ) ;
#2545 = DIRECTION ( 'NONE',  ( 0.000000000000000000, 0.000000000000000000, -1.000000000000000000 ) ) ;
#2546 = DIRECTION ( 'NONE',  ( -0.000000000000000000, 1.000000000000000000, -0.000000000000000000 ) ) ;
#2547 = VERTEX_POINT ( 'NONE', #1668 ) ;
#2548 = ORIENTED_EDGE ( 'NONE', *, *, #2559, .T. ) ;
#2549 = EDGE_CURVE ( 'NONE', #2156, #848, #1019, .T. ) ;
#2550 = EDGE_LOOP ( 'NONE', ( #990, #399, #2509, #1859 ) ) ;
#2551 = AXIS2_PLACEMENT_3D ( 'NONE', #2640, #2147, #376 ) ;
#2552 = AXIS2_PLACEMENT_3D ( 'NONE', #2725, #1363, #2713 ) ;
#2553 = DIRECTION ( 'NONE',  ( 0.000000000000000000, -0.000000000000000000, 1.000000000000000000 ) ) ;
#2554 = PRESENTATION_LAYER_ASSIGNMENT (  '', '', ( #509 ) ) ;
#2555 = VECTOR ( 'NONE', #1716, 1000.000000000000000 ) ;
#2556 = CARTESIAN_POINT ( 'NONE',  ( 0.000000000000000000, 0.3450000000000000289, 0.000000000000000000 ) ) ;
#2557 = DIRECTION ( 'NONE',  ( 0.000000000000000000, 1.000000000000000000, 0.000000000000000000 ) ) ;
#2558 = VERTEX_POINT ( 'NONE', #592 ) ;
#2559 = EDGE_CURVE ( 'NONE', #758, #2091, #359, .T. ) ;
#2560 = VECTOR ( 'NONE', #2162, 1000.000000000000000 ) ;
#2561 = CARTESIAN_POINT ( 'NONE',  ( 0.9249999999999999334, 0.3450000000000000289, 0.5500000000000002665 ) ) ;
#2562 = AXIS2_PLACEMENT_3D ( 'NONE', #951, #288, #885 ) ;
#2563 = CARTESIAN_POINT ( 'NONE',  ( 0.9458231284517625292, 0.7449999999999999956, -0.7458231284517626847 ) ) ;
#2564 = ORIENTED_EDGE ( 'NONE', *, *, #2752, .T. ) ;
#2565 = ORIENTED_EDGE ( 'NONE', *, *, #2323, .T. ) ;
#2566 = ORIENTED_EDGE ( 'NONE', *, *, #1622, .F. ) ;
#2567 = CARTESIAN_POINT ( 'NONE',  ( -1.600000000000000533, 0.3800000000000000044, 0.8000000000000001554 ) ) ;
#2568 = FACE_OUTER_BOUND ( 'NONE', #2141, .T. ) ;
#2569 = DIRECTION ( 'NONE',  ( 0.000000000000000000, 1.000000000000000000, 0.000000000000000000 ) ) ;
#2570 = ORIENTED_EDGE ( 'NONE', *, *, #1907, .T. ) ;
#2571 = FACE_OUTER_BOUND ( 'NONE', #2522, .T. ) ;
#2572 = CARTESIAN_POINT ( 'NONE',  ( 0.9999999999999993339, 0.000000000000000000, 0.5500000000000011546 ) ) ;
#2573 = FILL_AREA_STYLE ('',( #1866 ) ) ;
#2574 = DIRECTION ( 'NONE',  ( -0.000000000000000000, 1.000000000000000000, -0.000000000000000000 ) ) ;
#2575 = ORIENTED_EDGE ( 'NONE', *, *, #1989, .F. ) ;
#2576 = ORIENTED_EDGE ( 'NONE', *, *, #2631, .T. ) ;
#2577 = ORIENTED_EDGE ( 'NONE', *, *, #447, .F. ) ;
#2578 = ADVANCED_FACE ( 'NONE', ( #1004 ), #2174, .T. ) ;
#2579 = PLANE ( 'NONE',  #130 ) ;
#2580 = EDGE_CURVE ( 'NONE', #1976, #2547, #299, .T. ) ;
#2581 = DIRECTION ( 'NONE',  ( -1.000000000000000000, 1.858632295689437029E-14, 9.740679112082527422E-16 ) ) ;
#2582 = VECTOR ( 'NONE', #1262, 1000.000000000000000 ) ;
#2583 = CARTESIAN_POINT ( 'NONE',  ( -1.000000000000000000, 0.000000000000000000, -0.5500000000000000444 ) ) ;
#2584 = ORIENTED_EDGE ( 'NONE', *, *, #1667, .T. ) ;
#2585 = VECTOR ( 'NONE', #2249, 1000.000000000000000 ) ;
#2586 = DIRECTION ( 'NONE',  ( -0.000000000000000000, -0.000000000000000000, -1.000000000000000000 ) ) ;
#2587 = STYLED_ITEM ( 'NONE', ( #244 ), #1401 ) ;
#2588 = CARTESIAN_POINT ( 'NONE',  ( 0.9596802994211093285, 0.4824211850971920623, 0.7946323331375186871 ) ) ;
#2589 =( NAMED_UNIT ( * ) PLANE_ANGLE_UNIT ( ) SI_UNIT ( $, .RADIAN. ) );
#2590 = DIRECTION ( 'NONE',  ( -4.336808689942020201E-16, 0.000000000000000000, 1.000000000000000000 ) ) ;
#2591 = ORIENTED_EDGE ( 'NONE', *, *, #2669, .T. ) ;
#2592 = ORIENTED_EDGE ( 'NONE', *, *, #2853, .F. ) ;
#2593 = ORIENTED_EDGE ( 'NONE', *, *, #4, .T. ) ;
#2594 = AXIS2_PLACEMENT_3D ( 'NONE', #2630, #1332, #203 ) ;
#2595 = ADVANCED_FACE ( 'NONE', ( #135 ), #1470, .T. ) ;
#2596 = DIRECTION ( 'NONE',  ( -0.000000000000000000, -0.000000000000000000, 1.000000000000000000 ) ) ;
#2597 = EDGE_CURVE ( 'NONE', #2801, #145, #2817, .T. ) ;
#2598 = LINE ( 'NONE', #785, #2120 ) ;
#2599 = LINE ( 'NONE', #2863, #2842 ) ;
#2600 = LINE ( 'NONE', #2613, #2778 ) ;
#2601 = CARTESIAN_POINT ( 'NONE',  ( 0.4763139720814413836, 0.000000000000000000, -0.5500000000000000444 ) ) ;
#2602 = AXIS2_PLACEMENT_3D ( 'NONE', #334, #754, #1197 ) ;
#2603 = PLANE ( 'NONE',  #837 ) ;
#2604 = AXIS2_PLACEMENT_3D ( 'NONE', #2757, #1177, #1578 ) ;
#2605 = LINE ( 'NONE', #1452, #2468 ) ;
#2606 = VECTOR ( 'NONE', #1682, 1000.000000000000000 ) ;
#2607 = EDGE_LOOP ( 'NONE', ( #1368, #1786, #165, #1558 ) ) ;
#2608 = VERTEX_POINT ( 'NONE', #991 ) ;
#2609 = ORIENTED_EDGE ( 'NONE', *, *, #1624, .F. ) ;
#2610 = AXIS2_PLACEMENT_3D ( 'NONE', #1012, #2617, #576 ) ;
#2611 = DIRECTION ( 'NONE',  ( 0.000000000000000000, 1.000000000000000000, 0.000000000000000000 ) ) ;
#2612 = LINE ( 'NONE', #1472, #698 ) ;
#2613 = CARTESIAN_POINT ( 'NONE',  ( 0.9249999999999999334, 0.3800000000000000044, 0.5500000000000002665 ) ) ;
#2614 = EDGE_CURVE ( 'NONE', #902, #1733, #1255, .T. ) ;
#2615 = APPLICATION_CONTEXT ( 'automotive_design' ) ;
#2616 = CARTESIAN_POINT ( 'NONE',  ( -0.9458231284517629733, 0.7449999999999999956, 0.7458231284517626847 ) ) ;
#2617 = DIRECTION ( 'NONE',  ( 0.000000000000000000, 0.000000000000000000, 1.000000000000000000 ) ) ;
#2618 = ORIENTED_EDGE ( 'NONE', *, *, #2323, .F. ) ;
#2619 = ORIENTED_EDGE ( 'NONE', *, *, #1304, .T. ) ;
#2620 = LINE ( 'NONE', #2200, #1168 ) ;
#2621 = CARTESIAN_POINT ( 'NONE',  ( 0.4763139720814413836, 0.05000000000000000278, 0.5500000000000000444 ) ) ;
#2622 = EDGE_CURVE ( 'NONE', #2485, #523, #2385, .T. ) ;
#2623 = DIRECTION ( 'NONE',  ( 0.000000000000000000, 1.000000000000000000, 0.000000000000000000 ) ) ;
#2624 = EDGE_CURVE ( 'NONE', #545, #2677, #808, .T. ) ;
#2625 = PLANE ( 'NONE',  #2706 ) ;
#2626 = DIRECTION ( 'NONE',  ( -4.336808689942019708E-16, -0.000000000000000000, 1.000000000000000000 ) ) ;
#2627 = ADVANCED_FACE ( 'NONE', ( #119 ), #552, .T. ) ;
#2628 = DIRECTION ( 'NONE',  ( 0.9986295347545737222, -0.05233595624294441057, 0.000000000000000000 ) ) ;
#2629 = DIRECTION ( 'NONE',  ( -0.05226442768871403938, -0.9972646886342372285, 0.05226442768871402550 ) ) ;
#2630 = CARTESIAN_POINT ( 'NONE',  ( -1.250000000000000000, 0.3450000000000000289, 0.5500000000000007105 ) ) ;
#2631 = EDGE_CURVE ( 'NONE', #2608, #100, #2144, .T. ) ;
#2632 = ORIENTED_EDGE ( 'NONE', *, *, #1219, .T. ) ;
#2633 = ORIENTED_EDGE ( 'NONE', *, *, #2480, .F. ) ;
#2634 = DIRECTION ( 'NONE',  ( -0.000000000000000000, 1.000000000000000000, -0.000000000000000000 ) ) ;
#2635 = VECTOR ( 'NONE', #2710, 1000.000000000000000 ) ;
#2636 = CARTESIAN_POINT ( 'NONE',  ( 0.9458231284517626403, 0.7449999999999999956, 0.000000000000000000 ) ) ;
#2637 = DIRECTION ( 'NONE',  ( 1.000000000000000000, 0.000000000000000000, -6.672013369141566203E-16 ) ) ;
#2638 = EDGE_CURVE ( 'NONE', #663, #2909, #318, .T. ) ;
#2639 = VECTOR ( 'NONE', #2933, 1000.000000000000000 ) ;
#2640 = CARTESIAN_POINT ( 'NONE',  ( -0.9458231284517629733, 0.7449999999999999956, 0.7458231284517626847 ) ) ;
#2641 = DIRECTION ( 'NONE',  ( -0.05226442768871450428, 0.9972646886342373396, 0.05226442768871514960 ) ) ;
#2642 = CARTESIAN_POINT ( 'NONE',  ( 0.4763139720814413836, 0.05000000000000000278, -0.5500000000000000444 ) ) ;
#2643 = DIRECTION ( 'NONE',  ( -0.05226442768871404632, -0.9972646886342374506, 0.05226442768871403938 ) ) ;
#2644 = FILL_AREA_STYLE_COLOUR ( '', #935 ) ;
#2645 = PLANE ( 'NONE',  #311 ) ;
#2646 = EDGE_LOOP ( 'NONE', ( #2255, #2007, #1619, #201 ) ) ;
#2647 = ORIENTED_EDGE ( 'NONE', *, *, #2149, .F. ) ;
#2648 = CARTESIAN_POINT ( 'NONE',  ( 1.600000000000000977, 0.000000000000000000, -0.5499999999999978240 ) ) ;
#2649 = VECTOR ( 'NONE', #1121, 1000.000000000000000 ) ;
#2650 = LINE ( 'NONE', #1546, #180 ) ;
#2651 = LINE ( 'NONE', #977, #1826 ) ;
#2652 = DIRECTION ( 'NONE',  ( -0.000000000000000000, -0.000000000000000000, 1.000000000000000000 ) ) ;
#2653 = CIRCLE ( 'NONE', #1890, 0.03499999999999998251 ) ;
#2654 = VECTOR ( 'NONE', #976, 1000.000000000000000 ) ;
#2655 = FACE_OUTER_BOUND ( 'NONE', #1109, .T. ) ;
#2656 = SURFACE_STYLE_FILL_AREA ( #2691 ) ;
#2657 = DIRECTION ( 'NONE',  ( 0.000000000000000000, -1.000000000000000000, 0.000000000000000000 ) ) ;
#2658 = ORIENTED_EDGE ( 'NONE', *, *, #110, .T. ) ;
#2659 = DIRECTION ( 'NONE',  ( -0.000000000000000000, -0.000000000000000000, 1.000000000000000000 ) ) ;
#2660 = CARTESIAN_POINT ( 'NONE',  ( 0.4763139720814413836, 0.05000000000000000278, -0.5500000000000000444 ) ) ;
#2661 = VERTEX_POINT ( 'NONE', #2621 ) ;
#2662 = ORIENTED_EDGE ( 'NONE', *, *, #1514, .F. ) ;
#2663 = DIRECTION ( 'NONE',  ( -1.971276677246370779E-16, -0.000000000000000000, -1.000000000000000000 ) ) ;
#2664 = ORIENTED_EDGE ( 'NONE', *, *, #2687, .T. ) ;
#2665 = CARTESIAN_POINT ( 'NONE',  ( 1.000000000000000444, 0.000000000000000000, -0.5499999999999984901 ) ) ;
#2666 = CARTESIAN_POINT ( 'NONE',  ( 0.9458231284517626403, 0.7800000000000000266, -0.7790368882867834133 ) ) ;
#2667 = CARTESIAN_POINT ( 'NONE',  ( 0.9249999999999998224, 0.3800000000000000044, -0.7999999999999999334 ) ) ;
#2668 = ADVANCED_FACE ( 'NONE', ( #580 ), #2579, .F. ) ;
#2669 = EDGE_CURVE ( 'NONE', #2282, #2441, #2358, .T. ) ;
#2670 = DIRECTION ( 'NONE',  ( -0.000000000000000000, 1.000000000000000000, -0.000000000000000000 ) ) ;
#2671 = LINE ( 'NONE', #2422, #2170 ) ;
#2672 = EDGE_CURVE ( 'NONE', #2505, #710, #358, .T. ) ;
#2673 = CARTESIAN_POINT ( 'NONE',  ( 0.9249999999999998224, 0.3450000000000000289, -0.7999999999999999334 ) ) ;
#2674 = EDGE_LOOP ( 'NONE', ( #2714, #2704, #806, #2340, #31, #825 ) ) ;
#2675 = DIRECTION ( 'NONE',  ( -4.336808689942019708E-16, 0.000000000000000000, -1.000000000000000000 ) ) ;
#2676 = CARTESIAN_POINT ( 'NONE',  ( 0.9249999999999999334, 0.3450000000000000289, -0.5500000000000000444 ) ) ;
#2677 = VERTEX_POINT ( 'NONE', #1031 ) ;
#2678 = DIRECTION ( 'NONE',  ( -0.000000000000000000, -0.000000000000000000, 1.000000000000000000 ) ) ;
#2679 = ORIENTED_EDGE ( 'NONE', *, *, #635, .F. ) ;
#2680 = PRODUCT_DEFINITION_SHAPE ( 'NONE', 'NONE',  #1176 ) ;
#2681 = DIRECTION ( 'NONE',  ( 0.000000000000000000, 0.000000000000000000, 1.000000000000000000 ) ) ;
#2682 = EDGE_CURVE ( 'NONE', #2054, #1383, #1722, .T. ) ;
#2683 = VECTOR ( 'NONE', #1931, 1000.000000000000227 ) ;
#2684 = CARTESIAN_POINT ( 'NONE',  ( 0.9458231284517624182, 0.7449999999999999956, 0.7458231284517626847 ) ) ;
#2685 = EDGE_LOOP ( 'NONE', ( #1635, #1779, #2424, #225 ) ) ;
#2686 = VECTOR ( 'NONE', #1033, 1000.000000000000000 ) ;
#2687 = EDGE_CURVE ( 'NONE', #2432, #545, #854, .T. ) ;
#2688 = EDGE_CURVE ( 'NONE', #3, #2951, #601, .T. ) ;
#2689 = EDGE_CURVE ( 'NONE', #1895, #2020, #146, .T. ) ;
#2690 = DIRECTION ( 'NONE',  ( 1.000000000000000000, 0.000000000000000000, 0.000000000000000000 ) ) ;
#2691 = FILL_AREA_STYLE ('',( #1490 ) ) ;
#2692 = ORIENTED_EDGE ( 'NONE', *, *, #2536, .T. ) ;
#2693 = DIRECTION ( 'NONE',  ( -9.856383386231861539E-16, 0.000000000000000000, 1.000000000000000000 ) ) ;
#2694 = DIRECTION ( 'NONE',  ( -0.000000000000000000, -0.000000000000000000, -1.000000000000000000 ) ) ;
#2695 = EDGE_LOOP ( 'NONE', ( #946, #192, #1333, #2314 ) ) ;
#2696 = VECTOR ( 'NONE', #2663, 1000.000000000000000 ) ;
#2697 = VECTOR ( 'NONE', #982, 1000.000000000000000 ) ;
#2698 = DIRECTION ( 'NONE',  ( -0.8660254037844385966, 0.000000000000000000, -0.5000000000000000000 ) ) ;
#2699 = ORIENTED_EDGE ( 'NONE', *, *, #2153, .F. ) ;
#2700 = VECTOR ( 'NONE', #1505, 1000.000000000000000 ) ;
#2701 = AXIS2_PLACEMENT_3D ( 'NONE', #1434, #310, #2119 ) ;
#2702 = PLANE ( 'NONE',  #1556 ) ;
#2703 = CARTESIAN_POINT ( 'NONE',  ( -1.600000000000000533, 0.000000000000000000, 0.5500000000000003775 ) ) ;
#2704 = ORIENTED_EDGE ( 'NONE', *, *, #661, .F. ) ;
#2705 = ORIENTED_EDGE ( 'NONE', *, *, #571, .T. ) ;
#2706 = AXIS2_PLACEMENT_3D ( 'NONE', #2374, #362, #1500 ) ;
#2707 = LINE ( 'NONE', #1357, #177 ) ;
#2708 = STYLED_ITEM ( 'NONE', ( #50 ), #2386 ) ;
#2709 = LINE ( 'NONE', #1810, #1488 ) ;
#2710 = DIRECTION ( 'NONE',  ( 0.000000000000000000, 1.000000000000000000, 0.000000000000000000 ) ) ;
#2711 = EDGE_LOOP ( 'NONE', ( #1, #1353, #272, #1453 ) ) ;
#2712 = DIRECTION ( 'NONE',  ( 0.000000000000000000, -1.000000000000000000, 0.000000000000000000 ) ) ;
#2713 = DIRECTION ( 'NONE',  ( -1.000000000000000000, 0.000000000000000000, -0.000000000000000000 ) ) ;
#2714 = ORIENTED_EDGE ( 'NONE', *, *, #1843, .F. ) ;
#2715 = CARTESIAN_POINT ( 'NONE',  ( -1.600000000000000533, 0.000000000000000000, 0.8000000000000001554 ) ) ;
#2716 = VERTEX_POINT ( 'NONE', #1987 ) ;
#2717 = CARTESIAN_POINT ( 'NONE',  ( -1.250000000000000000, 0.3450000000000000289, 0.5500000000000007105 ) ) ;
#2718 = CARTESIAN_POINT ( 'NONE',  ( 1.074999999999999734, 0.3800000000000000044, 0.8000000000000001554 ) ) ;
#2719 = CARTESIAN_POINT ( 'NONE',  ( -1.600000000000000533, 0.000000000000000000, 0.3750000000000002776 ) ) ;
#2720 = ORIENTED_EDGE ( 'NONE', *, *, #1622, .T. ) ;
#2721 = LINE ( 'NONE', #704, #1532 ) ;
#2722 = DIRECTION ( 'NONE',  ( 0.000000000000000000, 1.000000000000000000, 0.000000000000000000 ) ) ;
#2723 = ORIENTED_EDGE ( 'NONE', *, *, #943, .F. ) ;
#2724 = ADVANCED_FACE ( 'NONE', ( #116 ), #1765, .T. ) ;
#2725 = CARTESIAN_POINT ( 'NONE',  ( 0.9249999999999999334, 0.3450000000000000289, 0.5500000000000002665 ) ) ;
#2726 = DIRECTION ( 'NONE',  ( 0.8660254037844385966, -0.000000000000000000, 0.5000000000000000000 ) ) ;
#2727 = VERTEX_POINT ( 'NONE', #1062 ) ;
#2728 = AXIS2_PLACEMENT_3D ( 'NONE', #2045, #1387, #2735 ) ;
#2729 = LINE ( 'NONE', #226, #2649 ) ;
#2730 = EDGE_CURVE ( 'NONE', #1832, #911, #133, .T. ) ;
#2731 = CARTESIAN_POINT ( 'NONE',  ( -1.000000000000000222, 0.3800000000000000044, 0.7999999999999999334 ) ) ;
#2732 = ORIENTED_EDGE ( 'NONE', *, *, #952, .F. ) ;
#2733 = ORIENTED_EDGE ( 'NONE', *, *, #2210, .T. ) ;
#2734 = PRESENTATION_LAYER_ASSIGNMENT (  '', '', ( #916 ) ) ;
#2735 = DIRECTION ( 'NONE',  ( 0.000000000000000000, 0.000000000000000000, 1.000000000000000000 ) ) ;
#2736 = DIRECTION ( 'NONE',  ( -1.000000000000000000, 0.000000000000000000, -9.856383386231861539E-16 ) ) ;
#2737 = VECTOR ( 'NONE', #1299, 1000.000000000000000 ) ;
#2738 = DIRECTION ( 'NONE',  ( 0.000000000000000000, -0.000000000000000000, 1.000000000000000000 ) ) ;
#2739 = ORIENTED_EDGE ( 'NONE', *, *, #215, .F. ) ;
#2740 = LINE ( 'NONE', #2519, #2500 ) ;
#2741 = DIRECTION ( 'NONE',  ( 0.000000000000000000, 1.000000000000000000, 0.000000000000000000 ) ) ;
#2742 = CARTESIAN_POINT ( 'NONE',  ( 0.9249999999999999334, 0.3450000000000000289, -0.5500000000000000444 ) ) ;
#2743 = ORIENTED_EDGE ( 'NONE', *, *, #193, .T. ) ;
#2744 = ORIENTED_EDGE ( 'NONE', *, *, #2480, .T. ) ;
#2745 = EDGE_CURVE ( 'NONE', #2484, #762, #1975, .T. ) ;
#2746 = AXIS2_PLACEMENT_3D ( 'NONE', #2357, #2373, #2099 ) ;
#2747 = DIRECTION ( 'NONE',  ( -4.336808689942019708E-16, 0.000000000000000000, 1.000000000000000000 ) ) ;
#2748 = VECTOR ( 'NONE', #892, 1000.000000000000000 ) ;
#2749 = CARTESIAN_POINT ( 'NONE',  ( 0.4763139720814413836, 0.05000000000000000278, 0.5500000000000000444 ) ) ;
#2750 = PLANE ( 'NONE',  #1552 ) ;
#2751 = ORIENTED_EDGE ( 'NONE', *, *, #1036, .T. ) ;
#2752 = EDGE_CURVE ( 'NONE', #2437, #1018, #2620, .T. ) ;
#2753 = CARTESIAN_POINT ( 'NONE',  ( 1.600000000000000089, 0.000000000000000000, 0.5500000000000017097 ) ) ;
#2754 = PRODUCT_CONTEXT ( 'NONE', #220, 'mechanical' ) ;
#2755 = EDGE_CURVE ( 'NONE', #2872, #386, #807, .T. ) ;
#2756 = EDGE_CURVE ( 'NONE', #1322, #1155, #162, .T. ) ;
#2757 = CARTESIAN_POINT ( 'NONE',  ( 0.9999999999999997780, 0.3800000000000000044, 0.7999999999999999334 ) ) ;
#2758 = VERTEX_POINT ( 'NONE', #1947 ) ;
#2759 = VERTEX_POINT ( 'NONE', #400 ) ;
#2760 = VERTEX_POINT ( 'NONE', #2217 ) ;
#2761 = EDGE_CURVE ( 'NONE', #1481, #2347, #566, .T. ) ;
#2762 = CARTESIAN_POINT ( 'NONE',  ( 1.074999999999999734, 0.3800000000000000044, -0.5499999999999983791 ) ) ;
#2763 = LINE ( 'NONE', #1358, #256 ) ;
#2764 = CARTESIAN_POINT ( 'NONE',  ( -0.9650479662835901307, 0.3800000000000000044, -0.7999999999999999334 ) ) ;
#2765 = ORIENTED_EDGE ( 'NONE', *, *, #35, .F. ) ;
#2766 = ADVANCED_FACE ( 'NONE', ( #1046 ), #591, .T. ) ;
#2767 = PLANE ( 'NONE',  #1728 ) ;
#2768 = SURFACE_STYLE_USAGE ( .BOTH. , #1161 ) ;
#2769 = LINE ( 'NONE', #43, #1934 ) ;
#2770 = EDGE_LOOP ( 'NONE', ( #1429, #821, #2069, #1693 ) ) ;
#2771 = ORIENTED_EDGE ( 'NONE', *, *, #1444, .F. ) ;
#2772 = ORIENTED_EDGE ( 'NONE', *, *, #880, .T. ) ;
#2773 = EDGE_CURVE ( 'NONE', #1270, #2238, #1496, .T. ) ;
#2774 = FACE_OUTER_BOUND ( 'NONE', #1563, .T. ) ;
#2775 = EDGE_CURVE ( 'NONE', #1620, #649, #2874, .T. ) ;
#2776 = LINE ( 'NONE', #593, #2543 ) ;
#2777 = UNCERTAINTY_MEASURE_WITH_UNIT (LENGTH_MEASURE( 1.000000000000000082E-05 ), #1555, 'distance_accuracy_value', 'NONE');
#2778 = VECTOR ( 'NONE', #557, 1000.000000000000000 ) ;
#2779 = LINE ( 'NONE', #64, #1101 ) ;
#2780 = VERTEX_POINT ( 'NONE', #2383 ) ;
#2781 = VECTOR ( 'NONE', #965, 1000.000000000000000 ) ;
#2782 = EDGE_CURVE ( 'NONE', #2758, #1808, #822, .T. ) ;
#2783 =( NAMED_UNIT ( * ) PLANE_ANGLE_UNIT ( ) SI_UNIT ( $, .RADIAN. ) );
#2784 = PRESENTATION_STYLE_ASSIGNMENT (( #2768 ) ) ;
#2785 = DIRECTION ( 'NONE',  ( -1.000000000000000000, 0.000000000000000000, -0.000000000000000000 ) ) ;
#2786 = ORIENTED_EDGE ( 'NONE', *, *, #2773, .T. ) ;
#2787 = EDGE_LOOP ( 'NONE', ( #1561, #1746, #53, #343, #1709, #1192 ) ) ;
#2788 = ORIENTED_EDGE ( 'NONE', *, *, #941, .F. ) ;
#2789 = DIRECTION ( 'NONE',  ( 1.858632295689437029E-14, 1.000000000000000000, 0.000000000000000000 ) ) ;
#2790 = CARTESIAN_POINT ( 'NONE',  ( -0.9650479662835901307, 0.3800000000000000044, -0.7999999999999999334 ) ) ;
#2791 = DIRECTION ( 'NONE',  ( 0.9986295347545737222, -0.05233595624294441057, 0.000000000000000000 ) ) ;
#2792 = VECTOR ( 'NONE', #2681, 1000.000000000000000 ) ;
#2793 = PLANE ( 'NONE',  #456 ) ;
#2794 = ORIENTED_EDGE ( 'NONE', *, *, #573, .F. ) ;
#2795 = DIRECTION ( 'NONE',  ( 0.000000000000000000, 0.000000000000000000, -1.000000000000000000 ) ) ;
#2796 = LINE ( 'NONE', #2561, #2275 ) ;
#2797 = VECTOR ( 'NONE', #2693, 1000.000000000000000 ) ;
#2798 = DIRECTION ( 'NONE',  ( -0.000000000000000000, 1.000000000000000000, -0.000000000000000000 ) ) ;
#2799 = ADVANCED_FACE ( 'NONE', ( #2845 ), #1272, .T. ) ;
#2800 = ORIENTED_EDGE ( 'NONE', *, *, #1707, .F. ) ;
#2801 = VERTEX_POINT ( 'NONE', #416 ) ;
#2802 = ORIENTED_EDGE ( 'NONE', *, *, #859, .F. ) ;
#2803 = DIRECTION ( 'NONE',  ( 0.000000000000000000, 0.000000000000000000, -1.000000000000000000 ) ) ;
#2804 = DIRECTION ( 'NONE',  ( -0.000000000000000000, 0.000000000000000000, -1.000000000000000000 ) ) ;
#2805 = DIRECTION ( 'NONE',  ( 0.05226442768871404632, -0.9972646886342374506, -0.05226442768871403938 ) ) ;
#2806 = DIRECTION ( 'NONE',  ( -0.05226442768871404632, -0.9972646886342374506, -0.05226442768871403938 ) ) ;
#2807 = CARTESIAN_POINT ( 'NONE',  ( 0.9249999999999998224, 0.3450000000000000289, -0.7999999999999999334 ) ) ;
#2808 = EDGE_LOOP ( 'NONE', ( #1812, #370, #1721 ) ) ;
#2809 = CARTESIAN_POINT ( 'NONE',  ( -0.4763139720814411615, 0.05000000000000000278, 0.000000000000000000 ) ) ;
#2810 = EDGE_CURVE ( 'NONE', #1691, #1620, #2, .T. ) ;
#2811 = CYLINDRICAL_SURFACE ( 'NONE', #1218, 0.03499999999999998251 ) ;
#2812 = EDGE_CURVE ( 'NONE', #1659, #431, #1844, .T. ) ;
#2813 = DIRECTION ( 'NONE',  ( 0.000000000000000000, 0.000000000000000000, 1.000000000000000000 ) ) ;
#2814 = ORIENTED_EDGE ( 'NONE', *, *, #2730, .F. ) ;
#2815 = ORIENTED_EDGE ( 'NONE', *, *, #1092, .T. ) ;
#2816 = ORIENTED_EDGE ( 'NONE', *, *, #262, .F. ) ;
#2817 = LINE ( 'NONE', #2861, #934 ) ;
#2818 = CARTESIAN_POINT ( 'NONE',  ( 1.074999999999999734, 0.3800000000000000044, -0.7999999999999999334 ) ) ;
#2819 = VECTOR ( 'NONE', #1151, 1000.000000000000000 ) ;
#2820 = FACE_OUTER_BOUND ( 'NONE', #1395, .T. ) ;
#2821 = VECTOR ( 'NONE', #238, 1000.000000000000000 ) ;
#2822 = FACE_OUTER_BOUND ( 'NONE', #1776, .T. ) ;
#2823 = VECTOR ( 'NONE', #1853, 1000.000000000000000 ) ;
#2824 = DIRECTION ( 'NONE',  ( -1.000000000000000000, 0.000000000000000000, -0.000000000000000000 ) ) ;
#2825 = PLANE ( 'NONE',  #1126 ) ;
#2826 = ORIENTED_EDGE ( 'NONE', *, *, #2597, .F. ) ;
#2827 = EDGE_LOOP ( 'NONE', ( #1614, #2488, #2061, #2658 ) ) ;
#2828 = ORIENTED_EDGE ( 'NONE', *, *, #1754, .T. ) ;
#2829 = CARTESIAN_POINT ( 'NONE',  ( 1.074999999999999734, 0.3800000000000000044, 0.8000000000000001554 ) ) ;
#2830 = EDGE_CURVE ( 'NONE', #331, #2677, #1393, .T. ) ;
#2831 = LINE ( 'NONE', #2818, #414 ) ;
#2832 = CLOSED_SHELL ( 'NONE', ( #2092, #254, #631, #1405, #738, #1610, #325, #2151 ) ) ;
#2833 = VECTOR ( 'NONE', #781, 1000.000000000000000 ) ;
#2834 = STYLED_ITEM ( 'NONE', ( #1189 ), #1309 ) ;
#2835 =( GEOMETRIC_REPRESENTATION_CONTEXT ( 3 ) GLOBAL_UNCERTAINTY_ASSIGNED_CONTEXT ( ( #1640 ) ) GLOBAL_UNIT_ASSIGNED_CONTEXT ( ( #2916, #1775, #1838 ) ) REPRESENTATION_CONTEXT ( 'NONE', 'WORKASPACE' ) );
#2836 = LINE ( 'NONE', #2807, #1867 ) ;
#2837 = FACE_OUTER_BOUND ( 'NONE', #590, .T. ) ;
#2838 = DIRECTION ( 'NONE',  ( 0.000000000000000000, 0.000000000000000000, -1.000000000000000000 ) ) ;
#2839 = AXIS2_PLACEMENT_3D ( 'NONE', #2563, #969, #795 ) ;
#2840 = EDGE_CURVE ( 'NONE', #599, #239, #1089, .T. ) ;
#2841 = CARTESIAN_POINT ( 'NONE',  ( -0.9250000000000001554, 0.3800000000000000044, 0.5500000000000004885 ) ) ;
#2842 = VECTOR ( 'NONE', #2419, 1000.000000000000000 ) ;
#2843 = ORIENTED_EDGE ( 'NONE', *, *, #913, .F. ) ;
#2844 = ORIENTED_EDGE ( 'NONE', *, *, #1583, .T. ) ;
#2845 = FACE_OUTER_BOUND ( 'NONE', #2274, .T. ) ;
#2846 = VECTOR ( 'NONE', #2406, 1000.000000000000000 ) ;
#2847 = EDGE_CURVE ( 'NONE', #1354, #2083, #679, .T. ) ;
#2848 = EDGE_CURVE ( 'NONE', #2143, #751, #463, .T. ) ;
#2849 = CARTESIAN_POINT ( 'NONE',  ( -1.000000000000000222, 0.3800000000000000044, 0.7999999999999999334 ) ) ;
#2850 = CARTESIAN_POINT ( 'NONE',  ( 1.600000000000000977, 0.000000000000000000, -0.3749999999999981126 ) ) ;
#2851 = ADVANCED_FACE ( 'NONE', ( #1828 ), #450, .F. ) ;
#2852 = CARTESIAN_POINT ( 'NONE',  ( -0.9250000000000002665, 0.3450000000000000289, -0.7999999999999999334 ) ) ;
#2853 = EDGE_CURVE ( 'NONE', #551, #1886, #1802, .T. ) ;
#2854 = CARTESIAN_POINT ( 'NONE',  ( -1.250000000000000222, 0.3450000000000000289, -0.5500000000000000444 ) ) ;
#2855 = LINE ( 'NONE', #2588, #2129 ) ;
#2856 = EDGE_CURVE ( 'NONE', #2432, #1636, #2446, .T. ) ;
#2857 = LINE ( 'NONE', #804, #1504 ) ;
#2858 = ORIENTED_EDGE ( 'NONE', *, *, #2315, .F. ) ;
#2859 = EDGE_LOOP ( 'NONE', ( #70, #1399, #920, #2034 ) ) ;
#2860 = DIRECTION ( 'NONE',  ( -1.000000000000000000, -0.000000000000000000, -0.000000000000000000 ) ) ;
#2861 = CARTESIAN_POINT ( 'NONE',  ( -0.9250000000000000444, 0.3450000000000000289, 0.8000000000000003775 ) ) ;
#2862 = CARTESIAN_POINT ( 'NONE',  ( -1.000000000000000222, 0.3800000000000000044, 0.7999999999999999334 ) ) ;
#2863 = CARTESIAN_POINT ( 'NONE',  ( 1.599999999999999645, 0.3800000000000000044, 0.8000000000000001554 ) ) ;
#2864 = DIRECTION ( 'NONE',  ( -0.000000000000000000, -0.000000000000000000, -1.000000000000000000 ) ) ;
#2865 = AXIS2_PLACEMENT_3D ( 'NONE', #2929, #1137, #674 ) ;
#2866 = LINE ( 'NONE', #171, #411 ) ;
#2867 = FACE_OUTER_BOUND ( 'NONE', #2695, .T. ) ;
#2868 =( BOUNDED_CURVE ( )  B_SPLINE_CURVE ( 3, ( #245, #235, #460, #2764 ),
 .UNSPECIFIED., .F., .F. ) 
 B_SPLINE_CURVE_WITH_KNOTS ( ( 4, 4 ),
 ( 5.499156671652523087, 7.067213942706640495 ),
 .UNSPECIFIED. ) 
 CURVE ( )  GEOMETRIC_REPRESENTATION_ITEM ( )  RATIONAL_B_SPLINE_CURVE ( ( 1.000000000000000000, 0.8053830134673569674, 0.8053830134673569674, 1.000000000000000000 ) ) 
 REPRESENTATION_ITEM ( '' )  );
#2869 = DIRECTION ( 'NONE',  ( 0.000000000000000000, 0.000000000000000000, -1.000000000000000000 ) ) ;
#2870 = FACE_OUTER_BOUND ( 'NONE', #1710, .T. ) ;
#2871 = VECTOR ( 'NONE', #1431, 1000.000000000000000 ) ;
#2872 = VERTEX_POINT ( 'NONE', #2936 ) ;
#2873 = ORIENTED_EDGE ( 'NONE', *, *, #1887, .T. ) ;
#2874 = LINE ( 'NONE', #2410, #558 ) ;
#2875 = AXIS2_PLACEMENT_3D ( 'NONE', #445, #910, #1173 ) ;
#2876 = CARTESIAN_POINT ( 'NONE',  ( 0.9999999999999993339, 0.000000000000000000, 0.5500000000000011546 ) ) ;
#2877 = DIRECTION ( 'NONE',  ( -0.000000000000000000, -1.000000000000000000, -0.000000000000000000 ) ) ;
#2878 = ORIENTED_EDGE ( 'NONE', *, *, #913, .T. ) ;
#2879 = AXIS2_PLACEMENT_3D ( 'NONE', #2529, #490, #1116 ) ;
#2880 =( LENGTH_UNIT ( ) NAMED_UNIT ( * ) SI_UNIT ( .MILLI., .METRE. ) );
#2881 = CARTESIAN_POINT ( 'NONE',  ( 0.9999999999999993339, 0.3450000000000000289, 0.5500000000000011546 ) ) ;
#2882 = DIRECTION ( 'NONE',  ( 1.000000000000000000, 0.000000000000000000, -6.672013369141567189E-16 ) ) ;
#2883 = DIRECTION ( 'NONE',  ( -1.000000000000000000, -0.000000000000000000, 6.672013369141568175E-16 ) ) ;
#2884 = EDGE_LOOP ( 'NONE', ( #2481, #2361, #344, #1150 ) ) ;
#2885 = DIRECTION ( 'NONE',  ( -0.000000000000000000, -0.000000000000000000, 1.000000000000000000 ) ) ;
#2886 = DIRECTION ( 'NONE',  ( 0.000000000000000000, 0.000000000000000000, -1.000000000000000000 ) ) ;
#2887 = EDGE_CURVE ( 'NONE', #1383, #467, #224, .T. ) ;
#2888 = AXIS2_PLACEMENT_3D ( 'NONE', #1170, #2581, #2789 ) ;
#2889 = ORIENTED_EDGE ( 'NONE', *, *, #2510, .F. ) ;
#2890 = ORIENTED_EDGE ( 'NONE', *, *, #35, .T. ) ;
#2891 = CARTESIAN_POINT ( 'NONE',  ( 1.074999999999999734, 0.3450000000000000289, 0.8000000000000001554 ) ) ;
#2892 = VECTOR ( 'NONE', #384, 1000.000000000000000 ) ;
#2893 = ORIENTED_EDGE ( 'NONE', *, *, #782, .T. ) ;
#2894 = ADVANCED_FACE ( 'NONE', ( #1133 ), #1118, .F. ) ;
#2895 = CARTESIAN_POINT ( 'NONE',  ( 1.074999999999999734, 0.3450000000000000289, -0.7999999999999999334 ) ) ;
#2896 = CARTESIAN_POINT ( 'NONE',  ( -1.000095473940776802, 0.3781782486859279757, 0.7651434402243663113 ) ) ;
#2897 = ORIENTED_EDGE ( 'NONE', *, *, #1788, .T. ) ;
#2898 = AXIS2_PLACEMENT_3D ( 'NONE', #1943, #1908, #2350 ) ;
#2899 = EDGE_CURVE ( 'NONE', #415, #1636, #1380, .T. ) ;
#2900 = DIRECTION ( 'NONE',  ( -0.000000000000000000, 1.000000000000000000, -0.000000000000000000 ) ) ;
#2901 = SURFACE_STYLE_USAGE ( .BOTH. , #586 ) ;
#2902 = ORIENTED_EDGE ( 'NONE', *, *, #1355, .T. ) ;
#2903 = EDGE_CURVE ( 'NONE', #1330, #2661, #901, .T. ) ;
#2904 = DIRECTION ( 'NONE',  ( -1.000000000000000000, 0.000000000000000000, 0.000000000000000000 ) ) ;
#2905 = PLANE ( 'NONE',  #2594 ) ;
#2906 = EDGE_CURVE ( 'NONE', #751, #649, #2066, .T. ) ;
#2907 = ORIENTED_EDGE ( 'NONE', *, *, #1804, .F. ) ;
#2908 = DIRECTION ( 'NONE',  ( 0.000000000000000000, 1.000000000000000000, 0.000000000000000000 ) ) ;
#2909 = VERTEX_POINT ( 'NONE', #250 ) ;
#2910 = EDGE_CURVE ( 'NONE', #887, #2143, #26, .T. ) ;
#2911 = DIRECTION ( 'NONE',  ( 0.000000000000000000, 1.000000000000000000, 0.000000000000000000 ) ) ;
#2912 = DIRECTION ( 'NONE',  ( -0.000000000000000000, 1.000000000000000000, -0.000000000000000000 ) ) ;
#2913 = EDGE_LOOP ( 'NONE', ( #2575, #645, #1369, #933, #853, #1454, #442, #455, #672, #2802, #2662, #536 ) ) ;
#2914 = PLANE ( 'NONE',  #1674 ) ;
#2915 = DIRECTION ( 'NONE',  ( -0.000000000000000000, -1.000000000000000000, -0.000000000000000000 ) ) ;
#2916 =( LENGTH_UNIT ( ) NAMED_UNIT ( * ) SI_UNIT ( .MILLI., .METRE. ) );
#2917 = EDGE_LOOP ( 'NONE', ( #1449, #1135, #2739, #324 ) ) ;
#2918 = ORIENTED_EDGE ( 'NONE', *, *, #2853, .T. ) ;
#2919 = LINE ( 'NONE', #864, #2130 ) ;
#2920 = DIRECTION ( 'NONE',  ( -1.000000000000000000, -0.000000000000000000, -0.000000000000000000 ) ) ;
#2921 = ORIENTED_EDGE ( 'NONE', *, *, #1200, .T. ) ;
#2922 = PLANE ( 'NONE',  #1535 ) ;
#2923 = ORIENTED_EDGE ( 'NONE', *, *, #1754, .F. ) ;
#2924 = DIRECTION ( 'NONE',  ( -1.000000000000000000, -0.000000000000000000, -1.084202172485503645E-15 ) ) ;
#2925 = LINE ( 'NONE', #2703, #2748 ) ;
#2926 = ORIENTED_EDGE ( 'NONE', *, *, #2149, .T. ) ;
#2927 = ORIENTED_EDGE ( 'NONE', *, *, #1477, .F. ) ;
#2928 = AXIS2_PLACEMENT_3D ( 'NONE', #2684, #1817, #1107 ) ;
#2929 = CARTESIAN_POINT ( 'NONE',  ( 1.000000000000000444, 0.000000000000000000, -0.5499999999999984901 ) ) ;
#2930 = LINE ( 'NONE', #1097, #2062 ) ;
#2931 = LINE ( 'NONE', #186, #2700 ) ;
#2932 = VERTEX_POINT ( 'NONE', #2479 ) ;
#2933 = DIRECTION ( 'NONE',  ( 1.000000000000000000, 0.000000000000000000, 0.000000000000000000 ) ) ;
#2934 = ORIENTED_EDGE ( 'NONE', *, *, #2537, .F. ) ;
#2935 = COLOUR_RGB ( '',1.000000000000000000, 1.000000000000000000, 1.000000000000000000 ) ;
#2936 = CARTESIAN_POINT ( 'NONE',  ( -0.9250000000000000444, 0.3800000000000000044, 0.7999999999999999334 ) ) ;
#2937 = ORIENTED_EDGE ( 'NONE', *, *, #2525, .F. ) ;
#2938 = ADVANCED_FACE ( 'NONE', ( #629 ), #2922, .F. ) ;
#2939 = AXIS2_PLACEMENT_3D ( 'NONE', #500, #2722, #1406 ) ;
#2940 = MECHANICAL_DESIGN_GEOMETRIC_PRESENTATION_REPRESENTATION (  '', ( #1259 ), #1553 ) ;
#2941 = LINE ( 'NONE', #2895, #2411 ) ;
#2942 = DIRECTION ( 'NONE',  ( 1.000000000000000000, 0.000000000000000000, -0.000000000000000000 ) ) ;
#2943 = LINE ( 'NONE', #893, #1743 ) ;
#2944 = ORIENTED_EDGE ( 'NONE', *, *, #2810, .T. ) ;
#2945 = AXIS2_PLACEMENT_3D ( 'NONE', #1712, #1240, #2356 ) ;
#2946 = PLANE ( 'NONE',  #1139 ) ;
#2947 = AXIS2_PLACEMENT_3D ( 'NONE', #1739, #149, #1962 ) ;
#2948 = ADVANCED_FACE ( 'NONE', ( #650 ), #436, .T. ) ;
#2949 = CARTESIAN_POINT ( 'NONE',  ( 1.600000000000000089, 0.3800000000000000044, 0.3750000000000017764 ) ) ;
#2950 = DIRECTION ( 'NONE',  ( -0.000000000000000000, 0.000000000000000000, 1.000000000000000000 ) ) ;
#2951 = VERTEX_POINT ( 'NONE', #748 ) ;
#2952 = EDGE_CURVE ( 'NONE', #680, #1832, #2138, .T. ) ;
#2953 = DIRECTION ( 'NONE',  ( -0.000000000000000000, -0.000000000000000000, -1.000000000000000000 ) ) ;
ENDSEC;
END-ISO-10303-21;
