ISO-10303-21;
HEADER;
FILE_DESCRIPTION (( 'STEP AP214' ),
    '1' );
FILE_NAME ('CUI_DEVICES_TB004-508-12BE.step',
    '2021-01-15T00:43:35',
    ( '' ),
    ( '' ),
    'SwSTEP 2.0',
    'SolidWorks 2020',
    '' );
FILE_SCHEMA (( 'AUTOMOTIVE_DESIGN' ));
ENDSEC;

DATA;
#1 = DIRECTION ( 'NONE',  ( -0.6623263427464677333, 0.7132745229577347468, 0.2292668109507008944 ) ) ;
#2 =( LENGTH_UNIT ( ) NAMED_UNIT ( * ) SI_UNIT ( .MILLI., .METRE. ) );
#3 = EDGE_LOOP ( 'NONE', ( #1817, #1574, #3213, #940 ) ) ;
#4 = CARTESIAN_POINT ( 'NONE',  ( 8.039696551146029435, 7.100000000000000533, 2.540000000000000036 ) ) ;
#5 = FILL_AREA_STYLE_COLOUR ( '', #2475 ) ;
#6 =( LENGTH_UNIT ( ) NAMED_UNIT ( * ) SI_UNIT ( .MILLI., .METRE. ) );
#7 = ORIENTED_EDGE ( 'NONE', *, *, #1908, .T. ) ;
#8 = MECHANICAL_DESIGN_GEOMETRIC_PRESENTATION_REPRESENTATION (  '', ( #2136 ), #2213 ) ;
#9 = SURFACE_STYLE_USAGE ( .BOTH. , #3321 ) ;
#10 = ORIENTED_EDGE ( 'NONE', *, *, #2559, .F. ) ;
#11 = CARTESIAN_POINT ( 'NONE',  ( 3.139033067547879696, 12.85000000000000142, -5.080000000000000071 ) ) ;
#12 = EDGE_CURVE ( 'NONE', #841, #4596, #1894, .T. ) ;
#13 = ADVANCED_FACE ( 'NONE', ( #1109 ), #3001, .T. ) ;
#14 = ORIENTED_EDGE ( 'NONE', *, *, #3710, .F. ) ;
#15 = DIRECTION ( 'NONE',  ( 1.000000000000000000, 0.0000000000000000000, 0.0000000000000000000 ) ) ;
#16 = CARTESIAN_POINT ( 'NONE',  ( 5.200000000000000178, 12.94798944267146190, -3.444210495066934108 ) ) ;
#17 = FILL_AREA_STYLE ('',( #2231 ) ) ;
#18 = CARTESIAN_POINT ( 'NONE',  ( 4.400000000000000355, 12.89114242096455420, -1.706545570109773591 ) ) ;
#19 = CARTESIAN_POINT ( 'NONE',  ( 5.200000000000000178, 12.86156426583980128, 1.714246796759035130 ) ) ;
#20 = LINE ( 'NONE', #1501, #465 ) ;
#21 = CARTESIAN_POINT ( 'NONE',  ( 0.0000000000000000000, 0.0000000000000000000, -3.330000000000000071 ) ) ;
#22 = DIRECTION ( 'NONE',  ( -1.000000000000000000, 1.171453342316279939E-15, 0.0000000000000000000 ) ) ;
#23 =( NAMED_UNIT ( * ) PLANE_ANGLE_UNIT ( ) SI_UNIT ( $, .RADIAN. ) );
#24 = ORIENTED_EDGE ( 'NONE', *, *, #1910, .T. ) ;
#25 = DIRECTION ( 'NONE',  ( 0.0000000000000000000, -1.000000000000000000, 0.0000000000000000000 ) ) ;
#27 = COLOUR_RGB ( '',0.2862745098039215508, 0.6431372549019607199, 0.8666666666666666963 ) ;
#26 = LINE ( 'NONE', #4090, #3651 ) ;
#28 =( GEOMETRIC_REPRESENTATION_CONTEXT ( 3 ) GLOBAL_UNCERTAINTY_ASSIGNED_CONTEXT ( ( #1962 ) ) GLOBAL_UNIT_ASSIGNED_CONTEXT ( ( #206, #2049, #4567 ) ) REPRESENTATION_CONTEXT ( 'NONE', 'WORKASPACE' ) );
#29 = CARTESIAN_POINT ( 'NONE',  ( 0.9000000000000000222, 7.100000000000000533, -12.69999999999999929 ) ) ;
#30 = VECTOR ( 'NONE', #1389, 1000.000000000000000 ) ;
#31 =( GEOMETRIC_REPRESENTATION_CONTEXT ( 3 ) GLOBAL_UNCERTAINTY_ASSIGNED_CONTEXT ( ( #1201 ) ) GLOBAL_UNIT_ASSIGNED_CONTEXT ( ( #2812, #3944, #286 ) ) REPRESENTATION_CONTEXT ( 'NONE', 'WORKASPACE' ) );
#32 = CARTESIAN_POINT ( 'NONE',  ( 1.600000000000000089, 5.299999999999999822, -1.300000000000000044 ) ) ;
#33 = ORIENTED_EDGE ( 'NONE', *, *, #151, .T. ) ;
#34 = CARTESIAN_POINT ( 'NONE',  ( 4.700000000000000178, -4.519230769230760281, -10.25615384615380066 ) ) ;
#35 = VECTOR ( 'NONE', #2797, 1000.000000000000000 ) ;
#36 = TOROIDAL_SURFACE ( 'NONE', #3834, 1.660966932452119904, 0.1000000000000000056 ) ;
#37 = EDGE_LOOP ( 'NONE', ( #4225, #4665, #3966, #677, #2955, #1801, #2424, #1889 ) ) ;
#38 =( LENGTH_UNIT ( ) NAMED_UNIT ( * ) SI_UNIT ( .MILLI., .METRE. ) );
#39 = LINE ( 'NONE', #4368, #1188 ) ;
#40 = COLOUR_RGB ( '',0.2862745098039215508, 0.6431372549019607199, 0.8666666666666666963 ) ;
#41 = CARTESIAN_POINT ( 'NONE',  ( 10.20000000000000107, 5.000000000000000000, 2.540000000000000036 ) ) ;
#42 = EDGE_CURVE ( 'NONE', #2308, #4180, #771, .T. ) ;
#43 = LINE ( 'NONE', #2185, #4443 ) ;
#44 = ADVANCED_FACE ( 'NONE', ( #408 ), #2997, .F. ) ;
#45 = STYLED_ITEM ( 'NONE', ( #3218 ), #2531 ) ;
#46 = DIRECTION ( 'NONE',  ( -0.3589790793088687981, 0.9333456062030596190, 0.0000000000000000000 ) ) ;
#47 = CARTESIAN_POINT ( 'NONE',  ( 4.700000000000000178, -2.500000000000000000, -0.5000000000000000000 ) ) ;
#48 = PLANE ( 'NONE',  #3089 ) ;
#49 = EDGE_CURVE ( 'NONE', #3134, #2670, #1241, .T. ) ;
#50 = LINE ( 'NONE', #739, #928 ) ;
#51 =( GEOMETRIC_REPRESENTATION_CONTEXT ( 3 ) GLOBAL_UNCERTAINTY_ASSIGNED_CONTEXT ( ( #1091 ) ) GLOBAL_UNIT_ASSIGNED_CONTEXT ( ( #38, #444, #2401 ) ) REPRESENTATION_CONTEXT ( 'NONE', 'WORKASPACE' ) );
#52 = LINE ( 'NONE', #4135, #1548 ) ;
#53 = AXIS2_PLACEMENT_3D ( 'NONE', #720, #1147, #1508 ) ;
#54 = CARTESIAN_POINT ( 'NONE',  ( 6.799999999999999822, 14.09999999999999964, 2.449293598294706414E-16 ) ) ;
#55 = LINE ( 'NONE', #1842, #2481 ) ;
#56 = ORIENTED_EDGE ( 'NONE', *, *, #3219, .F. ) ;
#57 = CARTESIAN_POINT ( 'NONE',  ( 6.560296020616589452, 12.86156426583979950, -10.16000000000000014 ) ) ;
#58 = ORIENTED_EDGE ( 'NONE', *, *, #71, .F. ) ;
#59 =( NAMED_UNIT ( * ) PLANE_ANGLE_UNIT ( ) SI_UNIT ( $, .RADIAN. ) );
#60 = CARTESIAN_POINT ( 'NONE',  ( 5.500000000000000000, -2.500000000000000000, -10.66000000000000014 ) ) ;
#61 = LINE ( 'NONE', #1541, #1486 ) ;
#62 = CARTESIAN_POINT ( 'NONE',  ( 4.799999999999999822, 11.59999999999999964, 0.0000000000000000000 ) ) ;
#63 = SURFACE_STYLE_FILL_AREA ( #346 ) ;
#64 = FILL_AREA_STYLE ('',( #3331 ) ) ;
#65 = LINE ( 'NONE', #4469, #3683 ) ;
#66 = SURFACE_STYLE_USAGE ( .BOTH. , #3663 ) ;
#67 = CARTESIAN_POINT ( 'NONE',  ( 6.627270781290139468, 11.49572055149890026, 0.0000000000000000000 ) ) ;
#68 = PRESENTATION_STYLE_ASSIGNMENT (( #2987 ) ) ;
#69 = EDGE_CURVE ( 'NONE', #4692, #515, #4361, .T. ) ;
#70 = VERTEX_POINT ( 'NONE', #819 ) ;
#71 = EDGE_CURVE ( 'NONE', #4316, #169, #4410, .T. ) ;
#72 =( NAMED_UNIT ( * ) SI_UNIT ( $, .STERADIAN. ) SOLID_ANGLE_UNIT ( ) );
#73 = FILL_AREA_STYLE_COLOUR ( '', #3675 ) ;
#74 = SURFACE_STYLE_FILL_AREA ( #3698 ) ;
#75 = APPLICATION_PROTOCOL_DEFINITION ( 'draft international standard', 'automotive_design', 1998, #3794 ) ;
#76 = PRESENTATION_LAYER_ASSIGNMENT (  '', '', ( #4433 ) ) ;
#77 = VERTEX_POINT ( 'NONE', #1800 ) ;
#78 = DIRECTION ( 'NONE',  ( -5.522026336547080536E-30, -1.000000000000000000, 1.889646980599320192E-14 ) ) ;
#79 = ORIENTED_EDGE ( 'NONE', *, *, #774, .F. ) ;
#80 = VECTOR ( 'NONE', #815, 1000.000000000000114 ) ;
#81 =( NAMED_UNIT ( * ) SI_UNIT ( $, .STERADIAN. ) SOLID_ANGLE_UNIT ( ) );
#82 = STYLED_ITEM ( 'NONE', ( #4397 ), #4542 ) ;
#83 = FACE_OUTER_BOUND ( 'NONE', #2084, .T. ) ;
#84 = CARTESIAN_POINT ( 'NONE',  ( 5.200000000000000178, 12.75618793725179856, -8.433155335579451517 ) ) ;
#85 = LINE ( 'NONE', #2673, #3603 ) ;
#86 = CARTESIAN_POINT ( 'NONE',  ( 5.500000000000000000, -2.500000000000000000, -0.5000000000000000000 ) ) ;
#87 = LINE ( 'NONE', #1164, #3228 ) ;
#88 = CARTESIAN_POINT ( 'NONE',  ( 2.799999999999999378, 14.09999999999999964, -10.16000000000000014 ) ) ;
#89 = SURFACE_SIDE_STYLE ('',( #1954 ) ) ;
#90 = CARTESIAN_POINT ( 'NONE',  ( 4.700000000000000178, 0.1499999992184100073, -0.5000000000001180167 ) ) ;
#91 = DIRECTION ( 'NONE',  ( -1.000000000000000000, 1.171453342316279939E-15, 0.0000000000000000000 ) ) ;
#92 = SURFACE_SIDE_STYLE ('',( #1195 ) ) ;
#93 = LINE ( 'NONE', #3013, #3501 ) ;
#94 = FILL_AREA_STYLE_COLOUR ( '', #4176 ) ;
#95 = DIRECTION ( 'NONE',  ( 0.0000000000000000000, 0.0000000000000000000, -1.000000000000000000 ) ) ;
#96 = CARTESIAN_POINT ( 'NONE',  ( 5.500000000000000000, 4.984159143999969288, -6.080000000000190141 ) ) ;
#97 = ADVANCED_FACE ( 'NONE', ( #1818 ), #2227, .T. ) ;
#98 = EDGE_CURVE ( 'NONE', #3718, #818, #2542, .T. ) ;
#99 = ORIENTED_EDGE ( 'NONE', *, *, #600, .T. ) ;
#100 = AXIS2_PLACEMENT_3D ( 'NONE', #1100, #1815, #766 ) ;
#101 =( LENGTH_UNIT ( ) NAMED_UNIT ( * ) SI_UNIT ( .MILLI., .METRE. ) );
#102 = EDGE_CURVE ( 'NONE', #2944, #2712, #634, .T. ) ;
#103 = PRESENTATION_LAYER_ASSIGNMENT (  '', '', ( #2400 ) ) ;
#104 = EDGE_LOOP ( 'NONE', ( #355, #727, #4685, #3298 ) ) ;
#105 = CARTESIAN_POINT ( 'NONE',  ( 4.799999999999999822, 12.94999999999999929, -5.080000000000000071 ) ) ;
#106 = DIRECTION ( 'NONE',  ( -0.5000000000000005551, 0.0000000000000000000, -0.8660254037844382635 ) ) ;
#107 =( GEOMETRIC_REPRESENTATION_CONTEXT ( 3 ) GLOBAL_UNCERTAINTY_ASSIGNED_CONTEXT ( ( #1529 ) ) GLOBAL_UNIT_ASSIGNED_CONTEXT ( ( #1186, #2280, #4196 ) ) REPRESENTATION_CONTEXT ( 'NONE', 'WORKASPACE' ) );
#108 = COLOUR_RGB ( '',0.2862745098039215508, 0.6431372549019607199, 0.8666666666666666963 ) ;
#109 = DIRECTION ( 'NONE',  ( 1.171453342316279939E-15, 1.000000000000000000, 0.0000000000000000000 ) ) ;
#110 = ORIENTED_EDGE ( 'NONE', *, *, #157, .F. ) ;
#111 = VECTOR ( 'NONE', #1991, 1000.000000000000000 ) ;
#112 = STYLED_ITEM ( 'NONE', ( #1011 ), #896 ) ;
#113 = DIRECTION ( 'NONE',  ( -0.9868276651055337689, 0.1617750270664809475, 0.0000000000000000000 ) ) ;
#114 = DIRECTION ( 'NONE',  ( -1.000000000000000000, 0.0000000000000000000, 0.0000000000000000000 ) ) ;
#115 = B_SPLINE_CURVE_WITH_KNOTS ( 'NONE', 3,
 ( #1540, #84, #2181, #4394, #3066, #366 ),
 .UNSPECIFIED., .F., .F.,
 ( 4, 2, 4 ),
 ( 0.0000000000000000000, 0.4442809022260499896, 1.000000000000000000 ),
 .UNSPECIFIED. ) ;
#117 = VECTOR ( 'NONE', #2073, 1000.000000000000114 ) ;
#116 = CARTESIAN_POINT ( 'NONE',  ( 5.200000000000000178, 12.91070467253999077, -8.465302786412161495 ) ) ;
#118 = CARTESIAN_POINT ( 'NONE',  ( 1.300000000000000044, 2.299999999999999822, -3.779999999999999805 ) ) ;
#119 = SURFACE_STYLE_USAGE ( .BOTH. , #3382 ) ;
#120 = VERTEX_POINT ( 'NONE', #2214 ) ;
#121 = CARTESIAN_POINT ( 'NONE',  ( 3.165217391304359751, 3.291304347826100152, -9.505652173913050618 ) ) ;
#122 = DIRECTION ( 'NONE',  ( 1.000000000000000000, 3.334909476821829649E-28, 1.794541526872530066E-14 ) ) ;
#123 = CARTESIAN_POINT ( 'NONE',  ( 4.400000000000000355, 12.65081076366930013, -11.89943546578869871 ) ) ;
#124 = ORIENTED_EDGE ( 'NONE', *, *, #1728, .F. ) ;
#125 = ADVANCED_FACE ( 'NONE', ( #326 ), #1051, .F. ) ;
#126 = AXIS2_PLACEMENT_3D ( 'NONE', #2120, #2503, #292 ) ;
#127 = AXIS2_PLACEMENT_3D ( 'NONE', #1794, #788, #1838 ) ;
#128 = ORIENTED_EDGE ( 'NONE', *, *, #748, .T. ) ;
#129 = FACE_OUTER_BOUND ( 'NONE', #4088, .T. ) ;
#130 = EDGE_CURVE ( 'NONE', #4321, #2783, #1097, .T. ) ;
#131 = ADVANCED_FACE ( 'NONE', ( #1416 ), #2562, .T. ) ;
#132 =( NAMED_UNIT ( * ) PLANE_ANGLE_UNIT ( ) SI_UNIT ( $, .RADIAN. ) );
#133 = CARTESIAN_POINT ( 'NONE',  ( 4.700000000000000178, -5.550000000781570186, -4.580000000000000071 ) ) ;
#134 = DIRECTION ( 'NONE',  ( 1.171453342316279939E-15, 1.000000000000000000, 0.0000000000000000000 ) ) ;
#135 = EDGE_LOOP ( 'NONE', ( #2887, #3825, #272, #4045 ) ) ;
#136 = LINE ( 'NONE', #1882, #3499 ) ;
#137 = CARTESIAN_POINT ( 'NONE',  ( 0.9000000000000000222, 7.100000000000000533, 2.540000000000000036 ) ) ;
#138 = DIRECTION ( 'NONE',  ( -1.000000000000000000, 0.0000000000000000000, 0.0000000000000000000 ) ) ;
#139 = DIRECTION ( 'NONE',  ( 1.171453342316279939E-15, 1.000000000000000000, 0.0000000000000000000 ) ) ;
#140 = DIRECTION ( 'NONE',  ( 0.0000000000000000000, -1.000000000000000000, 0.0000000000000000000 ) ) ;
#141 = CARTESIAN_POINT ( 'NONE',  ( 5.500000000000000000, -3.500000000000000000, -4.780000000000000249 ) ) ;
#142 = EDGE_LOOP ( 'NONE', ( #4073, #4218, #4486, #2480 ) ) ;
#143 = ORIENTED_EDGE ( 'NONE', *, *, #1084, .T. ) ;
#144 = CARTESIAN_POINT ( 'NONE',  ( 4.400000000000000355, 12.94999999999999929, -3.467917139009469629 ) ) ;
#145 = VECTOR ( 'NONE', #4181, 1000.000000000000000 ) ;
#146 = CARTESIAN_POINT ( 'NONE',  ( 2.972729218709859733, 11.49572055149890026, -5.080000000000000071 ) ) ;
#147 = ORIENTED_EDGE ( 'NONE', *, *, #4074, .F. ) ;
#148 =( NAMED_UNIT ( * ) PLANE_ANGLE_UNIT ( ) SI_UNIT ( $, .RADIAN. ) );
#149 = VERTEX_POINT ( 'NONE', #3593 ) ;
#150 = EDGE_CURVE ( 'NONE', #2116, #1470, #3373, .T. ) ;
#151 = EDGE_CURVE ( 'NONE', #3601, #875, #2146, .T. ) ;
#152 = LINE ( 'NONE', #502, #3924 ) ;
#153 = CARTESIAN_POINT ( 'NONE',  ( 0.0000000000000000000, 0.0000000000000000000, -11.91000000000000014 ) ) ;
#154 = VECTOR ( 'NONE', #2916, 1000.000000000000114 ) ;
#155 = CARTESIAN_POINT ( 'NONE',  ( 0.9000000000000000222, 8.000000000000000000, 2.540000000000000036 ) ) ;
#156 = SURFACE_STYLE_FILL_AREA ( #4230 ) ;
#157 = EDGE_CURVE ( 'NONE', #3953, #4221, #373, .T. ) ;
#158 = B_SPLINE_CURVE_WITH_KNOTS ( 'NONE', 3,
 ( #3283, #3708, #16, #1392, #4653, #2465, #1385, #3478, #4612, #3911, #559, #3522, #3500, #1341, #2801, #4184 ),
 .UNSPECIFIED., .F., .F.,
 ( 4, 3, 3, 3, 3, 4 ),
 ( 0.0000000000000000000, 3.531517381846180402E-05, 7.066450544158440583E-05, 0.0001054618491226604076, 0.0001392987215180695410, 0.0001469974402362029902 ),
 .UNSPECIFIED. ) ;
#159 =( NAMED_UNIT ( * ) SI_UNIT ( $, .STERADIAN. ) SOLID_ANGLE_UNIT ( ) );
#160 = CARTESIAN_POINT ( 'NONE',  ( 2.824999999999999289, 11.59999999999999964, -2.418677428316022529E-16 ) ) ;
#161 = DIRECTION ( 'NONE',  ( 0.0000000000000000000, -1.000000000000000000, 0.0000000000000000000 ) ) ;
#162 = DIRECTION ( 'NONE',  ( -1.171453342316279939E-15, -1.000000000000000000, 0.0000000000000000000 ) ) ;
#163 = ORIENTED_EDGE ( 'NONE', *, *, #1728, .T. ) ;
#164 = CARTESIAN_POINT ( 'NONE',  ( 1.741243556529819880, 66.32999999999999829, 2.140000000000000124 ) ) ;
#165 = EDGE_LOOP ( 'NONE', ( #2061, #1306, #56, #1229 ) ) ;
#166 = DIRECTION ( 'NONE',  ( -1.000000000000000000, 0.0000000000000000000, 0.0000000000000000000 ) ) ;
#167 = ORIENTED_EDGE ( 'NONE', *, *, #1727, .F. ) ;
#168 = CARTESIAN_POINT ( 'NONE',  ( 5.200000000000000178, 12.86414866789771949, 1.713937828364088478 ) ) ;
#169 = VERTEX_POINT ( 'NONE', #719 ) ;
#170 = ORIENTED_EDGE ( 'NONE', *, *, #1126, .F. ) ;
#171 = CARTESIAN_POINT ( 'NONE',  ( 7.704833395016039255, 7.100000000000000533, -13.29999999999999893 ) ) ;
#172 = MECHANICAL_DESIGN_GEOMETRIC_PRESENTATION_REPRESENTATION (  '', ( #4460 ), #1696 ) ;
#173 = ORIENTED_EDGE ( 'NONE', *, *, #3774, .F. ) ;
#174 = VECTOR ( 'NONE', #4132, 1000.000000000000000 ) ;
#175 = DIRECTION ( 'NONE',  ( 0.0000000000000000000, -0.9805806756909204447, -0.1961161351381831008 ) ) ;
#176 = FILL_AREA_STYLE ('',( #3883 ) ) ;
#177 = VECTOR ( 'NONE', #4445, 1000.000000000000000 ) ;
#178 = CARTESIAN_POINT ( 'NONE',  ( 1.498756443470180111, 1.252251306632979966E-14, -11.45999999999999908 ) ) ;
#179 = CIRCLE ( 'NONE', #1096, 1.843139007342379898 ) ;
#180 = ADVANCED_FACE ( 'NONE', ( #1837 ), #2189, .F. ) ;
#181 = CARTESIAN_POINT ( 'NONE',  ( 5.200000000000000178, 12.86927415701640065, -8.446989705258550529 ) ) ;
#182 = VECTOR ( 'NONE', #2899, 1000.000000000000000 ) ;
#183 = VERTEX_POINT ( 'NONE', #4183 ) ;
#184 =( NAMED_UNIT ( * ) SI_UNIT ( $, .STERADIAN. ) SOLID_ANGLE_UNIT ( ) );
#185 = FACE_OUTER_BOUND ( 'NONE', #3540, .T. ) ;
#186 = EDGE_CURVE ( 'NONE', #2306, #3574, #1619, .T. ) ;
#187 =( GEOMETRIC_REPRESENTATION_CONTEXT ( 3 ) GLOBAL_UNCERTAINTY_ASSIGNED_CONTEXT ( ( #813 ) ) GLOBAL_UNIT_ASSIGNED_CONTEXT ( ( #678, #2907, #1376 ) ) REPRESENTATION_CONTEXT ( 'NONE', 'WORKASPACE' ) );
#188 = EDGE_CURVE ( 'NONE', #3679, #4027, #2703, .T. ) ;
#189 = CARTESIAN_POINT ( 'NONE',  ( 10.20000000000000107, 0.0000000000000000000, 2.540000000000000036 ) ) ;
#190 = CARTESIAN_POINT ( 'NONE',  ( 5.200000000000000178, 12.91233902327929073, -11.85330779245011890 ) ) ;
#191 = CARTESIAN_POINT ( 'NONE',  ( 4.400000000000000355, 12.89543644674719935, -3.375595348408659824 ) ) ;
#192 = PRESENTATION_LAYER_ASSIGNMENT (  '', '', ( #735 ) ) ;
#193 =( GEOMETRIC_REPRESENTATION_CONTEXT ( 3 ) GLOBAL_UNCERTAINTY_ASSIGNED_CONTEXT ( ( #3960 ) ) GLOBAL_UNIT_ASSIGNED_CONTEXT ( ( #704, #1778, #345 ) ) REPRESENTATION_CONTEXT ( 'NONE', 'WORKASPACE' ) );
#194 = ORIENTED_EDGE ( 'NONE', *, *, #389, .F. ) ;
#195 = LINE ( 'NONE', #2127, #662 ) ;
#196 = VERTEX_POINT ( 'NONE', #4109 ) ;
#197 = ORIENTED_EDGE ( 'NONE', *, *, #4365, .F. ) ;
#198 = CARTESIAN_POINT ( 'NONE',  ( 0.9012435565298219098, 0.0000000000000000000, -12.69999999999999929 ) ) ;
#199 = AXIS2_PLACEMENT_3D ( 'NONE', #1551, #4520, #3769 ) ;
#200 = ORIENTED_EDGE ( 'NONE', *, *, #3394, .F. ) ;
#201 = ORIENTED_EDGE ( 'NONE', *, *, #1423, .F. ) ;
#202 = CARTESIAN_POINT ( 'NONE',  ( 4.400000000000000355, 12.94999999999999929, 1.612082860990529776 ) ) ;
#203 = CARTESIAN_POINT ( 'NONE',  ( 4.799999999999999822, 12.86156426583980128, -10.16000000000000014 ) ) ;
#204 = SURFACE_SIDE_STYLE ('',( #1289 ) ) ;
#205 = SURFACE_STYLE_USAGE ( .BOTH. , #2026 ) ;
#206 =( LENGTH_UNIT ( ) NAMED_UNIT ( * ) SI_UNIT ( .MILLI., .METRE. ) );
#207 = PLANE ( 'NONE',  #4398 ) ;
#208 = PLANE ( 'NONE',  #4266 ) ;
#209 = CARTESIAN_POINT ( 'NONE',  ( 4.400000000000000355, 12.14999999999999858, 1.799211327328460008 ) ) ;
#210 = DIRECTION ( 'NONE',  ( 0.9695125564162684340, 0.2450416351381781155, 0.0000000000000000000 ) ) ;
#211 = CARTESIAN_POINT ( 'NONE',  ( 4.400000000000000355, 12.86156426583993984, -6.794246796759080276 ) ) ;
#212 = EDGE_CURVE ( 'NONE', #2735, #703, #906, .T. ) ;
#213 = ADVANCED_FACE ( 'NONE', ( #3357 ), #4157, .F. ) ;
#214 = ORIENTED_EDGE ( 'NONE', *, *, #2850, .F. ) ;
#215 = CARTESIAN_POINT ( 'NONE',  ( 3.049999999999999822, 12.95000000000000107, -5.080000000000000071 ) ) ;
#216 = VECTOR ( 'NONE', #2982, 1000.000000000000000 ) ;
#217 = CARTESIAN_POINT ( 'NONE',  ( 5.200000000000000178, 12.94999999999999929, 1.623854585596683942 ) ) ;
#218 = ORIENTED_EDGE ( 'NONE', *, *, #1676, .F. ) ;
#219 = AXIS2_PLACEMENT_3D ( 'NONE', #3351, #1216, #3763 ) ;
#220 = DIRECTION ( 'NONE',  ( 1.000000000000000000, -9.912705577010326536E-16, 0.0000000000000000000 ) ) ;
#221 = EDGE_LOOP ( 'NONE', ( #547, #1774, #776, #2543 ) ) ;
#222 = ORIENTED_EDGE ( 'NONE', *, *, #1792, .T. ) ;
#223 = ORIENTED_EDGE ( 'NONE', *, *, #4164, .F. ) ;
#224 = DIRECTION ( 'NONE',  ( 0.0000000000000000000, -0.1961161351381840445, -0.9805806756909202226 ) ) ;
#225 = DIRECTION ( 'NONE',  ( 0.0000000000000000000, 0.0000000000000000000, 1.000000000000000000 ) ) ;
#226 = DIRECTION ( 'NONE',  ( -1.000000000000000000, 1.171453342316279742E-15, 0.0000000000000000000 ) ) ;
#227 = DIRECTION ( 'NONE',  ( 0.0000000000000000000, 0.0000000000000000000, -1.000000000000000000 ) ) ;
#228 = MECHANICAL_DESIGN_GEOMETRIC_PRESENTATION_REPRESENTATION (  '', ( #82 ), #844 ) ;
#229 = DIRECTION ( 'NONE',  ( -1.224646799147353207E-16, 1.434616586018100824E-31, 1.000000000000000000 ) ) ;
#230 = FILL_AREA_STYLE_COLOUR ( '', #973 ) ;
#231 = FACE_OUTER_BOUND ( 'NONE', #2922, .T. ) ;
#232 = UNCERTAINTY_MEASURE_WITH_UNIT (LENGTH_MEASURE( 1.000000000000000082E-05 ), #356, 'distance_accuracy_value', 'NONE');
#233 = SURFACE_STYLE_FILL_AREA ( #2053 ) ;
#234 = AXIS2_PLACEMENT_3D ( 'NONE', #4357, #1422, #3598 ) ;
#235 =( LENGTH_UNIT ( ) NAMED_UNIT ( * ) SI_UNIT ( .MILLI., .METRE. ) );
#236 = EDGE_LOOP ( 'NONE', ( #2113, #2201, #4139, #1333 ) ) ;
#237 = SURFACE_SIDE_STYLE ('',( #1638 ) ) ;
#238 = FILL_AREA_STYLE ('',( #1320 ) ) ;
#239 = EDGE_CURVE ( 'NONE', #2615, #2069, #3881, .T. ) ;
#240 = EDGE_CURVE ( 'NONE', #77, #4070, #4518, .T. ) ;
#241 = DIRECTION ( 'NONE',  ( 0.1156426582667281905, -0.9932908816600527491, 0.0000000000000000000 ) ) ;
#242 = DIRECTION ( 'NONE',  ( 0.0000000000000000000, 0.0000000000000000000, -1.000000000000000000 ) ) ;
#243 = ORIENTED_EDGE ( 'NONE', *, *, #4071, .F. ) ;
#244 = ORIENTED_EDGE ( 'NONE', *, *, #3194, .F. ) ;
#245 = ADVANCED_FACE ( 'NONE', ( #2291 ), #3789, .F. ) ;
#246 = EDGE_CURVE ( 'NONE', #787, #772, #2701, .T. ) ;
#247 = ORIENTED_EDGE ( 'NONE', *, *, #4604, .F. ) ;
#248 = DIRECTION ( 'NONE',  ( 1.000000000000000000, 0.0000000000000000000, 0.0000000000000000000 ) ) ;
#249 = CARTESIAN_POINT ( 'NONE',  ( 8.681243556529819827, 0.0000000000000000000, 2.503730669589500302 ) ) ;
#250 = CARTESIAN_POINT ( 'NONE',  ( 3.139033067547879252, 12.95000000000000107, -5.080000000000000071 ) ) ;
#251 = PRESENTATION_LAYER_ASSIGNMENT (  '', '', ( #2319 ) ) ;
#252 = MECHANICAL_DESIGN_GEOMETRIC_PRESENTATION_REPRESENTATION (  '', ( #2320 ), #28 ) ;
#253 = CARTESIAN_POINT ( 'NONE',  ( 4.700000000000000178, -5.550000000781570186, -4.580000000000000071 ) ) ;
#254 = COLOUR_RGB ( '',0.2862745098039215508, 0.6431372549019607199, 0.8666666666666666963 ) ;
#255 = AXIS2_PLACEMENT_3D ( 'NONE', #29, #768, #2197 ) ;
#256 = FACE_OUTER_BOUND ( 'NONE', #2064, .T. ) ;
#257 = FACE_OUTER_BOUND ( 'NONE', #2525, .T. ) ;
#258 = AXIS2_PLACEMENT_3D ( 'NONE', #62, #4490, #757 ) ;
#259 = VECTOR ( 'NONE', #4246, 1000.000000000000000 ) ;
#260 = ORIENTED_EDGE ( 'NONE', *, *, #4575, .F. ) ;
#261 =( LENGTH_UNIT ( ) NAMED_UNIT ( * ) SI_UNIT ( .MILLI., .METRE. ) );
#262 = CARTESIAN_POINT ( 'NONE',  ( 6.698658176157541000, 11.67312853167969777, 0.0000000000000000000 ) ) ;
#263 = AXIS2_PLACEMENT_3D ( 'NONE', #2039, #3436, #3488 ) ;
#264 = DIRECTION ( 'NONE',  ( 1.000000000000000000, -9.411788633772680037E-16, 0.0000000000000000000 ) ) ;
#265 = EDGE_LOOP ( 'NONE', ( #443, #537, #432, #1566 ) ) ;
#266 = AXIS2_PLACEMENT_3D ( 'NONE', #3737, #113, #1925 ) ;
#267 = SURFACE_STYLE_USAGE ( .BOTH. , #1749 ) ;
#268 = ORIENTED_EDGE ( 'NONE', *, *, #4042, .T. ) ;
#269 = PLANE ( 'NONE',  #4081 ) ;
#270 = EDGE_CURVE ( 'NONE', #2257, #2130, #2552, .T. ) ;
#271 = EDGE_CURVE ( 'NONE', #1753, #1588, #532, .T. ) ;
#272 = ORIENTED_EDGE ( 'NONE', *, *, #1363, .T. ) ;
#273 = CARTESIAN_POINT ( 'NONE',  ( 0.0000000000000000000, 0.0000000000000000000, -12.69999999999999929 ) ) ;
#274 = ORIENTED_EDGE ( 'NONE', *, *, #3394, .T. ) ;
#275 = CARTESIAN_POINT ( 'NONE',  ( 4.799999999999999822, 11.67312853167969955, -5.080000000000000071 ) ) ;
#276 = FACE_OUTER_BOUND ( 'NONE', #702, .T. ) ;
#277 = CIRCLE ( 'NONE', #127, 1.760296020616589852 ) ;
#278 = CARTESIAN_POINT ( 'NONE',  ( 4.400000000000000355, 12.88032890577943057, -11.87078045654689262 ) ) ;
#279 = SURFACE_STYLE_USAGE ( .BOTH. , #4276 ) ;
#280 =( NAMED_UNIT ( * ) SI_UNIT ( $, .STERADIAN. ) SOLID_ANGLE_UNIT ( ) );
#281 = CARTESIAN_POINT ( 'NONE',  ( 0.8896965511460290799, 66.32999999999999829, 2.540000000000000036 ) ) ;
#282 = FACE_OUTER_BOUND ( 'NONE', #37, .T. ) ;
#283 = EDGE_LOOP ( 'NONE', ( #24, #311, #2351, #549 ) ) ;
#284 = EDGE_LOOP ( 'NONE', ( #1997, #1310, #3365, #3400 ) ) ;
#285 = CARTESIAN_POINT ( 'NONE',  ( 4.799999999999999822, 12.84999999999999964, -10.16000000000000014 ) ) ;
#286 =( NAMED_UNIT ( * ) SI_UNIT ( $, .STERADIAN. ) SOLID_ANGLE_UNIT ( ) );
#287 = VERTEX_POINT ( 'NONE', #67 ) ;
#288 = ORIENTED_EDGE ( 'NONE', *, *, #1395, .F. ) ;
#289 = PRESENTATION_STYLE_ASSIGNMENT (( #660 ) ) ;
#290 = ORIENTED_EDGE ( 'NONE', *, *, #1386, .F. ) ;
#291 = VERTEX_POINT ( 'NONE', #1572 ) ;
#292 = DIRECTION ( 'NONE',  ( 1.171453342316279939E-15, 1.000000000000000000, 6.804706483619149860E-35 ) ) ;
#293 = EDGE_LOOP ( 'NONE', ( #1895, #663, #680, #3414 ) ) ;
#294 = DIRECTION ( 'NONE',  ( 1.171453342316279939E-15, 1.000000000000000000, 0.0000000000000000000 ) ) ;
#295 = CARTESIAN_POINT ( 'NONE',  ( 4.699999999999779909, 0.0000000000000000000, 2.539999999999900560 ) ) ;
#296 = ADVANCED_FACE ( 'NONE', ( #2986 ), #4446, .T. ) ;
#297 = DIRECTION ( 'NONE',  ( 1.171453342316279939E-15, 1.000000000000000000, 0.0000000000000000000 ) ) ;
#298 = EDGE_CURVE ( 'NONE', #997, #2179, #1290, .T. ) ;
#299 = CARTESIAN_POINT ( 'NONE',  ( 0.0000000000000000000, 1.800000000000000044, 1.750000000000000000 ) ) ;
#300 = DIRECTION ( 'NONE',  ( 0.0000000000000000000, -1.000000000000000000, 0.0000000000000000000 ) ) ;
#301 = PRESENTATION_LAYER_ASSIGNMENT (  '', '', ( #3204 ) ) ;
#302 = AXIS2_PLACEMENT_3D ( 'NONE', #2708, #210, #1667 ) ;
#303 = PRESENTATION_STYLE_ASSIGNMENT (( #1791 ) ) ;
#304 = DIRECTION ( 'NONE',  ( 0.0000000000000000000, 0.0000000000000000000, -1.000000000000000000 ) ) ;
#305 = EDGE_LOOP ( 'NONE', ( #4560, #1656, #2864, #406 ) ) ;
#306 = FACE_OUTER_BOUND ( 'NONE', #265, .T. ) ;
#307 = DIRECTION ( 'NONE',  ( 0.0000000000000000000, 0.0000000000000000000, 1.000000000000000000 ) ) ;
#308 = CARTESIAN_POINT ( 'NONE',  ( 4.799999999999999822, 12.14999999999999858, -10.16000000000000014 ) ) ;
#309 = ORIENTED_EDGE ( 'NONE', *, *, #1675, .T. ) ;
#310 = EDGE_LOOP ( 'NONE', ( #4556, #268, #3359, #696 ) ) ;
#311 = ORIENTED_EDGE ( 'NONE', *, *, #150, .F. ) ;
#312 = ORIENTED_EDGE ( 'NONE', *, *, #2827, .T. ) ;
#313 = PRESENTATION_STYLE_ASSIGNMENT (( #3583 ) ) ;
#314 = CARTESIAN_POINT ( 'NONE',  ( 0.0000000000000000000, 0.0000000000000000000, -8.410000000000000142 ) ) ;
#315 = DIRECTION ( 'NONE',  ( 1.000000000000000000, -9.411788633772680037E-16, 0.0000000000000000000 ) ) ;
#316 = CLOSED_SHELL ( 'NONE', ( #4428, #1124, #4657, #2583, #4190, #4286, #3334, #1879, #1214, #2790, #519, #2940, #799, #1701, #125, #489, #1185, #44, #3023, #2079, #1475, #327, #1616, #3196, #1042, #3836, #2738, #2361, #3894, #4542, #1823, #4137, #131, #2679, #296, #4633, #4312, #2618, #4103, #3276, #359, #2646, #245, #2964, #3896, #3617, #2910, #2531, #4311, #4191, #1525, #318, #2080, #1301, #488, #3169, #896, #1305, #3781, #741, #3625, #985, #2966, #2169, #2504, #1243, #2530, #1503, #1387, #3392, #1559, #980, #3087, #920, #1213, #180, #1847, #3745, #13, #97, #4277, #3363, #3744, #3650, #2704, #2889, #713, #4429, #1010, #213, #2032, #2654, #3678, #2441, #384, #1235, #1942, #573, #3138, #1151, #1590, #329, #4015, #2230, #4541, #679, #2139, #2224, #1968, #1277, #829, #2326, #1008, #687, #2055, #1244, #2935, #1058, #1152, #2909, #4048, #4129, #3356 ) ) ;
#317 = DIRECTION ( 'NONE',  ( 0.0000000000000000000, -1.000000000000000000, 0.0000000000000000000 ) ) ;
#318 = ADVANCED_FACE ( 'NONE', ( #2415 ), #1644, .T. ) ;
#319 = VECTOR ( 'NONE', #3747, 1000.000000000000000 ) ;
#320 = CARTESIAN_POINT ( 'NONE',  ( 5.200000000000000178, 12.41362307109989871, -3.312239702486099890 ) ) ;
#321 = CARTESIAN_POINT ( 'NONE',  ( 2.154824120534930110, 14.09999999999999964, -12.69999999999999929 ) ) ;
#322 =( LENGTH_UNIT ( ) NAMED_UNIT ( * ) SI_UNIT ( .MILLI., .METRE. ) );
#323 = AXIS2_PLACEMENT_3D ( 'NONE', #571, #4154, #3497 ) ;
#324 = COLOUR_RGB ( '',0.2862745098039215508, 0.6431372549019607199, 0.8666666666666666963 ) ;
#325 =( NAMED_UNIT ( * ) SI_UNIT ( $, .STERADIAN. ) SOLID_ANGLE_UNIT ( ) );
#326 = FACE_OUTER_BOUND ( 'NONE', #310, .T. ) ;
#327 = ADVANCED_FACE ( 'NONE', ( #1393 ), #671, .T. ) ;
#328 = EDGE_LOOP ( 'NONE', ( #4388, #848, #1680, #1266 ) ) ;
#329 = ADVANCED_FACE ( 'NONE', ( #2396 ), #3842, .F. ) ;
#330 = CARTESIAN_POINT ( 'NONE',  ( 6.774999999999999467, 11.59999999999999964, -5.080000000000000071 ) ) ;
#331 = ORIENTED_EDGE ( 'NONE', *, *, #3364, .F. ) ;
#332 = MECHANICAL_DESIGN_GEOMETRIC_PRESENTATION_REPRESENTATION (  '', ( #4687 ), #3527 ) ;
#333 = VECTOR ( 'NONE', #4290, 1000.000000000000000 ) ;
#334 =( NAMED_UNIT ( * ) SI_UNIT ( $, .STERADIAN. ) SOLID_ANGLE_UNIT ( ) );
#335 = CARTESIAN_POINT ( 'NONE',  ( 2.901341823842455092, 11.67312853167970133, 2.325185658106286755E-16 ) ) ;
#336 = VECTOR ( 'NONE', #1733, 1000.000000000000000 ) ;
#337 =( GEOMETRIC_REPRESENTATION_CONTEXT ( 3 ) GLOBAL_UNCERTAINTY_ASSIGNED_CONTEXT ( ( #1666 ) ) GLOBAL_UNIT_ASSIGNED_CONTEXT ( ( #3048, #132, #2672 ) ) REPRESENTATION_CONTEXT ( 'NONE', 'WORKASPACE' ) );
#338 = ORIENTED_EDGE ( 'NONE', *, *, #1885, .T. ) ;
#339 = ORIENTED_EDGE ( 'NONE', *, *, #686, .T. ) ;
#340 = ORIENTED_EDGE ( 'NONE', *, *, #270, .F. ) ;
#341 = DIRECTION ( 'NONE',  ( -1.259827545673939797E-16, 1.000000000000000000, 0.0000000000000000000 ) ) ;
#342 = CIRCLE ( 'NONE', #4085, 0.1999999999999996503 ) ;
#343 = CIRCLE ( 'NONE', #2171, 2.000000000000000000 ) ;
#344 = VERTEX_POINT ( 'NONE', #606 ) ;
#345 =( NAMED_UNIT ( * ) SI_UNIT ( $, .STERADIAN. ) SOLID_ANGLE_UNIT ( ) );
#347 = VECTOR ( 'NONE', #1500, 1000.000000000000000 ) ;
#346 = FILL_AREA_STYLE ('',( #2934 ) ) ;
#348 = SURFACE_SIDE_STYLE ('',( #3287 ) ) ;
#349 = STYLED_ITEM ( 'NONE', ( #313 ), #2910 ) ;
#350 = CARTESIAN_POINT ( 'NONE',  ( 5.200000000000000178, 12.75618793725179856, -3.353155335579450114 ) ) ;
#351 = FILL_AREA_STYLE ('',( #4655 ) ) ;
#352 = DIRECTION ( 'NONE',  ( 1.259827545673939797E-16, -1.000000000000000000, 0.0000000000000000000 ) ) ;
#353 = VECTOR ( 'NONE', #1960, 1000.000000000000000 ) ;
#354 = SURFACE_SIDE_STYLE ('',( #2608 ) ) ;
#355 = ORIENTED_EDGE ( 'NONE', *, *, #2522, .F. ) ;
#356 =( LENGTH_UNIT ( ) NAMED_UNIT ( * ) SI_UNIT ( .MILLI., .METRE. ) );
#357 = CARTESIAN_POINT ( 'NONE',  ( 1.300000000000000044, 2.299999999999999822, -11.45999999999999908 ) ) ;
#358 = EDGE_CURVE ( 'NONE', #2735, #2042, #3161, .T. ) ;
#359 = ADVANCED_FACE ( 'NONE', ( #3902 ), #1351, .T. ) ;
#360 =( LENGTH_UNIT ( ) NAMED_UNIT ( * ) SI_UNIT ( .MILLI., .METRE. ) );
#361 = VERTEX_POINT ( 'NONE', #335 ) ;
#362 = ORIENTED_EDGE ( 'NONE', *, *, #3077, .F. ) ;
#363 =( NAMED_UNIT ( * ) PLANE_ANGLE_UNIT ( ) SI_UNIT ( $, .RADIAN. ) );
#364 = ORIENTED_EDGE ( 'NONE', *, *, #2161, .F. ) ;
#365 = DIRECTION ( 'NONE',  ( 1.000000000000000000, 0.0000000000000000000, 1.794541526872530066E-14 ) ) ;
#366 = CARTESIAN_POINT ( 'NONE',  ( 5.200000000000000178, 12.14999999999999858, -8.360788672671541022 ) ) ;
#367 = DIRECTION ( 'NONE',  ( 0.0000000000000000000, 0.0000000000000000000, -1.000000000000000000 ) ) ;
#368 = CARTESIAN_POINT ( 'NONE',  ( 4.400000000000000355, 12.94999999999999929, -1.612082860990529776 ) ) ;
#369 = CARTESIAN_POINT ( 'NONE',  ( 5.200000000000000178, 12.14999999999999858, -3.280788672671540063 ) ) ;
#370 =( NAMED_UNIT ( * ) SI_UNIT ( $, .STERADIAN. ) SOLID_ANGLE_UNIT ( ) );
#371 = UNCERTAINTY_MEASURE_WITH_UNIT (LENGTH_MEASURE( 1.000000000000000082E-05 ), #2461, 'distance_accuracy_value', 'NONE');
#372 = CARTESIAN_POINT ( 'NONE',  ( 1.858775821003269879, 13.84853250811990044, -12.69999999999999929 ) ) ;
#373 = LINE ( 'NONE', #3989, #1776 ) ;
#374 = TOROIDAL_SURFACE ( 'NONE', #544, 1.660966932452119904, 0.1000000000000000056 ) ;
#375 = DIRECTION ( 'NONE',  ( 0.8881430813907017496, 0.3415934928425769512, -0.3074341435583199389 ) ) ;
#376 = LINE ( 'NONE', #485, #377 ) ;
#377 = VECTOR ( 'NONE', #1129, 1000.000000000000000 ) ;
#378 = DIRECTION ( 'NONE',  ( 1.000000000000000000, 0.0000000000000000000, 0.0000000000000000000 ) ) ;
#379 = FILL_AREA_STYLE ('',( #2614 ) ) ;
#380 = COLOUR_RGB ( '',0.2862745098039215508, 0.6431372549019607199, 0.8666666666666666963 ) ;
#381 = CARTESIAN_POINT ( 'NONE',  ( 4.400000000000000355, 12.86156426583980128, 1.714246796759100189 ) ) ;
#382 = EDGE_CURVE ( 'NONE', #1704, #1918, #1397, .T. ) ;
#383 = EDGE_LOOP ( 'NONE', ( #1017, #4177, #1015 ) ) ;
#384 = ADVANCED_FACE ( 'NONE', ( #654 ), #699, .F. ) ;
#385 = CARTESIAN_POINT ( 'NONE',  ( 1.300000000000000044, 2.299999999999999822, -1.300000000000000044 ) ) ;
#386 = VECTOR ( 'NONE', #4713, 1000.000000000000000 ) ;
#387 = EDGE_LOOP ( 'NONE', ( #4341, #1076, #4219, #430 ) ) ;
#388 = SURFACE_STYLE_USAGE ( .BOTH. , #3753 ) ;
#389 = EDGE_CURVE ( 'NONE', #1671, #3462, #4313, .T. ) ;
#390 = LINE ( 'NONE', #3654, #3615 ) ;
#391 = ORIENTED_EDGE ( 'NONE', *, *, #3200, .F. ) ;
#392 = EDGE_CURVE ( 'NONE', #3978, #3134, #3230, .T. ) ;
#393 = LINE ( 'NONE', #4698, #2486 ) ;
#394 = CARTESIAN_POINT ( 'NONE',  ( 4.799999999999999822, 11.49572055149890026, 0.0000000000000000000 ) ) ;
#395 = CARTESIAN_POINT ( 'NONE',  ( 5.200000000000000178, 12.94999999999999929, 1.612082860990529776 ) ) ;
#396 = DIRECTION ( 'NONE',  ( -1.000000000000000000, 0.0000000000000000000, 0.0000000000000000000 ) ) ;
#397 = DIRECTION ( 'NONE',  ( 0.0000000000000000000, 0.0000000000000000000, -1.000000000000000000 ) ) ;
#398 = CARTESIAN_POINT ( 'NONE',  ( 5.500000000000000000, 0.0000000000000000000, -10.66000000000000014 ) ) ;
#399 = CARTESIAN_POINT ( 'NONE',  ( 10.20000000000000107, 0.0000000000000000000, -12.69999999999999929 ) ) ;
#400 = EDGE_LOOP ( 'NONE', ( #244, #3995, #3629, #2862 ) ) ;
#401 = CARTESIAN_POINT ( 'NONE',  ( 10.20000000000000107, 5.000000000000000000, -12.69999999999999929 ) ) ;
#403 = CONICAL_SURFACE ( 'NONE', #1929, 1.749999999999999778, 0.1159019744065879071 ) ;
#402 = CARTESIAN_POINT ( 'NONE',  ( 4.400000000000000355, 12.14999999999999858, -11.95921132732850012 ) ) ;
#404 =( NAMED_UNIT ( * ) PLANE_ANGLE_UNIT ( ) SI_UNIT ( $, .RADIAN. ) );
#405 = CIRCLE ( 'NONE', #4611, 1.760296020616589852 ) ;
#406 = ORIENTED_EDGE ( 'NONE', *, *, #42, .T. ) ;
#407 = VECTOR ( 'NONE', #2903, 1000.000000000000000 ) ;
#408 = FACE_OUTER_BOUND ( 'NONE', #590, .T. ) ;
#409 = VERTEX_POINT ( 'NONE', #4714 ) ;
#410 = SHAPE_REPRESENTATION ( 'CUI_DEVICES_TB004-508-12BE', ( #3355, #3434, #2304, #234, #1917 ), #2917 ) ;
#411 = COLOUR_RGB ( '',0.2862745098039215508, 0.6431372549019607199, 0.8666666666666666963 ) ;
#412 = COLOUR_RGB ( '',0.7921568627450980005, 0.8196078431372548767, 0.9333333333333333481 ) ;
#413 = ORIENTED_EDGE ( 'NONE', *, *, #2705, .F. ) ;
#414 = FILL_AREA_STYLE ('',( #2258 ) ) ;
#415 = AXIS2_PLACEMENT_3D ( 'NONE', #2456, #341, #1079 ) ;
#416 = CARTESIAN_POINT ( 'NONE',  ( 5.500000000000000000, 0.1499999992184100073, -10.66000000000000014 ) ) ;
#417 = CARTESIAN_POINT ( 'NONE',  ( 2.799999999999999378, 11.61764705882350057, 0.0000000000000000000 ) ) ;
#418 = DIRECTION ( 'NONE',  ( 0.0000000000000000000, 1.000000000000000000, 0.0000000000000000000 ) ) ;
#419 = EDGE_CURVE ( 'NONE', #565, #2116, #2111, .T. ) ;
#420 = CIRCLE ( 'NONE', #2335, 0.2000000000000000944 ) ;
#421 = EDGE_CURVE ( 'NONE', #2477, #2176, #2081, .T. ) ;
#422 =( NAMED_UNIT ( * ) SI_UNIT ( $, .STERADIAN. ) SOLID_ANGLE_UNIT ( ) );
#423 = CARTESIAN_POINT ( 'NONE',  ( 7.957244095797209482, 13.87351249054149882, -12.69999999999999929 ) ) ;
#424 = SURFACE_STYLE_FILL_AREA ( #452 ) ;
#425 = VECTOR ( 'NONE', #1705, 1000.000000000000114 ) ;
#426 = CARTESIAN_POINT ( 'NONE',  ( 10.20000000000000107, 0.0000000000000000000, -12.69999999999999929 ) ) ;
#427 = DIRECTION ( 'NONE',  ( -1.259827545673939797E-16, 1.000000000000000000, 0.0000000000000000000 ) ) ;
#428 = STYLED_ITEM ( 'NONE', ( #4143 ), #2966 ) ;
#429 = CARTESIAN_POINT ( 'NONE',  ( 8.042583302491980390, 66.32999999999999829, 2.544999999999999929 ) ) ;
#430 = ORIENTED_EDGE ( 'NONE', *, *, #1763, .T. ) ;
#431 = FILL_AREA_STYLE ('',( #2242 ) ) ;
#432 = ORIENTED_EDGE ( 'NONE', *, *, #2447, .F. ) ;
#433 = PLANE ( 'NONE',  #4148 ) ;
#434 = UNCERTAINTY_MEASURE_WITH_UNIT (LENGTH_MEASURE( 1.000000000000000082E-05 ), #2052, 'distance_accuracy_value', 'NONE');
#435 = MECHANICAL_DESIGN_GEOMETRIC_PRESENTATION_REPRESENTATION (  '', ( #1958 ), #1881 ) ;
#436 = CARTESIAN_POINT ( 'NONE',  ( 4.700000000000000178, -2.500000000000000000, 0.5000000000000000000 ) ) ;
#437 = CARTESIAN_POINT ( 'NONE',  ( 0.0000000000000000000, 0.0000000000000000000, 0.0000000000000000000 ) ) ;
#438 = DIRECTION ( 'NONE',  ( 1.000000000000000000, 0.0000000000000000000, 0.0000000000000000000 ) ) ;
#439 = VERTEX_POINT ( 'NONE', #1695 ) ;
#440 = DIRECTION ( 'NONE',  ( 0.0000000000000000000, 1.000000000000000000, 0.0000000000000000000 ) ) ;
#441 = ORIENTED_EDGE ( 'NONE', *, *, #2025, .T. ) ;
#442 = SURFACE_STYLE_USAGE ( .BOTH. , #3705 ) ;
#443 = ORIENTED_EDGE ( 'NONE', *, *, #1618, .T. ) ;
#444 =( NAMED_UNIT ( * ) PLANE_ANGLE_UNIT ( ) SI_UNIT ( $, .RADIAN. ) );
#445 = DIRECTION ( 'NONE',  ( 0.4999999999999998890, 0.0000000000000000000, -0.8660254037844387076 ) ) ;
#446 = ORIENTED_EDGE ( 'NONE', *, *, #3983, .F. ) ;
#447 = DIRECTION ( 'NONE',  ( 0.5000000000000006661, 0.0000000000000000000, 0.8660254037844382635 ) ) ;
#448 = CARTESIAN_POINT ( 'NONE',  ( 4.799999999999999822, 14.09999999999999964, -10.16000000000000014 ) ) ;
#449 = FACE_BOUND ( 'NONE', #4691, .T. ) ;
#450 = PRODUCT_DEFINITION_SHAPE ( 'NONE', 'NONE',  #4721 ) ;
#451 = CARTESIAN_POINT ( 'NONE',  ( 4.400000000000000355, 12.14999999999999858, -8.360788672671541022 ) ) ;
#452 = FILL_AREA_STYLE ('',( #4493 ) ) ;
#453 = EDGE_CURVE ( 'NONE', #3440, #875, #179, .T. ) ;
#454 = EDGE_CURVE ( 'NONE', #4585, #2824, #1722, .T. ) ;
#455 = CARTESIAN_POINT ( 'NONE',  ( 3.165217391304339767, 3.291304347826080168, 0.6543478260869989294 ) ) ;
#456 = CARTESIAN_POINT ( 'NONE',  ( 7.666390328872330073, 13.79999999999999893, 2.540000000000000036 ) ) ;
#457 = DIRECTION ( 'NONE',  ( 0.5000000000000003331, 0.0000000000000000000, 0.8660254037844384856 ) ) ;
#458 = CARTESIAN_POINT ( 'NONE',  ( 4.799999999999999822, 12.94999999999999929, 0.0000000000000000000 ) ) ;
#459 = ORIENTED_EDGE ( 'NONE', *, *, #3930, .T. ) ;
#460 = EDGE_CURVE ( 'NONE', #3990, #2359, #1372, .T. ) ;
#461 = CARTESIAN_POINT ( 'NONE',  ( 4.400000000000000355, 12.14999999999999858, -8.360788672671541022 ) ) ;
#462 = SHAPE_DEFINITION_REPRESENTATION ( #1857, #410 ) ;
#463 = DIRECTION ( 'NONE',  ( -1.259827545673939797E-16, 1.000000000000000000, 0.0000000000000000000 ) ) ;
#464 = CIRCLE ( 'NONE', #4280, 1.898658176328949843 ) ;
#465 = VECTOR ( 'NONE', #781, 1000.000000000000000 ) ;
#466 = EDGE_LOOP ( 'NONE', ( #4249, #2094 ) ) ;
#467 = ORIENTED_EDGE ( 'NONE', *, *, #271, .F. ) ;
#468 = CIRCLE ( 'NONE', #1756, 0.2999999999999999334 ) ;
#469 = CARTESIAN_POINT ( 'NONE',  ( 6.500000000000000000, 11.64999999999999858, 2.081899558550500280E-16 ) ) ;
#470 = B_SPLINE_CURVE_WITH_KNOTS ( 'NONE', 3,
 ( #1859, #350, #2510, #320, #1437, #369 ),
 .UNSPECIFIED., .F., .F.,
 ( 4, 2, 4 ),
 ( 0.0000000000000000000, 0.4442809022260499896, 1.000000000000000000 ),
 .UNSPECIFIED. ) ;
#471 = AXIS2_PLACEMENT_3D ( 'NONE', #2582, #3335, #22 ) ;
#472 = DIRECTION ( 'NONE',  ( -1.259827545673939797E-16, 1.000000000000000000, 0.0000000000000000000 ) ) ;
#473 = ORIENTED_EDGE ( 'NONE', *, *, #2590, .T. ) ;
#474 = AXIS2_PLACEMENT_3D ( 'NONE', #2427, #1350, #2313 ) ;
#475 = ORIENTED_EDGE ( 'NONE', *, *, #3802, .T. ) ;
#476 = SURFACE_STYLE_FILL_AREA ( #1615 ) ;
#477 = SURFACE_STYLE_USAGE ( .BOTH. , #3008 ) ;
#478 = UNCERTAINTY_MEASURE_WITH_UNIT (LENGTH_MEASURE( 1.000000000000000082E-05 ), #3079, 'distance_accuracy_value', 'NONE');
#479 = CARTESIAN_POINT ( 'NONE',  ( 5.200000000000000178, 12.94798944267146190, -8.524210495066936844 ) ) ;
#480 = EDGE_CURVE ( 'NONE', #3208, #2015, #1013, .T. ) ;
#481 = DIRECTION ( 'NONE',  ( -1.171453342316279939E-15, -1.000000000000000000, 0.0000000000000000000 ) ) ;
#482 = CYLINDRICAL_SURFACE ( 'NONE', #1652, 0.2999999999999999334 ) ;
#483 = LINE ( 'NONE', #2707, #4228 ) ;
#484 = UNCERTAINTY_MEASURE_WITH_UNIT (LENGTH_MEASURE( 1.000000000000000082E-05 ), #932, 'distance_accuracy_value', 'NONE');
#485 = CARTESIAN_POINT ( 'NONE',  ( 2.799999999999999378, 14.09999999999999964, -10.16000000000000014 ) ) ;
#486 = B_SPLINE_CURVE_WITH_KNOTS ( 'NONE', 3,
 ( #1256, #2879, #868, #3461, #522, #3098, #1966, #4555, #1282, #2381, #4334, #1099, #3253, #2191, #1461, #4424 ),
 .UNSPECIFIED., .F., .F.,
 ( 4, 3, 3, 3, 3, 4 ),
 ( 2.189329315354621666E-16, 3.308388942497667717E-05, 6.613717211549420040E-05, 9.966070390171385810E-05, 0.0001340858777781914288, 0.0001469394654554686934 ),
 .UNSPECIFIED. ) ;
#487 = CARTESIAN_POINT ( 'NONE',  ( 8.995166604983959147, 7.100000000000000533, -13.29999999999999893 ) ) ;
#488 = ADVANCED_FACE ( 'NONE', ( #2474 ), #1444, .T. ) ;
#489 = ADVANCED_FACE ( 'NONE', ( #1488 ), #4409, .T. ) ;
#490 = ORIENTED_EDGE ( 'NONE', *, *, #1085, .T. ) ;
#491 =( GEOMETRIC_REPRESENTATION_CONTEXT ( 3 ) GLOBAL_UNCERTAINTY_ASSIGNED_CONTEXT ( ( #2638 ) ) GLOBAL_UNIT_ASSIGNED_CONTEXT ( ( #3408, #3719, #603 ) ) REPRESENTATION_CONTEXT ( 'NONE', 'WORKASPACE' ) );
#492 = COLOUR_RGB ( '',0.2862745098039215508, 0.6431372549019607199, 0.8666666666666666963 ) ;
#493 = LINE ( 'NONE', #3045, #1870 ) ;
#494 = VECTOR ( 'NONE', #1479, 1000.000000000000000 ) ;
#495 = AXIS2_PLACEMENT_3D ( 'NONE', #2345, #481, #3381 ) ;
#496 = EDGE_LOOP ( 'NONE', ( #2502, #3631, #1750, #2252 ) ) ;
#497 =( LENGTH_UNIT ( ) NAMED_UNIT ( * ) SI_UNIT ( .MILLI., .METRE. ) );
#498 = CARTESIAN_POINT ( 'NONE',  ( 4.700000000000000178, -2.596153846153840039, -9.679230769230770193 ) ) ;
#499 = CARTESIAN_POINT ( 'NONE',  ( 4.700000000000000178, 0.0000000000000000000, -10.66000000000000014 ) ) ;
#500 = CIRCLE ( 'NONE', #1485, 0.09999999999999982514 ) ;
#501 = ORIENTED_EDGE ( 'NONE', *, *, #3480, .T. ) ;
#502 = CARTESIAN_POINT ( 'NONE',  ( 7.900000000000000355, 14.09999999999999964, 2.540000000000000036 ) ) ;
#503 = AXIS2_PLACEMENT_3D ( 'NONE', #2694, #4146, #3803 ) ;
#504 = SURFACE_STYLE_FILL_AREA ( #2233 ) ;
#505 = LINE ( 'NONE', #4535, #2129 ) ;
#506 = PLANE ( 'NONE',  #1095 ) ;
#508 = COLOUR_RGB ( '',0.2862745098039215508, 0.6431372549019607199, 0.8666666666666666963 ) ;
#507 =( NAMED_UNIT ( * ) SI_UNIT ( $, .STERADIAN. ) SOLID_ANGLE_UNIT ( ) );
#509 = DIRECTION ( 'NONE',  ( 1.794541526872530066E-14, -1.794541526872519968E-14, -1.000000000000000000 ) ) ;
#510 = DIRECTION ( 'NONE',  ( -0.8660254037844387076, 0.0000000000000000000, 0.4999999999999998890 ) ) ;
#511 = SURFACE_STYLE_FILL_AREA ( #3429 ) ;
#512 = DIRECTION ( 'NONE',  ( -1.259827545673939797E-16, 1.000000000000000000, 0.0000000000000000000 ) ) ;
#513 = MECHANICAL_DESIGN_GEOMETRIC_PRESENTATION_REPRESENTATION (  '', ( #2495 ), #193 ) ;
#514 = DIRECTION ( 'NONE',  ( 1.000000000000000000, 0.0000000000000000000, 0.0000000000000000000 ) ) ;
#515 = VERTEX_POINT ( 'NONE', #3724 ) ;
#516 = ORIENTED_EDGE ( 'NONE', *, *, #49, .T. ) ;
#517 = AXIS2_PLACEMENT_3D ( 'NONE', #4498, #2989, #1620 ) ;
#518 = CARTESIAN_POINT ( 'NONE',  ( 1.498756443470180111, 5.299999999999999822, -8.859999999999999432 ) ) ;
#519 = ADVANCED_FACE ( 'NONE', ( #1531 ), #2932, .F. ) ;
#520 = EDGE_CURVE ( 'NONE', #914, #588, #55, .T. ) ;
#521 = VERTEX_POINT ( 'NONE', #3296 ) ;
#522 = CARTESIAN_POINT ( 'NONE',  ( 5.200000000000000178, 12.90316249061893394, -1.699945829406275033 ) ) ;
#523 = FILL_AREA_STYLE_COLOUR ( '', #412 ) ;
#524 = DIRECTION ( 'NONE',  ( 1.000000000000000000, -1.171453342316279939E-15, -1.931148907734990011E-16 ) ) ;
#525 = SURFACE_STYLE_FILL_AREA ( #4618 ) ;
#526 = ORIENTED_EDGE ( 'NONE', *, *, #2560, .F. ) ;
#527 = PLANE ( 'NONE',  #2647 ) ;
#528 = SURFACE_STYLE_USAGE ( .BOTH. , #4152 ) ;
#529 = FILL_AREA_STYLE ('',( #3788 ) ) ;
#530 = CARTESIAN_POINT ( 'NONE',  ( 5.500000000000000000, 1.201923076923079980, 1.240384615384610090 ) ) ;
#531 = VECTOR ( 'NONE', #1833, 1000.000000000000000 ) ;
#532 = LINE ( 'NONE', #118, #1554 ) ;
#533 =( NAMED_UNIT ( * ) PLANE_ANGLE_UNIT ( ) SI_UNIT ( $, .RADIAN. ) );
#534 = CARTESIAN_POINT ( 'NONE',  ( 2.799999999999999378, 14.09999999999999964, 0.0000000000000000000 ) ) ;
#535 = FACE_OUTER_BOUND ( 'NONE', #2515, .T. ) ;
#536 = DIRECTION ( 'NONE',  ( 0.0000000000000000000, -0.9805806756909204447, -0.1961161351381831008 ) ) ;
#537 = ORIENTED_EDGE ( 'NONE', *, *, #4634, .T. ) ;
#538 = CARTESIAN_POINT ( 'NONE',  ( 4.700000000000000178, 0.1499999992184100073, -10.66000000000000014 ) ) ;
#539 = DIRECTION ( 'NONE',  ( 0.0000000000000000000, 0.0000000000000000000, -1.000000000000000000 ) ) ;
#540 = AXIS2_PLACEMENT_3D ( 'NONE', #1682, #4252, #2796 ) ;
#541 = EDGE_CURVE ( 'NONE', #1777, #4221, #4043, .T. ) ;
#542 = EDGE_CURVE ( 'NONE', #3046, #2457, #3993, .T. ) ;
#543 = ORIENTED_EDGE ( 'NONE', *, *, #542, .T. ) ;
#544 = AXIS2_PLACEMENT_3D ( 'NONE', #4564, #3472, #638 ) ;
#545 = CARTESIAN_POINT ( 'NONE',  ( 4.799999999999999822, 12.86156426583980128, 0.0000000000000000000 ) ) ;
#546 = ORIENTED_EDGE ( 'NONE', *, *, #151, .F. ) ;
#547 = ORIENTED_EDGE ( 'NONE', *, *, #3333, .T. ) ;
#548 = DIRECTION ( 'NONE',  ( -1.000000000000000000, -0.0000000000000000000, -0.0000000000000000000 ) ) ;
#549 = ORIENTED_EDGE ( 'NONE', *, *, #2828, .T. ) ;
#550 = AXIS2_PLACEMENT_3D ( 'NONE', #1530, #4115, #2273 ) ;
#551 = EDGE_CURVE ( 'NONE', #2130, #700, #1340, .T. ) ;
#552 = EDGE_CURVE ( 'NONE', #4461, #4596, #3432, .T. ) ;
#553 = FACE_OUTER_BOUND ( 'NONE', #3947, .T. ) ;
#554 = CARTESIAN_POINT ( 'NONE',  ( 7.666390328872330073, 14.09999999999999964, -12.69999999999999929 ) ) ;
#555 = CIRCLE ( 'NONE', #3285, 1.843139007342379898 ) ;
#556 = SURFACE_STYLE_USAGE ( .BOTH. , #204 ) ;
#557 = CARTESIAN_POINT ( 'NONE',  ( 5.200000000000000178, 12.94999999999999929, -8.536145414403318199 ) ) ;
#558 = AXIS2_PLACEMENT_3D ( 'NONE', #3418, #109, #2059 ) ;
#559 = CARTESIAN_POINT ( 'NONE',  ( 5.200000000000000178, 12.89114242096455420, -3.373454429890226258 ) ) ;
#560 = DIRECTION ( 'NONE',  ( 5.517568307814269711E-16, 0.0000000000000000000, 1.000000000000000000 ) ) ;
#561 =( NAMED_UNIT ( * ) SI_UNIT ( $, .STERADIAN. ) SOLID_ANGLE_UNIT ( ) );
#562 = PLANE ( 'NONE',  #4456 ) ;
#563 = CARTESIAN_POINT ( 'NONE',  ( 4.400000000000000355, 12.86156426583980128, -3.365753203240900326 ) ) ;
#564 = VECTOR ( 'NONE', #3962, 1000.000000000000000 ) ;
#565 = VERTEX_POINT ( 'NONE', #3775 ) ;
#566 = LINE ( 'NONE', #2784, #2726 ) ;
#567 = VERTEX_POINT ( 'NONE', #1981 ) ;
#568 = LINE ( 'NONE', #171, #2781 ) ;
#569 = AXIS2_PLACEMENT_3D ( 'NONE', #1720, #3158, #3184 ) ;
#570 = FACE_OUTER_BOUND ( 'NONE', #1535, .T. ) ;
#571 = CARTESIAN_POINT ( 'NONE',  ( 1.498756443470180111, 0.0000000000000000000, 133.3249999999999886 ) ) ;
#572 = EDGE_CURVE ( 'NONE', #1704, #4666, #1624, .T. ) ;
#573 = ADVANCED_FACE ( 'NONE', ( #1600 ), #3090, .T. ) ;
#574 = VECTOR ( 'NONE', #367, 1000.000000000000000 ) ;
#575 = AXIS2_PLACEMENT_3D ( 'NONE', #2792, #3189, #3854 ) ;
#576 =( NAMED_UNIT ( * ) SI_UNIT ( $, .STERADIAN. ) SOLID_ANGLE_UNIT ( ) );
#577 = ORIENTED_EDGE ( 'NONE', *, *, #4604, .T. ) ;
#578 = LINE ( 'NONE', #959, #1806 ) ;
#579 = LINE ( 'NONE', #160, #4151 ) ;
#580 = COLOUR_RGB ( '',0.2862745098039215508, 0.6431372549019607199, 0.8666666666666666963 ) ;
#581 = DIRECTION ( 'NONE',  ( -1.000000000000000000, 0.0000000000000000000, 0.0000000000000000000 ) ) ;
#582 = CARTESIAN_POINT ( 'NONE',  ( -0.5460910151691970027, 1.589964994165699919, -8.220968494749119060 ) ) ;
#583 = FILL_AREA_STYLE ('',( #2851 ) ) ;
#584 = TOROIDAL_SURFACE ( 'NONE', #1643, 1.699999999999999956, 0.2000000000000000111 ) ;
#585 = ORIENTED_EDGE ( 'NONE', *, *, #1735, .T. ) ;
#586 = FILL_AREA_STYLE ('',( #3844 ) ) ;
#587 = DIRECTION ( 'NONE',  ( 5.517568307814269711E-16, 0.0000000000000000000, 1.000000000000000000 ) ) ;
#588 = VERTEX_POINT ( 'NONE', #2350 ) ;
#589 = LINE ( 'NONE', #3573, #4626 ) ;
#590 = EDGE_LOOP ( 'NONE', ( #1513, #3292, #1533, #4643 ) ) ;
#591 = DIRECTION ( 'NONE',  ( 1.000000000000000000, -9.411788633772680037E-16, 0.0000000000000000000 ) ) ;
#592 = VECTOR ( 'NONE', #1240, 1000.000000000000000 ) ;
#593 = ORIENTED_EDGE ( 'NONE', *, *, #2882, .T. ) ;
#594 = ORIENTED_EDGE ( 'NONE', *, *, #2648, .T. ) ;
#595 = DIRECTION ( 'NONE',  ( 1.000000000000000000, -1.084202172485509956E-15, 2.064602660210875025E-60 ) ) ;
#596 = CARTESIAN_POINT ( 'NONE',  ( 7.808756443470179498, 0.0000000000000000000, 2.140000000000000124 ) ) ;
#597 = PLANE ( 'NONE',  #1787 ) ;
#598 = CARTESIAN_POINT ( 'NONE',  ( 4.400000000000000355, 12.95000000000000284, -11.78385458559665011 ) ) ;
#599 = PLANE ( 'NONE',  #2563 ) ;
#600 = EDGE_CURVE ( 'NONE', #1610, #3314, #3816, .T. ) ;
#601 = EDGE_CURVE ( 'NONE', #4378, #4192, #3792, .T. ) ;
#602 = DIRECTION ( 'NONE',  ( -1.000000000000000000, 1.171453342316279939E-15, 0.0000000000000000000 ) ) ;
#603 =( NAMED_UNIT ( * ) SI_UNIT ( $, .STERADIAN. ) SOLID_ANGLE_UNIT ( ) );
#604 = FACE_OUTER_BOUND ( 'NONE', #3237, .T. ) ;
#605 = AXIS2_PLACEMENT_3D ( 'NONE', #1089, #2209, #2557 ) ;
#606 = CARTESIAN_POINT ( 'NONE',  ( 1.868260615751559994, 0.0000000000000000000, 1.920000000000000151 ) ) ;
#607 = EDGE_CURVE ( 'NONE', #2859, #933, #1025, .T. ) ;
#608 = ORIENTED_EDGE ( 'NONE', *, *, #1300, .T. ) ;
#609 = CARTESIAN_POINT ( 'NONE',  ( 3.139033067547879252, 12.95000000000000107, 0.0000000000000000000 ) ) ;
#610 = CARTESIAN_POINT ( 'NONE',  ( 0.5317393842484600119, 7.100000000000000533, 1.920000000000000151 ) ) ;
#611 = CARTESIAN_POINT ( 'NONE',  ( 4.400000000000000355, 12.75618793725179856, -3.353155335579379948 ) ) ;
#612 = DIRECTION ( 'NONE',  ( 0.0000000000000000000, 0.0000000000000000000, -1.000000000000000000 ) ) ;
#613 = ORIENTED_EDGE ( 'NONE', *, *, #1910, .F. ) ;
#614 = ORIENTED_EDGE ( 'NONE', *, *, #4625, .F. ) ;
#615 = DIRECTION ( 'NONE',  ( 0.0000000000000000000, 0.0000000000000000000, 1.000000000000000000 ) ) ;
#616 = VERTEX_POINT ( 'NONE', #4211 ) ;
#617 = CIRCLE ( 'NONE', #2520, 1.898658176328949843 ) ;
#618 = VERTEX_POINT ( 'NONE', #2302 ) ;
#619 = ORIENTED_EDGE ( 'NONE', *, *, #714, .T. ) ;
#620 = DIRECTION ( 'NONE',  ( -1.000000000000000000, 0.0000000000000000000, 0.0000000000000000000 ) ) ;
#621 = CARTESIAN_POINT ( 'NONE',  ( 1.510303448853969943, 66.32999999999999829, 2.540000000000000036 ) ) ;
#622 = MECHANICAL_DESIGN_GEOMETRIC_PRESENTATION_REPRESENTATION (  '', ( #3206 ), #4049 ) ;
#623 = CARTESIAN_POINT ( 'NONE',  ( 5.200000000000000178, 12.94999999999999929, -12.13000000000000078 ) ) ;
#624 = AXIS2_PLACEMENT_3D ( 'NONE', #137, #1594, #905 ) ;
#625 = UNCERTAINTY_MEASURE_WITH_UNIT (LENGTH_MEASURE( 1.000000000000000082E-05 ), #2657, 'distance_accuracy_value', 'NONE');
#626 = CARTESIAN_POINT ( 'NONE',  ( 0.0000000000000000000, 7.100000000000000533, 0.0000000000000000000 ) ) ;
#627 = ORIENTED_EDGE ( 'NONE', *, *, #419, .T. ) ;
#628 = EDGE_CURVE ( 'NONE', #4489, #3046, #4163, .T. ) ;
#629 = FILL_AREA_STYLE_COLOUR ( '', #643 ) ;
#630 = ORIENTED_EDGE ( 'NONE', *, *, #3566, .T. ) ;
#631 = ORIENTED_EDGE ( 'NONE', *, *, #4041, .F. ) ;
#632 = CARTESIAN_POINT ( 'NONE',  ( 2.799999999999999378, 11.61764705882350057, -5.080000000000000071 ) ) ;
#633 = VERTEX_POINT ( 'NONE', #487 ) ;
#634 = B_SPLINE_CURVE_WITH_KNOTS ( 'NONE', 3,
 ( #381, #1077, #3997, #3273, #2925, #750, #2198, #3647, #1843, #3297, #2305, #912 ),
 .UNSPECIFIED., .F., .F.,
 ( 4, 2, 2, 2, 2, 4 ),
 ( 0.0000000000000000000, 0.1656850625120299958, 0.3885890814077059829, 0.6150867865062989992, 0.8474117590107780318, 1.000000000000000000 ),
 .UNSPECIFIED. ) ;
#635 =( GEOMETRIC_REPRESENTATION_CONTEXT ( 3 ) GLOBAL_UNCERTAINTY_ASSIGNED_CONTEXT ( ( #909 ) ) GLOBAL_UNIT_ASSIGNED_CONTEXT ( ( #2, #23, #4682 ) ) REPRESENTATION_CONTEXT ( 'NONE', 'WORKASPACE' ) );
#636 = ORIENTED_EDGE ( 'NONE', *, *, #3485, .F. ) ;
#637 = CARTESIAN_POINT ( 'NONE',  ( 4.400000000000000355, 12.14999999999999858, -1.969999999999999973 ) ) ;
#638 = DIRECTION ( 'NONE',  ( -1.000000000000000000, 1.171453342316279939E-15, 0.0000000000000000000 ) ) ;
#639 = DIRECTION ( 'NONE',  ( 2.278747912313320020E-33, 1.000000000000000000, -1.889646980599320192E-14 ) ) ;
#640 = AXIS2_PLACEMENT_3D ( 'NONE', #3861, #956, #227 ) ;
#641 = DIRECTION ( 'NONE',  ( 5.517568307814269711E-16, 0.0000000000000000000, 1.000000000000000000 ) ) ;
#642 = CIRCLE ( 'NONE', #3994, 1.760296020616589852 ) ;
#643 = COLOUR_RGB ( '',0.2862745098039215508, 0.6431372549019607199, 0.8666666666666666963 ) ;
#644 = FILL_AREA_STYLE ('',( #230 ) ) ;
#645 = CARTESIAN_POINT ( 'NONE',  ( -1.026809279963680002E-14, 6.700000000000000178, -1.750000000000000000 ) ) ;
#646 = VECTOR ( 'NONE', #1471, 1000.000000000000000 ) ;
#647 =( GEOMETRIC_REPRESENTATION_CONTEXT ( 3 ) GLOBAL_UNCERTAINTY_ASSIGNED_CONTEXT ( ( #3114 ) ) GLOBAL_UNIT_ASSIGNED_CONTEXT ( ( #2513, #718, #325 ) ) REPRESENTATION_CONTEXT ( 'NONE', 'WORKASPACE' ) );
#648 =( GEOMETRIC_REPRESENTATION_CONTEXT ( 3 ) GLOBAL_UNCERTAINTY_ASSIGNED_CONTEXT ( ( #1912 ) ) GLOBAL_UNIT_ASSIGNED_CONTEXT ( ( #773, #3324, #81 ) ) REPRESENTATION_CONTEXT ( 'NONE', 'WORKASPACE' ) );
#649 = ORIENTED_EDGE ( 'NONE', *, *, #3282, .F. ) ;
#650 = VERTEX_POINT ( 'NONE', #3389 ) ;
#651 = CARTESIAN_POINT ( 'NONE',  ( 5.200000000000000178, 12.87251425528492454, -11.87293771226369898 ) ) ;
#652 = FILL_AREA_STYLE_COLOUR ( '', #2140 ) ;
#653 = VECTOR ( 'NONE', #1517, 1000.000000000000000 ) ;
#654 = FACE_OUTER_BOUND ( 'NONE', #4709, .T. ) ;
#655 = EDGE_LOOP ( 'NONE', ( #1278, #4102, #441, #3646 ) ) ;
#656 = EDGE_CURVE ( 'NONE', #3233, #772, #1263, .T. ) ;
#657 = ORIENTED_EDGE ( 'NONE', *, *, #4255, .F. ) ;
#658 = STYLED_ITEM ( 'NONE', ( #2315 ), #2646 ) ;
#659 = EDGE_CURVE ( 'NONE', #3679, #1698, #152, .T. ) ;
#660 = SURFACE_STYLE_USAGE ( .BOTH. , #2479 ) ;
#661 = ORIENTED_EDGE ( 'NONE', *, *, #3511, .T. ) ;
#662 = VECTOR ( 'NONE', #2041, 1000.000000000000000 ) ;
#663 = ORIENTED_EDGE ( 'NONE', *, *, #774, .T. ) ;
#664 = FACE_OUTER_BOUND ( 'NONE', #3880, .T. ) ;
#665 = CARTESIAN_POINT ( 'NONE',  ( 4.700000000000000178, -2.500000000000000000, -10.66000000000000014 ) ) ;
#666 = PLANE ( 'NONE',  #3766 ) ;
#667 = CARTESIAN_POINT ( 'NONE',  ( 4.400000000000000355, 12.94999999999999929, -11.77208286099051904 ) ) ;
#668 =( NAMED_UNIT ( * ) SI_UNIT ( $, .STERADIAN. ) SOLID_ANGLE_UNIT ( ) );
#669 = DIRECTION ( 'NONE',  ( -0.3271105638831670048, 0.0000000000000000000, -0.9449860734402579787 ) ) ;
#670 = LINE ( 'NONE', #1764, #3427 ) ;
#671 = PLANE ( 'NONE',  #1336 ) ;
#672 = DIRECTION ( 'NONE',  ( -0.4999999999999998890, 0.0000000000000000000, 0.8660254037844387076 ) ) ;
#673 = ORIENTED_EDGE ( 'NONE', *, *, #600, .F. ) ;
#674 = DIRECTION ( 'NONE',  ( -1.000000000000000000, 0.0000000000000000000, 0.0000000000000000000 ) ) ;
#675 = DIRECTION ( 'NONE',  ( 1.000000000000000000, 3.334909476821829649E-28, 1.794541526872530066E-14 ) ) ;
#676 = ORIENTED_EDGE ( 'NONE', *, *, #3717, .T. ) ;
#677 = ORIENTED_EDGE ( 'NONE', *, *, #3773, .F. ) ;
#678 =( LENGTH_UNIT ( ) NAMED_UNIT ( * ) SI_UNIT ( .MILLI., .METRE. ) );
#679 = ADVANCED_FACE ( 'NONE', ( #1614 ), #36, .T. ) ;
#680 = ORIENTED_EDGE ( 'NONE', *, *, #2446, .T. ) ;
#681 = SURFACE_STYLE_FILL_AREA ( #1081 ) ;
#682 = EDGE_LOOP ( 'NONE', ( #3555, #2724, #4362, #1527 ) ) ;
#683 = DIRECTION ( 'NONE',  ( -1.000000000000000000, 9.854725885076845551E-16, 0.0000000000000000000 ) ) ;
#684 = SURFACE_SIDE_STYLE ('',( #3586 ) ) ;
#685 = CARTESIAN_POINT ( 'NONE',  ( 4.400000000000000355, 12.86927415701642019, -11.87301029474143910 ) ) ;
#686 = EDGE_CURVE ( 'NONE', #4666, #3494, #1952, .T. ) ;
#687 = ADVANCED_FACE ( 'NONE', ( #1995 ), #3074, .T. ) ;
#688 = DIRECTION ( 'NONE',  ( 0.0000000000000000000, 0.0000000000000000000, 1.000000000000000000 ) ) ;
#689 =( GEOMETRIC_REPRESENTATION_CONTEXT ( 3 ) GLOBAL_UNCERTAINTY_ASSIGNED_CONTEXT ( ( #2829 ) ) GLOBAL_UNIT_ASSIGNED_CONTEXT ( ( #1412, #2849, #2875 ) ) REPRESENTATION_CONTEXT ( 'NONE', 'WORKASPACE' ) );
#690 = FACE_OUTER_BOUND ( 'NONE', #104, .T. ) ;
#691 = CARTESIAN_POINT ( 'NONE',  ( 4.400000000000000355, 12.14999999999999858, -1.799211327328460008 ) ) ;
#692 = AXIS2_PLACEMENT_3D ( 'NONE', #3312, #1459, #2941 ) ;
#693 = LINE ( 'NONE', #2876, #1775 ) ;
#694 = DIRECTION ( 'NONE',  ( 1.000000000000000000, 0.0000000000000000000, 0.0000000000000000000 ) ) ;
#695 = ORIENTED_EDGE ( 'NONE', *, *, #2585, .T. ) ;
#696 = ORIENTED_EDGE ( 'NONE', *, *, #1094, .F. ) ;
#697 =( GEOMETRIC_REPRESENTATION_CONTEXT ( 3 ) GLOBAL_UNCERTAINTY_ASSIGNED_CONTEXT ( ( #3377 ) ) GLOBAL_UNIT_ASSIGNED_CONTEXT ( ( #2565, #1036, #334 ) ) REPRESENTATION_CONTEXT ( 'NONE', 'WORKASPACE' ) );
#698 = DIRECTION ( 'NONE',  ( -1.000000000000000000, 0.0000000000000000000, 0.0000000000000000000 ) ) ;
#699 = PLANE ( 'NONE',  #3380 ) ;
#700 = VERTEX_POINT ( 'NONE', #1636 ) ;
#701 = ORIENTED_EDGE ( 'NONE', *, *, #2137, .T. ) ;
#702 = EDGE_LOOP ( 'NONE', ( #1451, #4335, #3507, #3416 ) ) ;
#703 = VERTEX_POINT ( 'NONE', #3105 ) ;
#704 =( LENGTH_UNIT ( ) NAMED_UNIT ( * ) SI_UNIT ( .MILLI., .METRE. ) );
#705 =( LENGTH_UNIT ( ) NAMED_UNIT ( * ) SI_UNIT ( .MILLI., .METRE. ) );
#706 = CARTESIAN_POINT ( 'NONE',  ( 3.139033067547879696, 12.85000000000000142, -10.16000000000000014 ) ) ;
#707 = FACE_OUTER_BOUND ( 'NONE', #383, .T. ) ;
#708 =( LENGTH_UNIT ( ) NAMED_UNIT ( * ) SI_UNIT ( .MILLI., .METRE. ) );
#709 = TOROIDAL_SURFACE ( 'NONE', #3155, 1.660966932452119904, 0.1000000000000000056 ) ;
#710 = DIRECTION ( 'NONE',  ( 0.5000000000000029976, -0.0000000000000000000, -0.8660254037844369313 ) ) ;
#711 =( GEOMETRIC_REPRESENTATION_CONTEXT ( 3 ) GLOBAL_UNCERTAINTY_ASSIGNED_CONTEXT ( ( #2248 ) ) GLOBAL_UNIT_ASSIGNED_CONTEXT ( ( #2168, #784, #4403 ) ) REPRESENTATION_CONTEXT ( 'NONE', 'WORKASPACE' ) );
#712 =( NAMED_UNIT ( * ) PLANE_ANGLE_UNIT ( ) SI_UNIT ( $, .RADIAN. ) );
#713 = ADVANCED_FACE ( 'NONE', ( #4561 ), #3533, .T. ) ;
#714 = EDGE_CURVE ( 'NONE', #409, #616, #2020, .T. ) ;
#715 = UNCERTAINTY_MEASURE_WITH_UNIT (LENGTH_MEASURE( 1.000000000000000082E-05 ), #2892, 'distance_accuracy_value', 'NONE');
#716 = FILL_AREA_STYLE_COLOUR ( '', #2606 ) ;
#717 = AXIS2_PLACEMENT_3D ( 'NONE', #3614, #3568, #3938 ) ;
#718 =( NAMED_UNIT ( * ) PLANE_ANGLE_UNIT ( ) SI_UNIT ( $, .RADIAN. ) );
#719 = CARTESIAN_POINT ( 'NONE',  ( 7.681739384248460034, 7.100000000000000533, 1.920000000000000151 ) ) ;
#720 = CARTESIAN_POINT ( 'NONE',  ( 4.799999999999999822, 12.94999999999999929, -10.16000000000000014 ) ) ;
#721 =( NAMED_UNIT ( * ) SI_UNIT ( $, .STERADIAN. ) SOLID_ANGLE_UNIT ( ) );
#722 = COLOUR_RGB ( '',0.2862745098039215508, 0.6431372549019607199, 0.8666666666666666963 ) ;
#723 = AXIS2_PLACEMENT_3D ( 'NONE', #2927, #2974, #4026 ) ;
#724 = AXIS2_PLACEMENT_3D ( 'NONE', #3442, #2697, #175 ) ;
#725 = ORIENTED_EDGE ( 'NONE', *, *, #212, .F. ) ;
#726 = CARTESIAN_POINT ( 'NONE',  ( 8.648756443470182020, 6.700000000000000178, -12.69999999999999929 ) ) ;
#727 = ORIENTED_EDGE ( 'NONE', *, *, #2648, .F. ) ;
#728 = CARTESIAN_POINT ( 'NONE',  ( 1.498756443470180111, 2.299999999999999822, -3.779999999999999805 ) ) ;
#729 = COLOUR_RGB ( '',0.2862745098039215508, 0.6431372549019607199, 0.8666666666666666963 ) ;
#730 = EDGE_LOOP ( 'NONE', ( #2722, #4432, #1146, #1550 ) ) ;
#731 = DIRECTION ( 'NONE',  ( 1.171453342316279939E-15, 1.000000000000000000, 0.0000000000000000000 ) ) ;
#732 = LINE ( 'NONE', #4072, #3025 ) ;
#733 = DIRECTION ( 'NONE',  ( 0.6804510993672779895, -0.7327934916262990317, 0.0000000000000000000 ) ) ;
#735 = STYLED_ITEM ( 'NONE', ( #4468 ), #2679 ) ;
#734 = DIRECTION ( 'NONE',  ( -0.4999999999999995004, 0.0000000000000000000, 0.8660254037844390407 ) ) ;
#736 = DIRECTION ( 'NONE',  ( 0.4999999999999994449, 0.0000000000000000000, -0.8660254037844389297 ) ) ;
#737 = VECTOR ( 'NONE', #304, 1000.000000000000000 ) ;
#738 = LINE ( 'NONE', #4704, #3571 ) ;
#739 = CARTESIAN_POINT ( 'NONE',  ( 10.20000000000000107, 0.0000000000000000000, 0.4999999999999820144 ) ) ;
#740 = AXIS2_PLACEMENT_3D ( 'NONE', #3451, #2296, #3407 ) ;
#741 = ADVANCED_FACE ( 'NONE', ( #2091 ), #269, .F. ) ;
#742 = DIRECTION ( 'NONE',  ( -1.163569835200990031E-29, 1.000000000000000000, -1.794541526872519968E-14 ) ) ;
#743 = EDGE_CURVE ( 'NONE', #1347, #1610, #2167, .T. ) ;
#744 = CARTESIAN_POINT ( 'NONE',  ( 5.200000000000000178, 12.94999999999999929, -3.467917139009469629 ) ) ;
#745 = CARTESIAN_POINT ( 'NONE',  ( 5.200000000000000178, 12.86156426584003931, -1.714246796759005154 ) ) ;
#746 = FILL_AREA_STYLE_COLOUR ( '', #3280 ) ;
#747 = CARTESIAN_POINT ( 'NONE',  ( 0.0000000000000000000, 0.0000000000000000000, 55.88000000000000256 ) ) ;
#748 = EDGE_CURVE ( 'NONE', #3440, #3197, #87, .T. ) ;
#749 = ORIENTED_EDGE ( 'NONE', *, *, #4516, .T. ) ;
#750 = CARTESIAN_POINT ( 'NONE',  ( 4.400000000000000355, 12.92194178141540029, 1.684447166928610073 ) ) ;
#751 = EDGE_LOOP ( 'NONE', ( #725, #3143, #2951, #2905 ) ) ;
#752 = DIRECTION ( 'NONE',  ( -5.522026336547080536E-30, -1.000000000000000000, 1.889646980599320192E-14 ) ) ;
#753 = EDGE_LOOP ( 'NONE', ( #3463, #1630, #1584, #2885 ) ) ;
#754 = LINE ( 'NONE', #4393, #2806 ) ;
#755 = DIRECTION ( 'NONE',  ( -2.153210529380050820E-16, -0.9805806756909203337, -0.1961161351381830731 ) ) ;
#756 = EDGE_LOOP ( 'NONE', ( #79, #1181, #2719, #4603 ) ) ;
#757 = DIRECTION ( 'NONE',  ( 1.000000000000000000, 0.0000000000000000000, 0.0000000000000000000 ) ) ;
#758 = CARTESIAN_POINT ( 'NONE',  ( 1.300000000000000044, 5.299999999999999822, -3.779999999999999805 ) ) ;
#759 = LINE ( 'NONE', #1067, #3279 ) ;
#760 = LINE ( 'NONE', #1166, #1934 ) ;
#761 = UNCERTAINTY_MEASURE_WITH_UNIT (LENGTH_MEASURE( 1.000000000000000082E-05 ), #860, 'distance_accuracy_value', 'NONE');
#762 = SURFACE_STYLE_FILL_AREA ( #4035 ) ;
#763 = CARTESIAN_POINT ( 'NONE',  ( 4.799999999999999822, 14.09999999999999964, 0.0000000000000000000 ) ) ;
#764 = EDGE_LOOP ( 'NONE', ( #695, #2243, #2254, #4554, #3183, #3301, #2760, #3390 ) ) ;
#765 =( NAMED_UNIT ( * ) PLANE_ANGLE_UNIT ( ) SI_UNIT ( $, .RADIAN. ) );
#766 = DIRECTION ( 'NONE',  ( -1.000000000000000000, 1.044405786824304262E-15, 0.0000000000000000000 ) ) ;
#767 = CARTESIAN_POINT ( 'NONE',  ( 4.400000000000000355, 12.41362307109989871, -8.392239702486099517 ) ) ;
#768 = DIRECTION ( 'NONE',  ( 0.0000000000000000000, 0.0000000000000000000, -1.000000000000000000 ) ) ;
#769 = ORIENTED_EDGE ( 'NONE', *, *, #3479, .T. ) ;
#770 = AXIS2_PLACEMENT_3D ( 'NONE', #3565, #297, #226 ) ;
#771 = LINE ( 'NONE', #726, #1621 ) ;
#772 = VERTEX_POINT ( 'NONE', #3569 ) ;
#773 =( LENGTH_UNIT ( ) NAMED_UNIT ( * ) SI_UNIT ( .MILLI., .METRE. ) );
#774 = EDGE_CURVE ( 'NONE', #3419, #3177, #693, .T. ) ;
#775 = EDGE_CURVE ( 'NONE', #4585, #618, #1189, .T. ) ;
#776 = ORIENTED_EDGE ( 'NONE', *, *, #1935, .F. ) ;
#777 = CARTESIAN_POINT ( 'NONE',  ( 4.400000000000000355, 12.86156426583993984, -1.714246796759085090 ) ) ;
#778 = DIRECTION ( 'NONE',  ( -1.000000000000000000, 0.0000000000000000000, 0.0000000000000000000 ) ) ;
#779 = PLANE ( 'NONE',  #872 ) ;
#780 = FILL_AREA_STYLE_COLOUR ( '', #4477 ) ;
#781 = DIRECTION ( 'NONE',  ( 0.0000000000000000000, 1.000000000000000000, 0.0000000000000000000 ) ) ;
#782 = DIRECTION ( 'NONE',  ( 0.0000000000000000000, 0.0000000000000000000, -1.000000000000000000 ) ) ;
#783 =( NAMED_UNIT ( * ) PLANE_ANGLE_UNIT ( ) SI_UNIT ( $, .RADIAN. ) );
#784 =( NAMED_UNIT ( * ) PLANE_ANGLE_UNIT ( ) SI_UNIT ( $, .RADIAN. ) );
#785 = MECHANICAL_DESIGN_GEOMETRIC_PRESENTATION_REPRESENTATION (  '', ( #2854 ), #635 ) ;
#786 = LINE ( 'NONE', #2293, #2750 ) ;
#787 = VERTEX_POINT ( 'NONE', #4105 ) ;
#788 = DIRECTION ( 'NONE',  ( -1.171453342316279939E-15, -1.000000000000000000, 0.0000000000000000000 ) ) ;
#789 = DIRECTION ( 'NONE',  ( 0.0000000000000000000, 0.9805806756909202226, -0.1961161351381840445 ) ) ;
#791 = AXIS2_PLACEMENT_3D ( 'NONE', #4475, #2297, #4521 ) ;
#790 = FACE_OUTER_BOUND ( 'NONE', #995, .T. ) ;
#792 = AXIS2_PLACEMENT_3D ( 'NONE', #1622, #3085, #1274 ) ;
#793 = ORIENTED_EDGE ( 'NONE', *, *, #857, .T. ) ;
#794 = PRESENTATION_LAYER_ASSIGNMENT (  '', '', ( #2324 ) ) ;
#795 = ORIENTED_EDGE ( 'NONE', *, *, #3780, .F. ) ;
#796 = CARTESIAN_POINT ( 'NONE',  ( 6.799999999999999822, 14.09999999999999964, 2.449293598294706414E-16 ) ) ;
#797 = VECTOR ( 'NONE', #3733, 1000.000000000000000 ) ;
#798 = EDGE_CURVE ( 'NONE', #567, #1971, #827, .T. ) ;
#799 = ADVANCED_FACE ( 'NONE', ( #1741 ), #922, .F. ) ;
#800 = ORIENTED_EDGE ( 'NONE', *, *, #4255, .T. ) ;
#801 = DIRECTION ( 'NONE',  ( 0.0000000000000000000, -0.9805806756909201116, 0.1961161351381840445 ) ) ;
#802 = STYLED_ITEM ( 'NONE', ( #289 ), #2080 ) ;
#803 = CARTESIAN_POINT ( 'NONE',  ( 3.039703979383406196, 12.86156426583980306, -5.080000000000000071 ) ) ;
#804 =( NAMED_UNIT ( * ) PLANE_ANGLE_UNIT ( ) SI_UNIT ( $, .RADIAN. ) );
#805 = CIRCLE ( 'NONE', #4245, 0.1999999999999996503 ) ;
#806 = EDGE_CURVE ( 'NONE', #3314, #1330, #2815, .T. ) ;
#807 = FILL_AREA_STYLE_COLOUR ( '', #1429 ) ;
#808 = DIRECTION ( 'NONE',  ( -0.5000000000000033307, 0.0000000000000000000, 0.8660254037844367092 ) ) ;
#809 = COLOUR_RGB ( '',0.2862745098039215508, 0.6431372549019607199, 0.8666666666666666963 ) ;
#810 = FILL_AREA_STYLE_COLOUR ( '', #324 ) ;
#811 = AXIS2_PLACEMENT_3D ( 'NONE', #3952, #3263, #2929 ) ;
#812 = CARTESIAN_POINT ( 'NONE',  ( 4.400000000000000355, 12.94999999999999929, -8.547917139009470588 ) ) ;
#813 = UNCERTAINTY_MEASURE_WITH_UNIT (LENGTH_MEASURE( 1.000000000000000082E-05 ), #678, 'distance_accuracy_value', 'NONE');
#814 = TOROIDAL_SURFACE ( 'NONE', #3477, 1.699999999999999956, 0.2000000000000000111 ) ;
#815 = DIRECTION ( 'NONE',  ( -0.8169678626347132155, 0.5766831984912238473, -1.000497077981856106E-16 ) ) ;
#816 = CONTEXT_DEPENDENT_SHAPE_REPRESENTATION ( #2098, #2545 ) ;
#817 = SURFACE_SIDE_STYLE ('',( #2251 ) ) ;
#818 = VERTEX_POINT ( 'NONE', #1828 ) ;
#819 = CARTESIAN_POINT ( 'NONE',  ( -1.026809279963680002E-14, 6.700000000000000178, 1.750000000000000000 ) ) ;
#820 = SURFACE_STYLE_FILL_AREA ( #2595 ) ;
#821 = ORIENTED_EDGE ( 'NONE', *, *, #3802, .F. ) ;
#822 = DIRECTION ( 'NONE',  ( 0.6804510993672779895, -0.7327934916262990317, 0.0000000000000000000 ) ) ;
#823 = EDGE_LOOP ( 'NONE', ( #4488, #1374, #1737, #630 ) ) ;
#824 = EDGE_CURVE ( 'NONE', #1990, #618, #393, .T. ) ;
#825 = LINE ( 'NONE', #3031, #386 ) ;
#826 = VERTEX_POINT ( 'NONE', #4508 ) ;
#827 = LINE ( 'NONE', #1440, #182 ) ;
#828 = CARTESIAN_POINT ( 'NONE',  ( 4.700000000000000178, -3.500000000000000000, -10.46000000000000085 ) ) ;
#829 = ADVANCED_FACE ( 'NONE', ( #3368 ), #2097, .T. ) ;
#830 =( LENGTH_UNIT ( ) NAMED_UNIT ( * ) SI_UNIT ( .MILLI., .METRE. ) );
#831 = EDGE_CURVE ( 'NONE', #1697, #439, #1230, .T. ) ;
#832 = CARTESIAN_POINT ( 'NONE',  ( 1.300000000000000044, 6.700000000000000178, 1.300000000000000044 ) ) ;
#833 = DIRECTION ( 'NONE',  ( 0.0000000000000000000, -1.000000000000000000, 0.0000000000000000000 ) ) ;
#834 = ORIENTED_EDGE ( 'NONE', *, *, #4197, .T. ) ;
#835 = FACE_OUTER_BOUND ( 'NONE', #3572, .T. ) ;
#836 = CARTESIAN_POINT ( 'NONE',  ( 5.500000000000000000, -0.7211538461538389289, -11.01576923076919989 ) ) ;
#837 = CARTESIAN_POINT ( 'NONE',  ( 4.400000000000000355, 12.41362307109989871, -11.92776029751389899 ) ) ;
#838 = ITEM_DEFINED_TRANSFORMATION ( 'NONE', 'NONE', #2304,  #1683 ) ;
#839 = CARTESIAN_POINT ( 'NONE',  ( 5.200000000000000178, 12.94999999999999929, -6.692082860990529625 ) ) ;
#840 = MECHANICAL_DESIGN_GEOMETRIC_PRESENTATION_REPRESENTATION (  '', ( #4505 ), #1751 ) ;
#841 = VERTEX_POINT ( 'NONE', #1210 ) ;
#842 = MECHANICAL_DESIGN_GEOMETRIC_PRESENTATION_REPRESENTATION (  '', ( #4203 ), #3057 ) ;
#843 = CARTESIAN_POINT ( 'NONE',  ( 4.400000000000000355, 12.87765322036949911, -3.368718208701660277 ) ) ;
#844 =( GEOMETRIC_REPRESENTATION_CONTEXT ( 3 ) GLOBAL_UNCERTAINTY_ASSIGNED_CONTEXT ( ( #2000 ) ) GLOBAL_UNIT_ASSIGNED_CONTEXT ( ( #4006, #804, #2577 ) ) REPRESENTATION_CONTEXT ( 'NONE', 'WORKASPACE' ) );
#845 = ORIENTED_EDGE ( 'NONE', *, *, #2414, .T. ) ;
#846 = SURFACE_STYLE_USAGE ( .BOTH. , #4099 ) ;
#847 = ORIENTED_EDGE ( 'NONE', *, *, #1331, .T. ) ;
#848 = ORIENTED_EDGE ( 'NONE', *, *, #1582, .F. ) ;
#849 = CARTESIAN_POINT ( 'NONE',  ( 0.5548333950160458938, 7.100000000000000533, -13.29999999999999893 ) ) ;
#850 = CARTESIAN_POINT ( 'NONE',  ( 4.400000000000000355, 12.92695981187408094, -1.677797158876889849 ) ) ;
#851 = VERTEX_POINT ( 'NONE', #3396 ) ;
#852 = MANIFOLD_SOLID_BREP ( 'Cut-Extrude2', #316 ) ;
#853 = DIRECTION ( 'NONE',  ( 0.0000000000000000000, 1.000000000000000000, 0.0000000000000000000 ) ) ;
#854 = CARTESIAN_POINT ( 'NONE',  ( 5.200000000000000178, 12.28181210550289926, 1.783490592976040068 ) ) ;
#855 = FILL_AREA_STYLE ('',( #2271 ) ) ;
#856 = EDGE_CURVE ( 'NONE', #149, #914, #3327, .T. ) ;
#857 = EDGE_CURVE ( 'NONE', #2665, #851, #61, .T. ) ;
#858 = CARTESIAN_POINT ( 'NONE',  ( 5.500000000000000000, 0.0000000000000000000, -9.660000000000000142 ) ) ;
#859 = LINE ( 'NONE', #3040, #1023 ) ;
#860 =( LENGTH_UNIT ( ) NAMED_UNIT ( * ) SI_UNIT ( .MILLI., .METRE. ) );
#861 = CARTESIAN_POINT ( 'NONE',  ( 5.500000000000000000, -0.7211538461538389289, -0.8557692307692289502 ) ) ;
#862 = COLOUR_RGB ( '',0.2862745098039215508, 0.6431372549019607199, 0.8666666666666666963 ) ;
#863 = ORIENTED_EDGE ( 'NONE', *, *, #1365, .T. ) ;
#864 = DIRECTION ( 'NONE',  ( -0.4999999999999998890, 0.0000000000000000000, -0.8660254037844387076 ) ) ;
#865 = TOROIDAL_SURFACE ( 'NONE', #792, 1.660966932452119904, 0.1000000000000000056 ) ;
#866 = MECHANICAL_DESIGN_GEOMETRIC_PRESENTATION_REPRESENTATION (  '', ( #2324 ), #4386 ) ;
#867 = ORIENTED_EDGE ( 'NONE', *, *, #1059, .T. ) ;
#868 = CARTESIAN_POINT ( 'NONE',  ( 5.200000000000000178, 12.88338590192107702, -1.709697409981542959 ) ) ;
#869 = ORIENTED_EDGE ( 'NONE', *, *, #2355, .T. ) ;
#870 = EDGE_LOOP ( 'NONE', ( #3489, #99, #1262, #3070 ) ) ;
#871 = CARTESIAN_POINT ( 'NONE',  ( 2.901341823842455092, 11.67312853167970133, -10.16000000000000014 ) ) ;
#872 = AXIS2_PLACEMENT_3D ( 'NONE', #2383, #4605, #1328 ) ;
#873 = VECTOR ( 'NONE', #4145, 1000.000000000000114 ) ;
#874 = CARTESIAN_POINT ( 'NONE',  ( 1.498756443470180111, 7.100000000000000533, -12.69999999999999929 ) ) ;
#875 = VERTEX_POINT ( 'NONE', #3681 ) ;
#876 = FACE_OUTER_BOUND ( 'NONE', #751, .T. ) ;
#877 =( LENGTH_UNIT ( ) NAMED_UNIT ( * ) SI_UNIT ( .MILLI., .METRE. ) );
#878 = PRESENTATION_STYLE_ASSIGNMENT (( #4202 ) ) ;
#880 = AXIS2_PLACEMENT_3D ( 'NONE', #164, #4051, #445 ) ;
#879 = CARTESIAN_POINT ( 'NONE',  ( 8.051243556529820822, 0.0000000000000000000, -12.69999999999999929 ) ) ;
#881 =( NAMED_UNIT ( * ) PLANE_ANGLE_UNIT ( ) SI_UNIT ( $, .RADIAN. ) );
#882 = CARTESIAN_POINT ( 'NONE',  ( 4.799999999999999822, 11.59999999999999964, -10.16000000000000014 ) ) ;
#883 = MECHANICAL_DESIGN_GEOMETRIC_PRESENTATION_REPRESENTATION (  '', ( #735 ), #2723 ) ;
#884 = PRESENTATION_STYLE_ASSIGNMENT (( #4159 ) ) ;
#885 = LINE ( 'NONE', #401, #939 ) ;
#886 = PRESENTATION_STYLE_ASSIGNMENT (( #2004 ) ) ;
#887 = EDGE_CURVE ( 'NONE', #4216, #2403, #1137, .T. ) ;
#888 = CIRCLE ( 'NONE', #2419, 1.660966932452119682 ) ;
#889 = EDGE_CURVE ( 'NONE', #2886, #2223, #2600, .T. ) ;
#890 = DIRECTION ( 'NONE',  ( 0.0000000000000000000, 0.0000000000000000000, -1.000000000000000000 ) ) ;
#891 = ORIENTED_EDGE ( 'NONE', *, *, #4136, .T. ) ;
#892 = FACE_OUTER_BOUND ( 'NONE', #2334, .T. ) ;
#893 = ORIENTED_EDGE ( 'NONE', *, *, #3308, .T. ) ;
#894 = VECTOR ( 'NONE', #375, 1000.000000000000000 ) ;
#895 = CARTESIAN_POINT ( 'NONE',  ( 3.049999999999999822, 12.95000000000000107, 2.143131898507868297E-16 ) ) ;
#896 = ADVANCED_FACE ( 'NONE', ( #3732 ), #2777, .T. ) ;
#897 = ORIENTED_EDGE ( 'NONE', *, *, #480, .F. ) ;
#898 = DIRECTION ( 'NONE',  ( 0.0000000000000000000, 0.0000000000000000000, -1.000000000000000000 ) ) ;
#899 = ORIENTED_EDGE ( 'NONE', *, *, #1908, .F. ) ;
#900 =( NAMED_UNIT ( * ) PLANE_ANGLE_UNIT ( ) SI_UNIT ( $, .RADIAN. ) );
#901 = DIRECTION ( 'NONE',  ( 0.0000000000000000000, 0.0000000000000000000, -1.000000000000000000 ) ) ;
#902 = DIRECTION ( 'NONE',  ( 1.000000000000000000, 0.0000000000000000000, 0.0000000000000000000 ) ) ;
#903 = CARTESIAN_POINT ( 'NONE',  ( 1.619999999999999885, 0.0000000000000000000, -13.29999999999999893 ) ) ;
#904 = CARTESIAN_POINT ( 'NONE',  ( 4.799999999999999822, 11.49572055149890026, -5.080000000000000071 ) ) ;
#905 = DIRECTION ( 'NONE',  ( -1.000000000000000000, 0.0000000000000000000, 0.0000000000000000000 ) ) ;
#906 = LINE ( 'NONE', #2634, #174 ) ;
#907 = PRESENTATION_STYLE_ASSIGNMENT (( #279 ) ) ;
#908 = LINE ( 'NONE', #4111, #2346 ) ;
#909 = UNCERTAINTY_MEASURE_WITH_UNIT (LENGTH_MEASURE( 1.000000000000000082E-05 ), #2, 'distance_accuracy_value', 'NONE');
#910 = CARTESIAN_POINT ( 'NONE',  ( 5.200000000000000178, 12.93945880131586001, -6.738090098927430383 ) ) ;
#911 = VERTEX_POINT ( 'NONE', #609 ) ;
#912 = CARTESIAN_POINT ( 'NONE',  ( 4.400000000000000355, 12.94999999999999929, 1.612082860990529776 ) ) ;
#913 = FACE_OUTER_BOUND ( 'NONE', #1691, .T. ) ;
#914 = VERTEX_POINT ( 'NONE', #2057 ) ;
#915 = CARTESIAN_POINT ( 'NONE',  ( 1.300000000000000044, 5.299999999999999822, -6.379999999999999893 ) ) ;
#916 = VECTOR ( 'NONE', #4588, 1000.000000000000114 ) ;
#917 = ORIENTED_EDGE ( 'NONE', *, *, #3919, .F. ) ;
#918 = CARTESIAN_POINT ( 'NONE',  ( 1.300000000000000044, 5.299999999999999822, -11.45999999999999908 ) ) ;
#919 = ORIENTED_EDGE ( 'NONE', *, *, #824, .F. ) ;
#920 = ADVANCED_FACE ( 'NONE', ( #913 ), #3449, .T. ) ;
#921 = EDGE_CURVE ( 'NONE', #826, #1466, #4189, .T. ) ;
#922 = CYLINDRICAL_SURFACE ( 'NONE', #2329, 2.000000000000000000 ) ;
#923 = CARTESIAN_POINT ( 'NONE',  ( 4.799999999999999822, 12.94999999999999929, -10.16000000000000014 ) ) ;
#924 = ORIENTED_EDGE ( 'NONE', *, *, #1035, .F. ) ;
#925 = COLOUR_RGB ( '',0.2862745098039215508, 0.6431372549019607199, 0.8666666666666666963 ) ;
#926 = DIRECTION ( 'NONE',  ( -1.084202172485509956E-15, -1.000000000000000000, 2.093755841159289733E-31 ) ) ;
#927 = LINE ( 'NONE', #4609, #2833 ) ;
#928 = VECTOR ( 'NONE', #2238, 1000.000000000000000 ) ;
#929 =( NAMED_UNIT ( * ) SI_UNIT ( $, .STERADIAN. ) SOLID_ANGLE_UNIT ( ) );
#930 = AXIS2_PLACEMENT_3D ( 'NONE', #3921, #4383, #698 ) ;
#931 = FILL_AREA_STYLE_COLOUR ( '', #3082 ) ;
#932 =( LENGTH_UNIT ( ) NAMED_UNIT ( * ) SI_UNIT ( .MILLI., .METRE. ) );
#933 = VERTEX_POINT ( 'NONE', #3457 ) ;
#934 =( NAMED_UNIT ( * ) SI_UNIT ( $, .STERADIAN. ) SOLID_ANGLE_UNIT ( ) );
#935 = DIRECTION ( 'NONE',  ( -0.9449860734402578677, 0.0000000000000000000, 0.3271105638831669493 ) ) ;
#936 = PLANE ( 'NONE',  #3525 ) ;
#937 = CARTESIAN_POINT ( 'NONE',  ( 0.0000000000000000000, 1.800000000000000044, -11.91000000000000014 ) ) ;
#938 = AXIS2_PLACEMENT_3D ( 'NONE', #1514, #4094, #2593 ) ;
#939 = VECTOR ( 'NONE', #140, 1000.000000000000000 ) ;
#940 = ORIENTED_EDGE ( 'NONE', *, *, #4136, .F. ) ;
#941 = DIRECTION ( 'NONE',  ( -1.000000000000000000, 9.854725885076845551E-16, 0.0000000000000000000 ) ) ;
#942 = ORIENTED_EDGE ( 'NONE', *, *, #3421, .T. ) ;
#943 = DIRECTION ( 'NONE',  ( -1.000000000000000000, 0.0000000000000000000, 0.0000000000000000000 ) ) ;
#944 = AXIS2_PLACEMENT_3D ( 'NONE', #3148, #4536, #3128 ) ;
#945 = EDGE_CURVE ( 'NONE', #2257, #3557, #4275, .T. ) ;
#946 = EDGE_CURVE ( 'NONE', #1698, #3208, #1319, .T. ) ;
#947 = ORIENTED_EDGE ( 'NONE', *, *, #2411, .F. ) ;
#948 = SURFACE_STYLE_USAGE ( .BOTH. , #3831 ) ;
#949 = COLOUR_RGB ( '',0.2862745098039215508, 0.6431372549019607199, 0.8666666666666666963 ) ;
#950 = LINE ( 'NONE', #249, #994 ) ;
#951 = MECHANICAL_DESIGN_GEOMETRIC_PRESENTATION_REPRESENTATION (  '', ( #3528 ), #31 ) ;
#952 = PRESENTATION_STYLE_ASSIGNMENT (( #205 ) ) ;
#953 = CONICAL_SURFACE ( 'NONE', #258, 1.975000000000000089, 0.9561333737801926969 ) ;
#954 = EDGE_CURVE ( 'NONE', #2541, #2223, #2832, .T. ) ;
#955 = VECTOR ( 'NONE', #2336, 1000.000000000000000 ) ;
#956 = DIRECTION ( 'NONE',  ( 1.000000000000000000, 0.0000000000000000000, 0.0000000000000000000 ) ) ;
#957 = FACE_OUTER_BOUND ( 'NONE', #4526, .T. ) ;
#958 = ORIENTED_EDGE ( 'NONE', *, *, #921, .T. ) ;
#959 = CARTESIAN_POINT ( 'NONE',  ( 10.20000000000000107, 5.000000000000000000, 0.9499999999999999556 ) ) ;
#960 = SURFACE_STYLE_USAGE ( .BOTH. , #3812 ) ;
#961 = CARTESIAN_POINT ( 'NONE',  ( 2.799999999999999378, 14.09999999999999964, -5.080000000000000071 ) ) ;
#962 = CARTESIAN_POINT ( 'NONE',  ( 4.400000000000000355, 12.75618793725189981, -6.806844664420660607 ) ) ;
#963 = CARTESIAN_POINT ( 'NONE',  ( 4.700000000000000178, 4.984159143999969288, -6.080000000000210569 ) ) ;
#964 = VECTOR ( 'NONE', #1653, 1000.000000000000000 ) ;
#965 = ORIENTED_EDGE ( 'NONE', *, *, #3774, .T. ) ;
#966 = CARTESIAN_POINT ( 'NONE',  ( 10.20000000000000107, 0.0000000000000000000, -5.580000000000000071 ) ) ;
#967 = AXIS2_PLACEMENT_3D ( 'NONE', #637, #926, #595 ) ;
#968 = AXIS2_PLACEMENT_3D ( 'NONE', #3002, #1851, #1208 ) ;
#969 = ORIENTED_EDGE ( 'NONE', *, *, #2499, .F. ) ;
#970 = EDGE_LOOP ( 'NONE', ( #2043, #2568 ) ) ;
#971 =( LENGTH_UNIT ( ) NAMED_UNIT ( * ) SI_UNIT ( .MILLI., .METRE. ) );
#972 = CARTESIAN_POINT ( 'NONE',  ( 1.845166604983960124, 6.700000000000000178, -13.29999999999999893 ) ) ;
#973 = COLOUR_RGB ( '',0.2862745098039215508, 0.6431372549019607199, 0.8666666666666666963 ) ;
#974 = ORIENTED_EDGE ( 'NONE', *, *, #2758, .T. ) ;
#975 = EDGE_LOOP ( 'NONE', ( #163, #1920, #593, #2743 ) ) ;
#976 = DIRECTION ( 'NONE',  ( 0.0000000000000000000, 0.0000000000000000000, 1.000000000000000000 ) ) ;
#977 = ORIENTED_EDGE ( 'NONE', *, *, #3590, .F. ) ;
#978 = FILL_AREA_STYLE_COLOUR ( '', #3889 ) ;
#979 =( LENGTH_UNIT ( ) NAMED_UNIT ( * ) SI_UNIT ( .MILLI., .METRE. ) );
#980 = ADVANCED_FACE ( 'NONE', ( #2376 ), #562, .T. ) ;
#981 = LINE ( 'NONE', #623, #2528 ) ;
#982 = SURFACE_STYLE_USAGE ( .BOTH. , #2369 ) ;
#983 = PRESENTATION_STYLE_ASSIGNMENT (( #4260 ) ) ;
#984 = FILL_AREA_STYLE ('',( #1980 ) ) ;
#985 = ADVANCED_FACE ( 'NONE', ( #4213 ), #936, .F. ) ;
#986 = EDGE_CURVE ( 'NONE', #3574, #2971, #1396, .T. ) ;
#987 = DIRECTION ( 'NONE',  ( 1.000000000000000000, -9.912705577010326536E-16, 0.0000000000000000000 ) ) ;
#988 = CARTESIAN_POINT ( 'NONE',  ( 5.200000000000000178, 12.86156426584003931, -11.87424679675899952 ) ) ;
#989 = ORIENTED_EDGE ( 'NONE', *, *, #3619, .T. ) ;
#990 = ORIENTED_EDGE ( 'NONE', *, *, #1583, .T. ) ;
#991 = ORIENTED_EDGE ( 'NONE', *, *, #130, .F. ) ;
#992 = DIRECTION ( 'NONE',  ( 0.0000000000000000000, -1.000000000000000000, 0.0000000000000000000 ) ) ;
#993 = VERTEX_POINT ( 'NONE', #1128 ) ;
#994 = VECTOR ( 'NONE', #4201, 999.9999999999998863 ) ;
#995 = EDGE_LOOP ( 'NONE', ( #3725, #661, #3971, #4063 ) ) ;
#996 = PRESENTATION_STYLE_ASSIGNMENT (( #948 ) ) ;
#997 = VERTEX_POINT ( 'NONE', #357 ) ;
#998 = CARTESIAN_POINT ( 'NONE',  ( 4.799999999999999822, 12.84999999999999964, 0.0000000000000000000 ) ) ;
#999 = DIRECTION ( 'NONE',  ( 0.0000000000000000000, 0.0000000000000000000, 1.000000000000000000 ) ) ;
#1000 = CONICAL_SURFACE ( 'NONE', #2292, 1.749999999999999778, 0.1159019744065879071 ) ;
#1001 = CARTESIAN_POINT ( 'NONE',  ( 0.9000000000000000222, 8.000000000000000000, 2.540000000000000036 ) ) ;
#1002 = CIRCLE ( 'NONE', #2067, 1.827270781290140089 ) ;
#1003 = CARTESIAN_POINT ( 'NONE',  ( 1.300000000000000044, 2.299999999999999822, -6.379999999999999893 ) ) ;
#1004 = PLANE ( 'NONE',  #4495 ) ;
#1005 = DIRECTION ( 'NONE',  ( -1.000000000000000000, 1.171453342316279939E-15, 5.517568307814269711E-16 ) ) ;
#1006 = UNCERTAINTY_MEASURE_WITH_UNIT (LENGTH_MEASURE( 1.000000000000000082E-05 ), #830, 'distance_accuracy_value', 'NONE');
#1007 = VECTOR ( 'NONE', #734, 999.9999999999998863 ) ;
#1008 = ADVANCED_FACE ( 'NONE', ( #1484 ), #3271, .F. ) ;
#1009 = SURFACE_SIDE_STYLE ('',( #4284 ) ) ;
#1010 = ADVANCED_FACE ( 'NONE', ( #4019 ), #1174, .T. ) ;
#1011 = PRESENTATION_STYLE_ASSIGNMENT (( #1692 ) ) ;
#1012 = CARTESIAN_POINT ( 'NONE',  ( 0.0000000000000000000, 0.0000000000000000000, 10.15999999999999837 ) ) ;
#1013 = LINE ( 'NONE', #3599, #4000 ) ;
#1014 = ORIENTED_EDGE ( 'NONE', *, *, #4656, .F. ) ;
#1015 = ORIENTED_EDGE ( 'NONE', *, *, #1727, .T. ) ;
#1016 = PRESENTATION_STYLE_ASSIGNMENT (( #267 ) ) ;
#1017 = ORIENTED_EDGE ( 'NONE', *, *, #2172, .T. ) ;
#1018 = ORIENTED_EDGE ( 'NONE', *, *, #3919, .T. ) ;
#1019 = LINE ( 'NONE', #1469, #3859 ) ;
#1020 = EDGE_LOOP ( 'NONE', ( #2157, #1896, #2309, #3135 ) ) ;
#1021 = LINE ( 'NONE', #2485, #2603 ) ;
#1022 = DIRECTION ( 'NONE',  ( 1.000000000000000000, 0.0000000000000000000, 0.0000000000000000000 ) ) ;
#1023 = VECTOR ( 'NONE', #1890, 1000.000000000000000 ) ;
#1024 = CARTESIAN_POINT ( 'NONE',  ( 4.400000000000000355, 12.94022597148092224, -6.738022933193583697 ) ) ;
#1025 = B_SPLINE_CURVE_WITH_KNOTS ( 'NONE', 3,
 ( #2005, #1937, #1276, #4571, #3484, #1246, #2734, #1296, #4116, #910, #4188, #3453, #3116, #1204, #2710, #839 ),
 .UNSPECIFIED., .F., .F.,
 ( 4, 3, 3, 3, 3, 4 ),
 ( 2.189946686126862681E-16, 3.308388942497654842E-05, 6.613717211549037858E-05, 9.966070390171326179E-05, 0.0001340858777781949796, 0.0001469394654554679073 ),
 .UNSPECIFIED. ) ;
#1026 = AXIS2_PLACEMENT_3D ( 'NONE', #21, #669, #4705 ) ;
#1027 = PRESENTATION_LAYER_ASSIGNMENT (  '', '', ( #3011 ) ) ;
#1028 = CARTESIAN_POINT ( 'NONE',  ( 4.799999999999999822, 11.65000000000000036, -10.16000000000000014 ) ) ;
#1029 = FACE_OUTER_BOUND ( 'NONE', #4480, .T. ) ;
#1031 = VECTOR ( 'NONE', #1083, 1000.000000000000114 ) ;
#1030 =( NAMED_UNIT ( * ) SI_UNIT ( $, .STERADIAN. ) SOLID_ANGLE_UNIT ( ) );
#1032 =( NAMED_UNIT ( * ) SI_UNIT ( $, .STERADIAN. ) SOLID_ANGLE_UNIT ( ) );
#1033 = AXIS2_PLACEMENT_3D ( 'NONE', #923, #1304, #220 ) ;
#1034 = ORIENTED_EDGE ( 'NONE', *, *, #130, .T. ) ;
#1035 = EDGE_CURVE ( 'NONE', #4661, #4093, #1141, .T. ) ;
#1036 =( NAMED_UNIT ( * ) PLANE_ANGLE_UNIT ( ) SI_UNIT ( $, .RADIAN. ) );
#1037 =( GEOMETRIC_REPRESENTATION_CONTEXT ( 3 ) GLOBAL_UNCERTAINTY_ASSIGNED_CONTEXT ( ( #2298 ) ) GLOBAL_UNIT_ASSIGNED_CONTEXT ( ( #1496, #1852, #1898 ) ) REPRESENTATION_CONTEXT ( 'NONE', 'WORKASPACE' ) );
#1038 = ORIENTED_EDGE ( 'NONE', *, *, #1510, .T. ) ;
#1039 = ORIENTED_EDGE ( 'NONE', *, *, #2739, .T. ) ;
#1040 = MECHANICAL_DESIGN_GEOMETRIC_PRESENTATION_REPRESENTATION (  '', ( #658 ), #4092 ) ;
#1041 = DIRECTION ( 'NONE',  ( 1.000000000000000000, 0.0000000000000000000, 0.0000000000000000000 ) ) ;
#1042 = ADVANCED_FACE ( 'NONE', ( #306 ), #4039, .T. ) ;
#1043 = EDGE_CURVE ( 'NONE', #1516, #3878, #3081, .T. ) ;
#1044 = VERTEX_POINT ( 'NONE', #2217 ) ;
#1045 =( NAMED_UNIT ( * ) PLANE_ANGLE_UNIT ( ) SI_UNIT ( $, .RADIAN. ) );
#1046 = DIRECTION ( 'NONE',  ( -1.000000000000000000, 0.0000000000000000000, 0.0000000000000000000 ) ) ;
#1047 = AXIS2_PLACEMENT_3D ( 'NONE', #1597, #139, #2322 ) ;
#1048 = CARTESIAN_POINT ( 'NONE',  ( 1.300000000000000044, 5.299999999999999822, 1.300000000000000044 ) ) ;
#1049 = CARTESIAN_POINT ( 'NONE',  ( 4.799999999999999822, 14.09999999999999964, -5.080000000000000071 ) ) ;
#1050 = SURFACE_STYLE_FILL_AREA ( #3549 ) ;
#1051 = CYLINDRICAL_SURFACE ( 'NONE', #4675, 2.000000000000000000 ) ;
#1052 = ORIENTED_EDGE ( 'NONE', *, *, #4718, .F. ) ;
#1053 = DIRECTION ( 'NONE',  ( -1.000000000000000000, -4.696386419511740190E-34, -1.794541526872530066E-14 ) ) ;
#1054 = SURFACE_STYLE_FILL_AREA ( #2883 ) ;
#1055 = VERTEX_POINT ( 'NONE', #3060 ) ;
#1056 = ORIENTED_EDGE ( 'NONE', *, *, #1558, .F. ) ;
#1057 = CARTESIAN_POINT ( 'NONE',  ( 5.500000000000000000, -3.500000000000000000, -9.860000000000001208 ) ) ;
#1058 = ADVANCED_FACE ( 'NONE', ( #3361 ), #3317, .F. ) ;
#1059 = EDGE_CURVE ( 'NONE', #3462, #2403, #1148, .T. ) ;
#1060 = ORIENTED_EDGE ( 'NONE', *, *, #3710, .T. ) ;
#1061 = LINE ( 'NONE', #2548, #3109 ) ;
#1062 = DIRECTION ( 'NONE',  ( -0.3271105638831678930, 0.0000000000000000000, -0.9449860734402576457 ) ) ;
#1063 = LINE ( 'NONE', #2099, #574 ) ;
#1064 = CARTESIAN_POINT ( 'NONE',  ( 10.20000000000000107, 5.000000000000000000, -12.69999999999999929 ) ) ;
#1065 = TOROIDAL_SURFACE ( 'NONE', #4584, 1.660966932452119904, 0.1000000000000000056 ) ;
#1066 = DIRECTION ( 'NONE',  ( 0.0000000000000000000, 0.0000000000000000000, -1.000000000000000000 ) ) ;
#1067 = CARTESIAN_POINT ( 'NONE',  ( 4.700000000000000178, -3.500000000000000000, 0.2999999999999999889 ) ) ;
#1068 = AXIS2_PLACEMENT_3D ( 'NONE', #4351, #4706, #1070 ) ;
#1069 =( LENGTH_UNIT ( ) NAMED_UNIT ( * ) SI_UNIT ( .MILLI., .METRE. ) );
#1070 = DIRECTION ( 'NONE',  ( 1.000000000000000000, 0.0000000000000000000, 0.0000000000000000000 ) ) ;
#1071 = VECTOR ( 'NONE', #4470, 1000.000000000000000 ) ;
#1072 = FILL_AREA_STYLE ('',( #4352 ) ) ;
#1073 = CARTESIAN_POINT ( 'NONE',  ( 6.799999999999999822, 14.09999999999999964, -10.16000000000000014 ) ) ;
#1074 = CIRCLE ( 'NONE', #930, 0.2999999999999999334 ) ;
#1075 = FILL_AREA_STYLE ('',( #652 ) ) ;
#1076 = ORIENTED_EDGE ( 'NONE', *, *, #2739, .F. ) ;
#1077 = CARTESIAN_POINT ( 'NONE',  ( 4.400000000000000355, 12.86963938103290062, 1.713281406961249864 ) ) ;
#1078 = ORIENTED_EDGE ( 'NONE', *, *, #1365, .F. ) ;
#1079 = DIRECTION ( 'NONE',  ( -1.000000000000000000, 0.0000000000000000000, 0.0000000000000000000 ) ) ;
#1080 = ORIENTED_EDGE ( 'NONE', *, *, #3480, .F. ) ;
#1081 = FILL_AREA_STYLE ('',( #2574 ) ) ;
#1082 = DIRECTION ( 'NONE',  ( -1.398970545142589993E-16, -1.000000000000000000, 0.0000000000000000000 ) ) ;
#1083 = DIRECTION ( 'NONE',  ( 0.2450416351381780877, -0.9695125564162683229, 0.0000000000000000000 ) ) ;
#1084 = EDGE_CURVE ( 'NONE', #1753, #2526, #483, .T. ) ;
#1085 = EDGE_CURVE ( 'NONE', #1671, #149, #2637, .T. ) ;
#1086 = VECTOR ( 'NONE', #4715, 1000.000000000000000 ) ;
#1087 = DIRECTION ( 'NONE',  ( -1.000000000000000000, 1.171453342316279742E-15, 0.0000000000000000000 ) ) ;
#1088 = AXIS2_PLACEMENT_3D ( 'NONE', #2443, #3481, #3180 ) ;
#1089 = CARTESIAN_POINT ( 'NONE',  ( 1.498756443470180111, 0.0000000000000000000, 133.3249999999999886 ) ) ;
#1090 = SURFACE_STYLE_FILL_AREA ( #3246 ) ;
#1091 = UNCERTAINTY_MEASURE_WITH_UNIT (LENGTH_MEASURE( 1.000000000000000082E-05 ), #38, 'distance_accuracy_value', 'NONE');
#1092 = EDGE_CURVE ( 'NONE', #2151, #826, #1552, .T. ) ;
#1093 = CARTESIAN_POINT ( 'NONE',  ( 4.799999999999999822, 12.94999999999999929, 0.0000000000000000000 ) ) ;
#1094 = EDGE_CURVE ( 'NONE', #1767, #3202, #3339, .T. ) ;
#1095 = AXIS2_PLACEMENT_3D ( 'NONE', #1123, #2580, #397 ) ;
#1096 = AXIS2_PLACEMENT_3D ( 'NONE', #308, #3530, #264 ) ;
#1097 = LINE ( 'NONE', #399, #1473 ) ;
#1098 = ORIENTED_EDGE ( 'NONE', *, *, #2560, .T. ) ;
#1099 = CARTESIAN_POINT ( 'NONE',  ( 5.200000000000000178, 12.94779737082445337, -1.636456345327695905 ) ) ;
#1100 = CARTESIAN_POINT ( 'NONE',  ( 4.799999999999999822, 12.94999999999999929, -5.080000000000000071 ) ) ;
#1101 = VECTOR ( 'NONE', #1022, 1000.000000000000000 ) ;
#1102 = VECTOR ( 'NONE', #2855, 1000.000000000000000 ) ;
#1103 = UNCERTAINTY_MEASURE_WITH_UNIT (LENGTH_MEASURE( 1.000000000000000082E-05 ), #1641, 'distance_accuracy_value', 'NONE');
#1104 = CARTESIAN_POINT ( 'NONE',  ( 4.400000000000000355, 12.94999999999999929, -1.612082860990529776 ) ) ;
#1105 = SURFACE_STYLE_FILL_AREA ( #1075 ) ;
#1106 =( LENGTH_UNIT ( ) NAMED_UNIT ( * ) SI_UNIT ( .MILLI., .METRE. ) );
#1107 = CIRCLE ( 'NONE', #4544, 1.843139007342379898 ) ;
#1108 = ORIENTED_EDGE ( 'NONE', *, *, #4342, .F. ) ;
#1109 = FACE_OUTER_BOUND ( 'NONE', #4244, .T. ) ;
#1110 = ORIENTED_EDGE ( 'NONE', *, *, #659, .F. ) ;
#1111 = LINE ( 'NONE', #2998, #3166 ) ;
#1112 = PRESENTATION_LAYER_ASSIGNMENT (  '', '', ( #4320 ) ) ;
#1113 =( GEOMETRIC_REPRESENTATION_CONTEXT ( 3 ) GLOBAL_UNCERTAINTY_ASSIGNED_CONTEXT ( ( #371 ) ) GLOBAL_UNIT_ASSIGNED_CONTEXT ( ( #2461, #3856, #4586 ) ) REPRESENTATION_CONTEXT ( 'NONE', 'WORKASPACE' ) );
#1114 = EDGE_LOOP ( 'NONE', ( #947, #2022, #1212, #1249, #4436, #4126 ) ) ;
#1115 = SURFACE_STYLE_FILL_AREA ( #3239 ) ;
#1116 = ORIENTED_EDGE ( 'NONE', *, *, #3167, .F. ) ;
#1117 = SURFACE_STYLE_USAGE ( .BOTH. , #1163 ) ;
#1119 = VECTOR ( 'NONE', #4487, 1000.000000000000000 ) ;
#1118 = SURFACE_SIDE_STYLE ('',( #63 ) ) ;
#1120 =( NAMED_UNIT ( * ) SI_UNIT ( $, .STERADIAN. ) SOLID_ANGLE_UNIT ( ) );
#1121 = STYLED_ITEM ( 'NONE', ( #884 ), #3276 ) ;
#1122 = DIRECTION ( 'NONE',  ( -1.000000000000000000, 9.136576017758445997E-16, 0.0000000000000000000 ) ) ;
#1123 = CARTESIAN_POINT ( 'NONE',  ( 1.600000000000000089, 5.299999999999999822, 1.300000000000000044 ) ) ;
#1124 = ADVANCED_FACE ( 'NONE', ( #2348 ), #403, .T. ) ;
#1125 = ORIENTED_EDGE ( 'NONE', *, *, #4459, .F. ) ;
#1126 = EDGE_CURVE ( 'NONE', #4511, #4291, #885, .T. ) ;
#1127 = CARTESIAN_POINT ( 'NONE',  ( 5.500000000000000000, -3.500000000000000000, -0.08000000000000000167 ) ) ;
#1128 = CARTESIAN_POINT ( 'NONE',  ( 4.700000000000000178, 0.0000000000000000000, -5.580000000000119975 ) ) ;
#1129 = DIRECTION ( 'NONE',  ( -1.259827545673939797E-16, 1.000000000000000000, 0.0000000000000000000 ) ) ;
#1130 = PRODUCT_CONTEXT ( 'NONE', #3794, 'mechanical' ) ;
#1131 = EDGE_LOOP ( 'NONE', ( #3469, #110, #1515, #475 ) ) ;
#1132 = DIRECTION ( 'NONE',  ( -1.000000000000000000, 1.171453342316279742E-15, 0.0000000000000000000 ) ) ;
#1133 = ORIENTED_EDGE ( 'NONE', *, *, #4458, .T. ) ;
#1134 = PLANE ( 'NONE',  #3313 ) ;
#1135 = VERTEX_POINT ( 'NONE', #3697 ) ;
#1136 = DIRECTION ( 'NONE',  ( 0.1156426582667281905, -0.9932908816600527491, 0.0000000000000000000 ) ) ;
#1137 = LINE ( 'NONE', #416, #955 ) ;
#1138 = CARTESIAN_POINT ( 'NONE',  ( 10.20000000000000107, 0.0000000000000000000, -12.69999999999999929 ) ) ;
#1139 = DIRECTION ( 'NONE',  ( -1.000000000000000000, 1.171453342316279939E-15, 0.0000000000000000000 ) ) ;
#1140 = SURFACE_STYLE_USAGE ( .BOTH. , #1190 ) ;
#1141 = B_SPLINE_CURVE_WITH_KNOTS ( 'NONE', 3,
 ( #3992, #1768, #1744, #2947, #4406, #745 ),
 .UNSPECIFIED., .F., .F.,
 ( 4, 2, 4 ),
 ( 0.0000000000000000000, 0.5557190870556969475, 1.000000000000000000 ),
 .UNSPECIFIED. ) ;
#1142 = LINE ( 'NONE', #4350, #1831 ) ;
#1143 = DIRECTION ( 'NONE',  ( -1.000000000000000000, 1.398970545142589993E-16, 0.0000000000000000000 ) ) ;
#1144 = PRESENTATION_LAYER_ASSIGNMENT (  '', '', ( #1375 ) ) ;
#1145 = DIRECTION ( 'NONE',  ( -1.000000000000000000, 0.0000000000000000000, 0.0000000000000000000 ) ) ;
#1146 = ORIENTED_EDGE ( 'NONE', *, *, #3649, .T. ) ;
#1147 = DIRECTION ( 'NONE',  ( 1.171453342316279939E-15, 1.000000000000000000, 0.0000000000000000000 ) ) ;
#1148 = LINE ( 'NONE', #836, #2395 ) ;
#1149 = CARTESIAN_POINT ( 'NONE',  ( 4.400000000000000355, 12.92932356421409956, -8.484253307076848216 ) ) ;
#1150 = PRESENTATION_LAYER_ASSIGNMENT (  '', '', ( #3206 ) ) ;
#1151 = ADVANCED_FACE ( 'NONE', ( #1865 ), #1598, .T. ) ;
#1152 = ADVANCED_FACE ( 'NONE', ( #1221 ), #4499, .T. ) ;
#1153 = DIRECTION ( 'NONE',  ( 0.0000000000000000000, 1.000000000000000000, 0.0000000000000000000 ) ) ;
#1154 = EDGE_LOOP ( 'NONE', ( #2741, #974, #4141, #577 ) ) ;
#1155 = COLOUR_RGB ( '',0.2862745098039215508, 0.6431372549019607199, 0.8666666666666666963 ) ;
#1156 = CARTESIAN_POINT ( 'NONE',  ( -4.470187783302280390E-15, 1.800000000000000044, -3.779999999999999805 ) ) ;
#1157 = ORIENTED_EDGE ( 'NONE', *, *, #4719, .F. ) ;
#1158 = CIRCLE ( 'NONE', #2611, 1.660966932452119682 ) ;
#1159 = ORIENTED_EDGE ( 'NONE', *, *, #2890, .F. ) ;
#1160 = CARTESIAN_POINT ( 'NONE',  ( 4.799999999999999822, 14.09999999999999964, -10.16000000000000014 ) ) ;
#1161 = CARTESIAN_POINT ( 'NONE',  ( 1.300000000000000044, 5.299999999999999822, -8.859999999999999432 ) ) ;
#1162 = DIRECTION ( 'NONE',  ( -1.171453342316279939E-15, -1.000000000000000000, 0.0000000000000000000 ) ) ;
#1163 = SURFACE_SIDE_STYLE ('',( #2931 ) ) ;
#1164 = CARTESIAN_POINT ( 'NONE',  ( 5.200000000000000178, 12.14999999999999858, -12.13000000000000078 ) ) ;
#1165 = FILL_AREA_STYLE_COLOUR ( '', #4425 ) ;
#1166 = CARTESIAN_POINT ( 'NONE',  ( 9.018260615751540143, 7.100000000000000533, 1.920000000000000151 ) ) ;
#1167 = CARTESIAN_POINT ( 'NONE',  ( 1.600000000000000089, 6.557366412016069876E-15, -3.779999999999999805 ) ) ;
#1168 = FILL_AREA_STYLE_COLOUR ( '', #492 ) ;
#1169 = AXIS2_PLACEMENT_3D ( 'NONE', #1812, #3268, #2921 ) ;
#1170 =( LENGTH_UNIT ( ) NAMED_UNIT ( * ) SI_UNIT ( .MILLI., .METRE. ) );
#1171 = ORIENTED_EDGE ( 'NONE', *, *, #1363, .F. ) ;
#1172 = DIRECTION ( 'NONE',  ( -1.000000000000000000, 1.044405786824304262E-15, 0.0000000000000000000 ) ) ;
#1174 = TOROIDAL_SURFACE ( 'NONE', #2546, 1.699999999999999956, 0.2000000000000000111 ) ;
#1173 = CARTESIAN_POINT ( 'NONE',  ( 1.498756443470180111, -1.128141884953679865E-14, 1.300000000000000044 ) ) ;
#1175 =( NAMED_UNIT ( * ) SI_UNIT ( $, .STERADIAN. ) SOLID_ANGLE_UNIT ( ) );
#1176 = AXIS2_PLACEMENT_3D ( 'NONE', #1049, #1411, #2873 ) ;
#1177 = PRESENTATION_STYLE_ASSIGNMENT (( #9 ) ) ;
#1178 = EDGE_CURVE ( 'NONE', #1330, #3903, #52, .T. ) ;
#1179 = AXIS2_PLACEMENT_3D ( 'NONE', #3076, #225, #1268 ) ;
#1180 = MECHANICAL_DESIGN_GEOMETRIC_PRESENTATION_REPRESENTATION (  '', ( #4240 ), #647 ) ;
#1181 = ORIENTED_EDGE ( 'NONE', *, *, #2054, .T. ) ;
#1182 = FACE_OUTER_BOUND ( 'NONE', #2814, .T. ) ;
#1183 = EDGE_CURVE ( 'NONE', #521, #633, #859, .T. ) ;
#1184 = CIRCLE ( 'NONE', #4243, 0.2000000000000000944 ) ;
#1185 = ADVANCED_FACE ( 'NONE', ( #4426, #2323, #2610, #4061 ), #433, .T. ) ;
#1186 =( LENGTH_UNIT ( ) NAMED_UNIT ( * ) SI_UNIT ( .MILLI., .METRE. ) );
#1187 = DIRECTION ( 'NONE',  ( -0.8881430813907017496, -0.3415934928425769512, -0.3074341435583199389 ) ) ;
#1188 = VECTOR ( 'NONE', #1082, 1000.000000000000000 ) ;
#1189 = LINE ( 'NONE', #1789, #3843 ) ;
#1190 = SURFACE_SIDE_STYLE ('',( #4492 ) ) ;
#1191 = PLANE ( 'NONE',  #4652 ) ;
#1192 = LINE ( 'NONE', #1593, #4534 ) ;
#1193 = AXIS2_PLACEMENT_3D ( 'NONE', #3106, #4200, #3519 ) ;
#1194 = CARTESIAN_POINT ( 'NONE',  ( 5.500000000000000000, -2.500000000000000000, 0.5000000000000000000 ) ) ;
#1195 = SURFACE_STYLE_FILL_AREA ( #3405 ) ;
#1196 = COLOUR_RGB ( '',0.2862745098039215508, 0.6431372549019607199, 0.8666666666666666963 ) ;
#1197 = DIRECTION ( 'NONE',  ( 1.000000000000000000, 0.0000000000000000000, 0.0000000000000000000 ) ) ;
#1198 = ORIENTED_EDGE ( 'NONE', *, *, #4215, .T. ) ;
#1199 = CARTESIAN_POINT ( 'NONE',  ( 5.200000000000000178, 12.14999999999999858, -8.360788672671541022 ) ) ;
#1200 = CARTESIAN_POINT ( 'NONE',  ( 5.500000000000000000, 4.984159143999969288, -1.000000000000190070 ) ) ;
#1201 = UNCERTAINTY_MEASURE_WITH_UNIT (LENGTH_MEASURE( 1.000000000000000082E-05 ), #2812, 'distance_accuracy_value', 'NONE');
#1202 = STYLED_ITEM ( 'NONE', ( #3039 ), #3196 ) ;
#1203 = DIRECTION ( 'NONE',  ( 0.6623263427464678443, -0.7132745229577348578, 0.2292668109506999508 ) ) ;
#1204 = CARTESIAN_POINT ( 'NONE',  ( 5.200000000000000178, 12.94973344514885838, -6.700762266911182152 ) ) ;
#1205 = ORIENTED_EDGE ( 'NONE', *, *, #358, .T. ) ;
#1206 = DIRECTION ( 'NONE',  ( -0.1156426582667305081, -0.9932908816600524160, 1.416214112912412984E-17 ) ) ;
#1207 = ORIENTED_EDGE ( 'NONE', *, *, #1668, .F. ) ;
#1208 = DIRECTION ( 'NONE',  ( 3.331020911686784487E-34, 1.000000000000000000, -1.889646980599320192E-14 ) ) ;
#1209 = ORIENTED_EDGE ( 'NONE', *, *, #270, .T. ) ;
#1210 = CARTESIAN_POINT ( 'NONE',  ( 5.500000000000000000, 0.0000000000000000000, -0.5000000000000620615 ) ) ;
#1211 = CARTESIAN_POINT ( 'NONE',  ( 4.400000000000000355, 12.94999999999999929, -3.120000000000000107 ) ) ;
#1212 = ORIENTED_EDGE ( 'NONE', *, *, #775, .F. ) ;
#1213 = ADVANCED_FACE ( 'NONE', ( #257 ), #2373, .T. ) ;
#1214 = ADVANCED_FACE ( 'NONE', ( #231 ), #709, .T. ) ;
#1215 =( LENGTH_UNIT ( ) NAMED_UNIT ( * ) SI_UNIT ( .MILLI., .METRE. ) );
#1216 = DIRECTION ( 'NONE',  ( 0.0000000000000000000, -1.000000000000000000, 0.0000000000000000000 ) ) ;
#1217 =( LENGTH_UNIT ( ) NAMED_UNIT ( * ) SI_UNIT ( .MILLI., .METRE. ) );
#1218 = CARTESIAN_POINT ( 'NONE',  ( 5.200000000000000178, 12.65081076366930013, 1.739435465788649937 ) ) ;
#1219 = VERTEX_POINT ( 'NONE', #2730 ) ;
#1220 = PLANE ( 'NONE',  #199 ) ;
#1221 = FACE_OUTER_BOUND ( 'NONE', #2818, .T. ) ;
#1222 = PRESENTATION_STYLE_ASSIGNMENT (( #4501 ) ) ;
#1223 = AXIS2_PLACEMENT_3D ( 'NONE', #2746, #224, #4226 ) ;
#1224 = EDGE_LOOP ( 'NONE', ( #3672, #2690, #1538, #2769 ) ) ;
#1225 = CARTESIAN_POINT ( 'NONE',  ( 4.400000000000000355, 12.92932356421409956, -3.404253307076849921 ) ) ;
#1226 =( GEOMETRIC_REPRESENTATION_CONTEXT ( 3 ) GLOBAL_UNCERTAINTY_ASSIGNED_CONTEXT ( ( #1006 ) ) GLOBAL_UNIT_ASSIGNED_CONTEXT ( ( #830, #783, #3639 ) ) REPRESENTATION_CONTEXT ( 'NONE', 'WORKASPACE' ) );
#1227 = PLANE ( 'NONE',  #3704 ) ;
#1228 = ORIENTED_EDGE ( 'NONE', *, *, #4401, .F. ) ;
#1229 = ORIENTED_EDGE ( 'NONE', *, *, #3194, .T. ) ;
#1230 = LINE ( 'NONE', #2311, #2937 ) ;
#1231 = PLANE ( 'NONE',  #503 ) ;
#1232 =( NAMED_UNIT ( * ) SI_UNIT ( $, .STERADIAN. ) SOLID_ANGLE_UNIT ( ) );
#1233 = ORIENTED_EDGE ( 'NONE', *, *, #2386, .F. ) ;
#1234 = DIRECTION ( 'NONE',  ( -1.259827545673939797E-16, 1.000000000000000000, 0.0000000000000000000 ) ) ;
#1235 = ADVANCED_FACE ( 'NONE', ( #1716 ), #3113, .T. ) ;
#1236 = EDGE_CURVE ( 'NONE', #1909, #4557, #3502, .T. ) ;
#1237 = FILL_AREA_STYLE ('',( #1713 ) ) ;
#1238 = CARTESIAN_POINT ( 'NONE',  ( 5.200000000000000178, 12.86414866789771949, -8.446062171635910332 ) ) ;
#1239 = CARTESIAN_POINT ( 'NONE',  ( 4.400000000000000355, 12.94999999999999929, -3.467917139009469629 ) ) ;
#1240 = DIRECTION ( 'NONE',  ( 0.0000000000000000000, 0.0000000000000000000, -1.000000000000000000 ) ) ;
#1241 = CIRCLE ( 'NONE', #3910, 2.000000000000000000 ) ;
#1242 = DIRECTION ( 'NONE',  ( 2.153210529380050327E-16, 0.9805806756909201116, -0.1961161351381840445 ) ) ;
#1243 = ADVANCED_FACE ( 'NONE', ( #3152 ), #4543, .T. ) ;
#1244 = ADVANCED_FACE ( 'NONE', ( #185 ), #2751, .T. ) ;
#1245 = FACE_OUTER_BOUND ( 'NONE', #328, .T. ) ;
#1246 = CARTESIAN_POINT ( 'NONE',  ( 5.200000000000000178, 12.91233902327929073, -6.773307792450125930 ) ) ;
#1247 = VERTEX_POINT ( 'NONE', #2826 ) ;
#1248 = CARTESIAN_POINT ( 'NONE',  ( 10.20000000000000107, 0.0000000000000000000, 2.540000000000000036 ) ) ;
#1249 = ORIENTED_EDGE ( 'NONE', *, *, #454, .T. ) ;
#1250 = PRESENTATION_LAYER_ASSIGNMENT (  '', '', ( #2320 ) ) ;
#1251 = PLANE ( 'NONE',  #1717 ) ;
#1252 = B_SPLINE_CURVE_WITH_KNOTS ( 'NONE', 3,
 ( #2811, #3370, #2338, #1694, #611, #3734 ),
 .UNSPECIFIED., .F., .F.,
 ( 4, 2, 4 ),
 ( 0.0000000000000000000, 0.5557190870564419072, 1.000000000000000000 ),
 .UNSPECIFIED. ) ;
#1253 =( GEOMETRIC_REPRESENTATION_CONTEXT ( 3 ) GLOBAL_UNCERTAINTY_ASSIGNED_CONTEXT ( ( #434 ) ) GLOBAL_UNIT_ASSIGNED_CONTEXT ( ( #2052, #2771, #4638 ) ) REPRESENTATION_CONTEXT ( 'NONE', 'WORKASPACE' ) );
#1254 = VECTOR ( 'NONE', #4642, 1000.000000000000114 ) ;
#1255 = ORIENTED_EDGE ( 'NONE', *, *, #4514, .F. ) ;
#1256 = CARTESIAN_POINT ( 'NONE',  ( 5.200000000000000178, 12.86156426584003931, -1.714246796759005154 ) ) ;
#1257 = VERTEX_POINT ( 'NONE', #209 ) ;
#1258 = ORIENTED_EDGE ( 'NONE', *, *, #2161, .T. ) ;
#1259 = DIRECTION ( 'NONE',  ( 0.0000000000000000000, 0.0000000000000000000, -1.000000000000000000 ) ) ;
#1260 = AXIS2_PLACEMENT_3D ( 'NONE', #2742, #524, #2432 ) ;
#1261 =( GEOMETRIC_REPRESENTATION_CONTEXT ( 3 ) GLOBAL_UNCERTAINTY_ASSIGNED_CONTEXT ( ( #4451 ) ) GLOBAL_UNIT_ASSIGNED_CONTEXT ( ( #971, #900, #1283 ) ) REPRESENTATION_CONTEXT ( 'NONE', 'WORKASPACE' ) );
#1262 = ORIENTED_EDGE ( 'NONE', *, *, #3027, .F. ) ;
#1263 = B_SPLINE_CURVE_WITH_KNOTS ( 'NONE', 3,
 ( #211, #962, #2420, #3892, #2076, #1286 ),
 .UNSPECIFIED., .F., .F.,
 ( 4, 2, 4 ),
 ( 0.0000000000000000000, 0.4442809022261779983, 1.000000000000000000 ),
 .UNSPECIFIED. ) ;
#1264 = CIRCLE ( 'NONE', #3929, 1.660966932452119682 ) ;
#1265 = DIRECTION ( 'NONE',  ( -1.000000000000000000, 0.0000000000000000000, 0.0000000000000000000 ) ) ;
#1266 = ORIENTED_EDGE ( 'NONE', *, *, #659, .T. ) ;
#1267 = LINE ( 'NONE', #903, #216 ) ;
#1268 = DIRECTION ( 'NONE',  ( 1.000000000000000000, 0.0000000000000000000, 0.0000000000000000000 ) ) ;
#1270 = STYLED_ITEM ( 'NONE', ( #907 ), #2530 ) ;
#1269 = DIRECTION ( 'NONE',  ( 0.0000000000000000000, 0.0000000000000000000, 1.000000000000000000 ) ) ;
#1271 =( LENGTH_UNIT ( ) NAMED_UNIT ( * ) SI_UNIT ( .MILLI., .METRE. ) );
#1272 = VECTOR ( 'NONE', #1759, 1000.000000000000000 ) ;
#1273 =( NAMED_UNIT ( * ) PLANE_ANGLE_UNIT ( ) SI_UNIT ( $, .RADIAN. ) );
#1274 = DIRECTION ( 'NONE',  ( -1.000000000000000000, 1.171453342316279939E-15, 0.0000000000000000000 ) ) ;
#1275 = CIRCLE ( 'NONE', #2425, 2.000000000000000000 ) ;
#1276 = CARTESIAN_POINT ( 'NONE',  ( 5.200000000000000178, 12.88338590192107702, -6.789697409981542364 ) ) ;
#1277 = ADVANCED_FACE ( 'NONE', ( #535 ), #865, .T. ) ;
#1278 = ORIENTED_EDGE ( 'NONE', *, *, #4222, .T. ) ;
#1279 = CARTESIAN_POINT ( 'NONE',  ( 5.200000000000000178, 12.94999999999999929, -11.77208286099051904 ) ) ;
#1280 = LINE ( 'NONE', #1693, #3100 ) ;
#1281 = ORIENTED_EDGE ( 'NONE', *, *, #2559, .T. ) ;
#1282 = CARTESIAN_POINT ( 'NONE',  ( 5.200000000000000178, 12.93457496778213844, -1.668147016349033063 ) ) ;
#1283 =( NAMED_UNIT ( * ) SI_UNIT ( $, .STERADIAN. ) SOLID_ANGLE_UNIT ( ) );
#1284 = DIRECTION ( 'NONE',  ( 1.794541526872530066E-14, -1.794541526872519968E-14, -1.000000000000000000 ) ) ;
#1285 = ORIENTED_EDGE ( 'NONE', *, *, #2500, .T. ) ;
#1286 = CARTESIAN_POINT ( 'NONE',  ( 4.400000000000000355, 12.14999999999999858, -6.879211327328460079 ) ) ;
#1287 = DIRECTION ( 'NONE',  ( 0.0000000000000000000, 0.0000000000000000000, -1.000000000000000000 ) ) ;
#1288 = DIRECTION ( 'NONE',  ( -0.9449860734402583118, 0.0000000000000000000, -0.3271105638831660611 ) ) ;
#1289 = SURFACE_STYLE_FILL_AREA ( #529 ) ;
#1290 = LINE ( 'NONE', #2368, #2476 ) ;
#1291 = PRESENTATION_STYLE_ASSIGNMENT (( #982 ) ) ;
#1292 = SURFACE_SIDE_STYLE ('',( #1687 ) ) ;
#1293 = CARTESIAN_POINT ( 'NONE',  ( 5.200000000000000178, 12.94999999999999929, -1.969999999999999973 ) ) ;
#1294 = UNCERTAINTY_MEASURE_WITH_UNIT (LENGTH_MEASURE( 1.000000000000000082E-05 ), #1217, 'distance_accuracy_value', 'NONE');
#1295 =( NAMED_UNIT ( * ) PLANE_ANGLE_UNIT ( ) SI_UNIT ( $, .RADIAN. ) );
#1296 = CARTESIAN_POINT ( 'NONE',  ( 5.200000000000000178, 12.92795948528051220, -6.757530025087435277 ) ) ;
#1297 = SURFACE_SIDE_STYLE ('',( #1669 ) ) ;
#1298 = CARTESIAN_POINT ( 'NONE',  ( 1.300000000000000044, 5.299999999999999822, -3.779999999999999805 ) ) ;
#1299 = DIRECTION ( 'NONE',  ( -0.8881430813907016386, -0.3415934928425779504, -0.3074341435583189397 ) ) ;
#1300 = EDGE_CURVE ( 'NONE', #1044, #1767, #579, .T. ) ;
#1301 = ADVANCED_FACE ( 'NONE', ( #1029 ), #2163, .T. ) ;
#1302 = DIRECTION ( 'NONE',  ( 1.000000000000000000, 0.0000000000000000000, 0.0000000000000000000 ) ) ;
#1303 = SURFACE_SIDE_STYLE ('',( #3988 ) ) ;
#1304 = DIRECTION ( 'NONE',  ( -1.171453342316279939E-15, -1.000000000000000000, 0.0000000000000000000 ) ) ;
#1305 = ADVANCED_FACE ( 'NONE', ( #690 ), #2558, .T. ) ;
#1306 = ORIENTED_EDGE ( 'NONE', *, *, #4017, .T. ) ;
#1307 = AXIS2_PLACEMENT_3D ( 'NONE', #3476, #853, #1269 ) ;
#1308 = ORIENTED_EDGE ( 'NONE', *, *, #3340, .F. ) ;
#1309 = CARTESIAN_POINT ( 'NONE',  ( 1.868260615751540010, 7.100000000000000533, 1.920000000000000151 ) ) ;
#1310 = ORIENTED_EDGE ( 'NONE', *, *, #1394, .F. ) ;
#1311 = FACE_OUTER_BOUND ( 'NONE', #400, .T. ) ;
#1312 = PRODUCT_DEFINITION_FORMATION_WITH_SPECIFIED_SOURCE ( 'ANY', '', #3005, .NOT_KNOWN. ) ;
#1313 = CARTESIAN_POINT ( 'NONE',  ( 7.681739384248460034, 0.0000000000000000000, 1.920000000000000151 ) ) ;
#1314 = ORIENTED_EDGE ( 'NONE', *, *, #2446, .F. ) ;
#1315 = DIRECTION ( 'NONE',  ( -1.000000000000000000, 1.171453342316279939E-15, 0.0000000000000000000 ) ) ;
#1316 = SURFACE_STYLE_USAGE ( .BOTH. , #1297 ) ;
#1317 = ORIENTED_EDGE ( 'NONE', *, *, #3028, .T. ) ;
#1318 = VERTEX_POINT ( 'NONE', #321 ) ;
#1319 = LINE ( 'NONE', #3899, #2702 ) ;
#1320 = FILL_AREA_STYLE_COLOUR ( '', #729 ) ;
#1321 = FILL_AREA_STYLE_COLOUR ( '', #1840 ) ;
#1322 = EDGE_CURVE ( 'NONE', #2019, #2478, #1834, .T. ) ;
#1323 = AXIS2_PLACEMENT_3D ( 'NONE', #1200, #122, #1576 ) ;
#1324 = EDGE_LOOP ( 'NONE', ( #3973, #4597 ) ) ;
#1325 = LINE ( 'NONE', #1419, #737 ) ;
#1326 = ORIENTED_EDGE ( 'NONE', *, *, #2882, .F. ) ;
#1327 = VERTEX_POINT ( 'NONE', #645 ) ;
#1328 = DIRECTION ( 'NONE',  ( -1.000000000000000000, 0.0000000000000000000, 0.0000000000000000000 ) ) ;
#1329 = CIRCLE ( 'NONE', #1176, 2.000000000000000000 ) ;
#1330 = VERTEX_POINT ( 'NONE', #4676 ) ;
#1331 = EDGE_CURVE ( 'NONE', #993, #3903, #1761, .T. ) ;
#1332 = EDGE_CURVE ( 'NONE', #616, #3906, #3221, .T. ) ;
#1333 = ORIENTED_EDGE ( 'NONE', *, *, #1394, .T. ) ;
#1334 =( GEOMETRIC_REPRESENTATION_CONTEXT ( 3 ) GLOBAL_UNCERTAINTY_ASSIGNED_CONTEXT ( ( #2772 ) ) GLOBAL_UNIT_ASSIGNED_CONTEXT ( ( #979, #4182, #4253 ) ) REPRESENTATION_CONTEXT ( 'NONE', 'WORKASPACE' ) );
#1335 = DIRECTION ( 'NONE',  ( 1.171453342316279939E-15, 1.000000000000000000, 0.0000000000000000000 ) ) ;
#1336 = AXIS2_PLACEMENT_3D ( 'NONE', #2775, #4212, #935 ) ;
#1337 = LINE ( 'NONE', #621, #35 ) ;
#1338 = CARTESIAN_POINT ( 'NONE',  ( 4.400000000000000355, 12.86672273822260948, -11.87352493792317887 ) ) ;
#1339 = MECHANICAL_DESIGN_GEOMETRIC_PRESENTATION_REPRESENTATION (  '', ( #1793 ), #648 ) ;
#1340 = CIRCLE ( 'NONE', #1945, 1.760296020616589852 ) ;
#1341 = CARTESIAN_POINT ( 'NONE',  ( 5.200000000000000178, 12.86672273822256329, -3.366475062076806690 ) ) ;
#1342 = FACE_OUTER_BOUND ( 'NONE', #4306, .T. ) ;
#1343 = COLOUR_RGB ( '',0.2862745098039215508, 0.6431372549019607199, 0.8666666666666666963 ) ;
#1344 = FILL_AREA_STYLE ('',( #716 ) ) ;
#1345 = FILL_AREA_STYLE ('',( #931 ) ) ;
#1346 = VECTOR ( 'NONE', #1287, 1000.000000000000000 ) ;
#1347 = VERTEX_POINT ( 'NONE', #4303 ) ;
#1348 = DIRECTION ( 'NONE',  ( 1.171453342316279939E-15, 1.000000000000000000, 0.0000000000000000000 ) ) ;
#1349 = AXIS2_PLACEMENT_3D ( 'NONE', #1379, #2841, #15 ) ;
#1350 = DIRECTION ( 'NONE',  ( -1.000000000000000000, 0.0000000000000000000, 0.0000000000000000000 ) ) ;
#1351 = CYLINDRICAL_SURFACE ( 'NONE', #1629, 0.2999999999999999334 ) ;
#1352 = VECTOR ( 'NONE', #898, 1000.000000000000000 ) ;
#1353 = ORIENTED_EDGE ( 'NONE', *, *, #831, .T. ) ;
#1354 = ORIENTED_EDGE ( 'NONE', *, *, #831, .F. ) ;
#1355 = CARTESIAN_POINT ( 'NONE',  ( 4.799999999999999822, 14.09999999999999964, -5.080000000000000071 ) ) ;
#1356 = FILL_AREA_STYLE ('',( #2838 ) ) ;
#1357 = PRESENTATION_LAYER_ASSIGNMENT (  '', '', ( #1121 ) ) ;
#1358 = EDGE_LOOP ( 'NONE', ( #2586, #1314, #4366, #4430 ) ) ;
#1359 = PLANE ( 'NONE',  #2492 ) ;
#1360 = ORIENTED_EDGE ( 'NONE', *, *, #4371, .F. ) ;
#1361 = CARTESIAN_POINT ( 'NONE',  ( 7.957244095797209482, 13.87351249054149882, 2.540000000000000036 ) ) ;
#1362 = LINE ( 'NONE', #2183, #336 ) ;
#1363 = EDGE_CURVE ( 'NONE', #703, #3124, #1329, .T. ) ;
#1364 = DIRECTION ( 'NONE',  ( -1.171453342316279939E-15, -1.000000000000000000, 0.0000000000000000000 ) ) ;
#1365 = EDGE_CURVE ( 'NONE', #1247, #1752, #642, .T. ) ;
#1366 = SURFACE_STYLE_FILL_AREA ( #4635 ) ;
#1367 = CARTESIAN_POINT ( 'NONE',  ( 7.929999999999999716, 6.700000000000000178, -13.29999999999999893 ) ) ;
#1368 = CARTESIAN_POINT ( 'NONE',  ( 4.799999999999999822, 12.94999999999999929, 0.0000000000000000000 ) ) ;
#1369 = DIRECTION ( 'NONE',  ( 0.0000000000000000000, -1.000000000000000000, 0.0000000000000000000 ) ) ;
#1370 = B_SPLINE_CURVE_WITH_KNOTS ( 'NONE', 3,
 ( #3517, #2888, #3165, #3879, #3905, #4343 ),
 .UNSPECIFIED., .F., .F.,
 ( 4, 2, 4 ),
 ( 0.0000000000000000000, 0.5557190870564419072, 1.000000000000000000 ),
 .UNSPECIFIED. ) ;
#1371 = DIRECTION ( 'NONE',  ( 1.000000000000000000, 0.0000000000000000000, 0.0000000000000000000 ) ) ;
#1372 = LINE ( 'NONE', #4689, #333 ) ;
#1373 = EDGE_LOOP ( 'NONE', ( #2785, #3876, #1916, #919 ) ) ;
#1374 = ORIENTED_EDGE ( 'NONE', *, *, #4400, .F. ) ;
#1375 = STYLED_ITEM ( 'NONE', ( #3402 ), #3617 ) ;
#1376 =( NAMED_UNIT ( * ) SI_UNIT ( $, .STERADIAN. ) SOLID_ANGLE_UNIT ( ) );
#1377 = ORIENTED_EDGE ( 'NONE', *, *, #3566, .F. ) ;
#1378 = ORIENTED_EDGE ( 'NONE', *, *, #298, .F. ) ;
#1379 = CARTESIAN_POINT ( 'NONE',  ( 4.799999999999999822, 11.49572055149890026, 0.0000000000000000000 ) ) ;
#1380 = CARTESIAN_POINT ( 'NONE',  ( 5.200000000000000178, 12.86156426583980128, -3.365753203240964719 ) ) ;
#1381 = CARTESIAN_POINT ( 'NONE',  ( 4.700000000000000178, 0.1499999992184100073, -5.580000000000119975 ) ) ;
#1382 = COLOUR_RGB ( '',0.2862745098039215508, 0.6431372549019607199, 0.8666666666666666963 ) ;
#1383 = LINE ( 'NONE', #3546, #3352 ) ;
#1384 = TOROIDAL_SURFACE ( 'NONE', #471, 1.660966932452119904, 0.1000000000000000056 ) ;
#1385 = CARTESIAN_POINT ( 'NONE',  ( 5.200000000000000178, 12.92695981187408094, -3.402202841123109778 ) ) ;
#1386 = EDGE_CURVE ( 'NONE', #1918, #2867, #1192, .T. ) ;
#1387 = ADVANCED_FACE ( 'NONE', ( #1926 ), #48, .T. ) ;
#1388 =( LENGTH_UNIT ( ) NAMED_UNIT ( * ) SI_UNIT ( .MILLI., .METRE. ) );
#1389 = DIRECTION ( 'NONE',  ( -5.522026336547080536E-30, -1.000000000000000000, 1.889646980599320192E-14 ) ) ;
#1390 = UNCERTAINTY_MEASURE_WITH_UNIT (LENGTH_MEASURE( 1.000000000000000082E-05 ), #4150, 'distance_accuracy_value', 'NONE');
#1391 = CARTESIAN_POINT ( 'NONE',  ( 4.400000000000000355, 12.28181210550289926, -1.783490592976040068 ) ) ;
#1392 = CARTESIAN_POINT ( 'NONE',  ( 5.200000000000000178, 12.94410876695733847, -3.433096816278839558 ) ) ;
#1393 = FACE_OUTER_BOUND ( 'NONE', #496, .T. ) ;
#1394 = EDGE_CURVE ( 'NONE', #997, #4003, #3403, .T. ) ;
#1395 = EDGE_CURVE ( 'NONE', #169, #1468, #1903, .T. ) ;
#1396 = LINE ( 'NONE', #3668, #3759 ) ;
#1397 = LINE ( 'NONE', #2516, #1102 ) ;
#1398 = EDGE_LOOP ( 'NONE', ( #676, #4636, #1133, #1354 ) ) ;
#1399 = AXIS2_PLACEMENT_3D ( 'NONE', #2904, #4387, #1132 ) ;
#1400 = ORIENTED_EDGE ( 'NONE', *, *, #3801, .F. ) ;
#1401 = EDGE_LOOP ( 'NONE', ( #1228, #1719, #1258, #4614 ) ) ;
#1402 = CARTESIAN_POINT ( 'NONE',  ( 5.134046399818389754E-15, 6.700000000000000178, -6.830000000000000071 ) ) ;
#1403 = CARTESIAN_POINT ( 'NONE',  ( 4.799999999999999822, 11.67312853167969955, 0.0000000000000000000 ) ) ;
#1404 = LINE ( 'NONE', #4650, #1101 ) ;
#1405 = AXIS2_PLACEMENT_3D ( 'NONE', #3294, #3254, #2902 ) ;
#1406 = AXIS2_PLACEMENT_3D ( 'NONE', #456, #2682, #138 ) ;
#1407 = LINE ( 'NONE', #3956, #3211 ) ;
#1408 =( GEOMETRIC_REPRESENTATION_CONTEXT ( 3 ) GLOBAL_UNCERTAINTY_ASSIGNED_CONTEXT ( ( #4500 ) ) GLOBAL_UNIT_ASSIGNED_CONTEXT ( ( #3505, #3869, #3551 ) ) REPRESENTATION_CONTEXT ( 'NONE', 'WORKASPACE' ) );
#1409 = FILL_AREA_STYLE_COLOUR ( '', #508 ) ;
#1410 = CARTESIAN_POINT ( 'NONE',  ( 4.799999999999999822, 11.67312853167969955, -5.080000000000000071 ) ) ;
#1411 = DIRECTION ( 'NONE',  ( 0.0000000000000000000, 1.000000000000000000, 0.0000000000000000000 ) ) ;
#1413 = AXIS2_PLACEMENT_3D ( 'NONE', #2122, #4272, #4348 ) ;
#1412 =( LENGTH_UNIT ( ) NAMED_UNIT ( * ) SI_UNIT ( .MILLI., .METRE. ) );
#1414 = COLOUR_RGB ( '',0.2862745098039215508, 0.6431372549019607199, 0.8666666666666666963 ) ;
#1415 = CARTESIAN_POINT ( 'NONE',  ( 4.700000000000000178, -3.500000000000000000, -0.08000000000000000167 ) ) ;
#1416 = FACE_OUTER_BOUND ( 'NONE', #142, .T. ) ;
#1417 = ORIENTED_EDGE ( 'NONE', *, *, #1446, .T. ) ;
#1418 = AXIS2_PLACEMENT_3D ( 'NONE', #2544, #1467, #1491 ) ;
#1419 = CARTESIAN_POINT ( 'NONE',  ( 5.500000000000000000, -3.500000000000000000, 5.000000000000000000 ) ) ;
#1420 = VERTEX_POINT ( 'NONE', #3661 ) ;
#1421 = FILL_AREA_STYLE ('',( #5 ) ) ;
#1422 = DIRECTION ( 'NONE',  ( 0.0000000000000000000, 0.0000000000000000000, 1.000000000000000000 ) ) ;
#1423 = EDGE_CURVE ( 'NONE', #588, #3260, #2962, .T. ) ;
#1424 = MECHANICAL_DESIGN_GEOMETRIC_PRESENTATION_REPRESENTATION (  '', ( #3464 ), #4007 ) ;
#1425 = EDGE_CURVE ( 'NONE', #1468, #4315, #760, .T. ) ;
#1426 = SURFACE_STYLE_USAGE ( .BOTH. , #3922 ) ;
#1427 = ORIENTED_EDGE ( 'NONE', *, *, #1792, .F. ) ;
#1428 = ORIENTED_EDGE ( 'NONE', *, *, #3987, .T. ) ;
#1429 = COLOUR_RGB ( '',0.2862745098039215508, 0.6431372549019607199, 0.8666666666666666963 ) ;
#1430 = LINE ( 'NONE', #1702, #1637 ) ;
#1431 = VERTEX_POINT ( 'NONE', #2677 ) ;
#1432 =( REPRESENTATION_RELATIONSHIP ('NONE','NONE', #410, #3667 ) REPRESENTATION_RELATIONSHIP_WITH_TRANSFORMATION ( #2640 )SHAPE_REPRESENTATION_RELATIONSHIP( ) );
#1433 = CARTESIAN_POINT ( 'NONE',  ( 0.0000000000000000000, 0.0000000000000000000, 2.540000000000000036 ) ) ;
#1434 = COLOUR_RGB ( '',0.2862745098039215508, 0.6431372549019607199, 0.8666666666666666963 ) ;
#1435 = CARTESIAN_POINT ( 'NONE',  ( 4.799999999999999822, 11.61764705882350057, -10.16000000000000014 ) ) ;
#1436 = SURFACE_STYLE_FILL_AREA ( #1455 ) ;
#1437 = CARTESIAN_POINT ( 'NONE',  ( 5.200000000000000178, 12.28181210550289926, -3.296509407023960225 ) ) ;
#1438 = PRESENTATION_STYLE_ASSIGNMENT (( #2939 ) ) ;
#1439 = DIRECTION ( 'NONE',  ( -1.000000000000000000, 1.044405786824304262E-15, 0.0000000000000000000 ) ) ;
#1440 = CARTESIAN_POINT ( 'NONE',  ( 3.049999999999999822, 12.95000000000000107, -10.16000000000000014 ) ) ;
#1441 = PRESENTATION_STYLE_ASSIGNMENT (( #4353 ) ) ;
#1442 = PLANE ( 'NONE',  #3940 ) ;
#1443 = DIRECTION ( 'NONE',  ( 1.171453342316279939E-15, 1.000000000000000000, 0.0000000000000000000 ) ) ;
#1444 = PLANE ( 'NONE',  #1940 ) ;
#1445 = VERTEX_POINT ( 'NONE', #828 ) ;
#1446 = EDGE_CURVE ( 'NONE', #4093, #196, #405, .T. ) ;
#1447 = ORIENTED_EDGE ( 'NONE', *, *, #4634, .F. ) ;
#1448 = EDGE_CURVE ( 'NONE', #3234, #2886, #65, .T. ) ;
#1449 = DIRECTION ( 'NONE',  ( 0.0000000000000000000, -1.000000000000000000, 0.0000000000000000000 ) ) ;
#1450 = B_SPLINE_CURVE_WITH_KNOTS ( 'NONE', 3,
 ( #3490, #217, #1988, #3799, #1677, #4305, #2493, #1766, #3784, #3823, #3225, #4528, #3438, #4684, #168, #4193 ),
 .UNSPECIFIED., .F., .F.,
 ( 4, 3, 3, 3, 3, 4 ),
 ( 0.0000000000000000000, 3.531517381846180402E-05, 7.066450544158464978E-05, 0.0001054618491226607193, 0.0001392987215180700560, 0.0001469974402362034509 ),
 .UNSPECIFIED. ) ;
#1451 = ORIENTED_EDGE ( 'NONE', *, *, #2356, .F. ) ;
#1452 = EDGE_CURVE ( 'NONE', #4454, #4489, #3740, .T. ) ;
#1453 = SURFACE_STYLE_USAGE ( .BOTH. , #1118 ) ;
#1454 = AXIS2_PLACEMENT_3D ( 'NONE', #882, #1907, #3336 ) ;
#1455 = FILL_AREA_STYLE ('',( #1476 ) ) ;
#1456 = CARTESIAN_POINT ( 'NONE',  ( 5.200000000000000178, 12.94999999999999929, -11.77208286099051904 ) ) ;
#1457 = STYLED_ITEM ( 'NONE', ( #1222 ), #4129 ) ;
#1458 = VECTOR ( 'NONE', #2629, 1000.000000000000000 ) ;
#1459 = DIRECTION ( 'NONE',  ( 1.259827545673939797E-16, -1.000000000000000000, 0.0000000000000000000 ) ) ;
#1460 = AXIS2_PLACEMENT_3D ( 'NONE', #1435, #2894, #3860 ) ;
#1461 = CARTESIAN_POINT ( 'NONE',  ( 5.200000000000000178, 12.94999999999999929, -1.616418486920220943 ) ) ;
#1462 = DIRECTION ( 'NONE',  ( -1.000000000000000000, 1.171453342316279742E-15, 0.0000000000000000000 ) ) ;
#1463 =( NAMED_UNIT ( * ) PLANE_ANGLE_UNIT ( ) SI_UNIT ( $, .RADIAN. ) );
#1464 = ORIENTED_EDGE ( 'NONE', *, *, #3307, .T. ) ;
#1465 =( NAMED_UNIT ( * ) SI_UNIT ( $, .STERADIAN. ) SOLID_ANGLE_UNIT ( ) );
#1466 = VERTEX_POINT ( 'NONE', #2237 ) ;
#1467 = DIRECTION ( 'NONE',  ( 1.171453342316279939E-15, 1.000000000000000000, 0.0000000000000000000 ) ) ;
#1468 = VERTEX_POINT ( 'NONE', #1502 ) ;
#1469 = CARTESIAN_POINT ( 'NONE',  ( 10.20000000000020002, 0.0000000000000000000, -9.660000000000000142 ) ) ;
#1470 = VERTEX_POINT ( 'NONE', #3035 ) ;
#1471 = DIRECTION ( 'NONE',  ( -1.931148907734990011E-16, 0.0000000000000000000, -1.000000000000000000 ) ) ;
#1472 = CARTESIAN_POINT ( 'NONE',  ( 4.400000000000000355, 12.88032890577941103, -1.710780456546906692 ) ) ;
#1473 = VECTOR ( 'NONE', #4013, 1000.000000000000000 ) ;
#1474 = EDGE_CURVE ( 'NONE', #1777, #4696, #3353, .T. ) ;
#1475 = ADVANCED_FACE ( 'NONE', ( #3311 ), #506, .T. ) ;
#1476 = FILL_AREA_STYLE_COLOUR ( '', #4701 ) ;
#1477 = STYLED_ITEM ( 'NONE', ( #1961 ), #1185 ) ;
#1478 = FACE_OUTER_BOUND ( 'NONE', #1631, .T. ) ;
#1479 = DIRECTION ( 'NONE',  ( 0.0000000000000000000, 1.000000000000000000, 0.0000000000000000000 ) ) ;
#1480 = UNCERTAINTY_MEASURE_WITH_UNIT (LENGTH_MEASURE( 1.000000000000000082E-05 ), #877, 'distance_accuracy_value', 'NONE');
#1481 = FACE_OUTER_BOUND ( 'NONE', #2494, .T. ) ;
#1482 = PRESENTATION_LAYER_ASSIGNMENT (  '', '', ( #3452 ) ) ;
#1483 = CARTESIAN_POINT ( 'NONE',  ( 2.154824120534930110, 13.79999999999999893, 2.540000000000000036 ) ) ;
#1484 = FACE_OUTER_BOUND ( 'NONE', #1131, .T. ) ;
#1485 = AXIS2_PLACEMENT_3D ( 'NONE', #706, #4631, #1046 ) ;
#1486 = VECTOR ( 'NONE', #1585, 1000.000000000000000 ) ;
#1487 = LINE ( 'NONE', #1173, #4121 ) ;
#1488 = FACE_OUTER_BOUND ( 'NONE', #4046, .T. ) ;
#1489 = AXIS2_PLACEMENT_3D ( 'NONE', #3024, #2200, #4067 ) ;
#1490 = ORIENTED_EDGE ( 'NONE', *, *, #3257, .T. ) ;
#1491 = DIRECTION ( 'NONE',  ( -1.000000000000000000, 9.136576017758445997E-16, 0.0000000000000000000 ) ) ;
#1492 = PRESENTATION_LAYER_ASSIGNMENT (  '', '', ( #45 ) ) ;
#1493 = PRESENTATION_LAYER_ASSIGNMENT (  '', '', ( #4248 ) ) ;
#1494 = ORIENTED_EDGE ( 'NONE', *, *, #2800, .T. ) ;
#1495 = FACE_OUTER_BOUND ( 'NONE', #823, .T. ) ;
#1496 =( LENGTH_UNIT ( ) NAMED_UNIT ( * ) SI_UNIT ( .MILLI., .METRE. ) );
#1497 = DIRECTION ( 'NONE',  ( 0.0000000000000000000, 0.0000000000000000000, -1.000000000000000000 ) ) ;
#1499 = CIRCLE ( 'NONE', #1349, 1.827270781290140089 ) ;
#1498 = CARTESIAN_POINT ( 'NONE',  ( 2.154824120534930110, 14.09999999999999964, 2.540000000000000036 ) ) ;
#1500 = DIRECTION ( 'NONE',  ( 0.0000000000000000000, 1.000000000000000000, 0.0000000000000000000 ) ) ;
#1501 = CARTESIAN_POINT ( 'NONE',  ( 1.868260615751540010, 0.0000000000000000000, 1.920000000000000151 ) ) ;
#1502 = CARTESIAN_POINT ( 'NONE',  ( 9.018260615751540143, 7.100000000000000533, 1.920000000000000151 ) ) ;
#1503 = ADVANCED_FACE ( 'NONE', ( #1860 ), #1545, .T. ) ;
#1504 = EDGE_CURVE ( 'NONE', #1697, #2859, #4106, .T. ) ;
#1505 = PRESENTATION_STYLE_ASSIGNMENT (( #66 ) ) ;
#1506 = FILL_AREA_STYLE ('',( #1862 ) ) ;
#1507 = VERTEX_POINT ( 'NONE', #155 ) ;
#1508 = DIRECTION ( 'NONE',  ( -1.000000000000000000, 1.171453342316279939E-15, 0.0000000000000000000 ) ) ;
#1509 = DIRECTION ( 'NONE',  ( -1.000000000000000000, 0.0000000000000000000, 0.0000000000000000000 ) ) ;
#1510 = EDGE_CURVE ( 'NONE', #1044, #361, #4308, .T. ) ;
#1511 = CARTESIAN_POINT ( 'NONE',  ( 4.400000000000000355, 12.94919804410899999, -8.532887713807099317 ) ) ;
#1512 = CARTESIAN_POINT ( 'NONE',  ( 4.700000000000000178, 0.0000000000000000000, 2.539999999999900560 ) ) ;
#1513 = ORIENTED_EDGE ( 'NONE', *, *, #4042, .F. ) ;
#1514 = CARTESIAN_POINT ( 'NONE',  ( 4.799999999999999822, 12.94999999999999929, -10.16000000000000014 ) ) ;
#1515 = ORIENTED_EDGE ( 'NONE', *, *, #3949, .T. ) ;
#1516 = VERTEX_POINT ( 'NONE', #250 ) ;
#1517 = DIRECTION ( 'NONE',  ( 0.0000000000000000000, 0.0000000000000000000, -1.000000000000000000 ) ) ;
#1518 = ORIENTED_EDGE ( 'NONE', *, *, #1798, .F. ) ;
#1519 = DIRECTION ( 'NONE',  ( -1.794541526872530066E-14, 0.0000000000000000000, 1.000000000000000000 ) ) ;
#1520 = DIRECTION ( 'NONE',  ( 0.0000000000000000000, 1.000000000000000000, 0.0000000000000000000 ) ) ;
#1521 =( GEOMETRIC_REPRESENTATION_CONTEXT ( 3 ) GLOBAL_UNCERTAINTY_ASSIGNED_CONTEXT ( ( #1480 ) ) GLOBAL_UNIT_ASSIGNED_CONTEXT ( ( #877, #4082, #2268 ) ) REPRESENTATION_CONTEXT ( 'NONE', 'WORKASPACE' ) );
#1522 = CARTESIAN_POINT ( 'NONE',  ( 4.799999999999999822, 14.09999999999999964, -5.080000000000000071 ) ) ;
#1523 = CARTESIAN_POINT ( 'NONE',  ( 4.400000000000000355, 12.86156426583993984, -11.87424679675905992 ) ) ;
#1524 = MECHANICAL_DESIGN_GEOMETRIC_PRESENTATION_REPRESENTATION (  '', ( #3204 ), #3570 ) ;
#1525 = ADVANCED_FACE ( 'NONE', ( #3885 ), #1974, .T. ) ;
#1526 = AXIS2_PLACEMENT_3D ( 'NONE', #626, #4304, #3592 ) ;
#1527 = ORIENTED_EDGE ( 'NONE', *, *, #3619, .F. ) ;
#1528 = SURFACE_STYLE_FILL_AREA ( #4112 ) ;
#1529 = UNCERTAINTY_MEASURE_WITH_UNIT (LENGTH_MEASURE( 1.000000000000000082E-05 ), #1186, 'distance_accuracy_value', 'NONE');
#1530 = CARTESIAN_POINT ( 'NONE',  ( 4.799999999999999822, 12.14999999999999858, 0.0000000000000000000 ) ) ;
#1531 = FACE_OUTER_BOUND ( 'NONE', #655, .T. ) ;
#1532 = EDGE_CURVE ( 'NONE', #409, #1135, #1337, .T. ) ;
#1533 = ORIENTED_EDGE ( 'NONE', *, *, #1094, .T. ) ;
#1534 = VECTOR ( 'NONE', #1642, 1000.000000000000114 ) ;
#1535 = EDGE_LOOP ( 'NONE', ( #1724, #3951, #1772, #214 ) ) ;
#1536 = LINE ( 'NONE', #34, #3611 ) ;
#1537 = PRESENTATION_LAYER_ASSIGNMENT (  '', '', ( #4364 ) ) ;
#1538 = ORIENTED_EDGE ( 'NONE', *, *, #4257, .T. ) ;
#1539 = DIRECTION ( 'NONE',  ( 1.000000000000000000, 0.0000000000000000000, 0.0000000000000000000 ) ) ;
#1540 = CARTESIAN_POINT ( 'NONE',  ( 5.200000000000000178, 12.86156426583980128, -8.445753203240968787 ) ) ;
#1541 = CARTESIAN_POINT ( 'NONE',  ( 7.704833395016039255, 6.700000000000000178, -13.29999999999999893 ) ) ;
#1542 = LINE ( 'NONE', #1498, #1765 ) ;
#1543 = B_SPLINE_CURVE_WITH_KNOTS ( 'NONE', 3,
 ( #4639, #3961, #2467, #3939, #1391, #691 ),
 .UNSPECIFIED., .F., .F.,
 ( 4, 2, 4 ),
 ( 0.0000000000000000000, 0.4442809022261779983, 1.000000000000000000 ),
 .UNSPECIFIED. ) ;
#1544 = FACE_OUTER_BOUND ( 'NONE', #3580, .T. ) ;
#1545 = PLANE ( 'NONE',  #323 ) ;
#1546 = DIRECTION ( 'NONE',  ( 1.171453342316279939E-15, 1.000000000000000000, 0.0000000000000000000 ) ) ;
#1547 = PRESENTATION_STYLE_ASSIGNMENT (( #3768 ) ) ;
#1548 = VECTOR ( 'NONE', #1509, 1000.000000000000000 ) ;
#1549 = CARTESIAN_POINT ( 'NONE',  ( 4.700000000000000178, -2.500000000000000000, -5.580000000000000071 ) ) ;
#1550 = ORIENTED_EDGE ( 'NONE', *, *, #4104, .T. ) ;
#1551 = CARTESIAN_POINT ( 'NONE',  ( 1.300000000000000044, -1.129558252488389937E-14, -1.300000000000000044 ) ) ;
#1552 = LINE ( 'NONE', #1932, #2628 ) ;
#1553 = DIRECTION ( 'NONE',  ( -1.259827545673939797E-16, 1.000000000000000000, 0.0000000000000000000 ) ) ;
#1554 = VECTOR ( 'NONE', #2728, 1000.000000000000000 ) ;
#1555 = VECTOR ( 'NONE', #1520, 1000.000000000000000 ) ;
#1556 = ORIENTED_EDGE ( 'NONE', *, *, #856, .T. ) ;
#1557 = PLANE ( 'NONE',  #1489 ) ;
#1558 = EDGE_CURVE ( 'NONE', #3003, #3648, #1866, .T. ) ;
#1559 = ADVANCED_FACE ( 'NONE', ( #2747 ), #597, .T. ) ;
#1560 = COLOUR_RGB ( '',0.2862745098039215508, 0.6431372549019607199, 0.8666666666666666963 ) ;
#1561 = DIRECTION ( 'NONE',  ( -1.000000000000000000, 0.0000000000000000000, 0.0000000000000000000 ) ) ;
#1562 = VECTOR ( 'NONE', #4717, 1000.000000000000114 ) ;
#1563 = SURFACE_STYLE_FILL_AREA ( #2978 ) ;
#1564 = DIRECTION ( 'NONE',  ( 1.259827545673939797E-16, -1.000000000000000000, 0.0000000000000000000 ) ) ;
#1565 = CARTESIAN_POINT ( 'NONE',  ( 1.498756443470180111, 5.299999999999999822, -1.300000000000000044 ) ) ;
#1566 = ORIENTED_EDGE ( 'NONE', *, *, #3117, .T. ) ;
#1567 = AXIS2_PLACEMENT_3D ( 'NONE', #2620, #2549, #4002 ) ;
#1568 = DIRECTION ( 'NONE',  ( 0.0000000000000000000, -1.000000000000000000, 0.0000000000000000000 ) ) ;
#1569 = FACE_OUTER_BOUND ( 'NONE', #682, .T. ) ;
#1570 =( NAMED_UNIT ( * ) PLANE_ANGLE_UNIT ( ) SI_UNIT ( $, .RADIAN. ) );
#1571 = CARTESIAN_POINT ( 'NONE',  ( 5.200000000000000178, 12.86672273822256329, -8.446475062076805429 ) ) ;
#1572 = CARTESIAN_POINT ( 'NONE',  ( 1.868260615751540010, 7.100000000000000533, 1.920000000000000151 ) ) ;
#1573 =( GEOMETRIC_REPRESENTATION_CONTEXT ( 3 ) GLOBAL_UNCERTAINTY_ASSIGNED_CONTEXT ( ( #1809 ) ) GLOBAL_UNIT_ASSIGNED_CONTEXT ( ( #497, #59, #3302 ) ) REPRESENTATION_CONTEXT ( 'NONE', 'WORKASPACE' ) );
#1574 = ORIENTED_EDGE ( 'NONE', *, *, #3137, .F. ) ;
#1575 = FACE_OUTER_BOUND ( 'NONE', #3518, .T. ) ;
#1576 = DIRECTION ( 'NONE',  ( 1.794541526872530066E-14, -1.794571435898010095E-14, -1.000000000000000000 ) ) ;
#1577 = STYLED_ITEM ( 'NONE', ( #983 ), #3356 ) ;
#1578 = CARTESIAN_POINT ( 'NONE',  ( 4.400000000000000355, 12.28181210550289926, -11.94349059297599958 ) ) ;
#1579 = CARTESIAN_POINT ( 'NONE',  ( 4.799999999999999822, 12.86156426583980128, -10.16000000000000014 ) ) ;
#1580 = ORIENTED_EDGE ( 'NONE', *, *, #986, .F. ) ;
#1581 = CARTESIAN_POINT ( 'NONE',  ( 1.498756443470180111, 5.299999999999999822, -6.379999999999999893 ) ) ;
#1582 = EDGE_CURVE ( 'NONE', #3562, #4511, #2506, .T. ) ;
#1583 = EDGE_CURVE ( 'NONE', #567, #3163, #500, .T. ) ;
#1584 = ORIENTED_EDGE ( 'NONE', *, *, #954, .F. ) ;
#1585 = DIRECTION ( 'NONE',  ( 0.0000000000000000000, 1.000000000000000000, 0.0000000000000000000 ) ) ;
#1586 = FACE_OUTER_BOUND ( 'NONE', #1871, .T. ) ;
#1587 = LINE ( 'NONE', #2652, #3215 ) ;
#1588 = VERTEX_POINT ( 'NONE', #3908 ) ;
#1589 = EDGE_CURVE ( 'NONE', #77, #1466, #1404, .T. ) ;
#1590 = ADVANCED_FACE ( 'NONE', ( #276 ), #2135, .F. ) ;
#1591 =( NAMED_UNIT ( * ) SI_UNIT ( $, .STERADIAN. ) SOLID_ANGLE_UNIT ( ) );
#1592 =( NAMED_UNIT ( * ) PLANE_ANGLE_UNIT ( ) SI_UNIT ( $, .RADIAN. ) );
#1593 = CARTESIAN_POINT ( 'NONE',  ( 10.20000000000000107, 0.0000000000000000000, -12.69999999999999929 ) ) ;
#1594 = DIRECTION ( 'NONE',  ( 0.0000000000000000000, 0.0000000000000000000, -1.000000000000000000 ) ) ;
#1595 = CARTESIAN_POINT ( 'NONE',  ( 4.400000000000000355, 12.14999999999999858, -3.120000000000000107 ) ) ;
#1596 = LINE ( 'NONE', #4110, #1982 ) ;
#1597 = CARTESIAN_POINT ( 'NONE',  ( 4.799999999999999822, 12.94999999999999929, -5.080000000000000071 ) ) ;
#1598 = PLANE ( 'NONE',  #3371 ) ;
#1599 = LINE ( 'NONE', #3814, #4589 ) ;
#1600 = FACE_OUTER_BOUND ( 'NONE', #2119, .T. ) ;
#1601 = ORIENTED_EDGE ( 'NONE', *, *, #2086, .F. ) ;
#1602 = VERTEX_POINT ( 'NONE', #3980 ) ;
#1603 = VECTOR ( 'NONE', #1203, 1000.000000000000114 ) ;
#1604 = DIRECTION ( 'NONE',  ( -0.1156426582667305081, -0.9932908816600524160, 1.416214112912412984E-17 ) ) ;
#1605 = AXIS2_PLACEMENT_3D ( 'NONE', #1410, #3310, #2872 ) ;
#1606 = VECTOR ( 'NONE', #1, 1000.000000000000114 ) ;
#1607 = ORIENTED_EDGE ( 'NONE', *, *, #3867, .F. ) ;
#1608 = CARTESIAN_POINT ( 'NONE',  ( 1.300000000000000044, 2.299999999999999822, -8.859999999999999432 ) ) ;
#1609 = ORIENTED_EDGE ( 'NONE', *, *, #1446, .F. ) ;
#1610 = VERTEX_POINT ( 'NONE', #3173 ) ;
#1611 = MECHANICAL_DESIGN_GEOMETRIC_PRESENTATION_REPRESENTATION (  '', ( #4664 ), #4054 ) ;
#1612 = CARTESIAN_POINT ( 'NONE',  ( 5.200000000000000178, 12.14999999999999858, -1.799211327328460008 ) ) ;
#1613 = VERTEX_POINT ( 'NONE', #4699 ) ;
#1614 = FACE_OUTER_BOUND ( 'NONE', #3728, .T. ) ;
#1615 = FILL_AREA_STYLE ('',( #1165 ) ) ;
#1616 = ADVANCED_FACE ( 'NONE', ( #3264 ), #666, .T. ) ;
#1617 = DIRECTION ( 'NONE',  ( 1.171453342316279939E-15, 1.000000000000000000, 0.0000000000000000000 ) ) ;
#1618 = EDGE_CURVE ( 'NONE', #77, #2151, #1063, .T. ) ;
#1619 = LINE ( 'NONE', #3693, #3996 ) ;
#1620 = DIRECTION ( 'NONE',  ( -1.000000000000000000, 9.854725885076845551E-16, 0.0000000000000000000 ) ) ;
#1621 = VECTOR ( 'NONE', #3628, 1000.000000000000000 ) ;
#1622 = CARTESIAN_POINT ( 'NONE',  ( 4.799999999999999822, 12.84999999999999964, -5.080000000000000071 ) ) ;
#1623 = CARTESIAN_POINT ( 'NONE',  ( 0.0000000000000000000, 7.100000000000000533, 0.0000000000000000000 ) ) ;
#1624 = LINE ( 'NONE', #2035, #4690 ) ;
#1625 = EDGE_LOOP ( 'NONE', ( #2808, #2333, #3210, #1580 ) ) ;
#1626 =( GEOMETRIC_REPRESENTATION_CONTEXT ( 3 ) GLOBAL_UNCERTAINTY_ASSIGNED_CONTEXT ( ( #3813 ) ) GLOBAL_UNIT_ASSIGNED_CONTEXT ( ( #1928, #881, #159 ) ) REPRESENTATION_CONTEXT ( 'NONE', 'WORKASPACE' ) );
#1627 = CARTESIAN_POINT ( 'NONE',  ( 4.400000000000000355, 12.86963938103290062, -3.366718593038749763 ) ) ;
#1628 = VECTOR ( 'NONE', #2630, 1000.000000000000000 ) ;
#1629 = AXIS2_PLACEMENT_3D ( 'NONE', #2497, #1746, #3875 ) ;
#1630 = ORIENTED_EDGE ( 'NONE', *, *, #889, .T. ) ;
#1631 = EDGE_LOOP ( 'NONE', ( #3706, #2028, #845, #958 ) ) ;
#1632 = ORIENTED_EDGE ( 'NONE', *, *, #389, .T. ) ;
#1633 = DIRECTION ( 'NONE',  ( -1.000000000000000000, 9.854725885076845551E-16, 0.0000000000000000000 ) ) ;
#1634 = PRESENTATION_LAYER_ASSIGNMENT (  '', '', ( #3241 ) ) ;
#1635 = ORIENTED_EDGE ( 'NONE', *, *, #3866, .T. ) ;
#1636 = CARTESIAN_POINT ( 'NONE',  ( 5.200000000000000178, 12.86156426583980128, -8.445753203240968787 ) ) ;
#1637 = VECTOR ( 'NONE', #992, 1000.000000000000000 ) ;
#1638 = SURFACE_STYLE_FILL_AREA ( #1237 ) ;
#1639 = LINE ( 'NONE', #4562, #1346 ) ;
#1640 = LINE ( 'NONE', #596, #916 ) ;
#1641 =( LENGTH_UNIT ( ) NAMED_UNIT ( * ) SI_UNIT ( .MILLI., .METRE. ) );
#1643 = AXIS2_PLACEMENT_3D ( 'NONE', #2354, #3797, #4214 ) ;
#1642 = DIRECTION ( 'NONE',  ( -0.5000000000000003331, 0.0000000000000000000, -0.8660254037844383745 ) ) ;
#1644 = PLANE ( 'NONE',  #3918 ) ;
#1645 =( LENGTH_UNIT ( ) NAMED_UNIT ( * ) SI_UNIT ( .MILLI., .METRE. ) );
#1646 = EDGE_CURVE ( 'NONE', #2370, #1327, #1362, .T. ) ;
#1647 = PRESENTATION_LAYER_ASSIGNMENT (  '', '', ( #3319 ) ) ;
#1648 = EDGE_CURVE ( 'NONE', #1747, #565, #1805, .T. ) ;
#1649 = DIRECTION ( 'NONE',  ( 0.0000000000000000000, -0.1961161351381840445, -0.9805806756909202226 ) ) ;
#1650 = VECTOR ( 'NONE', #672, 1000.000000000000000 ) ;
#1651 = EDGE_CURVE ( 'NONE', #1257, #2069, #3608, .T. ) ;
#1652 = AXIS2_PLACEMENT_3D ( 'NONE', #2442, #1738, #3888 ) ;
#1653 = DIRECTION ( 'NONE',  ( 0.0000000000000000000, 0.0000000000000000000, -1.000000000000000000 ) ) ;
#1654 = DIRECTION ( 'NONE',  ( -1.000000000000000000, 0.0000000000000000000, 0.0000000000000000000 ) ) ;
#1655 = CARTESIAN_POINT ( 'NONE',  ( 4.799999999999999822, 12.14999999999999858, -10.16000000000000014 ) ) ;
#1656 = ORIENTED_EDGE ( 'NONE', *, *, #1183, .T. ) ;
#1657 = ORIENTED_EDGE ( 'NONE', *, *, #2288, .T. ) ;
#1658 = FACE_OUTER_BOUND ( 'NONE', #293, .T. ) ;
#1659 = DIRECTION ( 'NONE',  ( -1.171453342316279939E-15, -1.000000000000000000, 0.0000000000000000000 ) ) ;
#1660 =( NAMED_UNIT ( * ) PLANE_ANGLE_UNIT ( ) SI_UNIT ( $, .RADIAN. ) );
#1661 = VECTOR ( 'NONE', #1786, 1000.000000000000000 ) ;
#1662 =( REPRESENTATION_RELATIONSHIP ('NONE','NONE', #410, #3667 ) REPRESENTATION_RELATIONSHIP_WITH_TRANSFORMATION ( #2301 )SHAPE_REPRESENTATION_RELATIONSHIP( ) );
#1663 = FILL_AREA_STYLE ('',( #1168 ) ) ;
#1664 = FILL_AREA_STYLE_COLOUR ( '', #1343 ) ;
#1665 = LINE ( 'NONE', #3937, #3626 ) ;
#1666 = UNCERTAINTY_MEASURE_WITH_UNIT (LENGTH_MEASURE( 1.000000000000000082E-05 ), #3048, 'distance_accuracy_value', 'NONE');
#1667 = DIRECTION ( 'NONE',  ( -0.2450416351381780877, 0.9695125564162683229, 0.0000000000000000000 ) ) ;
#1668 = EDGE_CURVE ( 'NONE', #1853, #4269, #3564, .T. ) ;
#1669 = SURFACE_STYLE_FILL_AREA ( #1345 ) ;
#1670 = STYLED_ITEM ( 'NONE', ( #2698 ), #3625 ) ;
#1671 = VERTEX_POINT ( 'NONE', #2914 ) ;
#1672 = CARTESIAN_POINT ( 'NONE',  ( 5.200000000000000178, 12.88338590192108235, -11.86969740998154066 ) ) ;
#1673 = DIRECTION ( 'NONE',  ( 1.000000000000000000, -1.084202172485509956E-15, 2.064602660210875025E-60 ) ) ;
#1674 = MECHANICAL_DESIGN_GEOMETRIC_PRESENTATION_REPRESENTATION (  '', ( #4433 ), #1904 ) ;
#1675 = EDGE_CURVE ( 'NONE', #1318, #3652, #2527, .T. ) ;
#1676 = EDGE_CURVE ( 'NONE', #3187, #169, #4671, .T. ) ;
#1677 = CARTESIAN_POINT ( 'NONE',  ( 5.200000000000000178, 12.94022597148092224, 1.658022933193583848 ) ) ;
#1678 = ORIENTED_EDGE ( 'NONE', *, *, #3144, .T. ) ;
#1679 = PLANE ( 'NONE',  #1260 ) ;
#1680 = ORIENTED_EDGE ( 'NONE', *, *, #3447, .T. ) ;
#1681 = FACE_OUTER_BOUND ( 'NONE', #4506, .T. ) ;
#1682 = CARTESIAN_POINT ( 'NONE',  ( 5.200000000000000178, 12.14999999999999858, -1.969999999999999973 ) ) ;
#1683 = AXIS2_PLACEMENT_3D ( 'NONE', #3969, #2128, #2471 ) ;
#1684 = CARTESIAN_POINT ( 'NONE',  ( 5.200000000000000178, 12.14999999999999858, -6.879211327328460079 ) ) ;
#1685 = DIRECTION ( 'NONE',  ( -1.000000000000000000, -0.0000000000000000000, -0.0000000000000000000 ) ) ;
#1686 = CARTESIAN_POINT ( 'NONE',  ( 3.165217391304349537, 3.291304347826089938, -4.425652173913049658 ) ) ;
#1687 = SURFACE_STYLE_FILL_AREA ( #644 ) ;
#1688 = DIRECTION ( 'NONE',  ( -1.171453342316279939E-15, -1.000000000000000000, -1.944201852462614918E-34 ) ) ;
#1689 = CARTESIAN_POINT ( 'NONE',  ( 4.799999999999999822, 11.61764705882350057, -5.080000000000000071 ) ) ;
#1690 = PRESENTATION_LAYER_ASSIGNMENT (  '', '', ( #2540 ) ) ;
#1691 = EDGE_LOOP ( 'NONE', ( #340, #4479, #3847, #4576, #3182 ) ) ;
#1692 = SURFACE_STYLE_USAGE ( .BOTH. , #237 ) ;
#1693 = CARTESIAN_POINT ( 'NONE',  ( 0.0000000000000000000, 0.0000000000000000000, -12.69999999999999929 ) ) ;
#1694 = CARTESIAN_POINT ( 'NONE',  ( 4.400000000000000355, 12.65081076366930013, -3.340564534211349912 ) ) ;
#1695 = CARTESIAN_POINT ( 'NONE',  ( 5.200000000000000178, 12.14999999999999858, -3.280788672671540063 ) ) ;
#1696 =( GEOMETRIC_REPRESENTATION_CONTEXT ( 3 ) GLOBAL_UNCERTAINTY_ASSIGNED_CONTEXT ( ( #4545 ) ) GLOBAL_UNIT_ASSIGNED_CONTEXT ( ( #4336, #3622, #721 ) ) REPRESENTATION_CONTEXT ( 'NONE', 'WORKASPACE' ) );
#1697 = VERTEX_POINT ( 'NONE', #1921 ) ;
#1698 = VERTEX_POINT ( 'NONE', #41 ) ;
#1699 = EDGE_CURVE ( 'NONE', #1044, #287, #3999, .T. ) ;
#1700 = ORIENTED_EDGE ( 'NONE', *, *, #4130, .T. ) ;
#1701 = ADVANCED_FACE ( 'NONE', ( #3030 ), #953, .F. ) ;
#1702 = CARTESIAN_POINT ( 'NONE',  ( 0.0000000000000000000, 1.800000000000000044, -3.330000000000000071 ) ) ;
#1703 = MECHANICAL_DESIGN_GEOMETRIC_PRESENTATION_REPRESENTATION (  '', ( #2400 ), #2778 ) ;
#1704 = VERTEX_POINT ( 'NONE', #2260 ) ;
#1705 = DIRECTION ( 'NONE',  ( -0.5000000000000011102, 0.0000000000000000000, -0.8660254037844380415 ) ) ;
#1706 = ORIENTED_EDGE ( 'NONE', *, *, #607, .F. ) ;
#1707 = VECTOR ( 'NONE', #447, 1000.000000000000000 ) ;
#1708 = PLANE ( 'NONE',  #540 ) ;
#1709 = VECTOR ( 'NONE', #890, 1000.000000000000000 ) ;
#1710 = SURFACE_STYLE_FILL_AREA ( #2366 ) ;
#1711 = CARTESIAN_POINT ( 'NONE',  ( 4.400000000000000355, 12.91967874843893149, -6.766818741887090205 ) ) ;
#1712 = VECTOR ( 'NONE', #3466, 1000.000000000000000 ) ;
#1713 = FILL_AREA_STYLE_COLOUR ( '', #2166 ) ;
#1714 = DIRECTION ( 'NONE',  ( 0.8660254037844390407, 0.0000000000000000000, 0.4999999999999995004 ) ) ;
#1715 = DIRECTION ( 'NONE',  ( 0.0000000000000000000, 0.0000000000000000000, -1.000000000000000000 ) ) ;
#1716 = FACE_OUTER_BOUND ( 'NONE', #3798, .T. ) ;
#1717 = AXIS2_PLACEMENT_3D ( 'NONE', #4118, #4573, #1673 ) ;
#1718 = VECTOR ( 'NONE', #317, 1000.000000000000000 ) ;
#1719 = ORIENTED_EDGE ( 'NONE', *, *, #4484, .F. ) ;
#1720 = CARTESIAN_POINT ( 'NONE',  ( 1.600000000000000089, 1.250834939098269894E-14, -11.45999999999999908 ) ) ;
#1721 = DIRECTION ( 'NONE',  ( -1.000000000000000000, 0.0000000000000000000, 0.0000000000000000000 ) ) ;
#1722 = LINE ( 'NONE', #3185, #1254 ) ;
#1723 = VECTOR ( 'NONE', #1715, 1000.000000000000000 ) ;
#1724 = ORIENTED_EDGE ( 'NONE', *, *, #1583, .F. ) ;
#1725 = EDGE_LOOP ( 'NONE', ( #863, #3731, #1060, #2245, #3044, #769, #2668, #3760 ) ) ;
#1726 = ORIENTED_EDGE ( 'NONE', *, *, #2993, .T. ) ;
#1727 = EDGE_CURVE ( 'NONE', #3878, #120, #2576, .T. ) ;
#1728 = EDGE_CURVE ( 'NONE', #4216, #1853, #4076, .T. ) ;
#1729 = ORIENTED_EDGE ( 'NONE', *, *, #98, .T. ) ;
#1730 = SURFACE_STYLE_USAGE ( .BOTH. , #2180 ) ;
#1731 = ORIENTED_EDGE ( 'NONE', *, *, #1589, .F. ) ;
#1732 = DIRECTION ( 'NONE',  ( -1.000000000000000000, 9.854725885076845551E-16, 0.0000000000000000000 ) ) ;
#1733 = DIRECTION ( 'NONE',  ( 0.0000000000000000000, 1.000000000000000000, 0.0000000000000000000 ) ) ;
#1734 = CARTESIAN_POINT ( 'NONE',  ( 4.400000000000000355, 12.86927415701640065, -6.793010294741450572 ) ) ;
#1735 = EDGE_CURVE ( 'NONE', #3440, #2257, #2512, .T. ) ;
#1736 = CARTESIAN_POINT ( 'NONE',  ( 6.500000000000000000, 11.64999999999999858, -5.080000000000000071 ) ) ;
#1737 = ORIENTED_EDGE ( 'NONE', *, *, #1885, .F. ) ;
#1738 = DIRECTION ( 'NONE',  ( 0.0000000000000000000, 0.0000000000000000000, -1.000000000000000000 ) ) ;
#1739 = SURFACE_STYLE_USAGE ( .BOTH. , #3913 ) ;
#1740 = DIRECTION ( 'NONE',  ( -1.171453342316279939E-15, -1.000000000000000000, 0.0000000000000000000 ) ) ;
#1741 = FACE_OUTER_BOUND ( 'NONE', #135, .T. ) ;
#1742 = SURFACE_STYLE_USAGE ( .BOTH. , #1009 ) ;
#1743 = ORIENTED_EDGE ( 'NONE', *, *, #3559, .F. ) ;
#1744 = CARTESIAN_POINT ( 'NONE',  ( 5.200000000000000178, 12.41362307109989871, -1.767760297513899959 ) ) ;
#1745 = PRESENTATION_STYLE_ASSIGNMENT (( #2923 ) ) ;
#1746 = DIRECTION ( 'NONE',  ( 0.0000000000000000000, 0.0000000000000000000, -1.000000000000000000 ) ) ;
#1747 = VERTEX_POINT ( 'NONE', #4124 ) ;
#1748 = ORIENTED_EDGE ( 'NONE', *, *, #1423, .T. ) ;
#1749 = SURFACE_SIDE_STYLE ('',( #2115 ) ) ;
#1750 = ORIENTED_EDGE ( 'NONE', *, *, #3117, .F. ) ;
#1751 =( GEOMETRIC_REPRESENTATION_CONTEXT ( 3 ) GLOBAL_UNCERTAINTY_ASSIGNED_CONTEXT ( ( #4402 ) ) GLOBAL_UNIT_ASSIGNED_CONTEXT ( ( #705, #1045, #3240 ) ) REPRESENTATION_CONTEXT ( 'NONE', 'WORKASPACE' ) );
#1752 = VERTEX_POINT ( 'NONE', #803 ) ;
#1753 = VERTEX_POINT ( 'NONE', #4396 ) ;
#1754 = DIRECTION ( 'NONE',  ( -1.000000000000000000, 9.136576017758445997E-16, 0.0000000000000000000 ) ) ;
#1755 = DIRECTION ( 'NONE',  ( -1.794541526872530066E-14, 0.0000000000000000000, 1.000000000000000000 ) ) ;
#1756 = AXIS2_PLACEMENT_3D ( 'NONE', #3748, #2194, #2992 ) ;
#1757 = DIRECTION ( 'NONE',  ( 1.000000000000000000, -9.912705577010326536E-16, 0.0000000000000000000 ) ) ;
#1758 = VECTOR ( 'NONE', #4370, 1000.000000000000114 ) ;
#1759 = DIRECTION ( 'NONE',  ( -1.794541526872530066E-14, 0.0000000000000000000, 1.000000000000000000 ) ) ;
#1760 = CARTESIAN_POINT ( 'NONE',  ( 5.500000000000000000, -3.500000000000000000, -10.46000000000000085 ) ) ;
#1761 = LINE ( 'NONE', #2104, #30 ) ;
#1762 = EDGE_CURVE ( 'NONE', #1257, #1055, #4415, .T. ) ;
#1763 = EDGE_CURVE ( 'NONE', #3906, #3990, #3656, .T. ) ;
#1764 = CARTESIAN_POINT ( 'NONE',  ( 4.700000000000000178, -5.550000000781570186, -9.660000000000000142 ) ) ;
#1765 = VECTOR ( 'NONE', #2529, 1000.000000000000000 ) ;
#1766 = CARTESIAN_POINT ( 'NONE',  ( 5.200000000000000178, 12.91967874843893149, 1.686818741887090800 ) ) ;
#1767 = VERTEX_POINT ( 'NONE', #417 ) ;
#1768 = CARTESIAN_POINT ( 'NONE',  ( 5.200000000000000178, 12.28181210550289926, -1.783490592976040068 ) ) ;
#1769 = DIRECTION ( 'NONE',  ( 1.000000000000000000, 0.0000000000000000000, 0.0000000000000000000 ) ) ;
#1770 = DIRECTION ( 'NONE',  ( -1.000000000000000000, 0.0000000000000000000, 0.0000000000000000000 ) ) ;
#1771 = ORIENTED_EDGE ( 'NONE', *, *, #1035, .T. ) ;
#1772 = ORIENTED_EDGE ( 'NONE', *, *, #3928, .T. ) ;
#1773 = PLANE ( 'NONE',  #4395 ) ;
#1774 = ORIENTED_EDGE ( 'NONE', *, *, #2681, .T. ) ;
#1775 = VECTOR ( 'NONE', #1811, 1000.000000000000114 ) ;
#1776 = VECTOR ( 'NONE', #742, 1000.000000000000000 ) ;
#1777 = VERTEX_POINT ( 'NONE', #3709 ) ;
#1778 =( NAMED_UNIT ( * ) PLANE_ANGLE_UNIT ( ) SI_UNIT ( $, .RADIAN. ) );
#1779 = CARTESIAN_POINT ( 'NONE',  ( 8.039696551146029435, 0.0000000000000000000, 2.540000000000000036 ) ) ;
#1780 = CARTESIAN_POINT ( 'NONE',  ( 1.300000000000000044, 5.299999999999999822, 1.300000000000000044 ) ) ;
#1781 = AXIS2_PLACEMENT_3D ( 'NONE', #1839, #4686, #1053 ) ;
#1782 = CARTESIAN_POINT ( 'NONE',  ( 4.400000000000000355, 12.94410876695733847, -6.726903183721160140 ) ) ;
#1783 = PRESENTATION_LAYER_ASSIGNMENT (  '', '', ( #4687 ) ) ;
#1784 = VECTOR ( 'NONE', #2453, 1000.000000000000000 ) ;
#1785 = PLANE ( 'NONE',  #266 ) ;
#1786 = DIRECTION ( 'NONE',  ( 0.0000000000000000000, -1.000000000000000000, 0.0000000000000000000 ) ) ;
#1787 = AXIS2_PLACEMENT_3D ( 'NONE', #3807, #999, #2463 ) ;
#1788 = VECTOR ( 'NONE', #4581, 1000.000000000000114 ) ;
#1789 = CARTESIAN_POINT ( 'NONE',  ( 5.500000000000000000, -5.550000000781570186, -4.580000000000000071 ) ) ;
#1790 = EDGE_CURVE ( 'NONE', #3674, #1431, #85, .T. ) ;
#1791 = SURFACE_STYLE_USAGE ( .BOTH. , #354 ) ;
#1792 = EDGE_CURVE ( 'NONE', #4291, #4180, #2958, .T. ) ;
#1793 = STYLED_ITEM ( 'NONE', ( #3727 ), #2169 ) ;
#1794 = CARTESIAN_POINT ( 'NONE',  ( 4.799999999999999822, 12.86156426583980128, 0.0000000000000000000 ) ) ;
#1795 = DIRECTION ( 'NONE',  ( -0.8660254037844387076, 0.0000000000000000000, -0.4999999999999998890 ) ) ;
#1796 = SHAPE_REPRESENTATION_RELATIONSHIP ( 'NONE' , 'NONE' ,  #3667, #3870 ) ;
#1797 = VECTOR ( 'NONE', #3873, 1000.000000000000000 ) ;
#1798 = EDGE_CURVE ( 'NONE', #2478, #1704, #4030, .T. ) ;
#1799 = ORIENTED_EDGE ( 'NONE', *, *, #946, .F. ) ;
#1800 = CARTESIAN_POINT ( 'NONE',  ( 1.300000000000000044, 2.299999999999999822, 1.300000000000000044 ) ) ;
#1801 = ORIENTED_EDGE ( 'NONE', *, *, #239, .T. ) ;
#1802 = FACE_OUTER_BOUND ( 'NONE', #2380, .T. ) ;
#1803 = PRESENTATION_LAYER_ASSIGNMENT (  '', '', ( #2495 ) ) ;
#1804 = ORIENTED_EDGE ( 'NONE', *, *, #3485, .T. ) ;
#1805 = LINE ( 'NONE', #1433, #3017 ) ;
#1806 = VECTOR ( 'NONE', #3198, 1000.000000000000000 ) ;
#1807 = DIRECTION ( 'NONE',  ( 0.4999999999999994449, 0.0000000000000000000, -0.8660254037844389297 ) ) ;
#1808 = LINE ( 'NONE', #4399, #4038 ) ;
#1809 = UNCERTAINTY_MEASURE_WITH_UNIT (LENGTH_MEASURE( 1.000000000000000082E-05 ), #497, 'distance_accuracy_value', 'NONE');
#1810 = FACE_OUTER_BOUND ( 'NONE', #1154, .T. ) ;
#1811 = DIRECTION ( 'NONE',  ( -0.8169678626347132155, 0.5766831984912238473, -1.000497077981856106E-16 ) ) ;
#1812 = CARTESIAN_POINT ( 'NONE',  ( 0.9000000000000000222, 7.100000000000000533, -12.69999999999999929 ) ) ;
#1813 = ORIENTED_EDGE ( 'NONE', *, *, #2172, .F. ) ;
#1814 = LINE ( 'NONE', #2173, #894 ) ;
#1815 = DIRECTION ( 'NONE',  ( 1.171453342316279939E-15, 1.000000000000000000, 0.0000000000000000000 ) ) ;
#1816 = EDGE_CURVE ( 'NONE', #818, #2886, #2601, .T. ) ;
#1817 = ORIENTED_EDGE ( 'NONE', *, *, #2758, .F. ) ;
#1818 = FACE_OUTER_BOUND ( 'NONE', #3491, .T. ) ;
#1819 = ORIENTED_EDGE ( 'NONE', *, *, #3920, .T. ) ;
#1820 = LINE ( 'NONE', #728, #2021 ) ;
#1821 = EDGE_CURVE ( 'NONE', #2837, #3978, #1899, .T. ) ;
#1822 = B_SPLINE_CURVE_WITH_KNOTS ( 'NONE', 3,
 ( #3809, #557, #479, #2768, #1927, #4515, #2001, #3378, #116, #4566, #4537, #3446, #181, #1571, #1238, #2680 ),
 .UNSPECIFIED., .F., .F.,
 ( 4, 3, 3, 3, 3, 4 ),
 ( 0.0000000000000000000, 3.531517381846180402E-05, 7.066450544158554424E-05, 0.0001054618491226618442, 0.0001392987215180704354, 0.0001469974402362021770 ),
 .UNSPECIFIED. ) ;
#1823 = ADVANCED_FACE ( 'NONE', ( #3284 ), #779, .F. ) ;
#1824 = EDGE_LOOP ( 'NONE', ( #3064, #4580, #1233, #526, #3122, #2282, #897, #1799, #1110, #3409, #2538, #1678, #3121, #2460, #2977, #147, #4016 ) ) ;
#1825 = DIRECTION ( 'NONE',  ( 1.000000000000000000, -0.0000000000000000000, -0.0000000000000000000 ) ) ;
#1826 = LINE ( 'NONE', #2957, #2645 ) ;
#1827 = ORIENTED_EDGE ( 'NONE', *, *, #3928, .F. ) ;
#1828 = CARTESIAN_POINT ( 'NONE',  ( 0.0000000000000000000, 1.800000000000000044, -6.830000000000000071 ) ) ;
#1829 = DIRECTION ( 'NONE',  ( -1.931148907734990011E-16, 0.0000000000000000000, -1.000000000000000000 ) ) ;
#1830 = CARTESIAN_POINT ( 'NONE',  ( 4.400000000000000355, 12.91070467253999077, -1.694697213587837092 ) ) ;
#1831 = VECTOR ( 'NONE', #688, 1000.000000000000000 ) ;
#1832 = LINE ( 'NONE', #4702, #1272 ) ;
#1833 = DIRECTION ( 'NONE',  ( -1.000000000000000000, 0.0000000000000000000, 0.0000000000000000000 ) ) ;
#1834 = LINE ( 'NONE', #3289, #494 ) ;
#1835 = CARTESIAN_POINT ( 'NONE',  ( 4.400000000000000355, 12.86156426583980128, -8.445753203240899509 ) ) ;
#1836 = AXIS2_PLACEMENT_3D ( 'NONE', #2507, #1364, #1757 ) ;
#1837 = FACE_OUTER_BOUND ( 'NONE', #4172, .T. ) ;
#1838 = DIRECTION ( 'NONE',  ( -1.000000000000000000, 9.854725885076845551E-16, 0.0000000000000000000 ) ) ;
#1839 = CARTESIAN_POINT ( 'NONE',  ( 4.700000000000000178, -5.550000000781570186, 0.4999999999999830136 ) ) ;
#1840 = COLOUR_RGB ( '',0.2862745098039215508, 0.6431372549019607199, 0.8666666666666666963 ) ;
#1841 = DIRECTION ( 'NONE',  ( 1.794541526872530066E-14, -1.794571435898010095E-14, -1.000000000000000000 ) ) ;
#1842 = CARTESIAN_POINT ( 'NONE',  ( 5.500000000000000000, -2.500000000000000000, -9.660000000000000142 ) ) ;
#1843 = CARTESIAN_POINT ( 'NONE',  ( 4.400000000000000355, 12.94521071640309984, 1.645574208358129953 ) ) ;
#1844 = ORIENTED_EDGE ( 'NONE', *, *, #3086, .T. ) ;
#1845 = LINE ( 'NONE', #2177, #4694 ) ;
#1846 = APPLICATION_CONTEXT ( 'automotive_design' ) ;
#1847 = ADVANCED_FACE ( 'NONE', ( #3785 ), #1679, .T. ) ;
#1848 = EDGE_CURVE ( 'NONE', #633, #851, #568, .T. ) ;
#1849 = ORIENTED_EDGE ( 'NONE', *, *, #1762, .T. ) ;
#1850 = VECTOR ( 'NONE', #2643, 1000.000000000000000 ) ;
#1851 = DIRECTION ( 'NONE',  ( -1.794541526872530066E-14, 1.889646980599320192E-14, 1.000000000000000000 ) ) ;
#1852 =( NAMED_UNIT ( * ) PLANE_ANGLE_UNIT ( ) SI_UNIT ( $, .RADIAN. ) );
#1853 = VERTEX_POINT ( 'NONE', #499 ) ;
#1854 = CARTESIAN_POINT ( 'NONE',  ( 10.20000000000020002, 0.0000000000000000000, -10.66000000000000014 ) ) ;
#1855 = DIRECTION ( 'NONE',  ( 0.0000000000000000000, 0.0000000000000000000, 1.000000000000000000 ) ) ;
#1856 =( NAMED_UNIT ( * ) PLANE_ANGLE_UNIT ( ) SI_UNIT ( $, .RADIAN. ) );
#1857 = PRODUCT_DEFINITION_SHAPE ( 'NONE', 'NONE',  #2222 ) ;
#1858 =( GEOMETRIC_REPRESENTATION_CONTEXT ( 3 ) GLOBAL_UNCERTAINTY_ASSIGNED_CONTEXT ( ( #3430 ) ) GLOBAL_UNIT_ASSIGNED_CONTEXT ( ( #261, #3526, #2397 ) ) REPRESENTATION_CONTEXT ( 'NONE', 'WORKASPACE' ) );
#1859 = CARTESIAN_POINT ( 'NONE',  ( 5.200000000000000178, 12.86156426583980128, -3.365753203240964719 ) ) ;
#1860 = FACE_OUTER_BOUND ( 'NONE', #730, .T. ) ;
#1861 = CARTESIAN_POINT ( 'NONE',  ( 1.600000000000000089, 5.299999999999999822, 1.300000000000000044 ) ) ;
#1862 = FILL_AREA_STYLE_COLOUR ( '', #2699 ) ;
#1863 = VERTEX_POINT ( 'NONE', #1969 ) ;
#1864 = FACE_OUTER_BOUND ( 'NONE', #1989, .T. ) ;
#1865 = FACE_OUTER_BOUND ( 'NONE', #3964, .T. ) ;
#1866 = CIRCLE ( 'NONE', #3092, 1.827270781290140089 ) ;
#1867 = STYLED_ITEM ( 'NONE', ( #2720 ), #799 ) ;
#1868 = CARTESIAN_POINT ( 'NONE',  ( 4.400000000000000355, 12.65081076366930013, -8.420564534211351315 ) ) ;
#1869 = SURFACE_SIDE_STYLE ('',( #2567 ) ) ;
#1870 = VECTOR ( 'NONE', #587, 1000.000000000000000 ) ;
#1871 = EDGE_LOOP ( 'NONE', ( #1360, #167, #2331, #614, #4669, #2858 ) ) ;
#1872 = FILL_AREA_STYLE_COLOUR ( '', #3985 ) ;
#1873 = EDGE_LOOP ( 'NONE', ( #143, #1657, #3796, #2016 ) ) ;
#1874 =( GEOMETRIC_REPRESENTATION_CONTEXT ( 3 ) GLOBAL_UNCERTAINTY_ASSIGNED_CONTEXT ( ( #4677 ) ) GLOBAL_UNIT_ASSIGNED_CONTEXT ( ( #3636, #4327, #1120 ) ) REPRESENTATION_CONTEXT ( 'NONE', 'WORKASPACE' ) );
#1875 = ORIENTED_EDGE ( 'NONE', *, *, #4372, .F. ) ;
#1876 = LINE ( 'NONE', #3707, #1119 ) ;
#1877 = PLANE ( 'NONE',  #3168 ) ;
#1878 = CARTESIAN_POINT ( 'NONE',  ( 0.6587564434701790317, 0.0000000000000000000, 2.140000000000000124 ) ) ;
#1879 = ADVANCED_FACE ( 'NONE', ( #2787 ), #3846, .T. ) ;
#1880 = AXIS2_PLACEMENT_3D ( 'NONE', #2669, #3653, #1539 ) ;
#1881 =( GEOMETRIC_REPRESENTATION_CONTEXT ( 3 ) GLOBAL_UNCERTAINTY_ASSIGNED_CONTEXT ( ( #232 ) ) GLOBAL_UNIT_ASSIGNED_CONTEXT ( ( #356, #765, #72 ) ) REPRESENTATION_CONTEXT ( 'NONE', 'WORKASPACE' ) );
#1882 = CARTESIAN_POINT ( 'NONE',  ( 8.051243556529820822, 6.700000000000000178, -12.69999999999999929 ) ) ;
#1883 = EDGE_CURVE ( 'NONE', #4622, #3776, #3379, .T. ) ;
#1884 = LINE ( 'NONE', #455, #1606 ) ;
#1885 = EDGE_CURVE ( 'NONE', #1863, #3494, #3417, .T. ) ;
#1886 = DIRECTION ( 'NONE',  ( -0.8660254037844384856, 0.0000000000000000000, 0.5000000000000003331 ) ) ;
#1887 = ORIENTED_EDGE ( 'NONE', *, *, #2999, .T. ) ;
#1888 = CARTESIAN_POINT ( 'NONE',  ( 1.498756443470180111, 6.571530087363139828E-15, -3.779999999999999805 ) ) ;
#1889 = ORIENTED_EDGE ( 'NONE', *, *, #2033, .T. ) ;
#1890 = DIRECTION ( 'NONE',  ( 0.0000000000000000000, 1.000000000000000000, 0.0000000000000000000 ) ) ;
#1891 = CARTESIAN_POINT ( 'NONE',  ( 4.400000000000000355, 12.75618793725189981, -11.88684466442069976 ) ) ;
#1892 = APPLICATION_PROTOCOL_DEFINITION ( 'draft international standard', 'automotive_design', 1998, #4298 ) ;
#1893 = ORIENTED_EDGE ( 'NONE', *, *, #857, .F. ) ;
#1894 = LINE ( 'NONE', #2253, #4375 ) ;
#1895 = ORIENTED_EDGE ( 'NONE', *, *, #4279, .T. ) ;
#1896 = ORIENTED_EDGE ( 'NONE', *, *, #3930, .F. ) ;
#1897 = FILL_AREA_STYLE ('',( #2956 ) ) ;
#1898 =( NAMED_UNIT ( * ) SI_UNIT ( $, .STERADIAN. ) SOLID_ANGLE_UNIT ( ) );
#1899 = LINE ( 'NONE', #4100, #4236 ) ;
#1900 = DIRECTION ( 'NONE',  ( 0.0000000000000000000, 1.000000000000000000, 0.0000000000000000000 ) ) ;
#1901 = FACE_BOUND ( 'NONE', #3552, .T. ) ;
#1902 = DIRECTION ( 'NONE',  ( -1.000000000000000000, 0.0000000000000000000, 0.0000000000000000000 ) ) ;
#1903 = LINE ( 'NONE', #4034, #3305 ) ;
#1904 =( GEOMETRIC_REPRESENTATION_CONTEXT ( 3 ) GLOBAL_UNCERTAINTY_ASSIGNED_CONTEXT ( ( #3662 ) ) GLOBAL_UNIT_ASSIGNED_CONTEXT ( ( #1170, #533, #1978 ) ) REPRESENTATION_CONTEXT ( 'NONE', 'WORKASPACE' ) );
#1905 = DIRECTION ( 'NONE',  ( -1.084202172485509956E-15, -1.000000000000000000, 2.093755841159289733E-31 ) ) ;
#1906 = CIRCLE ( 'NONE', #4127, 1.660966932452119682 ) ;
#1907 = DIRECTION ( 'NONE',  ( -1.259827545673939797E-16, 1.000000000000000000, 0.0000000000000000000 ) ) ;
#1908 = EDGE_CURVE ( 'NONE', #3252, #1602, #2017, .T. ) ;
#1909 = VERTEX_POINT ( 'NONE', #3049 ) ;
#1910 = EDGE_CURVE ( 'NONE', #1507, #1470, #3071, .T. ) ;
#1911 = DIRECTION ( 'NONE',  ( -0.6623263427464675113, 0.7132745229577346358, 0.2292668109507018381 ) ) ;
#1912 = UNCERTAINTY_MEASURE_WITH_UNIT (LENGTH_MEASURE( 1.000000000000000082E-05 ), #773, 'distance_accuracy_value', 'NONE');
#1913 = DIRECTION ( 'NONE',  ( -1.398970545142589993E-16, -1.000000000000000000, 0.0000000000000000000 ) ) ;
#1914 = CIRCLE ( 'NONE', #1460, 2.000000000000000000 ) ;
#1915 = DIRECTION ( 'NONE',  ( 1.000000000000000000, 0.0000000000000000000, 0.0000000000000000000 ) ) ;
#1916 = ORIENTED_EDGE ( 'NONE', *, *, #4401, .T. ) ;
#1917 = AXIS2_PLACEMENT_3D ( 'NONE', #747, #3256, #3624 ) ;
#1918 = VERTEX_POINT ( 'NONE', #198 ) ;
#1919 = DIRECTION ( 'NONE',  ( 1.000000000000000000, 0.0000000000000000000, 1.224646799147355919E-16 ) ) ;
#1920 = ORIENTED_EDGE ( 'NONE', *, *, #1668, .T. ) ;
#1921 = CARTESIAN_POINT ( 'NONE',  ( 5.200000000000000178, 12.14999999999999858, -6.879211327328460079 ) ) ;
#1922 = LINE ( 'NONE', #3510, #4517 ) ;
#1923 = ORIENTED_EDGE ( 'NONE', *, *, #4400, .T. ) ;
#1924 = DIRECTION ( 'NONE',  ( -1.000000000000000000, 1.171453342316279939E-15, 0.0000000000000000000 ) ) ;
#1925 = DIRECTION ( 'NONE',  ( -0.1617750270664809198, -0.9868276651055336579, 0.0000000000000000000 ) ) ;
#1926 = FACE_OUTER_BOUND ( 'NONE', #4123, .T. ) ;
#1927 = CARTESIAN_POINT ( 'NONE',  ( 5.200000000000000178, 12.94022597148092224, -8.501977066806416516 ) ) ;
#1928 =( LENGTH_UNIT ( ) NAMED_UNIT ( * ) SI_UNIT ( .MILLI., .METRE. ) );
#1929 = AXIS2_PLACEMENT_3D ( 'NONE', #4160, #2685, #3016 ) ;
#1930 = ORIENTED_EDGE ( 'NONE', *, *, #656, .T. ) ;
#1931 = SURFACE_STYLE_FILL_AREA ( #3059 ) ;
#1932 = CARTESIAN_POINT ( 'NONE',  ( 1.300000000000000044, 2.299999999999999822, -1.300000000000000044 ) ) ;
#1934 = VECTOR ( 'NONE', #808, 1000.000000000000114 ) ;
#1933 = CARTESIAN_POINT ( 'NONE',  ( 0.5317393842484600119, 0.0000000000000000000, 1.920000000000000151 ) ) ;
#1935 = EDGE_CURVE ( 'NONE', #4454, #3275, #4558, .T. ) ;
#1936 = EDGE_CURVE ( 'NONE', #3601, #3197, #1107, .T. ) ;
#1937 = CARTESIAN_POINT ( 'NONE',  ( 5.200000000000000178, 12.87251425528491211, -6.792937712263700689 ) ) ;
#1938 = PRESENTATION_LAYER_ASSIGNMENT (  '', '', ( #3309 ) ) ;
#1939 = ORIENTED_EDGE ( 'NONE', *, *, #4627, .F. ) ;
#1940 = AXIS2_PLACEMENT_3D ( 'NONE', #3272, #1153, #2924 ) ;
#1941 = LINE ( 'NONE', #895, #3247 ) ;
#1942 = ADVANCED_FACE ( 'NONE', ( #3397 ), #4582, .F. ) ;
#1943 = CIRCLE ( 'NONE', #415, 2.000000000000000000 ) ;
#1944 = EDGE_CURVE ( 'NONE', #183, #4316, #2759, .T. ) ;
#1945 = AXIS2_PLACEMENT_3D ( 'NONE', #1579, #162, #3841 ) ;
#1946 = ORIENTED_EDGE ( 'NONE', *, *, #454, .F. ) ;
#1947 = DIRECTION ( 'NONE',  ( 1.000000000000000000, -9.912705577010326536E-16, 0.0000000000000000000 ) ) ;
#1948 = CARTESIAN_POINT ( 'NONE',  ( 1.026809279963680002E-14, 6.700000000000000178, -8.859999999999999432 ) ) ;
#1949 = PLANE ( 'NONE',  #474 ) ;
#1950 = VERTEX_POINT ( 'NONE', #2721 ) ;
#1951 = VECTOR ( 'NONE', #2408, 1000.000000000000227 ) ;
#1952 = LINE ( 'NONE', #3804, #4615 ) ;
#1953 = CYLINDRICAL_SURFACE ( 'NONE', #3700, 2.000000000000000000 ) ;
#1954 = SURFACE_STYLE_FILL_AREA ( #64 ) ;
#1955 = CARTESIAN_POINT ( 'NONE',  ( 5.500000000000000000, -5.550000000781570186, -9.660000000000000142 ) ) ;
#1956 =( LENGTH_UNIT ( ) NAMED_UNIT ( * ) SI_UNIT ( .MILLI., .METRE. ) );
#1957 = CARTESIAN_POINT ( 'NONE',  ( 4.799999999999999822, 14.09999999999999964, -10.16000000000000014 ) ) ;
#1958 = STYLED_ITEM ( 'NONE', ( #2609 ), #3169 ) ;
#1959 =( NAMED_UNIT ( * ) SI_UNIT ( $, .STERADIAN. ) SOLID_ANGLE_UNIT ( ) );
#1960 = DIRECTION ( 'NONE',  ( 0.0000000000000000000, 0.0000000000000000000, -1.000000000000000000 ) ) ;
#1961 = PRESENTATION_STYLE_ASSIGNMENT (( #2990 ) ) ;
#1962 = UNCERTAINTY_MEASURE_WITH_UNIT (LENGTH_MEASURE( 1.000000000000000082E-05 ), #206, 'distance_accuracy_value', 'NONE');
#1963 = SURFACE_SIDE_STYLE ('',( #4546 ) ) ;
#1964 = ORIENTED_EDGE ( 'NONE', *, *, #2229, .F. ) ;
#1965 = CARTESIAN_POINT ( 'NONE',  ( 4.400000000000000355, 12.94521071640309984, -3.434425791641869896 ) ) ;
#1966 = CARTESIAN_POINT ( 'NONE',  ( 5.200000000000000178, 12.92009370453263983, -1.685475017927984931 ) ) ;
#1967 = EDGE_CURVE ( 'NONE', #2837, #650, #342, .T. ) ;
#1968 = ADVANCED_FACE ( 'NONE', ( #1586 ), #1231, .T. ) ;
#1969 = CARTESIAN_POINT ( 'NONE',  ( 1.845166604983960124, 0.0000000000000000000, -13.29999999999999893 ) ) ;
#1970 = LINE ( 'NONE', #4530, #3585 ) ;
#1971 = VERTEX_POINT ( 'NONE', #871 ) ;
#1972 = FILL_AREA_STYLE ('',( #807 ) ) ;
#1973 = CARTESIAN_POINT ( 'NONE',  ( 1.300000000000000044, 2.299999999999999822, -8.859999999999999432 ) ) ;
#1974 = PLANE ( 'NONE',  #1179 ) ;
#1975 = DIRECTION ( 'NONE',  ( -2.153210529380050820E-16, -0.9805806756909203337, -0.1961161351381830731 ) ) ;
#1976 = CIRCLE ( 'NONE', #4647, 1.898658176328949843 ) ;
#1977 = DIRECTION ( 'NONE',  ( -1.000000000000000000, 5.367298825220009764E-33, -1.794541526872530066E-14 ) ) ;
#1978 =( NAMED_UNIT ( * ) SI_UNIT ( $, .STERADIAN. ) SOLID_ANGLE_UNIT ( ) );
#1979 =( LENGTH_UNIT ( ) NAMED_UNIT ( * ) SI_UNIT ( .MILLI., .METRE. ) );
#1980 = FILL_AREA_STYLE_COLOUR ( '', #4382 ) ;
#1981 = CARTESIAN_POINT ( 'NONE',  ( 3.039703979383406196, 12.86156426583980306, -10.16000000000000014 ) ) ;
#1982 = VECTOR ( 'NONE', #833, 1000.000000000000000 ) ;
#1983 = EDGE_LOOP ( 'NONE', ( #3343, #2649, #1518, #3164 ) ) ;
#1984 = DIRECTION ( 'NONE',  ( -1.000000000000000000, 0.0000000000000000000, 0.0000000000000000000 ) ) ;
#1985 = MECHANICAL_DESIGN_GEOMETRIC_PRESENTATION_REPRESENTATION (  '', ( #4356 ), #1226 ) ;
#1986 = PLANE ( 'NONE',  #263 ) ;
#1987 = EDGE_LOOP ( 'NONE', ( #3188, #3073, #4247, #3824, #1464, #4640 ) ) ;
#1988 = CARTESIAN_POINT ( 'NONE',  ( 5.200000000000000178, 12.94798944267146190, 1.635789504933065519 ) ) ;
#1989 = EDGE_LOOP ( 'NONE', ( #2988, #2789, #1743, #543 ) ) ;
#1990 = VERTEX_POINT ( 'NONE', #2337 ) ;
#1991 = DIRECTION ( 'NONE',  ( -1.931148907734990011E-16, 0.0000000000000000000, -1.000000000000000000 ) ) ;
#1992 = ORIENTED_EDGE ( 'NONE', *, *, #1510, .F. ) ;
#1993 = EDGE_CURVE ( 'NONE', #3003, #3043, #1184, .T. ) ;
#1994 = EDGE_CURVE ( 'NONE', #1347, #2108, #4624, .T. ) ;
#1995 = FACE_OUTER_BOUND ( 'NONE', #4411, .T. ) ;
#1996 = CARTESIAN_POINT ( 'NONE',  ( 6.799999999999999822, 11.61764705882350057, -5.080000000000000071 ) ) ;
#1997 = ORIENTED_EDGE ( 'NONE', *, *, #4104, .F. ) ;
#1998 = DIRECTION ( 'NONE',  ( 1.000000000000000000, -9.411788633772680037E-16, 0.0000000000000000000 ) ) ;
#1999 = CARTESIAN_POINT ( 'NONE',  ( 5.200000000000000178, 12.75618793725309885, -6.806844664425970137 ) ) ;
#2000 = UNCERTAINTY_MEASURE_WITH_UNIT (LENGTH_MEASURE( 1.000000000000000082E-05 ), #4006, 'distance_accuracy_value', 'NONE');
#2001 = CARTESIAN_POINT ( 'NONE',  ( 5.200000000000000178, 12.92695981187408094, -8.482202841123109849 ) ) ;
#2002 = EDGE_CURVE ( 'NONE', #3234, #3718, #1430, .T. ) ;
#2003 = FILL_AREA_STYLE ('',( #1664 ) ) ;
#2004 = SURFACE_STYLE_USAGE ( .BOTH. , #1963 ) ;
#2005 = CARTESIAN_POINT ( 'NONE',  ( 5.200000000000000178, 12.86156426584003931, -6.794246796759010110 ) ) ;
#2006 = CARTESIAN_POINT ( 'NONE',  ( 4.799999999999999822, 12.94999999999999929, -10.16000000000000014 ) ) ;
#2007 = ORIENTED_EDGE ( 'NONE', *, *, #4602, .T. ) ;
#2008 = STYLED_ITEM ( 'NONE', ( #4711 ), #985 ) ;
#2009 = STYLED_ITEM ( 'NONE', ( #1547 ), #245 ) ;
#2010 = CARTESIAN_POINT ( 'NONE',  ( 3.039703979383406196, 12.86156426583980306, 0.0000000000000000000 ) ) ;
#2011 = VECTOR ( 'NONE', #4107, 1000.000000000000000 ) ;
#2012 = MECHANICAL_DESIGN_GEOMETRIC_PRESENTATION_REPRESENTATION (  '', ( #3011 ), #4688 ) ;
#2013 = EDGE_LOOP ( 'NONE', ( #2839, #3701, #1378, #1607 ) ) ;
#2014 = CARTESIAN_POINT ( 'NONE',  ( 4.799999999999999822, 11.59999999999999964, 0.0000000000000000000 ) ) ;
#2015 = VERTEX_POINT ( 'NONE', #3602 ) ;
#2016 = ORIENTED_EDGE ( 'NONE', *, *, #2933, .T. ) ;
#2017 = LINE ( 'NONE', #3102, #111 ) ;
#2018 = VECTOR ( 'NONE', #1829, 1000.000000000000000 ) ;
#2019 = VERTEX_POINT ( 'NONE', #2085 ) ;
#2020 = LINE ( 'NONE', #3145, #2624 ) ;
#2021 = VECTOR ( 'NONE', #4096, 1000.000000000000000 ) ;
#2022 = ORIENTED_EDGE ( 'NONE', *, *, #824, .T. ) ;
#2023 = DIRECTION ( 'NONE',  ( 0.0000000000000000000, 0.0000000000000000000, 1.000000000000000000 ) ) ;
#2024 = CARTESIAN_POINT ( 'NONE',  ( 6.627270781290139468, 11.49572055149890026, -5.080000000000000071 ) ) ;
#2025 = EDGE_CURVE ( 'NONE', #2042, #2735, #1943, .T. ) ;
#2027 = MECHANICAL_DESIGN_GEOMETRIC_PRESENTATION_REPRESENTATION (  '', ( #1270 ), #4619 ) ;
#2026 = SURFACE_SIDE_STYLE ('',( #156 ) ) ;
#2028 = ORIENTED_EDGE ( 'NONE', *, *, #4164, .T. ) ;
#2029 = MECHANICAL_DESIGN_GEOMETRIC_PRESENTATION_REPRESENTATION (  '', ( #4248 ), #3779 ) ;
#2030 =( NAMED_UNIT ( * ) PLANE_ANGLE_UNIT ( ) SI_UNIT ( $, .RADIAN. ) );
#2031 = DIRECTION ( 'NONE',  ( -1.000000000000000000, 0.0000000000000000000, 0.0000000000000000000 ) ) ;
#2032 = ADVANCED_FACE ( 'NONE', ( #1802 ), #2501, .T. ) ;
#2033 = EDGE_CURVE ( 'NONE', #1257, #2944, #1370, .T. ) ;
#2034 = SURFACE_SIDE_STYLE ('',( #74 ) ) ;
#2035 = CARTESIAN_POINT ( 'NONE',  ( 0.9012435565298219098, 7.100000000000000533, -12.69999999999999929 ) ) ;
#2036 = SURFACE_STYLE_USAGE ( .BOTH. , #3091 ) ;
#2037 = ORIENTED_EDGE ( 'NONE', *, *, #572, .F. ) ;
#2038 = SURFACE_STYLE_FILL_AREA ( #586 ) ;
#2039 = CARTESIAN_POINT ( 'NONE',  ( 4.799999999999999822, 12.94999999999999929, -5.080000000000000071 ) ) ;
#2040 = ORIENTED_EDGE ( 'NONE', *, *, #3780, .T. ) ;
#2041 = DIRECTION ( 'NONE',  ( 0.0000000000000000000, 0.0000000000000000000, -1.000000000000000000 ) ) ;
#2042 = VERTEX_POINT ( 'NONE', #632 ) ;
#2043 = ORIENTED_EDGE ( 'NONE', *, *, #3274, .T. ) ;
#2044 = DIRECTION ( 'NONE',  ( -1.224646799147353207E-16, 1.434616586018100824E-31, 1.000000000000000000 ) ) ;
#2045 = ORIENTED_EDGE ( 'NONE', *, *, #3512, .F. ) ;
#2046 = LINE ( 'NONE', #3907, #425 ) ;
#2047 = DIRECTION ( 'NONE',  ( 1.171453342316279939E-15, 1.000000000000000000, 0.0000000000000000000 ) ) ;
#2048 = CARTESIAN_POINT ( 'NONE',  ( 4.400000000000000355, 12.92695981187409870, -11.83779715887686024 ) ) ;
#2049 =( NAMED_UNIT ( * ) PLANE_ANGLE_UNIT ( ) SI_UNIT ( $, .RADIAN. ) );
#2050 = CARTESIAN_POINT ( 'NONE',  ( 8.882583302491980248, 6.700000000000000178, -13.10500000000000043 ) ) ;
#2051 = LINE ( 'NONE', #47, #531 ) ;
#2052 =( LENGTH_UNIT ( ) NAMED_UNIT ( * ) SI_UNIT ( .MILLI., .METRE. ) );
#2053 = FILL_AREA_STYLE ('',( #3868 ) ) ;
#2054 = EDGE_CURVE ( 'NONE', #3419, #2837, #2942, .T. ) ;
#2055 = ADVANCED_FACE ( 'NONE', ( #4667 ), #3538, .T. ) ;
#2056 = ORIENTED_EDGE ( 'NONE', *, *, #4574, .F. ) ;
#2057 = CARTESIAN_POINT ( 'NONE',  ( 4.700000000000000178, -2.500000000000000000, -9.660000000000000142 ) ) ;
#2058 = FACE_OUTER_BOUND ( 'NONE', #4338, .T. ) ;
#2059 = DIRECTION ( 'NONE',  ( -1.000000000000000000, 1.171453342316279939E-15, 0.0000000000000000000 ) ) ;
#2060 = B_SPLINE_CURVE_WITH_KNOTS ( 'NONE', 3,
 ( #461, #3387, #767, #1868, #3019, #4062 ),
 .UNSPECIFIED., .F., .F.,
 ( 4, 2, 4 ),
 ( 0.0000000000000000000, 0.5557190870564419072, 1.000000000000000000 ),
 .UNSPECIFIED. ) ;
#2061 = ORIENTED_EDGE ( 'NONE', *, *, #1935, .T. ) ;
#2062 = AXIS2_PLACEMENT_3D ( 'NONE', #96, #4427, #1841 ) ;
#2063 = ORIENTED_EDGE ( 'NONE', *, *, #71, .T. ) ;
#2064 = EDGE_LOOP ( 'NONE', ( #619, #1039, #3000, #312 ) ) ;
#2065 = CARTESIAN_POINT ( 'NONE',  ( 4.799999999999999822, 11.49572055149890026, -10.16000000000000014 ) ) ;
#2066 = ORIENTED_EDGE ( 'NONE', *, *, #3686, .F. ) ;
#2067 = AXIS2_PLACEMENT_3D ( 'NONE', #3691, #352, #3354 ) ;
#2068 = ORIENTED_EDGE ( 'NONE', *, *, #3167, .T. ) ;
#2069 = VERTEX_POINT ( 'NONE', #3975 ) ;
#2070 = SURFACE_STYLE_USAGE ( .BOTH. , #2410 ) ;
#2071 = PLANE ( 'NONE',  #4014 ) ;
#2072 = CARTESIAN_POINT ( 'NONE',  ( 5.500000000000000000, -3.500000000000000000, -0.2999999999999999889 ) ) ;
#2073 = DIRECTION ( 'NONE',  ( -0.6623263427464677333, 0.7132745229577347468, 0.2292668109507008944 ) ) ;
#2074 = DIRECTION ( 'NONE',  ( 0.0000000000000000000, -0.0000000000000000000, -1.000000000000000000 ) ) ;
#2075 = DIRECTION ( 'NONE',  ( 0.0000000000000000000, -1.000000000000000000, 0.0000000000000000000 ) ) ;
#2076 = CARTESIAN_POINT ( 'NONE',  ( 4.400000000000000355, 12.28181210550289926, -6.863490592976040361 ) ) ;
#2077 =( GEOMETRIC_REPRESENTATION_CONTEXT ( 3 ) GLOBAL_UNCERTAINTY_ASSIGNED_CONTEXT ( ( #3482 ) ) GLOBAL_UNIT_ASSIGNED_CONTEXT ( ( #2972, #4064, #1465 ) ) REPRESENTATION_CONTEXT ( 'NONE', 'WORKASPACE' ) );
#2078 = CARTESIAN_POINT ( 'NONE',  ( 1.498756443470180111, 2.299999999999999822, 1.300000000000000044 ) ) ;
#2079 = ADVANCED_FACE ( 'NONE', ( #3927 ), #1773, .T. ) ;
#2080 = ADVANCED_FACE ( 'NONE', ( #3556 ), #4268, .T. ) ;
#2081 = LINE ( 'NONE', #3513, #2709 ) ;
#2082 = MECHANICAL_DESIGN_GEOMETRIC_PRESENTATION_REPRESENTATION (  '', ( #2008 ), #2234 ) ;
#2083 = VERTEX_POINT ( 'NONE', #2571 ) ;
#2084 = EDGE_LOOP ( 'NONE', ( #3372, #3534, #4319, #1205 ) ) ;
#2085 = CARTESIAN_POINT ( 'NONE',  ( 0.5548333950160490025, 0.0000000000000000000, -13.29999999999999893 ) ) ;
#2086 = EDGE_CURVE ( 'NONE', #287, #4606, #2641, .T. ) ;
#2087 = EDGE_CURVE ( 'NONE', #3822, #1445, #1536, .T. ) ;
#2088 = AXIS2_PLACEMENT_3D ( 'NONE', #1367, #3790, #2031 ) ;
#2089 = ORIENTED_EDGE ( 'NONE', *, *, #1994, .F. ) ;
#2090 = PRESENTATION_LAYER_ASSIGNMENT (  '', '', ( #2236 ) ) ;
#2091 = FACE_OUTER_BOUND ( 'NONE', #3140, .T. ) ;
#2092 = ORIENTED_EDGE ( 'NONE', *, *, #2118, .F. ) ;
#2093 = LINE ( 'NONE', #2435, #4623 ) ;
#2094 = ORIENTED_EDGE ( 'NONE', *, *, #4459, .T. ) ;
#2095 = COLOUR_RGB ( '',0.2862745098039215508, 0.6431372549019607199, 0.8666666666666666963 ) ;
#2096 = DIRECTION ( 'NONE',  ( -1.000000000000000000, 9.136576017758445997E-16, 0.0000000000000000000 ) ) ;
#2097 = CONICAL_SURFACE ( 'NONE', #3018, 1.749999999999999778, 0.1159019744065879071 ) ;
#2098 =( REPRESENTATION_RELATIONSHIP ('NONE','NONE', #410, #3667 ) REPRESENTATION_RELATIONSHIP_WITH_TRANSFORMATION ( #838 )SHAPE_REPRESENTATION_RELATIONSHIP( ) );
#2099 = CARTESIAN_POINT ( 'NONE',  ( 1.300000000000000044, 2.299999999999999822, 1.300000000000000044 ) ) ;
#2100 = CARTESIAN_POINT ( 'NONE',  ( 4.400000000000000355, 12.94798944267145835, -11.79578950493302614 ) ) ;
#2101 = CIRCLE ( 'NONE', #1418, 1.898658176328949843 ) ;
#2102 = DIRECTION ( 'NONE',  ( 0.5000000000000003331, 0.0000000000000000000, 0.8660254037844384856 ) ) ;
#2103 =( LENGTH_UNIT ( ) NAMED_UNIT ( * ) SI_UNIT ( .MILLI., .METRE. ) );
#2104 = CARTESIAN_POINT ( 'NONE',  ( 4.700000000000000178, 0.1499999992184100073, -5.580000000000119975 ) ) ;
#2105 = CARTESIAN_POINT ( 'NONE',  ( 8.648756443470182020, 0.0000000000000000000, -12.69999999999999929 ) ) ;
#2106 = AXIS2_PLACEMENT_3D ( 'NONE', #3588, #2556, #2489 ) ;
#2107 = ORIENTED_EDGE ( 'NONE', *, *, #2999, .F. ) ;
#2108 = VERTEX_POINT ( 'NONE', #3366 ) ;
#2109 = CARTESIAN_POINT ( 'NONE',  ( 5.200000000000000178, 12.94779737082445337, -11.79645634532768916 ) ) ;
#2110 = SURFACE_SIDE_STYLE ('',( #1105 ) ) ;
#2111 = LINE ( 'NONE', #3553, #4613 ) ;
#2112 = PRESENTATION_LAYER_ASSIGNMENT (  '', '', ( #1202 ) ) ;
#2113 = ORIENTED_EDGE ( 'NONE', *, *, #3649, .F. ) ;
#2114 = ORIENTED_EDGE ( 'NONE', *, *, #1425, .F. ) ;
#2115 = SURFACE_STYLE_FILL_AREA ( #2816 ) ;
#2116 = VERTEX_POINT ( 'NONE', #4434 ) ;
#2117 = EDGE_CURVE ( 'NONE', #3990, #344, #4412, .T. ) ;
#2118 = EDGE_CURVE ( 'NONE', #4606, #361, #2101, .T. ) ;
#2119 = EDGE_LOOP ( 'NONE', ( #1946, #364, #2089, #2878 ) ) ;
#2120 = CARTESIAN_POINT ( 'NONE',  ( 4.400000000000000355, 12.14999999999999858, 1.959999999999999964 ) ) ;
#2121 = DIRECTION ( 'NONE',  ( 1.171453342316279939E-15, 1.000000000000000000, 0.0000000000000000000 ) ) ;
#2122 = CARTESIAN_POINT ( 'NONE',  ( 4.799999999999999822, 12.14999999999999858, 0.0000000000000000000 ) ) ;
#2123 = CARTESIAN_POINT ( 'NONE',  ( 4.400000000000000355, 12.86414866789779232, -11.87393782836406686 ) ) ;
#2124 = FACE_OUTER_BOUND ( 'NONE', #4628, .T. ) ;
#2125 = DIRECTION ( 'NONE',  ( -0.9449860734402583118, 0.0000000000000000000, -0.3271105638831660611 ) ) ;
#2126 = CARTESIAN_POINT ( 'NONE',  ( 1.600000000000000089, 5.299999999999999822, -8.859999999999999432 ) ) ;
#2127 = CARTESIAN_POINT ( 'NONE',  ( 5.500000000000000000, -3.500000000000000000, -0.08000000000000000167 ) ) ;
#2128 = DIRECTION ( 'NONE',  ( 0.0000000000000000000, 0.0000000000000000000, 1.000000000000000000 ) ) ;
#2129 = VECTOR ( 'NONE', #114, 1000.000000000000000 ) ;
#2130 = VERTEX_POINT ( 'NONE', #57 ) ;
#2131 = CIRCLE ( 'NONE', #2289, 1.843139007342379898 ) ;
#2132 = ORIENTED_EDGE ( 'NONE', *, *, #572, .T. ) ;
#2133 = SURFACE_SIDE_STYLE ('',( #681 ) ) ;
#2134 = ORIENTED_EDGE ( 'NONE', *, *, #3715, .T. ) ;
#2135 = PLANE ( 'NONE',  #2484 ) ;
#2136 = STYLED_ITEM ( 'NONE', ( #1505 ), #4311 ) ;
#2137 = EDGE_CURVE ( 'NONE', #1853, #3822, #1111, .T. ) ;
#2138 = CARTESIAN_POINT ( 'NONE',  ( 1.026809279963680002E-14, 6.700000000000000178, -8.410000000000000142 ) ) ;
#2139 = ADVANCED_FACE ( 'NONE', ( #2617 ), #1557, .T. ) ;
#2140 = COLOUR_RGB ( '',0.7921568627450980005, 0.8196078431372548767, 0.9333333333333333481 ) ;
#2141 = CARTESIAN_POINT ( 'NONE',  ( 4.799999999999999822, 11.65000000000000036, 0.0000000000000000000 ) ) ;
#2142 = CARTESIAN_POINT ( 'NONE',  ( 8.995166604983959147, 7.100000000000000533, -13.29999999999999893 ) ) ;
#2143 = PRESENTATION_STYLE_ASSIGNMENT (( #1739 ) ) ;
#2144 = EDGE_CURVE ( 'NONE', #1420, #1588, #1820, .T. ) ;
#2145 = MECHANICAL_DESIGN_GEOMETRIC_PRESENTATION_REPRESENTATION (  '', ( #4364 ), #697 ) ;
#2146 = LINE ( 'NONE', #2537, #3835 ) ;
#2147 = PLANE ( 'NONE',  #4483 ) ;
#2148 = ORIENTED_EDGE ( 'NONE', *, *, #2500, .F. ) ;
#2149 = CARTESIAN_POINT ( 'NONE',  ( 0.0000000000000000000, 0.0000000000000000000, 25.39999999999999858 ) ) ;
#2150 = CARTESIAN_POINT ( 'NONE',  ( 6.799999999999999822, 14.09999999999999964, -10.16000000000000014 ) ) ;
#2151 = VERTEX_POINT ( 'NONE', #385 ) ;
#2152 = ORIENTED_EDGE ( 'NONE', *, *, #2791, .F. ) ;
#2153 = VERTEX_POINT ( 'NONE', #796 ) ;
#2154 = DIRECTION ( 'NONE',  ( 0.0000000000000000000, -0.9805806756909204447, -0.1961161351381831008 ) ) ;
#2155 = MECHANICAL_DESIGN_GEOMETRIC_PRESENTATION_REPRESENTATION (  '', ( #1477 ), #491 ) ;
#2156 = PRESENTATION_LAYER_ASSIGNMENT (  '', '', ( #4229 ) ) ;
#2157 = ORIENTED_EDGE ( 'NONE', *, *, #4602, .F. ) ;
#2158 = MECHANICAL_DESIGN_GEOMETRIC_PRESENTATION_REPRESENTATION (  '', ( #3917 ), #4077 ) ;
#2159 = AXIS2_PLACEMENT_3D ( 'NONE', #1957, #427, #2659 ) ;
#2160 = CARTESIAN_POINT ( 'NONE',  ( 4.400000000000000355, 12.93435702003183962, -1.668631667045463729 ) ) ;
#2161 = EDGE_CURVE ( 'NONE', #2108, #4585, #1845, .T. ) ;
#2162 = CARTESIAN_POINT ( 'NONE',  ( 5.200000000000000178, 12.14999999999999858, -11.95921132732850012 ) ) ;
#2163 = PLANE ( 'NONE',  #717 ) ;
#2165 = PRESENTATION_LAYER_ASSIGNMENT (  '', '', ( #802 ) ) ;
#2164 =( NAMED_UNIT ( * ) PLANE_ANGLE_UNIT ( ) SI_UNIT ( $, .RADIAN. ) );
#2166 = COLOUR_RGB ( '',0.2862745098039215508, 0.6431372549019607199, 0.8666666666666666963 ) ;
#2167 = LINE ( 'NONE', #1415, #564 ) ;
#2168 =( LENGTH_UNIT ( ) NAMED_UNIT ( * ) SI_UNIT ( .MILLI., .METRE. ) );
#2169 = ADVANCED_FACE ( 'NONE', ( #2953 ), #1134, .F. ) ;
#2170 = EDGE_LOOP ( 'NONE', ( #3800, #3665 ) ) ;
#2171 = AXIS2_PLACEMENT_3D ( 'NONE', #4437, #3795, #778 ) ;
#2172 = EDGE_CURVE ( 'NONE', #120, #1516, #1264, .T. ) ;
#2173 = CARTESIAN_POINT ( 'NONE',  ( -0.5460910151691920067, 1.589964994165689927, 1.939031505250899956 ) ) ;
#2174 = EDGE_LOOP ( 'NONE', ( #3125, #3022, #749, #1844 ) ) ;
#2175 = EDGE_LOOP ( 'NONE', ( #1490, #1726, #194, #490 ) ) ;
#2176 = VERTEX_POINT ( 'NONE', #1581 ) ;
#2177 = CARTESIAN_POINT ( 'NONE',  ( 5.500000000000000000, -2.500000000000000000, -4.580000000000000071 ) ) ;
#2178 = MECHANICAL_DESIGN_GEOMETRIC_PRESENTATION_REPRESENTATION (  '', ( #3399 ), #1573 ) ;
#2179 = VERTEX_POINT ( 'NONE', #937 ) ;
#2180 = SURFACE_SIDE_STYLE ('',( #1115 ) ) ;
#2181 = CARTESIAN_POINT ( 'NONE',  ( 5.200000000000000178, 12.65081076366930013, -8.420564534211351315 ) ) ;
#2182 = ORIENTED_EDGE ( 'NONE', *, *, #4166, .F. ) ;
#2183 = CARTESIAN_POINT ( 'NONE',  ( 0.0000000000000000000, 0.0000000000000000000, -1.750000000000000000 ) ) ;
#2184 = MECHANICAL_DESIGN_GEOMETRIC_PRESENTATION_REPRESENTATION (  '', ( #1577 ), #3948 ) ;
#2185 = CARTESIAN_POINT ( 'NONE',  ( 9.018260615751540143, 0.0000000000000000000, 1.920000000000000151 ) ) ;
#2186 = LINE ( 'NONE', #3612, #2877 ) ;
#2187 = DIRECTION ( 'NONE',  ( 0.0000000000000000000, 0.0000000000000000000, -1.000000000000000000 ) ) ;
#2188 = CARTESIAN_POINT ( 'NONE',  ( 4.700000000000000178, 0.0000000000000000000, 0.4999999999998839817 ) ) ;
#2189 = PLANE ( 'NONE',  #4457 ) ;
#2190 = ORIENTED_EDGE ( 'NONE', *, *, #1425, .T. ) ;
#2191 = CARTESIAN_POINT ( 'NONE',  ( 5.200000000000000178, 12.94973344514885838, -1.620762266911184968 ) ) ;
#2192 = CARTESIAN_POINT ( 'NONE',  ( 1.498756443470180111, 6.700000000000000178, -12.69999999999999929 ) ) ;
#2193 = UNCERTAINTY_MEASURE_WITH_UNIT (LENGTH_MEASURE( 1.000000000000000082E-05 ), #2893, 'distance_accuracy_value', 'NONE');
#2194 = DIRECTION ( 'NONE',  ( 0.0000000000000000000, 0.0000000000000000000, -1.000000000000000000 ) ) ;
#2195 = EDGE_CURVE ( 'NONE', #4661, #2069, #493, .T. ) ;
#2196 = EDGE_CURVE ( 'NONE', #2226, #361, #1941, .T. ) ;
#2197 = DIRECTION ( 'NONE',  ( -1.000000000000000000, 0.0000000000000000000, 0.0000000000000000000 ) ) ;
#2198 = CARTESIAN_POINT ( 'NONE',  ( 4.400000000000000355, 12.92932356421409956, 1.675746692923149928 ) ) ;
#2199 = ORIENTED_EDGE ( 'NONE', *, *, #1816, .T. ) ;
#2200 = DIRECTION ( 'NONE',  ( -1.000000000000000000, 1.171453342316279939E-15, 5.517568307814269711E-16 ) ) ;
#2201 = ORIENTED_EDGE ( 'NONE', *, *, #986, .T. ) ;
#2202 = SURFACE_STYLE_FILL_AREA ( #414 ) ;
#2203 = PRESENTATION_STYLE_ASSIGNMENT (( #4029 ) ) ;
#2204 = EDGE_LOOP ( 'NONE', ( #4169, #795, #2671, #2107, #4345, #4668, #4267, #4278, #290, #4601, #1377, #3974, #991, #3516, #501, #2820, #1427, #2619, #2594, #4646 ) ) ;
#2205 = CARTESIAN_POINT ( 'NONE',  ( 5.200000000000000178, 12.28181210550289926, -11.94349059297599958 ) ) ;
#2206 = CIRCLE ( 'NONE', #2976, 1.898658176328949843 ) ;
#2207 = VECTOR ( 'NONE', #3288, 1000.000000000000000 ) ;
#2208 = DIRECTION ( 'NONE',  ( 0.0000000000000000000, -1.000000000000000000, 0.0000000000000000000 ) ) ;
#2209 = DIRECTION ( 'NONE',  ( -1.000000000000000000, 1.398970545142589993E-16, 0.0000000000000000000 ) ) ;
#2210 = COLOUR_RGB ( '',0.2862745098039215508, 0.6431372549019607199, 0.8666666666666666963 ) ;
#2211 = CARTESIAN_POINT ( 'NONE',  ( 4.799999999999999822, 12.86156426583980128, 0.0000000000000000000 ) ) ;
#2212 = CARTESIAN_POINT ( 'NONE',  ( 1.899999999999999911, 14.09999999999999964, 2.540000000000000036 ) ) ;
#2213 =( GEOMETRIC_REPRESENTATION_CONTEXT ( 3 ) GLOBAL_UNCERTAINTY_ASSIGNED_CONTEXT ( ( #2444 ) ) GLOBAL_UNIT_ASSIGNED_CONTEXT ( ( #1956, #3404, #929 ) ) REPRESENTATION_CONTEXT ( 'NONE', 'WORKASPACE' ) );
#2214 = CARTESIAN_POINT ( 'NONE',  ( 4.400000000000000355, 12.94999999999999929, -6.692082860990529625 ) ) ;
#2215 = ORIENTED_EDGE ( 'NONE', *, *, #4423, .T. ) ;
#2216 = DIRECTION ( 'NONE',  ( -1.398970545142589993E-16, -1.000000000000000000, 0.0000000000000000000 ) ) ;
#2217 = CARTESIAN_POINT ( 'NONE',  ( 2.972729218709859733, 11.49572055149890026, -2.343527455888579930E-16 ) ) ;
#2218 = CARTESIAN_POINT ( 'NONE',  ( 4.400000000000000355, 12.86156426583980128, -8.445753203240899509 ) ) ;
#2219 = CARTESIAN_POINT ( 'NONE',  ( 1.300000000000000044, 6.700000000000000178, -8.859999999999999432 ) ) ;
#2220 = EDGE_LOOP ( 'NONE', ( #3916, #2469, #1930, #3926, #4050, #2692, #3750, #2430 ) ) ;
#2221 = CARTESIAN_POINT ( 'NONE',  ( 4.799999999999999822, 14.09999999999999964, 0.0000000000000000000 ) ) ;
#2222 = PRODUCT_DEFINITION ( 'UNKNOWN', '', #4131, #4204 ) ;
#2223 = VERTEX_POINT ( 'NONE', #915 ) ;
#2224 = ADVANCED_FACE ( 'NONE', ( #2666 ), #1251, .F. ) ;
#2225 =( NAMED_UNIT ( * ) SI_UNIT ( $, .STERADIAN. ) SOLID_ANGLE_UNIT ( ) );
#2226 = VERTEX_POINT ( 'NONE', #2010 ) ;
#2227 = TOROIDAL_SURFACE ( 'NONE', #1399, 1.699999999999999956, 0.2000000000000000111 ) ;
#2228 = CARTESIAN_POINT ( 'NONE',  ( -0.5460910151691960035, 1.589964994165699919, -3.140968494749119877 ) ) ;
#2229 = EDGE_CURVE ( 'NONE', #3419, #1971, #420, .T. ) ;
#2230 = ADVANCED_FACE ( 'NONE', ( #2716 ), #1986, .T. ) ;
#2231 = FILL_AREA_STYLE_COLOUR ( '', #2095 ) ;
#2232 = CARTESIAN_POINT ( 'NONE',  ( 4.400000000000000355, 12.94022597148092224, -1.658022933193583848 ) ) ;
#2233 = FILL_AREA_STYLE ('',( #780 ) ) ;
#2234 =( GEOMETRIC_REPRESENTATION_CONTEXT ( 3 ) GLOBAL_UNCERTAINTY_ASSIGNED_CONTEXT ( ( #4113 ) ) GLOBAL_UNIT_ASSIGNED_CONTEXT ( ( #4307, #3227, #4380 ) ) REPRESENTATION_CONTEXT ( 'NONE', 'WORKASPACE' ) );
#2235 = CARTESIAN_POINT ( 'NONE',  ( 8.660303448853969854, 66.32999999999999829, 2.540000000000000036 ) ) ;
#2236 = STYLED_ITEM ( 'NONE', ( #4238 ), #318 ) ;
#2237 = CARTESIAN_POINT ( 'NONE',  ( 1.498756443470180111, 2.299999999999999822, 1.300000000000000044 ) ) ;
#2238 = DIRECTION ( 'NONE',  ( 1.000000000000000000, 0.0000000000000000000, 1.794541526872530066E-14 ) ) ;
#2239 = AXIS2_PLACEMENT_3D ( 'NONE', #963, #3895, #2422 ) ;
#2240 = SURFACE_STYLE_FILL_AREA ( #2660 ) ;
#2241 = ORIENTED_EDGE ( 'NONE', *, *, #382, .T. ) ;
#2242 = FILL_AREA_STYLE_COLOUR ( '', #2267 ) ;
#2243 = ORIENTED_EDGE ( 'NONE', *, *, #798, .T. ) ;
#2244 = CARTESIAN_POINT ( 'NONE',  ( 10.69999999999999929, -2.500000000000000000, -5.580000000000000071 ) ) ;
#2245 = ORIENTED_EDGE ( 'NONE', *, *, #2439, .F. ) ;
#2246 = AXIS2_PLACEMENT_3D ( 'NONE', #394, #1564, #3757 ) ;
#2247 = VECTOR ( 'NONE', #3063, 1000.000000000000000 ) ;
#2248 = UNCERTAINTY_MEASURE_WITH_UNIT (LENGTH_MEASURE( 1.000000000000000082E-05 ), #2168, 'distance_accuracy_value', 'NONE');
#2249 = CARTESIAN_POINT ( 'NONE',  ( 4.400000000000000355, 12.94521071640309984, -8.514425791641871299 ) ) ;
#2250 =( NAMED_UNIT ( * ) PLANE_ANGLE_UNIT ( ) SI_UNIT ( $, .RADIAN. ) );
#2251 = SURFACE_STYLE_FILL_AREA ( #2995 ) ;
#2252 = ORIENTED_EDGE ( 'NONE', *, *, #2591, .F. ) ;
#2253 = CARTESIAN_POINT ( 'NONE',  ( 5.500000000000000000, 0.1499999992184100073, -0.5000000000001049161 ) ) ;
#2254 = ORIENTED_EDGE ( 'NONE', *, *, #3537, .T. ) ;
#2255 = FILL_AREA_STYLE_COLOUR ( '', #580 ) ;
#2256 = MECHANICAL_DESIGN_GEOMETRIC_PRESENTATION_REPRESENTATION (  '', ( #3319 ), #1113 ) ;
#2257 = VERTEX_POINT ( 'NONE', #4170 ) ;
#2258 = FILL_AREA_STYLE_COLOUR ( '', #1196 ) ;
#2259 = CARTESIAN_POINT ( 'NONE',  ( 1.498756443470180111, 5.299999999999999822, -3.779999999999999805 ) ) ;
#2260 = CARTESIAN_POINT ( 'NONE',  ( 0.9012435565298219098, 7.100000000000000533, -12.69999999999999929 ) ) ;
#2262 = PRESENTATION_LAYER_ASSIGNMENT (  '', '', ( #3399 ) ) ;
#2261 = CARTESIAN_POINT ( 'NONE',  ( 4.799999999999999822, 14.09999999999999964, -5.080000000000000071 ) ) ;
#2263 = EDGE_CURVE ( 'NONE', #2824, #1347, #4503, .T. ) ;
#2264 = EDGE_CURVE ( 'NONE', #1247, #3878, #3578, .T. ) ;
#2265 = CARTESIAN_POINT ( 'NONE',  ( 1.300000000000000044, 6.557366412016069876E-15, -6.379999999999999893 ) ) ;
#2266 =( NAMED_UNIT ( * ) PLANE_ANGLE_UNIT ( ) SI_UNIT ( $, .RADIAN. ) );
#2267 = COLOUR_RGB ( '',0.2862745098039215508, 0.6431372549019607199, 0.8666666666666666963 ) ;
#2268 =( NAMED_UNIT ( * ) SI_UNIT ( $, .STERADIAN. ) SOLID_ANGLE_UNIT ( ) );
#2269 = CARTESIAN_POINT ( 'NONE',  ( 0.0000000000000000000, 1.800000000000000044, -8.410000000000000142 ) ) ;
#2270 = DIRECTION ( 'NONE',  ( 0.0000000000000000000, 0.0000000000000000000, 1.000000000000000000 ) ) ;
#2271 = FILL_AREA_STYLE_COLOUR ( '', #4354 ) ;
#2272 = CARTESIAN_POINT ( 'NONE',  ( 4.700000000000000178, -3.500000000000000000, -5.159999999999999254 ) ) ;
#2273 = DIRECTION ( 'NONE',  ( 1.000000000000000000, -9.411788633772680037E-16, 3.525869348881405171E-47 ) ) ;
#2274 = ITEM_DEFINED_TRANSFORMATION ( 'NONE', 'NONE', #234,  #1683 ) ;
#2275 = ORIENTED_EDGE ( 'NONE', *, *, #601, .T. ) ;
#2276 = FILL_AREA_STYLE ('',( #1872 ) ) ;
#2277 = ORIENTED_EDGE ( 'NONE', *, *, #607, .T. ) ;
#2278 = PRESENTATION_STYLE_ASSIGNMENT (( #846 ) ) ;
#2279 = ORIENTED_EDGE ( 'NONE', *, *, #3052, .F. ) ;
#2280 =( NAMED_UNIT ( * ) PLANE_ANGLE_UNIT ( ) SI_UNIT ( $, .RADIAN. ) );
#2281 = CARTESIAN_POINT ( 'NONE',  ( 4.400000000000000355, 12.86414866789778699, -1.713937828364079818 ) ) ;
#2282 = ORIENTED_EDGE ( 'NONE', *, *, #3422, .T. ) ;
#2283 = PRESENTATION_LAYER_ASSIGNMENT (  '', '', ( #1670 ) ) ;
#2284 = CARTESIAN_POINT ( 'NONE',  ( 5.500000000000000000, -3.500000000000000000, -5.159999999999999254 ) ) ;
#2285 = CARTESIAN_POINT ( 'NONE',  ( 1.498756443470180111, 5.299999999999999822, -11.45999999999999908 ) ) ;
#2286 = CARTESIAN_POINT ( 'NONE',  ( 1.300000000000000044, 2.299999999999999822, -11.45999999999999908 ) ) ;
#2287 = EDGE_CURVE ( 'NONE', #3208, #4291, #4553, .T. ) ;
#2288 = EDGE_CURVE ( 'NONE', #2526, #818, #3778, .T. ) ;
#2289 = AXIS2_PLACEMENT_3D ( 'NONE', #2821, #3127, #1998 ) ;
#2290 = LINE ( 'NONE', #4059, #1071 ) ;
#2291 = FACE_OUTER_BOUND ( 'NONE', #1358, .T. ) ;
#2292 = AXIS2_PLACEMENT_3D ( 'NONE', #4678, #1740, #987 ) ;
#2293 = CARTESIAN_POINT ( 'NONE',  ( 5.200000000000000178, 12.94999999999999929, -7.049999999999999822 ) ) ;
#2294 = VECTOR ( 'NONE', #3613, 1000.000000000000114 ) ;
#2295 = ORIENTED_EDGE ( 'NONE', *, *, #3949, .F. ) ;
#2296 = DIRECTION ( 'NONE',  ( 0.0000000000000000000, 1.000000000000000000, 0.0000000000000000000 ) ) ;
#2297 = DIRECTION ( 'NONE',  ( 1.000000000000000000, 3.334909476821829649E-28, 1.794541526872530066E-14 ) ) ;
#2298 = UNCERTAINTY_MEASURE_WITH_UNIT (LENGTH_MEASURE( 1.000000000000000082E-05 ), #1496, 'distance_accuracy_value', 'NONE');
#2299 = CARTESIAN_POINT ( 'NONE',  ( 1.498756443470180111, 2.299999999999999822, -11.45999999999999908 ) ) ;
#2300 = PRESENTATION_LAYER_ASSIGNMENT (  '', '', ( #3972 ) ) ;
#2301 = ITEM_DEFINED_TRANSFORMATION ( 'NONE', 'NONE', #1917,  #1683 ) ;
#2302 = CARTESIAN_POINT ( 'NONE',  ( 5.500000000000000000, 0.0000000000000000000, -4.580000000000099547 ) ) ;
#2303 = ORIENTED_EDGE ( 'NONE', *, *, #240, .T. ) ;
#2304 = AXIS2_PLACEMENT_3D ( 'NONE', #2149, #307, #1769 ) ;
#2305 = CARTESIAN_POINT ( 'NONE',  ( 4.400000000000000355, 12.94999999999999929, 1.619576508091550071 ) ) ;
#2306 = VERTEX_POINT ( 'NONE', #518 ) ;
#2307 = CARTESIAN_POINT ( 'NONE',  ( 4.400000000000000355, 12.92194178141540029, -3.395552833071389998 ) ) ;
#2308 = VERTEX_POINT ( 'NONE', #3410 ) ;
#2309 = ORIENTED_EDGE ( 'NONE', *, *, #601, .F. ) ;
#2310 = ORIENTED_EDGE ( 'NONE', *, *, #1386, .T. ) ;
#2311 = CARTESIAN_POINT ( 'NONE',  ( 5.200000000000000178, 12.14999999999999858, -7.049999999999999822 ) ) ;
#2312 = CARTESIAN_POINT ( 'NONE',  ( 4.400000000000000355, 12.14999999999999858, 1.959999999999999964 ) ) ;
#2313 = DIRECTION ( 'NONE',  ( 0.0000000000000000000, 0.0000000000000000000, 1.000000000000000000 ) ) ;
#2314 = MECHANICAL_DESIGN_GEOMETRIC_PRESENTATION_REPRESENTATION (  '', ( #2540 ), #2077 ) ;
#2315 = PRESENTATION_STYLE_ASSIGNMENT (( #1140 ) ) ;
#2316 = LINE ( 'NONE', #3738, #145 ) ;
#2317 = DIRECTION ( 'NONE',  ( -1.163569835200990031E-29, 1.000000000000000000, -1.794541526872519968E-14 ) ) ;
#2318 = CARTESIAN_POINT ( 'NONE',  ( 5.200000000000000178, 12.41362307109989871, 1.767760297513899959 ) ) ;
#2319 = STYLED_ITEM ( 'NONE', ( #3865 ), #1243 ) ;
#2320 = STYLED_ITEM ( 'NONE', ( #3150 ), #296 ) ;
#2321 = SURFACE_STYLE_FILL_AREA ( #855 ) ;
#2322 = DIRECTION ( 'NONE',  ( -1.000000000000000000, 1.044405786824304262E-15, 0.0000000000000000000 ) ) ;
#2323 = FACE_OUTER_BOUND ( 'NONE', #2204, .T. ) ;
#2324 = STYLED_ITEM ( 'NONE', ( #4358 ), #489 ) ;
#2325 = EDGE_CURVE ( 'NONE', #1752, #3043, #2754, .T. ) ;
#2326 = ADVANCED_FACE ( 'NONE', ( #3067 ), #584, .T. ) ;
#2327 = VECTOR ( 'NONE', #3216, 1000.000000000000000 ) ;
#2328 = ORIENTED_EDGE ( 'NONE', *, *, #4279, .F. ) ;
#2329 = AXIS2_PLACEMENT_3D ( 'NONE', #1355, #3826, #1654 ) ;
#2330 = CARTESIAN_POINT ( 'NONE',  ( 0.6674166975080230158, 6.700000000000000178, -13.10500000000000043 ) ) ;
#2331 = ORIENTED_EDGE ( 'NONE', *, *, #2264, .F. ) ;
#2332 = CARTESIAN_POINT ( 'NONE',  ( 0.0000000000000000000, 0.0000000000000000000, 2.540000000000000036 ) ) ;
#2333 = ORIENTED_EDGE ( 'NONE', *, *, #2674, .T. ) ;
#2334 = EDGE_LOOP ( 'NONE', ( #124, #3068, #2357, #2429 ) ) ;
#2335 = AXIS2_PLACEMENT_3D ( 'NONE', #3845, #539, #2399 ) ;
#2336 = DIRECTION ( 'NONE',  ( -5.522026336547080536E-30, -1.000000000000000000, 1.889646980599320192E-14 ) ) ;
#2337 = CARTESIAN_POINT ( 'NONE',  ( 5.500000000000000000, 0.0000000000000000000, -5.580000000000000071 ) ) ;
#2338 = CARTESIAN_POINT ( 'NONE',  ( 4.400000000000000355, 12.41362307109989871, -3.312239702486099890 ) ) ;
#2339 = ORIENTED_EDGE ( 'NONE', *, *, #4347, .F. ) ;
#2340 = TOROIDAL_SURFACE ( 'NONE', #4326, 1.699999999999999956, 0.2000000000000000111 ) ;
#2341 =( NAMED_UNIT ( * ) SI_UNIT ( $, .STERADIAN. ) SOLID_ANGLE_UNIT ( ) );
#2342 = DIRECTION ( 'NONE',  ( 1.259827545673939797E-16, -1.000000000000000000, 0.0000000000000000000 ) ) ;
#2343 = CARTESIAN_POINT ( 'NONE',  ( 8.051243556529820822, 0.0000000000000000000, -12.69999999999999929 ) ) ;
#2344 =( REPRESENTATION_RELATIONSHIP ('NONE','NONE', #410, #3667 ) REPRESENTATION_RELATIONSHIP_WITH_TRANSFORMATION ( #2274 )SHAPE_REPRESENTATION_RELATIONSHIP( ) );
#2345 = CARTESIAN_POINT ( 'NONE',  ( 4.799999999999999822, 12.86156426583980128, -10.16000000000000014 ) ) ;
#2346 = VECTOR ( 'NONE', #2684, 1000.000000000000000 ) ;
#2347 = FACE_OUTER_BOUND ( 'NONE', #756, .T. ) ;
#2348 = FACE_OUTER_BOUND ( 'NONE', #1725, .T. ) ;
#2349 =( LENGTH_UNIT ( ) NAMED_UNIT ( * ) SI_UNIT ( .MILLI., .METRE. ) );
#2350 = CARTESIAN_POINT ( 'NONE',  ( 5.500000000000000000, -2.500000000000000000, -9.660000000000000142 ) ) ;
#2351 = ORIENTED_EDGE ( 'NONE', *, *, #419, .F. ) ;
#2352 = DIRECTION ( 'NONE',  ( -1.794541526872530066E-14, 1.889646980599320192E-14, 1.000000000000000000 ) ) ;
#2353 = ORIENTED_EDGE ( 'NONE', *, *, #2993, .F. ) ;
#2354 = CARTESIAN_POINT ( 'NONE',  ( 4.799999999999999822, 11.65000000000000036, -5.080000000000000071 ) ) ;
#2355 = EDGE_CURVE ( 'NONE', #2867, #2116, #1280, .T. ) ;
#2356 = EDGE_CURVE ( 'NONE', #1990, #993, #2779, .T. ) ;
#2357 = ORIENTED_EDGE ( 'NONE', *, *, #3686, .T. ) ;
#2358 = DIRECTION ( 'NONE',  ( -1.171453342316279939E-15, -1.000000000000000000, 0.0000000000000000000 ) ) ;
#2359 = VERTEX_POINT ( 'NONE', #610 ) ;
#2360 = DIRECTION ( 'NONE',  ( -1.000000000000000000, 0.0000000000000000000, 0.0000000000000000000 ) ) ;
#2361 = ADVANCED_FACE ( 'NONE', ( #2058 ), #2426, .F. ) ;
#2362 = ORIENTED_EDGE ( 'NONE', *, *, #1126, .T. ) ;
#2363 = LINE ( 'NONE', #3805, #3853 ) ;
#2364 = ORIENTED_EDGE ( 'NONE', *, *, #1448, .F. ) ;
#2365 = PLANE ( 'NONE',  #2372 ) ;
#2366 = FILL_AREA_STYLE ('',( #3444 ) ) ;
#2367 = CARTESIAN_POINT ( 'NONE',  ( 8.660303448853969854, 7.100000000000000533, 2.540000000000000036 ) ) ;
#2368 = CARTESIAN_POINT ( 'NONE',  ( 0.6022170361726970622, 2.031621936989510324, -11.70154025670949949 ) ) ;
#2369 = SURFACE_SIDE_STYLE ('',( #3547 ) ) ;
#2370 = VERTEX_POINT ( 'NONE', #2575 ) ;
#2371 = DIRECTION ( 'NONE',  ( 1.171453342316279939E-15, 1.000000000000000000, 0.0000000000000000000 ) ) ;
#2372 = AXIS2_PLACEMENT_3D ( 'NONE', #314, #1062, #4323 ) ;
#2373 = PLANE ( 'NONE',  #3596 ) ;
#2374 = DIRECTION ( 'NONE',  ( 0.0000000000000000000, -0.0000000000000000000, -1.000000000000000000 ) ) ;
#2375 = ORIENTED_EDGE ( 'NONE', *, *, #4719, .T. ) ;
#2376 = FACE_OUTER_BOUND ( 'NONE', #466, .T. ) ;
#2377 = CARTESIAN_POINT ( 'NONE',  ( 4.700000000000000178, -3.500000000000000000, -4.780000000000000249 ) ) ;
#2378 = AXIS2_PLACEMENT_3D ( 'NONE', #2700, #1617, #2392 ) ;
#2379 = EDGE_CURVE ( 'NONE', #700, #3197, #115, .T. ) ;
#2380 = EDGE_LOOP ( 'NONE', ( #3605, #2756, #2786, #2423 ) ) ;
#2381 = CARTESIAN_POINT ( 'NONE',  ( 5.200000000000000178, 12.93945880131586001, -1.658090098927429867 ) ) ;
#2382 = ORIENTED_EDGE ( 'NONE', *, *, #3591, .F. ) ;
#2383 = CARTESIAN_POINT ( 'NONE',  ( 0.9000000000000000222, 7.100000000000000533, 2.540000000000000036 ) ) ;
#2384 = VECTOR ( 'NONE', #378, 1000.000000000000000 ) ;
#2385 = ORIENTED_EDGE ( 'NONE', *, *, #2856, .F. ) ;
#2386 = EDGE_CURVE ( 'NONE', #3828, #1135, #4525, .T. ) ;
#2387 = EDGE_CURVE ( 'NONE', #588, #1671, #390, .T. ) ;
#2388 = SURFACE_STYLE_FILL_AREA ( #176 ) ;
#2389 = VERTEX_POINT ( 'NONE', #2714 ) ;
#2390 = CARTESIAN_POINT ( 'NONE',  ( 4.700000000000000178, -3.500000000000000000, 0.2999999999999999889 ) ) ;
#2391 = PRESENTATION_STYLE_ASSIGNMENT (( #556 ) ) ;
#2392 = DIRECTION ( 'NONE',  ( -1.000000000000000000, 1.044405786824304262E-15, 0.0000000000000000000 ) ) ;
#2393 = LINE ( 'NONE', #1686, #117 ) ;
#2394 = UNCERTAINTY_MEASURE_WITH_UNIT (LENGTH_MEASURE( 1.000000000000000082E-05 ), #360, 'distance_accuracy_value', 'NONE');
#2395 = VECTOR ( 'NONE', #1242, 1000.000000000000114 ) ;
#2396 = FACE_OUTER_BOUND ( 'NONE', #2853, .T. ) ;
#2397 =( NAMED_UNIT ( * ) SI_UNIT ( $, .STERADIAN. ) SOLID_ANGLE_UNIT ( ) );
#2398 = PRESENTATION_LAYER_ASSIGNMENT (  '', '', ( #4460 ) ) ;
#2399 = DIRECTION ( 'NONE',  ( -1.000000000000000000, 0.0000000000000000000, 0.0000000000000000000 ) ) ;
#2400 = STYLED_ITEM ( 'NONE', ( #2143 ), #1305 ) ;
#2401 =( NAMED_UNIT ( * ) SI_UNIT ( $, .STERADIAN. ) SOLID_ANGLE_UNIT ( ) );
#2402 = ORIENTED_EDGE ( 'NONE', *, *, #1816, .F. ) ;
#2403 = VERTEX_POINT ( 'NONE', #60 ) ;
#2404 = DIRECTION ( 'NONE',  ( -1.000000000000000000, 5.367298825220009764E-33, -1.794541526872530066E-14 ) ) ;
#2405 = STYLED_ITEM ( 'NONE', ( #4005 ), #1616 ) ;
#2406 = AXIS2_PLACEMENT_3D ( 'NONE', #133, #1284, #2404 ) ;
#2407 = EDGE_LOOP ( 'NONE', ( #4552, #4438, #362, #3820, #3544, #924 ) ) ;
#2408 = DIRECTION ( 'NONE',  ( -0.5000000000000021094, 0.0000000000000000000, 0.8660254037844373753 ) ) ;
#2409 = ORIENTED_EDGE ( 'NONE', *, *, #2705, .T. ) ;
#2410 = SURFACE_SIDE_STYLE ('',( #2436 ) ) ;
#2411 = EDGE_CURVE ( 'NONE', #1990, #1330, #4168, .T. ) ;
#2413 = VECTOR ( 'NONE', #1604, 1000.000000000000000 ) ;
#2412 = DIRECTION ( 'NONE',  ( 1.000000000000000000, 0.0000000000000000000, 1.794541526872530066E-14 ) ) ;
#2414 = EDGE_CURVE ( 'NONE', #4692, #826, #39, .T. ) ;
#2415 = FACE_OUTER_BOUND ( 'NONE', #1625, .T. ) ;
#2416 = CONICAL_SURFACE ( 'NONE', #3618, 1.975000000000000089, 0.9561333737801926969 ) ;
#2417 = CARTESIAN_POINT ( 'NONE',  ( 10.20000000000000107, 0.0000000000000000000, 2.540000000000000036 ) ) ;
#2418 = PLANE ( 'NONE',  #1526 ) ;
#2419 = AXIS2_PLACEMENT_3D ( 'NONE', #3632, #731, #2483 ) ;
#2420 = CARTESIAN_POINT ( 'NONE',  ( 4.400000000000000355, 12.65081076366930013, -6.819435465788650674 ) ) ;
#2421 = SURFACE_STYLE_FILL_AREA ( #3914 ) ;
#2422 = DIRECTION ( 'NONE',  ( 1.794541526872530066E-14, -1.794571435898010095E-14, -1.000000000000000000 ) ) ;
#2423 = ORIENTED_EDGE ( 'NONE', *, *, #1085, .F. ) ;
#2424 = ORIENTED_EDGE ( 'NONE', *, *, #1651, .F. ) ;
#2425 = AXIS2_PLACEMENT_3D ( 'NONE', #4405, #3293, #2539 ) ;
#2426 = PLANE ( 'NONE',  #880 ) ;
#2427 = CARTESIAN_POINT ( 'NONE',  ( 0.0000000000000000000, 0.0000000000000000000, 2.540000000000000036 ) ) ;
#2428 = DIRECTION ( 'NONE',  ( -1.000000000000000000, 0.0000000000000000000, 0.0000000000000000000 ) ) ;
#2429 = ORIENTED_EDGE ( 'NONE', *, *, #2137, .F. ) ;
#2430 = ORIENTED_EDGE ( 'NONE', *, *, #3512, .T. ) ;
#2431 = ORIENTED_EDGE ( 'NONE', *, *, #552, .F. ) ;
#2432 = DIRECTION ( 'NONE',  ( 1.171453342316279939E-15, 1.000000000000000000, 6.804706483619149860E-35 ) ) ;
#2433 = FILL_AREA_STYLE_COLOUR ( '', #1414 ) ;
#2434 = ORIENTED_EDGE ( 'NONE', *, *, #460, .F. ) ;
#2435 = CARTESIAN_POINT ( 'NONE',  ( 1.498756443470180111, 6.571530087363139828E-15, -6.379999999999999893 ) ) ;
#2436 = SURFACE_STYLE_FILL_AREA ( #2765 ) ;
#2437 = DIRECTION ( 'NONE',  ( 1.000000000000000000, 0.0000000000000000000, 0.0000000000000000000 ) ) ;
#2438 = CARTESIAN_POINT ( 'NONE',  ( 4.400000000000000355, 12.92695981187408094, -6.757797158876889476 ) ) ;
#2439 = EDGE_CURVE ( 'NONE', #4622, #3486, #1826, .T. ) ;
#2440 = ORIENTED_EDGE ( 'NONE', *, *, #3535, .F. ) ;
#2441 = ADVANCED_FACE ( 'NONE', ( #892 ), #1877, .F. ) ;
#2442 = CARTESIAN_POINT ( 'NONE',  ( 7.666390328872330073, 13.79999999999999893, 2.540000000000000036 ) ) ;
#2443 = CARTESIAN_POINT ( 'NONE',  ( 5.500000000000000000, 4.984159143999969288, -11.16000000000019909 ) ) ;
#2444 = UNCERTAINTY_MEASURE_WITH_UNIT (LENGTH_MEASURE( 1.000000000000000082E-05 ), #1956, 'distance_accuracy_value', 'NONE');
#2445 = SURFACE_STYLE_FILL_AREA ( #1344 ) ;
#2446 = EDGE_CURVE ( 'NONE', #3177, #3978, #343, .T. ) ;
#2447 = EDGE_CURVE ( 'NONE', #1219, #2370, #3326, .T. ) ;
#2448 = ORIENTED_EDGE ( 'NONE', *, *, #298, .T. ) ;
#2449 = EDGE_LOOP ( 'NONE', ( #3945, #288, #58, #3581 ) ) ;
#2450 = CARTESIAN_POINT ( 'NONE',  ( 5.200000000000000178, 12.95000000000000107, -11.77641848692019977 ) ) ;
#2451 = PRESENTATION_LAYER_ASSIGNMENT (  '', '', ( #4505 ) ) ;
#2452 = DIRECTION ( 'NONE',  ( -1.794541526872530066E-14, 0.0000000000000000000, 1.000000000000000000 ) ) ;
#2453 = DIRECTION ( 'NONE',  ( -1.259827545673939797E-16, 1.000000000000000000, 0.0000000000000000000 ) ) ;
#2454 = ORIENTED_EDGE ( 'NONE', *, *, #3413, .F. ) ;
#2455 = ORIENTED_EDGE ( 'NONE', *, *, #3412, .T. ) ;
#2456 = CARTESIAN_POINT ( 'NONE',  ( 4.799999999999999822, 11.61764705882350057, -5.080000000000000071 ) ) ;
#2457 = VERTEX_POINT ( 'NONE', #1161 ) ;
#2458 = AXIS2_PLACEMENT_3D ( 'NONE', #2553, #3306, #1139 ) ;
#2459 = DIRECTION ( 'NONE',  ( -1.000000000000000000, 0.0000000000000000000, 0.0000000000000000000 ) ) ;
#2460 = ORIENTED_EDGE ( 'NONE', *, *, #2828, .F. ) ;
#2461 =( LENGTH_UNIT ( ) NAMED_UNIT ( * ) SI_UNIT ( .MILLI., .METRE. ) );
#2462 = CARTESIAN_POINT ( 'NONE',  ( 1.300000000000000044, 1.250834939098269894E-14, -11.45999999999999908 ) ) ;
#2463 = DIRECTION ( 'NONE',  ( 1.000000000000000000, 0.0000000000000000000, 0.0000000000000000000 ) ) ;
#2464 = CARTESIAN_POINT ( 'NONE',  ( 1.858775821003269879, 13.84853250811990044, 2.540000000000000036 ) ) ;
#2465 = CARTESIAN_POINT ( 'NONE',  ( 5.200000000000000178, 12.93435702003183962, -3.411368332954535898 ) ) ;
#2466 = FILL_AREA_STYLE_COLOUR ( '', #4464 ) ;
#2467 = CARTESIAN_POINT ( 'NONE',  ( 4.400000000000000355, 12.65081076366930013, -1.739435465788649937 ) ) ;
#2468 = DIRECTION ( 'NONE',  ( 0.0000000000000000000, 0.0000000000000000000, -1.000000000000000000 ) ) ;
#2469 = ORIENTED_EDGE ( 'NONE', *, *, #3340, .T. ) ;
#2470 = DIRECTION ( 'NONE',  ( -1.000000000000000000, 1.171453342316279939E-15, 0.0000000000000000000 ) ) ;
#2471 = DIRECTION ( 'NONE',  ( 1.000000000000000000, 0.0000000000000000000, 0.0000000000000000000 ) ) ;
#2472 = EDGE_CURVE ( 'NONE', #1613, #3557, #2874, .T. ) ;
#2473 = EDGE_CURVE ( 'NONE', #3903, #1610, #732, .T. ) ;
#2474 = FACE_OUTER_BOUND ( 'NONE', #284, .T. ) ;
#2475 = COLOUR_RGB ( '',0.2862745098039215508, 0.6431372549019607199, 0.8666666666666666963 ) ;
#2476 = VECTOR ( 'NONE', #3810, 1000.000000000000114 ) ;
#2477 = VERTEX_POINT ( 'NONE', #2259 ) ;
#2478 = VERTEX_POINT ( 'NONE', #3633 ) ;
#2479 = SURFACE_SIDE_STYLE ('',( #4292 ) ) ;
#2480 = ORIENTED_EDGE ( 'NONE', *, *, #1092, .T. ) ;
#2481 = VECTOR ( 'NONE', #1915, 1000.000000000000000 ) ;
#2482 = ORIENTED_EDGE ( 'NONE', *, *, #1848, .F. ) ;
#2483 = DIRECTION ( 'NONE',  ( -1.000000000000000000, 1.044405786824304262E-15, 0.0000000000000000000 ) ) ;
#2484 = AXIS2_PLACEMENT_3D ( 'NONE', #1381, #2550, #639 ) ;
#2485 = CARTESIAN_POINT ( 'NONE',  ( 5.500000000000000000, -5.550000000781570186, 0.5000000000000000000 ) ) ;
#2486 = VECTOR ( 'NONE', #1519, 1000.000000000000000 ) ;
#2487 = CARTESIAN_POINT ( 'NONE',  ( 4.400000000000000355, 12.89114242096455420, -6.786545570109772996 ) ) ;
#2488 = AXIS2_PLACEMENT_3D ( 'NONE', #2065, #3209, #1041 ) ;
#2489 = DIRECTION ( 'NONE',  ( -1.000000000000000000, 9.854725885076845551E-16, 0.0000000000000000000 ) ) ;
#2490 = CARTESIAN_POINT ( 'NONE',  ( 0.0000000000000000000, 7.100000000000000533, 0.0000000000000000000 ) ) ;
#2491 = COLOUR_RGB ( '',0.2862745098039215508, 0.6431372549019607199, 0.8666666666666666963 ) ;
#2492 = AXIS2_PLACEMENT_3D ( 'NONE', #4250, #976, #248 ) ;
#2493 = CARTESIAN_POINT ( 'NONE',  ( 5.200000000000000178, 12.92695981187408094, 1.677797158876889849 ) ) ;
#2494 = EDGE_LOOP ( 'NONE', ( #3754, #1052, #4066, #3595 ) ) ;
#2495 = STYLED_ITEM ( 'NONE', ( #3606 ), #2909 ) ;
#2496 =( NAMED_UNIT ( * ) PLANE_ANGLE_UNIT ( ) SI_UNIT ( $, .RADIAN. ) );
#2497 = CARTESIAN_POINT ( 'NONE',  ( 2.154824120534930110, 13.79999999999999893, 2.540000000000000036 ) ) ;
#2498 = ORIENTED_EDGE ( 'NONE', *, *, #887, .F. ) ;
#2499 = EDGE_CURVE ( 'NONE', #3190, #3776, #158, .T. ) ;
#2500 = EDGE_CURVE ( 'NONE', #3648, #3486, #805, .T. ) ;
#2501 = PLANE ( 'NONE',  #3021 ) ;
#2502 = ORIENTED_EDGE ( 'NONE', *, *, #4197, .F. ) ;
#2503 = DIRECTION ( 'NONE',  ( 1.000000000000000000, -1.171453342316279939E-15, -1.931148907734990011E-16 ) ) ;
#2504 = ADVANCED_FACE ( 'NONE', ( #957 ), #207, .T. ) ;
#2505 = DIRECTION ( 'NONE',  ( -1.163569835200990031E-29, 1.000000000000000000, -1.794541526872519968E-14 ) ) ;
#2506 = LINE ( 'NONE', #3193, #1031 ) ;
#2507 = CARTESIAN_POINT ( 'NONE',  ( 4.799999999999999822, 12.94999999999999929, 0.0000000000000000000 ) ) ;
#2508 = CARTESIAN_POINT ( 'NONE',  ( 5.134046399818389754E-15, 1.800000000000000044, -3.779999999999999805 ) ) ;
#2509 = VECTOR ( 'NONE', #2919, 1000.000000000000114 ) ;
#2510 = CARTESIAN_POINT ( 'NONE',  ( 5.200000000000000178, 12.65081076366930013, -3.340564534211349912 ) ) ;
#2511 = DIRECTION ( 'NONE',  ( -1.171453342316279939E-15, -1.000000000000000000, 0.0000000000000000000 ) ) ;
#2512 = B_SPLINE_CURVE_WITH_KNOTS ( 'NONE', 3,
 ( #3328, #2205, #4440, #3682, #3369, #3347 ),
 .UNSPECIFIED., .F., .F.,
 ( 4, 2, 4 ),
 ( 0.0000000000000000000, 0.5557190870556969475, 1.000000000000000000 ),
 .UNSPECIFIED. ) ;
#2513 =( LENGTH_UNIT ( ) NAMED_UNIT ( * ) SI_UNIT ( .MILLI., .METRE. ) );
#2514 = DIRECTION ( 'NONE',  ( 0.0000000000000000000, 0.0000000000000000000, 1.000000000000000000 ) ) ;
#2515 = EDGE_LOOP ( 'NONE', ( #10, #1078, #3560, #4296 ) ) ;
#2516 = CARTESIAN_POINT ( 'NONE',  ( 0.9012435565298219098, 6.700000000000000178, -12.69999999999999929 ) ) ;
#2517 = CIRCLE ( 'NONE', #3054, 2.000000000000000000 ) ;
#2518 = ORIENTED_EDGE ( 'NONE', *, *, #4485, .T. ) ;
#2519 = ORIENTED_EDGE ( 'NONE', *, *, #3829, .F. ) ;
#2520 = AXIS2_PLACEMENT_3D ( 'NONE', #275, #1335, #2096 ) ;
#2521 = DIRECTION ( 'NONE',  ( 0.0000000000000000000, 0.0000000000000000000, -1.000000000000000000 ) ) ;
#2522 = EDGE_CURVE ( 'NONE', #2541, #3234, #2393, .T. ) ;
#2523 = AXIS2_PLACEMENT_3D ( 'NONE', #1623, #161, #2374 ) ;
#2524 = VECTOR ( 'NONE', #300, 1000.000000000000000 ) ;
#2525 = EDGE_LOOP ( 'NONE', ( #128, #3607, #4359, #1125, #3542, #4194 ) ) ;
#2526 = VERTEX_POINT ( 'NONE', #1003 ) ;
#2527 = LINE ( 'NONE', #4369, #2327 ) ;
#2528 = VECTOR ( 'NONE', #641, 1000.000000000000000 ) ;
#2529 = DIRECTION ( 'NONE',  ( 0.0000000000000000000, 0.0000000000000000000, 1.000000000000000000 ) ) ;
#2530 = ADVANCED_FACE ( 'NONE', ( #3450 ), #599, .T. ) ;
#2531 = ADVANCED_FACE ( 'NONE', ( #4008 ), #3266, .T. ) ;
#2532 = FACE_OUTER_BOUND ( 'NONE', #2913, .T. ) ;
#2533 = CARTESIAN_POINT ( 'NONE',  ( 2.972729218709859733, 11.49572055149890026, -10.16000000000000014 ) ) ;
#2534 = SURFACE_SIDE_STYLE ('',( #1090 ) ) ;
#2535 = UNCERTAINTY_MEASURE_WITH_UNIT (LENGTH_MEASURE( 1.000000000000000082E-05 ), #708, 'distance_accuracy_value', 'NONE');
#2536 = FACE_OUTER_BOUND ( 'NONE', #3976, .T. ) ;
#2537 = CARTESIAN_POINT ( 'NONE',  ( 4.400000000000000355, 12.14999999999999858, -8.200000000000001066 ) ) ;
#2538 = ORIENTED_EDGE ( 'NONE', *, *, #4285, .F. ) ;
#2539 = DIRECTION ( 'NONE',  ( -1.000000000000000000, 0.0000000000000000000, 0.0000000000000000000 ) ) ;
#2540 = STYLED_ITEM ( 'NONE', ( #1177 ), #44 ) ;
#2541 = VERTEX_POINT ( 'NONE', #758 ) ;
#2542 = LINE ( 'NONE', #1156, #1086 ) ;
#2543 = ORIENTED_EDGE ( 'NONE', *, *, #1452, .T. ) ;
#2544 = CARTESIAN_POINT ( 'NONE',  ( 4.799999999999999822, 11.67312853167969955, 0.0000000000000000000 ) ) ;
#2545 = PRODUCT_DEFINITION_SHAPE ( 'NONE', 'NONE',  #4722 ) ;
#2546 = AXIS2_PLACEMENT_3D ( 'NONE', #3203, #1443, #1462 ) ;
#2547 = ORIENTED_EDGE ( 'NONE', *, *, #3052, .T. ) ;
#2548 = CARTESIAN_POINT ( 'NONE',  ( 8.648756443470182020, 7.100000000000000533, -12.69999999999999929 ) ) ;
#2549 = DIRECTION ( 'NONE',  ( 1.171453342316279939E-15, 1.000000000000000000, 0.0000000000000000000 ) ) ;
#2550 = DIRECTION ( 'NONE',  ( -1.794541526872530066E-14, 1.889646980599320192E-14, 1.000000000000000000 ) ) ;
#2551 = PRESENTATION_LAYER_ASSIGNMENT (  '', '', ( #3917 ) ) ;
#2552 = CIRCLE ( 'NONE', #495, 1.760296020616589852 ) ;
#2553 = CARTESIAN_POINT ( 'NONE',  ( 4.799999999999999822, 12.94999999999999929, -5.080000000000000071 ) ) ;
#2554 =( GEOMETRIC_REPRESENTATION_CONTEXT ( 3 ) GLOBAL_UNCERTAINTY_ASSIGNED_CONTEXT ( ( #1103 ) ) GLOBAL_UNIT_ASSIGNED_CONTEXT ( ( #1641, #1660, #4227 ) ) REPRESENTATION_CONTEXT ( 'NONE', 'WORKASPACE' ) );
#2555 = PRESENTATION_LAYER_ASSIGNMENT (  '', '', ( #3604 ) ) ;
#2556 = DIRECTION ( 'NONE',  ( -1.171453342316279939E-15, -1.000000000000000000, 0.0000000000000000000 ) ) ;
#2557 = DIRECTION ( 'NONE',  ( -1.398970545142589993E-16, -1.000000000000000000, 0.0000000000000000000 ) ) ;
#2558 = PLANE ( 'NONE',  #1026 ) ;
#2559 = EDGE_CURVE ( 'NONE', #1752, #1516, #2799, .T. ) ;
#2560 = EDGE_CURVE ( 'NONE', #3187, #3828, #2186, .T. ) ;
#2561 = FILL_AREA_STYLE_COLOUR ( '', #1155 ) ;
#2562 = PLANE ( 'NONE',  #2625 ) ;
#2563 = AXIS2_PLACEMENT_3D ( 'NONE', #2050, #1714, #736 ) ;
#2564 = LINE ( 'NONE', #3643, #80 ) ;
#2565 =( LENGTH_UNIT ( ) NAMED_UNIT ( * ) SI_UNIT ( .MILLI., .METRE. ) );
#2566 = CIRCLE ( 'NONE', #3178, 0.9000000000000000222 ) ;
#2567 = SURFACE_STYLE_FILL_AREA ( #379 ) ;
#2568 = ORIENTED_EDGE ( 'NONE', *, *, #3858, .T. ) ;
#2569 = ORIENTED_EDGE ( 'NONE', *, *, #4423, .F. ) ;
#2570 = AXIS2_PLACEMENT_3D ( 'NONE', #2014, #4173, #2755 ) ;
#2571 = CARTESIAN_POINT ( 'NONE',  ( 1.498756443470180111, 5.299999999999999822, 1.300000000000000044 ) ) ;
#2572 =( GEOMETRIC_REPRESENTATION_CONTEXT ( 3 ) GLOBAL_UNCERTAINTY_ASSIGNED_CONTEXT ( ( #3009 ) ) GLOBAL_UNIT_ASSIGNED_CONTEXT ( ( #1979, #1273, #184 ) ) REPRESENTATION_CONTEXT ( 'NONE', 'WORKASPACE' ) );
#2573 = ORIENTED_EDGE ( 'NONE', *, *, #3537, .F. ) ;
#2574 = FILL_AREA_STYLE_COLOUR ( '', #3548 ) ;
#2575 = CARTESIAN_POINT ( 'NONE',  ( 0.0000000000000000000, 1.800000000000000044, -1.750000000000000000 ) ) ;
#2576 = LINE ( 'NONE', #1211, #2018 ) ;
#2577 =( NAMED_UNIT ( * ) SI_UNIT ( $, .STERADIAN. ) SOLID_ANGLE_UNIT ( ) );
#2578 = FACE_OUTER_BOUND ( 'NONE', #2683, .T. ) ;
#2579 = CARTESIAN_POINT ( 'NONE',  ( 3.803828682673580097, 2.603569110966890143, -0.4332900713822210315 ) ) ;
#2580 = DIRECTION ( 'NONE',  ( 0.0000000000000000000, -1.000000000000000000, 0.0000000000000000000 ) ) ;
#2581 = UNCERTAINTY_MEASURE_WITH_UNIT (LENGTH_MEASURE( 1.000000000000000082E-05 ), #1271, 'distance_accuracy_value', 'NONE');
#2582 = CARTESIAN_POINT ( 'NONE',  ( 4.799999999999999822, 12.84999999999999964, 0.0000000000000000000 ) ) ;
#2583 = ADVANCED_FACE ( 'NONE', ( #2532 ), #2340, .T. ) ;
#2584 = FILL_AREA_STYLE_COLOUR ( '', #862 ) ;
#2585 = EDGE_CURVE ( 'NONE', #4198, #567, #3026, .T. ) ;
#2586 = ORIENTED_EDGE ( 'NONE', *, *, #392, .F. ) ;
#2587 = DIRECTION ( 'NONE',  ( 0.0000000000000000000, 0.0000000000000000000, 1.000000000000000000 ) ) ;
#2588 = FACE_OUTER_BOUND ( 'NONE', #1114, .T. ) ;
#2589 = CARTESIAN_POINT ( 'NONE',  ( 4.799999999999999822, 11.59999999999999964, -5.080000000000000071 ) ) ;
#2590 = EDGE_CURVE ( 'NONE', #4216, #3260, #1832, .T. ) ;
#2591 = EDGE_CURVE ( 'NONE', #70, #1219, #3659, .T. ) ;
#2592 = ORIENTED_EDGE ( 'NONE', *, *, #4222, .F. ) ;
#2593 = DIRECTION ( 'NONE',  ( 1.000000000000000000, -9.912705577010326536E-16, 0.0000000000000000000 ) ) ;
#2594 = ORIENTED_EDGE ( 'NONE', *, *, #480, .T. ) ;
#2595 = FILL_AREA_STYLE ('',( #2255 ) ) ;
#2596 = ORIENTED_EDGE ( 'NONE', *, *, #3333, .F. ) ;
#2597 = VECTOR ( 'NONE', #3884, 1000.000000000000000 ) ;
#2598 = CYLINDRICAL_SURFACE ( 'NONE', #2653, 2.000000000000000000 ) ;
#2599 = DIRECTION ( 'NONE',  ( 2.278747912313320020E-33, 1.000000000000000000, -1.889646980599320192E-14 ) ) ;
#2600 = LINE ( 'NONE', #4439, #4156 ) ;
#2601 = LINE ( 'NONE', #4052, #1555 ) ;
#2602 = CARTESIAN_POINT ( 'NONE',  ( 4.400000000000000355, 12.94798944267146190, -1.635789504933065519 ) ) ;
#2603 = VECTOR ( 'NONE', #2505, 1000.000000000000000 ) ;
#2604 = CARTESIAN_POINT ( 'NONE',  ( 1.600000000000000089, 5.299999999999999822, -8.859999999999999432 ) ) ;
#2605 = LINE ( 'NONE', #3245, #2207 ) ;
#2606 = COLOUR_RGB ( '',0.2862745098039215508, 0.6431372549019607199, 0.8666666666666666963 ) ;
#2607 = DIRECTION ( 'NONE',  ( 1.000000000000000000, 0.0000000000000000000, 0.0000000000000000000 ) ) ;
#2608 = SURFACE_STYLE_FILL_AREA ( #3291 ) ;
#2609 = PRESENTATION_STYLE_ASSIGNMENT (( #3696 ) ) ;
#2610 = FACE_BOUND ( 'NONE', #975, .T. ) ;
#2611 = AXIS2_PLACEMENT_3D ( 'NONE', #3398, #134, #4264 ) ;
#2612 = CARTESIAN_POINT ( 'NONE',  ( 4.400000000000000355, 12.86963938103290062, -8.446718593038749390 ) ) ;
#2613 = SHAPE_DEFINITION_REPRESENTATION ( #2667, #3667 ) ;
#2614 = FILL_AREA_STYLE_COLOUR ( '', #3764 ) ;
#2615 = VERTEX_POINT ( 'NONE', #19 ) ;
#2616 = ORIENTED_EDGE ( 'NONE', *, *, #3504, .T. ) ;
#2617 = FACE_OUTER_BOUND ( 'NONE', #2996, .T. ) ;
#2618 = ADVANCED_FACE ( 'NONE', ( #2578 ), #1785, .T. ) ;
#2619 = ORIENTED_EDGE ( 'NONE', *, *, #2287, .F. ) ;
#2620 = CARTESIAN_POINT ( 'NONE',  ( 4.799999999999999822, 12.94999999999999929, -10.16000000000000014 ) ) ;
#2621 = PRESENTATION_STYLE_ASSIGNMENT (( #3029 ) ) ;
#2622 = PRESENTATION_STYLE_ASSIGNMENT (( #1117 ) ) ;
#2623 = DIRECTION ( 'NONE',  ( 0.8660254037844390407, 0.0000000000000000000, 0.4999999999999995004 ) ) ;
#2624 = VECTOR ( 'NONE', #2459, 1000.000000000000000 ) ;
#2625 = AXIS2_PLACEMENT_3D ( 'NONE', #4332, #2514, #694 ) ;
#2626 = DIRECTION ( 'NONE',  ( 5.517568307814269711E-16, 0.0000000000000000000, 1.000000000000000000 ) ) ;
#2627 = LINE ( 'NONE', #2604, #3251 ) ;
#2628 = VECTOR ( 'NONE', #3384, 1000.000000000000000 ) ;
#2629 = DIRECTION ( 'NONE',  ( 1.000000000000000000, 0.0000000000000000000, 0.0000000000000000000 ) ) ;
#2630 = DIRECTION ( 'NONE',  ( -5.522026336547080536E-30, -1.000000000000000000, 1.889646980599320192E-14 ) ) ;
#2631 = LINE ( 'NONE', #2212, #3900 ) ;
#2632 = MECHANICAL_DESIGN_GEOMETRIC_PRESENTATION_REPRESENTATION (  '', ( #2319 ), #1253 ) ;
#2633 = AXIS2_PLACEMENT_3D ( 'NONE', #1689, #3156, #1770 ) ;
#2634 = CARTESIAN_POINT ( 'NONE',  ( 6.799999999999999822, 14.09999999999999964, -5.080000000000000071 ) ) ;
#2635 = PRESENTATION_STYLE_ASSIGNMENT (( #119 ) ) ;
#2636 = CARTESIAN_POINT ( 'NONE',  ( 1.026809279963680002E-14, 6.700000000000000178, -11.91000000000000014 ) ) ;
#2637 = LINE ( 'NONE', #2968, #319 ) ;
#2638 = UNCERTAINTY_MEASURE_WITH_UNIT (LENGTH_MEASURE( 1.000000000000000082E-05 ), #3408, 'distance_accuracy_value', 'NONE');
#2639 = CARTESIAN_POINT ( 'NONE',  ( 4.400000000000000355, 12.94999999999999929, -8.547917139009470588 ) ) ;
#2640 = ITEM_DEFINED_TRANSFORMATION ( 'NONE', 'NONE', #3434,  #1683 ) ;
#2641 = CIRCLE ( 'NONE', #3459, 0.1999999999999996503 ) ;
#2642 = ORIENTED_EDGE ( 'NONE', *, *, #453, .T. ) ;
#2643 = DIRECTION ( 'NONE',  ( -1.000000000000000000, 0.0000000000000000000, 0.0000000000000000000 ) ) ;
#2644 = ORIENTED_EDGE ( 'NONE', *, *, #188, .F. ) ;
#2645 = VECTOR ( 'NONE', #1136, 999.9999999999998863 ) ;
#2646 = ADVANCED_FACE ( 'NONE', ( #876 ), #1953, .F. ) ;
#2647 = AXIS2_PLACEMENT_3D ( 'NONE', #2284, #1568, #2960 ) ;
#2648 = EDGE_CURVE ( 'NONE', #1753, #2541, #3423, .T. ) ;
#2649 = ORIENTED_EDGE ( 'NONE', *, *, #382, .F. ) ;
#2650 = CARTESIAN_POINT ( 'NONE',  ( 5.500000000000000000, -3.500000000000000000, 0.2999999999999999889 ) ) ;
#2651 = SURFACE_SIDE_STYLE ('',( #1563 ) ) ;
#2653 = AXIS2_PLACEMENT_3D ( 'NONE', #1160, #472, #1561 ) ;
#2652 = CARTESIAN_POINT ( 'NONE',  ( 5.500000000000000000, 0.0000000000000000000, 2.539999999999910330 ) ) ;
#2654 = ADVANCED_FACE ( 'NONE', ( #2981 ), #527, .T. ) ;
#2655 = CARTESIAN_POINT ( 'NONE',  ( 1.300000000000000044, 6.700000000000000178, -3.779999999999999805 ) ) ;
#2656 = AXIS2_PLACEMENT_3D ( 'NONE', #3912, #2825, #4208 ) ;
#2657 =( LENGTH_UNIT ( ) NAMED_UNIT ( * ) SI_UNIT ( .MILLI., .METRE. ) );
#2658 = CARTESIAN_POINT ( 'NONE',  ( 1.498756443470180111, 0.0000000000000000000, 133.3249999999999886 ) ) ;
#2659 = DIRECTION ( 'NONE',  ( -1.000000000000000000, 0.0000000000000000000, 0.0000000000000000000 ) ) ;
#2660 = FILL_AREA_STYLE ('',( #3058 ) ) ;
#2661 = ORIENTED_EDGE ( 'NONE', *, *, #1059, .F. ) ;
#2662 = CARTESIAN_POINT ( 'NONE',  ( 10.20000000000000107, 0.0000000000000000000, 2.540000000000000036 ) ) ;
#2663 = DIRECTION ( 'NONE',  ( 0.0000000000000000000, -0.1961161351381840445, -0.9805806756909202226 ) ) ;
#2664 = CARTESIAN_POINT ( 'NONE',  ( 6.799999999999999822, 11.61764705882350057, -10.16000000000000014 ) ) ;
#2665 = VERTEX_POINT ( 'NONE', #4417 ) ;
#2666 = FACE_OUTER_BOUND ( 'NONE', #1398, .T. ) ;
#2667 = PRODUCT_DEFINITION_SHAPE ( 'NONE', 'NONE',  #3558 ) ;
#2668 = ORIENTED_EDGE ( 'NONE', *, *, #4458, .F. ) ;
#2669 = CARTESIAN_POINT ( 'NONE',  ( 4.799999999999999822, 11.59999999999999964, -5.080000000000000071 ) ) ;
#2670 = VERTEX_POINT ( 'NONE', #88 ) ;
#2671 = ORIENTED_EDGE ( 'NONE', *, *, #2386, .T. ) ;
#2672 =( NAMED_UNIT ( * ) SI_UNIT ( $, .STERADIAN. ) SOLID_ANGLE_UNIT ( ) );
#2673 = CARTESIAN_POINT ( 'NONE',  ( 4.700000000000000178, -3.500000000000000000, 5.000000000000000000 ) ) ;
#2674 = EDGE_CURVE ( 'NONE', #2306, #2457, #2627, .T. ) ;
#2675 = CARTESIAN_POINT ( 'NONE',  ( 4.400000000000000355, 12.86927415701640065, -1.713010294741450057 ) ) ;
#2676 = SURFACE_STYLE_USAGE ( .BOTH. , #89 ) ;
#2677 = CARTESIAN_POINT ( 'NONE',  ( 4.700000000000000178, -3.500000000000000000, -0.2999999999999999889 ) ) ;
#2678 = CIRCLE ( 'NONE', #3277, 1.760296020616589852 ) ;
#2679 = ADVANCED_FACE ( 'NONE', ( #3713, #449, #1901, #1544 ), #3375, .T. ) ;
#2680 = CARTESIAN_POINT ( 'NONE',  ( 5.200000000000000178, 12.86156426583980128, -8.445753203240968787 ) ) ;
#2681 = EDGE_CURVE ( 'NONE', #2179, #3275, #2794, .T. ) ;
#2682 = DIRECTION ( 'NONE',  ( 0.0000000000000000000, 0.0000000000000000000, 1.000000000000000000 ) ) ;
#2683 = EDGE_LOOP ( 'NONE', ( #2275, #4607, #613, #2518 ) ) ;
#2684 = DIRECTION ( 'NONE',  ( -1.931148907734990011E-16, 0.0000000000000000000, -1.000000000000000000 ) ) ;
#2685 = DIRECTION ( 'NONE',  ( -1.171453342316279939E-15, -1.000000000000000000, 0.0000000000000000000 ) ) ;
#2686 = UNCERTAINTY_MEASURE_WITH_UNIT (LENGTH_MEASURE( 1.000000000000000082E-05 ), #1106, 'distance_accuracy_value', 'NONE');
#2687 = AXIS2_PLACEMENT_3D ( 'NONE', #1093, #1546, #91 ) ;
#2688 = B_SPLINE_CURVE_WITH_KNOTS ( 'NONE', 3,
 ( #667, #598, #2100, #3149, #3217, #3174, #2048, #4300, #2798, #3909, #2870, #278, #685, #1338, #2123, #4325 ),
 .UNSPECIFIED., .F., .F.,
 ( 4, 3, 3, 3, 3, 4 ),
 ( 2.110382192020081086E-17, 3.531517381845325916E-05, 7.066450544157624721E-05, 0.0001054618491226672652, 0.0001392987215180704083, 0.0001469974402360933773 ),
 .UNSPECIFIED. ) ;
#2689 = ORIENTED_EDGE ( 'NONE', *, *, #421, .T. ) ;
#2690 = ORIENTED_EDGE ( 'NONE', *, *, #541, .T. ) ;
#2691 = CARTESIAN_POINT ( 'NONE',  ( 4.400000000000000355, 12.94999999999999929, -3.460423491908450000 ) ) ;
#2692 = ORIENTED_EDGE ( 'NONE', *, *, #3801, .T. ) ;
#2693 = SURFACE_STYLE_FILL_AREA ( #1897 ) ;
#2694 = CARTESIAN_POINT ( 'NONE',  ( 4.400000000000000355, 12.14999999999999858, -3.120000000000000107 ) ) ;
#2695 = FACE_BOUND ( 'NONE', #3344, .T. ) ;
#2696 = ORIENTED_EDGE ( 'NONE', *, *, #520, .T. ) ;
#2697 = DIRECTION ( 'NONE',  ( 0.0000000000000000000, -0.1961161351381831008, 0.9805806756909204447 ) ) ;
#2698 = PRESENTATION_STYLE_ASSIGNMENT (( #2676 ) ) ;
#2699 = COLOUR_RGB ( '',0.2862745098039215508, 0.6431372549019607199, 0.8666666666666666963 ) ;
#2700 = CARTESIAN_POINT ( 'NONE',  ( 4.799999999999999822, 12.94999999999999929, -10.16000000000000014 ) ) ;
#2701 = LINE ( 'NONE', #1595, #3676 ) ;
#2702 = VECTOR ( 'NONE', #1369, 1000.000000000000000 ) ;
#2703 = CIRCLE ( 'NONE', #1406, 0.2999999999999999334 ) ;
#2704 = ADVANCED_FACE ( 'NONE', ( #553 ), #3171, .F. ) ;
#2705 = EDGE_CURVE ( 'NONE', #2176, #1420, #2093, .T. ) ;
#2706 = SURFACE_SIDE_STYLE ('',( #1931 ) ) ;
#2707 = CARTESIAN_POINT ( 'NONE',  ( 1.300000000000000044, 2.299999999999999822, -3.779999999999999805 ) ) ;
#2708 = CARTESIAN_POINT ( 'NONE',  ( 7.900000000000000355, 14.09999999999999964, 2.540000000000000036 ) ) ;
#2709 = VECTOR ( 'NONE', #612, 1000.000000000000000 ) ;
#2710 = CARTESIAN_POINT ( 'NONE',  ( 5.200000000000000178, 12.94999999999999929, -6.696418486920219237 ) ) ;
#2711 = VECTOR ( 'NONE', #1755, 1000.000000000000000 ) ;
#2712 = VERTEX_POINT ( 'NONE', #202 ) ;
#2713 = AXIS2_PLACEMENT_3D ( 'NONE', #141, #4478, #536 ) ;
#2714 = CARTESIAN_POINT ( 'NONE',  ( 8.051243556529820822, 7.100000000000000533, -12.69999999999999929 ) ) ;
#2715 = ORIENTED_EDGE ( 'NONE', *, *, #946, .T. ) ;
#2716 = FACE_OUTER_BOUND ( 'NONE', #970, .T. ) ;
#2717 = VECTOR ( 'NONE', #4389, 1000.000000000000000 ) ;
#2718 = VERTEX_POINT ( 'NONE', #2744 ) ;
#2719 = ORIENTED_EDGE ( 'NONE', *, *, #1821, .T. ) ;
#2720 = PRESENTATION_STYLE_ASSIGNMENT (( #3101 ) ) ;
#2721 = CARTESIAN_POINT ( 'NONE',  ( 6.799999999999999822, 11.61764705882350057, 2.449293598294706414E-16 ) ) ;
#2722 = ORIENTED_EDGE ( 'NONE', *, *, #2943, .F. ) ;
#2723 =( GEOMETRIC_REPRESENTATION_CONTEXT ( 3 ) GLOBAL_UNCERTAINTY_ASSIGNED_CONTEXT ( ( #2920 ) ) GLOBAL_UNIT_ASSIGNED_CONTEXT ( ( #1215, #3761, #1591 ) ) REPRESENTATION_CONTEXT ( 'NONE', 'WORKASPACE' ) );
#2724 = ORIENTED_EDGE ( 'NONE', *, *, #4627, .T. ) ;
#2725 = CARTESIAN_POINT ( 'NONE',  ( 4.799999999999999822, 11.61764705882350057, 0.0000000000000000000 ) ) ;
#2726 = VECTOR ( 'NONE', #3848, 1000.000000000000000 ) ;
#2727 = UNCERTAINTY_MEASURE_WITH_UNIT (LENGTH_MEASURE( 1.000000000000000082E-05 ), #6, 'distance_accuracy_value', 'NONE');
#2728 = DIRECTION ( 'NONE',  ( 1.000000000000000000, 0.0000000000000000000, 0.0000000000000000000 ) ) ;
#2729 = CARTESIAN_POINT ( 'NONE',  ( 1.300000000000000044, 5.299999999999999822, -8.859999999999999432 ) ) ;
#2730 = CARTESIAN_POINT ( 'NONE',  ( 0.0000000000000000000, 1.800000000000000044, 1.750000000000000000 ) ) ;
#2731 = UNCERTAINTY_MEASURE_WITH_UNIT (LENGTH_MEASURE( 1.000000000000000082E-05 ), #1069, 'distance_accuracy_value', 'NONE');
#2732 = DIRECTION ( 'NONE',  ( -1.259827545673939797E-16, 1.000000000000000000, 0.0000000000000000000 ) ) ;
#2733 = PRODUCT_RELATED_PRODUCT_CATEGORY ( 'part', '', ( #3005 ) ) ;
#2734 = CARTESIAN_POINT ( 'NONE',  ( 5.200000000000000178, 12.92009370453263983, -6.765475017927990109 ) ) ;
#2735 = VERTEX_POINT ( 'NONE', #1996 ) ;
#2736 = DIRECTION ( 'NONE',  ( 0.0000000000000000000, 0.0000000000000000000, -1.000000000000000000 ) ) ;
#2737 = DIRECTION ( 'NONE',  ( 1.171453342316279939E-15, 1.000000000000000000, 0.0000000000000000000 ) ) ;
#2738 = ADVANCED_FACE ( 'NONE', ( #1681 ), #1359, .T. ) ;
#2739 = EDGE_CURVE ( 'NONE', #616, #2359, #2046, .T. ) ;
#2740 = LINE ( 'NONE', #2332, #1352 ) ;
#2741 = ORIENTED_EDGE ( 'NONE', *, *, #3028, .F. ) ;
#2742 = CARTESIAN_POINT ( 'NONE',  ( 4.400000000000000355, 12.14999999999999858, -8.200000000000001066 ) ) ;
#2743 = ORIENTED_EDGE ( 'NONE', *, *, #2590, .F. ) ;
#2744 = CARTESIAN_POINT ( 'NONE',  ( 2.154824120534930110, 14.09999999999999964, 2.540000000000000036 ) ) ;
#2745 = ORIENTED_EDGE ( 'NONE', *, *, #3445, .T. ) ;
#2746 = CARTESIAN_POINT ( 'NONE',  ( 10.69999999999999929, -2.500000000000000000, -10.66000000000000014 ) ) ;
#2747 = FACE_OUTER_BOUND ( 'NONE', #2449, .T. ) ;
#2748 = FILL_AREA_STYLE_COLOUR ( '', #3657 ) ;
#2749 =( NAMED_UNIT ( * ) PLANE_ANGLE_UNIT ( ) SI_UNIT ( $, .RADIAN. ) );
#2750 = VECTOR ( 'NONE', #3743, 1000.000000000000000 ) ;
#2751 = PLANE ( 'NONE',  #3762 ) ;
#2752 = VECTOR ( 'NONE', #2732, 1000.000000000000000 ) ;
#2753 = DIRECTION ( 'NONE',  ( -1.000000000000000000, 1.171453342316279939E-15, 0.0000000000000000000 ) ) ;
#2754 = LINE ( 'NONE', #215, #2413 ) ;
#2755 = DIRECTION ( 'NONE',  ( 1.000000000000000000, 0.0000000000000000000, 0.0000000000000000000 ) ) ;
#2756 = ORIENTED_EDGE ( 'NONE', *, *, #520, .F. ) ;
#2757 = EDGE_CURVE ( 'NONE', #3202, #2153, #2802, .T. ) ;
#2758 = EDGE_CURVE ( 'NONE', #2226, #911, #3393, .T. ) ;
#2759 = LINE ( 'NONE', #4220, #4161 ) ;
#2760 = ORIENTED_EDGE ( 'NONE', *, *, #1936, .F. ) ;
#2761 = DIRECTION ( 'NONE',  ( 0.2450416351381780877, -0.9695125564162683229, 0.0000000000000000000 ) ) ;
#2762 = ORIENTED_EDGE ( 'NONE', *, *, #4166, .T. ) ;
#2763 = CARTESIAN_POINT ( 'NONE',  ( 3.139033067547879696, 12.85000000000000142, 0.0000000000000000000 ) ) ;
#2764 = ORIENTED_EDGE ( 'NONE', *, *, #12, .T. ) ;
#2765 = FILL_AREA_STYLE ('',( #978 ) ) ;
#2766 = SURFACE_SIDE_STYLE ('',( #1710 ) ) ;
#2767 = UNCERTAINTY_MEASURE_WITH_UNIT (LENGTH_MEASURE( 1.000000000000000082E-05 ), #3229, 'distance_accuracy_value', 'NONE');
#2768 = CARTESIAN_POINT ( 'NONE',  ( 5.200000000000000178, 12.94410876695733847, -8.513096816278840961 ) ) ;
#2769 = ORIENTED_EDGE ( 'NONE', *, *, #4683, .F. ) ;
#2770 = CARTESIAN_POINT ( 'NONE',  ( 4.799999999999999822, 12.94999999999999929, 0.0000000000000000000 ) ) ;
#2771 =( NAMED_UNIT ( * ) PLANE_ANGLE_UNIT ( ) SI_UNIT ( $, .RADIAN. ) );
#2772 = UNCERTAINTY_MEASURE_WITH_UNIT (LENGTH_MEASURE( 1.000000000000000082E-05 ), #979, 'distance_accuracy_value', 'NONE');
#2773 = LINE ( 'NONE', #189, #3811 ) ;
#2774 = VECTOR ( 'NONE', #4617, 1000.000000000000000 ) ;
#2775 = CARTESIAN_POINT ( 'NONE',  ( 0.0000000000000000000, 0.0000000000000000000, 1.750000000000000000 ) ) ;
#2776 = ORIENTED_EDGE ( 'NONE', *, *, #1936, .T. ) ;
#2777 = PLANE ( 'NONE',  #569 ) ;
#2778 =( GEOMETRIC_REPRESENTATION_CONTEXT ( 3 ) GLOBAL_UNCERTAINTY_ASSIGNED_CONTEXT ( ( #2731 ) ) GLOBAL_UNIT_ASSIGNED_CONTEXT ( ( #1069, #3638, #370 ) ) REPRESENTATION_CONTEXT ( 'NONE', 'WORKASPACE' ) );
#2779 = LINE ( 'NONE', #966, #1797 ) ;
#2780 = SURFACE_SIDE_STYLE ('',( #525 ) ) ;
#2781 = VECTOR ( 'NONE', #548, 1000.000000000000000 ) ;
#2782 = ORIENTED_EDGE ( 'NONE', *, *, #2033, .F. ) ;
#2783 = VERTEX_POINT ( 'NONE', #4179 ) ;
#2784 = CARTESIAN_POINT ( 'NONE',  ( 5.500000000000000000, -3.500000000000000000, -10.46000000000000085 ) ) ;
#2785 = ORIENTED_EDGE ( 'NONE', *, *, #2356, .T. ) ;
#2786 = ORIENTED_EDGE ( 'NONE', *, *, #856, .F. ) ;
#2787 = FACE_OUTER_BOUND ( 'NONE', #764, .T. ) ;
#2788 =( GEOMETRIC_REPRESENTATION_CONTEXT ( 3 ) GLOBAL_UNCERTAINTY_ASSIGNED_CONTEXT ( ( #3720 ) ) GLOBAL_UNIT_ASSIGNED_CONTEXT ( ( #101, #363, #2225 ) ) REPRESENTATION_CONTEXT ( 'NONE', 'WORKASPACE' ) );
#2789 = ORIENTED_EDGE ( 'NONE', *, *, #2943, .T. ) ;
#2790 = ADVANCED_FACE ( 'NONE', ( #1658 ), #2416, .F. ) ;
#2791 = EDGE_CURVE ( 'NONE', #841, #1777, #2363, .T. ) ;
#2792 = CARTESIAN_POINT ( 'NONE',  ( 4.799999999999999822, 12.84999999999999964, 0.0000000000000000000 ) ) ;
#2793 = ORIENTED_EDGE ( 'NONE', *, *, #552, .T. ) ;
#2794 = LINE ( 'NONE', #153, #3175 ) ;
#2795 = ORIENTED_EDGE ( 'NONE', *, *, #1532, .F. ) ;
#2796 = DIRECTION ( 'NONE',  ( -1.171453342316279939E-15, -1.000000000000000000, -1.944201852462614918E-34 ) ) ;
#2797 = DIRECTION ( 'NONE',  ( 0.0000000000000000000, -1.000000000000000000, 0.0000000000000000000 ) ) ;
#2799 = CIRCLE ( 'NONE', #3936, 0.09999999999999982514 ) ;
#2798 = CARTESIAN_POINT ( 'NONE',  ( 4.400000000000000355, 12.91070467254001564, -11.85469721358782991 ) ) ;
#2800 = EDGE_CURVE ( 'NONE', #4027, #3652, #1639, .T. ) ;
#2801 = CARTESIAN_POINT ( 'NONE',  ( 5.200000000000000178, 12.86414866789771949, -3.366062171635911593 ) ) ;
#2802 = CIRCLE ( 'NONE', #3104, 2.000000000000000000 ) ;
#2803 = DIRECTION ( 'NONE',  ( 1.171453342316279939E-15, 1.000000000000000000, 0.0000000000000000000 ) ) ;
#2804 = DIRECTION ( 'NONE',  ( 1.171453342316279939E-15, 1.000000000000000000, 0.0000000000000000000 ) ) ;
#2805 = SURFACE_SIDE_STYLE ('',( #2445 ) ) ;
#2806 = VECTOR ( 'NONE', #3933, 1000.000000000000114 ) ;
#2807 = DIRECTION ( 'NONE',  ( 0.0000000000000000000, -1.000000000000000000, 0.0000000000000000000 ) ) ;
#2808 = ORIENTED_EDGE ( 'NONE', *, *, #186, .F. ) ;
#2809 = CARTESIAN_POINT ( 'NONE',  ( 5.200000000000000178, 12.90316249061893572, -11.85994582940627495 ) ) ;
#2810 = CIRCLE ( 'NONE', #740, 2.000000000000000000 ) ;
#2811 = CARTESIAN_POINT ( 'NONE',  ( 4.400000000000000355, 12.14999999999999858, -3.280788672671540063 ) ) ;
#2812 =( LENGTH_UNIT ( ) NAMED_UNIT ( * ) SI_UNIT ( .MILLI., .METRE. ) );
#2813 = ORIENTED_EDGE ( 'NONE', *, *, #1883, .F. ) ;
#2814 = EDGE_LOOP ( 'NONE', ( #1875, #3620, #516, #3093 ) ) ;
#2815 = LINE ( 'NONE', #3465, #1788 ) ;
#2816 = FILL_AREA_STYLE ('',( #2860 ) ) ;
#2817 = ORIENTED_EDGE ( 'NONE', *, *, #2087, .T. ) ;
#2818 = EDGE_LOOP ( 'NONE', ( #3897, #3793, #821, #3201, #2547, #2793 ) ) ;
#2819 = DIRECTION ( 'NONE',  ( -1.398970545142589993E-16, -1.000000000000000000, 0.0000000000000000000 ) ) ;
#2820 = ORIENTED_EDGE ( 'NONE', *, *, #4570, .T. ) ;
#2821 = CARTESIAN_POINT ( 'NONE',  ( 4.799999999999999822, 12.14999999999999858, -5.080000000000000071 ) ) ;
#2822 = DIRECTION ( 'NONE',  ( -1.163569835200990031E-29, 1.000000000000000000, -1.794541526872519968E-14 ) ) ;
#2823 = CARTESIAN_POINT ( 'NONE',  ( 8.051243556529820822, 6.700000000000000178, -12.69999999999999929 ) ) ;
#2824 = VERTEX_POINT ( 'NONE', #3470 ) ;
#2825 = DIRECTION ( 'NONE',  ( -1.171453342316279939E-15, -1.000000000000000000, 0.0000000000000000000 ) ) ;
#2826 = CARTESIAN_POINT ( 'NONE',  ( 4.400000000000000355, 12.86156426583980128, -3.365753203240900326 ) ) ;
#2827 = EDGE_CURVE ( 'NONE', #291, #409, #3126, .T. ) ;
#2828 = EDGE_CURVE ( 'NONE', #565, #1507, #2566, .T. ) ;
#2829 = UNCERTAINTY_MEASURE_WITH_UNIT (LENGTH_MEASURE( 1.000000000000000082E-05 ), #1412, 'distance_accuracy_value', 'NONE');
#2830 = DIRECTION ( 'NONE',  ( 1.171453342316279939E-15, 1.000000000000000000, 0.0000000000000000000 ) ) ;
#2831 = COLOUR_RGB ( '',0.2862745098039215508, 0.6431372549019607199, 0.8666666666666666963 ) ;
#2832 = LINE ( 'NONE', #1298, #3231 ) ;
#2833 = VECTOR ( 'NONE', #620, 1000.000000000000000 ) ;
#2834 = DIRECTION ( 'NONE',  ( 0.0000000000000000000, 0.0000000000000000000, -1.000000000000000000 ) ) ;
#2835 = MECHANICAL_DESIGN_GEOMETRIC_PRESENTATION_REPRESENTATION (  '', ( #2980 ), #2908 ) ;
#2836 = ORIENTED_EDGE ( 'NONE', *, *, #3258, .T. ) ;
#2837 = VERTEX_POINT ( 'NONE', #4367 ) ;
#2838 = FILL_AREA_STYLE_COLOUR ( '', #40 ) ;
#2839 = ORIENTED_EDGE ( 'NONE', *, *, #4017, .F. ) ;
#2840 = ORIENTED_EDGE ( 'NONE', *, *, #3053, .F. ) ;
#2841 = DIRECTION ( 'NONE',  ( 1.259827545673939797E-16, -1.000000000000000000, 0.0000000000000000000 ) ) ;
#2842 = ORIENTED_EDGE ( 'NONE', *, *, #1762, .F. ) ;
#2843 = LINE ( 'NONE', #3496, #4654 ) ;
#2844 = AXIS2_PLACEMENT_3D ( 'NONE', #2261, #418, #3711 ) ;
#2845 = SURFACE_STYLE_USAGE ( .BOTH. , #684 ) ;
#2846 = CARTESIAN_POINT ( 'NONE',  ( 4.400000000000000355, 12.88032890577941103, -6.790780456546906763 ) ) ;
#2847 = PRESENTATION_STYLE_ASSIGNMENT (( #2895 ) ) ;
#2848 = DIRECTION ( 'NONE',  ( 0.0000000000000000000, -1.000000000000000000, 0.0000000000000000000 ) ) ;
#2849 =( NAMED_UNIT ( * ) PLANE_ANGLE_UNIT ( ) SI_UNIT ( $, .RADIAN. ) );
#2850 = EDGE_CURVE ( 'NONE', #3163, #3252, #888, .T. ) ;
#2851 = FILL_AREA_STYLE_COLOUR ( '', #108 ) ;
#2852 = EDGE_CURVE ( 'NONE', #287, #1044, #1499, .T. ) ;
#2853 = EDGE_LOOP ( 'NONE', ( #2382, #847, #3871, #3817, #4355, #3877 ) ) ;
#2854 = STYLED_ITEM ( 'NONE', ( #303 ), #125 ) ;
#2855 = DIRECTION ( 'NONE',  ( 0.0000000000000000000, -1.000000000000000000, 0.0000000000000000000 ) ) ;
#2856 = EDGE_CURVE ( 'NONE', #2389, #2308, #1061, .T. ) ;
#2857 = PRESENTATION_LAYER_ASSIGNMENT (  '', '', ( #1477 ) ) ;
#2858 = ORIENTED_EDGE ( 'NONE', *, *, #656, .F. ) ;
#2859 = VERTEX_POINT ( 'NONE', #4295 ) ;
#2860 = FILL_AREA_STYLE_COLOUR ( '', #1560 ) ;
#2861 = COLOUR_RGB ( '',0.2862745098039215508, 0.6431372549019607199, 0.8666666666666666963 ) ;
#2862 = ORIENTED_EDGE ( 'NONE', *, *, #1452, .F. ) ;
#2863 =( GEOMETRIC_REPRESENTATION_CONTEXT ( 3 ) GLOBAL_UNCERTAINTY_ASSIGNED_CONTEXT ( ( #2394 ) ) GLOBAL_UNIT_ASSIGNED_CONTEXT ( ( #360, #404, #4453 ) ) REPRESENTATION_CONTEXT ( 'NONE', 'WORKASPACE' ) );
#2864 = ORIENTED_EDGE ( 'NONE', *, *, #3511, .F. ) ;
#2865 = DIRECTION ( 'NONE',  ( 1.000000000000000000, 0.0000000000000000000, 0.0000000000000000000 ) ) ;
#2866 = B_SPLINE_CURVE_WITH_KNOTS ( 'NONE', 3,
 ( #4452, #1891, #123, #837, #1578, #402 ),
 .UNSPECIFIED., .F., .F.,
 ( 4, 2, 4 ),
 ( 0.0000000000000000000, 0.4442809022261779983, 1.000000000000000000 ),
 .UNSPECIFIED. ) ;
#2867 = VERTEX_POINT ( 'NONE', #273 ) ;
#2868 = VECTOR ( 'NONE', #3304, 1000.000000000000000 ) ;
#2869 = COLOUR_RGB ( '',0.2862745098039215508, 0.6431372549019607199, 0.8666666666666666963 ) ;
#2870 = CARTESIAN_POINT ( 'NONE',  ( 4.400000000000000355, 12.89114242096457730, -11.86654557010977484 ) ) ;
#2871 = SURFACE_STYLE_USAGE ( .BOTH. , #348 ) ;
#2872 = DIRECTION ( 'NONE',  ( -1.000000000000000000, 9.136576017758445997E-16, 0.0000000000000000000 ) ) ;
#2873 = DIRECTION ( 'NONE',  ( 0.0000000000000000000, 0.0000000000000000000, 1.000000000000000000 ) ) ;
#2874 = CIRCLE ( 'NONE', #1567, 1.660966932452119682 ) ;
#2875 =( NAMED_UNIT ( * ) SI_UNIT ( $, .STERADIAN. ) SOLID_ANGLE_UNIT ( ) );
#2876 = CARTESIAN_POINT ( 'NONE',  ( 2.824999999999999289, 11.59999999999999964, -10.16000000000000014 ) ) ;
#2877 = VECTOR ( 'NONE', #2208, 1000.000000000000000 ) ;
#2878 = ORIENTED_EDGE ( 'NONE', *, *, #2263, .F. ) ;
#2879 = CARTESIAN_POINT ( 'NONE',  ( 5.200000000000000178, 12.87251425528491211, -1.712937712263701506 ) ) ;
#2880 = ORIENTED_EDGE ( 'NONE', *, *, #1993, .T. ) ;
#2881 = PRESENTATION_STYLE_ASSIGNMENT (( #3967 ) ) ;
#2882 = EDGE_CURVE ( 'NONE', #4269, #3260, #1019, .T. ) ;
#2883 = FILL_AREA_STYLE ('',( #629 ) ) ;
#2884 =( GEOMETRIC_REPRESENTATION_CONTEXT ( 3 ) GLOBAL_UNCERTAINTY_ASSIGNED_CONTEXT ( ( #3153 ) ) GLOBAL_UNIT_ASSIGNED_CONTEXT ( ( #1388, #2030, #280 ) ) REPRESENTATION_CONTEXT ( 'NONE', 'WORKASPACE' ) );
#2885 = ORIENTED_EDGE ( 'NONE', *, *, #2522, .T. ) ;
#2886 = VERTEX_POINT ( 'NONE', #1402 ) ;
#2887 = ORIENTED_EDGE ( 'NONE', *, *, #358, .F. ) ;
#2888 = CARTESIAN_POINT ( 'NONE',  ( 4.400000000000000355, 12.28181210550289926, 1.783490592976040068 ) ) ;
#2889 = ADVANCED_FACE ( 'NONE', ( #3543 ), #4346, .T. ) ;
#2890 = EDGE_CURVE ( 'NONE', #851, #2389, #754, .T. ) ;
#2891 = EDGE_LOOP ( 'NONE', ( #223, #800, #2455, #3887 ) ) ;
#2892 =( LENGTH_UNIT ( ) NAMED_UNIT ( * ) SI_UNIT ( .MILLI., .METRE. ) );
#2893 =( LENGTH_UNIT ( ) NAMED_UNIT ( * ) SI_UNIT ( .MILLI., .METRE. ) );
#2894 = DIRECTION ( 'NONE',  ( -1.259827545673939797E-16, 1.000000000000000000, 0.0000000000000000000 ) ) ;
#2895 = SURFACE_STYLE_USAGE ( .BOTH. , #4373 ) ;
#2896 = LINE ( 'NONE', #1048, #4344 ) ;
#2897 =( LENGTH_UNIT ( ) NAMED_UNIT ( * ) SI_UNIT ( .MILLI., .METRE. ) );
#2898 = PLANE ( 'NONE',  #1068 ) ;
#2899 = DIRECTION ( 'NONE',  ( -0.1156426582667305081, -0.9932908816600524160, 1.416214112912412984E-17 ) ) ;
#2900 = ORIENTED_EDGE ( 'NONE', *, *, #4516, .F. ) ;
#2901 = SURFACE_STYLE_FILL_AREA ( #431 ) ;
#2902 = DIRECTION ( 'NONE',  ( -0.9333456062030596190, -0.3589790793088687981, 0.0000000000000000000 ) ) ;
#2903 = DIRECTION ( 'NONE',  ( -1.794541526872530066E-14, 0.0000000000000000000, 1.000000000000000000 ) ) ;
#2904 = CARTESIAN_POINT ( 'NONE',  ( 4.799999999999999822, 11.65000000000000036, -10.16000000000000014 ) ) ;
#2905 = ORIENTED_EDGE ( 'NONE', *, *, #4574, .T. ) ;
#2906 = AXIS2_PLACEMENT_3D ( 'NONE', #4519, #510, #3083 ) ;
#2907 =( NAMED_UNIT ( * ) PLANE_ANGLE_UNIT ( ) SI_UNIT ( $, .RADIAN. ) );
#2908 =( GEOMETRIC_REPRESENTATION_CONTEXT ( 3 ) GLOBAL_UNCERTAINTY_ASSIGNED_CONTEXT ( ( #4261 ) ) GLOBAL_UNIT_ASSIGNED_CONTEXT ( ( #2349, #1295, #561 ) ) REPRESENTATION_CONTEXT ( 'NONE', 'WORKASPACE' ) );
#2909 = ADVANCED_FACE ( 'NONE', ( #664 ), #4697, .F. ) ;
#2910 = ADVANCED_FACE ( 'NONE', ( #4648 ), #2071, .T. ) ;
#2911 = ORIENTED_EDGE ( 'NONE', *, *, #628, .T. ) ;
#2912 =( NAMED_UNIT ( * ) PLANE_ANGLE_UNIT ( ) SI_UNIT ( $, .RADIAN. ) );
#2913 = EDGE_LOOP ( 'NONE', ( #4385, #3337, #2519, #1992 ) ) ;
#2914 = CARTESIAN_POINT ( 'NONE',  ( 5.500000000000000000, -3.500000000000000000, -9.860000000000001208 ) ) ;
#2915 = CIRCLE ( 'NONE', #3739, 2.000000000000000000 ) ;
#2916 = DIRECTION ( 'NONE',  ( 0.8169678626347129935, 0.5766831984912240694, 0.0000000000000000000 ) ) ;
#2917 =( GEOMETRIC_REPRESENTATION_CONTEXT ( 3 ) GLOBAL_UNCERTAINTY_ASSIGNED_CONTEXT ( ( #2727 ) ) GLOBAL_UNIT_ASSIGNED_CONTEXT ( ( #6, #2250, #1175 ) ) REPRESENTATION_CONTEXT ( 'NONE', 'WORKASPACE' ) );
#2918 = DIRECTION ( 'NONE',  ( 1.171453342316279939E-15, 1.000000000000000000, 0.0000000000000000000 ) ) ;
#2919 = DIRECTION ( 'NONE',  ( 0.6623263427464677333, -0.7132745229577347468, 0.2292668109507008944 ) ) ;
#2920 = UNCERTAINTY_MEASURE_WITH_UNIT (LENGTH_MEASURE( 1.000000000000000082E-05 ), #1215, 'distance_accuracy_value', 'NONE');
#2921 = DIRECTION ( 'NONE',  ( 1.000000000000000000, 0.0000000000000000000, 0.0000000000000000000 ) ) ;
#2922 = EDGE_LOOP ( 'NONE', ( #173, #990, #1108, #2215 ) ) ;
#2923 = SURFACE_STYLE_USAGE ( .BOTH. , #2110 ) ;
#2924 = DIRECTION ( 'NONE',  ( 0.0000000000000000000, 0.0000000000000000000, 1.000000000000000000 ) ) ;
#2925 = CARTESIAN_POINT ( 'NONE',  ( 4.400000000000000355, 12.90509132938449888, 1.698660975592940048 ) ) ;
#2926 = ORIENTED_EDGE ( 'NONE', *, *, #1504, .F. ) ;
#2927 = CARTESIAN_POINT ( 'NONE',  ( 1.300000000000000044, 5.299999999999999822, -8.859999999999999432 ) ) ;
#2928 = VERTEX_POINT ( 'NONE', #777 ) ;
#2929 = DIRECTION ( 'NONE',  ( 0.0000000000000000000, -0.0000000000000000000, -1.000000000000000000 ) ) ;
#2930 = VERTEX_POINT ( 'NONE', #2650 ) ;
#2931 = SURFACE_STYLE_FILL_AREA ( #17 ) ;
#2932 = CONICAL_SURFACE ( 'NONE', #4153, 1.975000000000000089, 0.9561333737801926969 ) ;
#2933 = EDGE_CURVE ( 'NONE', #3718, #1753, #3395, .T. ) ;
#2934 = FILL_AREA_STYLE_COLOUR ( '', #380 ) ;
#2935 = ADVANCED_FACE ( 'NONE', ( #129 ), #3730, .F. ) ;
#2936 = MECHANICAL_DESIGN_GEOMETRIC_PRESENTATION_REPRESENTATION (  '', ( #4390 ), #107 ) ;
#2937 = VECTOR ( 'NONE', #3756, 1000.000000000000000 ) ;
#2938 = LINE ( 'NONE', #2142, #3270 ) ;
#2939 = SURFACE_STYLE_USAGE ( .BOTH. , #2534 ) ;
#2940 = ADVANCED_FACE ( 'NONE', ( #1182 ), #2598, .F. ) ;
#2942 = CIRCLE ( 'NONE', #2488, 1.827270781290140089 ) ;
#2941 = DIRECTION ( 'NONE',  ( 1.000000000000000000, 0.0000000000000000000, 0.0000000000000000000 ) ) ;
#2943 = EDGE_CURVE ( 'NONE', #2306, #3439, #1876, .T. ) ;
#2944 = VERTEX_POINT ( 'NONE', #3346 ) ;
#2945 = VECTOR ( 'NONE', #166, 1000.000000000000000 ) ;
#2946 = DIRECTION ( 'NONE',  ( -1.000000000000000000, 0.0000000000000000000, 0.0000000000000000000 ) ) ;
#2947 = CARTESIAN_POINT ( 'NONE',  ( 5.200000000000000178, 12.65081076366960033, -1.739435465788609969 ) ) ;
#2948 = CARTESIAN_POINT ( 'NONE',  ( 4.400000000000000355, 12.90509132938449888, -8.461339024407060094 ) ) ;
#2949 = FILL_AREA_STYLE_COLOUR ( '', #722 ) ;
#2950 = DIRECTION ( 'NONE',  ( 0.0000000000000000000, 0.0000000000000000000, 1.000000000000000000 ) ) ;
#2951 = ORIENTED_EDGE ( 'NONE', *, *, #4065, .T. ) ;
#2952 = CONICAL_SURFACE ( 'NONE', #1880, 1.975000000000000089, 0.9561333737801926969 ) ;
#2953 = FACE_OUTER_BOUND ( 'NONE', #1983, .T. ) ;
#2954 = VECTOR ( 'NONE', #2216, 1000.000000000000000 ) ;
#2955 = ORIENTED_EDGE ( 'NONE', *, *, #3200, .T. ) ;
#2956 = FILL_AREA_STYLE_COLOUR ( '', #4703 ) ;
#2957 = CARTESIAN_POINT ( 'NONE',  ( 6.549999999999999822, 12.94999999999999751, -5.080000000000000071 ) ) ;
#2958 = LINE ( 'NONE', #1138, #797 ) ;
#2959 = CARTESIAN_POINT ( 'NONE',  ( 8.882583302491980248, 0.0000000000000000000, -13.10500000000000043 ) ) ;
#2960 = DIRECTION ( 'NONE',  ( 0.0000000000000000000, 0.0000000000000000000, -1.000000000000000000 ) ) ;
#2961 = CARTESIAN_POINT ( 'NONE',  ( 0.9000000000000000222, 8.000000000000000000, -12.69999999999999929 ) ) ;
#2962 = LINE ( 'NONE', #1955, #3839 ) ;
#2963 = UNCERTAINTY_MEASURE_WITH_UNIT (LENGTH_MEASURE( 1.000000000000000082E-05 ), #322, 'distance_accuracy_value', 'NONE');
#2964 = ADVANCED_FACE ( 'NONE', ( #83 ), #2952, .F. ) ;
#2965 = ORIENTED_EDGE ( 'NONE', *, *, #748, .F. ) ;
#2966 = ADVANCED_FACE ( 'NONE', ( #1495 ), #1227, .F. ) ;
#2967 = DIRECTION ( 'NONE',  ( 0.0000000000000000000, 0.0000000000000000000, 1.000000000000000000 ) ) ;
#2968 = CARTESIAN_POINT ( 'NONE',  ( 4.700000000000000178, -3.500000000000000000, -9.860000000000001208 ) ) ;
#2969 = LINE ( 'NONE', #3362, #1603 ) ;
#2970 = DIRECTION ( 'NONE',  ( 0.0000000000000000000, 1.000000000000000000, 0.0000000000000000000 ) ) ;
#2971 = VERTEX_POINT ( 'NONE', #918 ) ;
#2972 =( LENGTH_UNIT ( ) NAMED_UNIT ( * ) SI_UNIT ( .MILLI., .METRE. ) );
#2973 = ORIENTED_EDGE ( 'NONE', *, *, #42, .F. ) ;
#2974 = DIRECTION ( 'NONE',  ( -0.7327934916262990317, -0.6804510993672779895, 0.0000000000000000000 ) ) ;
#2975 = ORIENTED_EDGE ( 'NONE', *, *, #1699, .F. ) ;
#2976 = AXIS2_PLACEMENT_3D ( 'NONE', #3563, #294, #1754 ) ;
#2977 = ORIENTED_EDGE ( 'NONE', *, *, #1648, .F. ) ;
#2978 = FILL_AREA_STYLE ('',( #523 ) ) ;
#2979 = DIRECTION ( 'NONE',  ( 0.8169678626347129935, 0.5766831984912240694, 0.0000000000000000000 ) ) ;
#2980 = STYLED_ITEM ( 'NONE', ( #886 ), #4103 ) ;
#2981 = FACE_OUTER_BOUND ( 'NONE', #2175, .T. ) ;
#2982 = DIRECTION ( 'NONE',  ( -1.000000000000000000, 0.0000000000000000000, 0.0000000000000000000 ) ) ;
#2983 = VECTOR ( 'NONE', #4235, 1000.000000000000000 ) ;
#2984 = DIRECTION ( 'NONE',  ( -1.398970545142589993E-16, -1.000000000000000000, 0.0000000000000000000 ) ) ;
#2985 = AXIS2_PLACEMENT_3D ( 'NONE', #1167, #2270, #3010 ) ;
#2986 = FACE_OUTER_BOUND ( 'NONE', #4333, .T. ) ;
#2987 = SURFACE_STYLE_USAGE ( .BOTH. , #4472 ) ;
#2988 = ORIENTED_EDGE ( 'NONE', *, *, #2674, .F. ) ;
#2989 = DIRECTION ( 'NONE',  ( -1.171453342316279939E-15, -1.000000000000000000, 0.0000000000000000000 ) ) ;
#2990 = SURFACE_STYLE_USAGE ( .BOTH. , #3770 ) ;
#2991 =( GEOMETRIC_REPRESENTATION_CONTEXT ( 3 ) GLOBAL_UNCERTAINTY_ASSIGNED_CONTEXT ( ( #2767 ) ) GLOBAL_UNIT_ASSIGNED_CONTEXT ( ( #3229, #2496, #4310 ) ) REPRESENTATION_CONTEXT ( 'NONE', 'WORKASPACE' ) );
#2992 = DIRECTION ( 'NONE',  ( -1.000000000000000000, 0.0000000000000000000, 0.0000000000000000000 ) ) ;
#2993 = EDGE_CURVE ( 'NONE', #1445, #3462, #566, .T. ) ;
#2994 = EDGE_CURVE ( 'NONE', #2019, #1918, #589, .T. ) ;
#2995 = FILL_AREA_STYLE ('',( #2949 ) ) ;
#2996 = EDGE_LOOP ( 'NONE', ( #1353, #3232, #969, #4716, #1706, #2926 ) ) ;
#2997 = CYLINDRICAL_SURFACE ( 'NONE', #3441, 2.000000000000000000 ) ;
#2998 = CARTESIAN_POINT ( 'NONE',  ( 4.700000000000000178, 0.1499999992184100073, -10.66000000000000014 ) ) ;
#2999 = EDGE_CURVE ( 'NONE', #344, #1135, #4578, .T. ) ;
#3000 = ORIENTED_EDGE ( 'NONE', *, *, #4712, .T. ) ;
#3001 = CONICAL_SURFACE ( 'NONE', #938, 1.749999999999999778, 0.1159019744065879071 ) ;
#3002 = CARTESIAN_POINT ( 'NONE',  ( 4.700000000000000178, 0.1499999992184100073, -0.5000000000001180167 ) ) ;
#3003 = VERTEX_POINT ( 'NONE', #146 ) ;
#3004 = SURFACE_SIDE_STYLE ('',( #504 ) ) ;
#3005 = PRODUCT ( 'TB004-508-03P_Blue - S', 'TB004-508-03P_Blue - S', '', ( #1130 ) ) ;
#3006 = MECHANICAL_DESIGN_GEOMETRIC_PRESENTATION_REPRESENTATION (  '', ( #3452 ), #1334 ) ;
#3007 = VECTOR ( 'NONE', #3742, 1000.000000000000000 ) ;
#3008 = SURFACE_SIDE_STYLE ('',( #424 ) ) ;
#3009 = UNCERTAINTY_MEASURE_WITH_UNIT (LENGTH_MEASURE( 1.000000000000000082E-05 ), #1979, 'distance_accuracy_value', 'NONE');
#3010 = DIRECTION ( 'NONE',  ( 1.000000000000000000, 0.0000000000000000000, 0.0000000000000000000 ) ) ;
#3011 = STYLED_ITEM ( 'NONE', ( #4595 ), #327 ) ;
#3012 = CARTESIAN_POINT ( 'NONE',  ( 5.200000000000000178, 12.86156426583980128, 1.714246796759035130 ) ) ;
#3013 = CARTESIAN_POINT ( 'NONE',  ( 5.500000000000000000, -3.500000000000000000, -0.2999999999999999889 ) ) ;
#3014 = ORIENTED_EDGE ( 'NONE', *, *, #686, .F. ) ;
#3015 = SURFACE_SIDE_STYLE ('',( #511 ) ) ;
#3016 = DIRECTION ( 'NONE',  ( 1.000000000000000000, -9.912705577010326536E-16, 0.0000000000000000000 ) ) ;
#3017 = VECTOR ( 'NONE', #3934, 1000.000000000000000 ) ;
#3018 = AXIS2_PLACEMENT_3D ( 'NONE', #105, #1162, #1947 ) ;
#3019 = CARTESIAN_POINT ( 'NONE',  ( 4.400000000000000355, 12.75618793725179856, -8.433155335579382239 ) ) ;
#3020 = DIRECTION ( 'NONE',  ( 2.153210529380050327E-16, 0.9805806756909201116, -0.1961161351381840445 ) ) ;
#3021 = AXIS2_PLACEMENT_3D ( 'NONE', #1057, #4644, #2154 ) ;
#3022 = ORIENTED_EDGE ( 'NONE', *, *, #1699, .T. ) ;
#3023 = ADVANCED_FACE ( 'NONE', ( #3141 ), #4254, .F. ) ;
#3024 = CARTESIAN_POINT ( 'NONE',  ( 5.200000000000000178, 12.14999999999999858, -7.049999999999999822 ) ) ;
#3025 = VECTOR ( 'NONE', #801, 1000.000000000000114 ) ;
#3026 = CIRCLE ( 'NONE', #2106, 1.760296020616589852 ) ;
#3027 = EDGE_CURVE ( 'NONE', #2824, #3314, #195, .T. ) ;
#3028 = EDGE_CURVE ( 'NONE', #2226, #2928, #3255, .T. ) ;
#3029 = SURFACE_STYLE_USAGE ( .BOTH. , #2651 ) ;
#3030 = FACE_OUTER_BOUND ( 'NONE', #3492, .T. ) ;
#3032 = PRESENTATION_LAYER_ASSIGNMENT (  '', '', ( #349 ) ) ;
#3031 = CARTESIAN_POINT ( 'NONE',  ( 0.5317393842484600119, 7.100000000000000533, 1.920000000000000151 ) ) ;
#3033 = EDGE_LOOP ( 'NONE', ( #657, #1819, #1731, #2303 ) ) ;
#3034 = CIRCLE ( 'NONE', #2656, 1.760296020616589852 ) ;
#3035 = CARTESIAN_POINT ( 'NONE',  ( 0.9000000000000000222, 8.000000000000000000, -12.69999999999999929 ) ) ;
#3036 = CYLINDRICAL_SURFACE ( 'NONE', #624, 0.9000000000000000222 ) ;
#3037 = CARTESIAN_POINT ( 'NONE',  ( 5.200000000000000178, 12.14999999999999858, 1.799211327328460008 ) ) ;
#3038 = EDGE_LOOP ( 'NONE', ( #338, #3014, #1198, #4629 ) ) ;
#3039 = PRESENTATION_STYLE_ASSIGNMENT (( #3360 ) ) ;
#3040 = CARTESIAN_POINT ( 'NONE',  ( 8.995166604983959147, 6.700000000000000178, -13.29999999999999893 ) ) ;
#3041 = SURFACE_SIDE_STYLE ('',( #233 ) ) ;
#3042 = DIRECTION ( 'NONE',  ( 1.000000000000000000, 0.0000000000000000000, 0.0000000000000000000 ) ) ;
#3043 = VERTEX_POINT ( 'NONE', #3069 ) ;
#3044 = ORIENTED_EDGE ( 'NONE', *, *, #1883, .T. ) ;
#3045 = CARTESIAN_POINT ( 'NONE',  ( 5.200000000000000178, 12.14999999999999858, -1.969999999999999973 ) ) ;
#3046 = VERTEX_POINT ( 'NONE', #1608 ) ;
#3047 = ORIENTED_EDGE ( 'NONE', *, *, #1589, .T. ) ;
#3048 =( LENGTH_UNIT ( ) NAMED_UNIT ( * ) SI_UNIT ( .MILLI., .METRE. ) );
#3049 = CARTESIAN_POINT ( 'NONE',  ( 5.200000000000000178, 12.94999999999999929, -1.612082860990529776 ) ) ;
#3050 = FACE_OUTER_BOUND ( 'NONE', #3852, .T. ) ;
#3051 = EDGE_LOOP ( 'NONE', ( #3212, #4404, #3207, #3047 ) ) ;
#3052 = EDGE_CURVE ( 'NONE', #2930, #4461, #1325, .T. ) ;
#3053 = EDGE_CURVE ( 'NONE', #1747, #2867, #2740, .T. ) ;
#3054 = AXIS2_PLACEMENT_3D ( 'NONE', #2725, #1234, #1902 ) ;
#3055 = DIRECTION ( 'NONE',  ( 1.171453342316279939E-15, 1.000000000000000000, 0.0000000000000000000 ) ) ;
#3056 =( NAMED_UNIT ( * ) PLANE_ANGLE_UNIT ( ) SI_UNIT ( $, .RADIAN. ) );
#3057 =( GEOMETRIC_REPRESENTATION_CONTEXT ( 3 ) GLOBAL_UNCERTAINTY_ASSIGNED_CONTEXT ( ( #2963 ) ) GLOBAL_UNIT_ASSIGNED_CONTEXT ( ( #322, #2164, #1030 ) ) REPRESENTATION_CONTEXT ( 'NONE', 'WORKASPACE' ) );
#3058 = FILL_AREA_STYLE_COLOUR ( '', #3808 ) ;
#3059 = FILL_AREA_STYLE ('',( #4089 ) ) ;
#3060 = CARTESIAN_POINT ( 'NONE',  ( 4.400000000000000355, 12.14999999999999858, -1.799211327328460008 ) ) ;
#3061 = CARTESIAN_POINT ( 'NONE',  ( 5.200000000000000178, 12.86156426584003931, -1.714246796759005154 ) ) ;
#3062 = PRESENTATION_LAYER_ASSIGNMENT (  '', '', ( #82 ) ) ;
#3063 = DIRECTION ( 'NONE',  ( 1.000000000000000000, 0.0000000000000000000, 0.0000000000000000000 ) ) ;
#3064 = ORIENTED_EDGE ( 'NONE', *, *, #714, .F. ) ;
#3065 = AXIS2_PLACEMENT_3D ( 'NONE', #3205, #4022, #1371 ) ;
#3066 = CARTESIAN_POINT ( 'NONE',  ( 5.200000000000000178, 12.28181210550289926, -8.376509407023958076 ) ) ;
#3067 = FACE_OUTER_BOUND ( 'NONE', #3752, .T. ) ;
#3068 = ORIENTED_EDGE ( 'NONE', *, *, #887, .T. ) ;
#3069 = CARTESIAN_POINT ( 'NONE',  ( 2.901341823842455092, 11.67312853167970133, -5.080000000000000071 ) ) ;
#3070 = ORIENTED_EDGE ( 'NONE', *, *, #2263, .T. ) ;
#3071 = LINE ( 'NONE', #3827, #3692 ) ;
#3072 = CARTESIAN_POINT ( 'NONE',  ( 4.400000000000000355, 12.86156426583993984, -1.714246796759085090 ) ) ;
#3073 = ORIENTED_EDGE ( 'NONE', *, *, #1474, .T. ) ;
#3074 = PLANE ( 'NONE',  #724 ) ;
#3075 = DIRECTION ( 'NONE',  ( 0.0000000000000000000, 1.000000000000000000, 0.0000000000000000000 ) ) ;
#3076 = CARTESIAN_POINT ( 'NONE',  ( 1.600000000000000089, 6.557366412016069876E-15, -6.379999999999999893 ) ) ;
#3077 = EDGE_CURVE ( 'NONE', #4557, #2615, #1450, .T. ) ;
#3078 = EDGE_CURVE ( 'NONE', #4093, #1909, #486, .T. ) ;
#3079 =( LENGTH_UNIT ( ) NAMED_UNIT ( * ) SI_UNIT ( .MILLI., .METRE. ) );
#3080 = DIRECTION ( 'NONE',  ( 1.000000000000000000, -1.084202172485509956E-15, 2.064602660210875025E-60 ) ) ;
#3081 = CIRCLE ( 'NONE', #100, 1.660966932452119682 ) ;
#3082 = COLOUR_RGB ( '',0.2862745098039215508, 0.6431372549019607199, 0.8666666666666666963 ) ;
#3083 = DIRECTION ( 'NONE',  ( 0.4999999999999998890, 0.0000000000000000000, 0.8660254037844387076 ) ) ;
#3084 = LINE ( 'NONE', #2729, #592 ) ;
#3085 = DIRECTION ( 'NONE',  ( 1.171453342316279939E-15, 1.000000000000000000, 0.0000000000000000000 ) ) ;
#3086 = EDGE_CURVE ( 'NONE', #1950, #1767, #1275, .T. ) ;
#3087 = ADVANCED_FACE ( 'NONE', ( #4037 ), #3991, .T. ) ;
#3089 = AXIS2_PLACEMENT_3D ( 'NONE', #2658, #1143, #2984 ) ;
#3088 = FILL_AREA_STYLE_COLOUR ( '', #2210 ) ;
#3090 = PLANE ( 'NONE',  #2713 ) ;
#3091 = SURFACE_SIDE_STYLE ('',( #2421 ) ) ;
#3092 = AXIS2_PLACEMENT_3D ( 'NONE', #904, #2342, #2437 ) ;
#3093 = ORIENTED_EDGE ( 'NONE', *, *, #3981, .F. ) ;
#3094 = PRESENTATION_LAYER_ASSIGNMENT (  '', '', ( #4240 ) ) ;
#3095 = CARTESIAN_POINT ( 'NONE',  ( 5.200000000000000178, 12.94447253920566432, -11.80776567906683816 ) ) ;
#3096 = CARTESIAN_POINT ( 'NONE',  ( 4.400000000000000355, 12.94919804410899999, -3.452887713807100134 ) ) ;
#3097 = AXIS2_PLACEMENT_3D ( 'NONE', #3946, #1449, #2521 ) ;
#3098 = CARTESIAN_POINT ( 'NONE',  ( 5.200000000000000178, 12.91233902327929073, -1.693307792450121863 ) ) ;
#3099 = EDGE_LOOP ( 'NONE', ( #627, #4001, #2840, #4532 ) ) ;
#3100 = VECTOR ( 'NONE', #3509, 1000.000000000000000 ) ;
#3101 = SURFACE_STYLE_USAGE ( .BOTH. , #1303 ) ;
#3102 = CARTESIAN_POINT ( 'NONE',  ( 4.400000000000000355, 12.94999999999999929, -8.200000000000001066 ) ) ;
#3103 = EDGE_LOOP ( 'NONE', ( #4413, #3931, #7 ) ) ;
#3104 = AXIS2_PLACEMENT_3D ( 'NONE', #4270, #3075, #2023 ) ;
#3105 = CARTESIAN_POINT ( 'NONE',  ( 6.799999999999999822, 14.09999999999999964, -5.080000000000000071 ) ) ;
#3106 = CARTESIAN_POINT ( 'NONE',  ( 1.899999999999999911, 14.09999999999999964, 2.540000000000000036 ) ) ;
#3107 = CARTESIAN_POINT ( 'NONE',  ( 0.0000000000000000000, 1.800000000000000044, -3.330000000000000071 ) ) ;
#3108 = CARTESIAN_POINT ( 'NONE',  ( 5.200000000000000178, 12.28181210550289926, -6.863490592976040361 ) ) ;
#3109 = VECTOR ( 'NONE', #1825, 1000.000000000000000 ) ;
#3110 = SURFACE_STYLE_USAGE ( .BOTH. , #3129 ) ;
#3111 = VECTOR ( 'NONE', #1911, 1000.000000000000114 ) ;
#3112 = DIRECTION ( 'NONE',  ( -1.000000000000000000, 0.0000000000000000000, 0.0000000000000000000 ) ) ;
#3113 = PLANE ( 'NONE',  #1088 ) ;
#3114 = UNCERTAINTY_MEASURE_WITH_UNIT (LENGTH_MEASURE( 1.000000000000000082E-05 ), #2513, 'distance_accuracy_value', 'NONE');
#3115 = LINE ( 'NONE', #961, #2752 ) ;
#3116 = CARTESIAN_POINT ( 'NONE',  ( 5.200000000000000178, 12.94920261174203979, -6.705065273778060941 ) ) ;
#3117 = EDGE_CURVE ( 'NONE', #1219, #77, #1814, .T. ) ;
#3118 = EDGE_CURVE ( 'NONE', #3648, #2735, #3338, .T. ) ;
#3119 = CARTESIAN_POINT ( 'NONE',  ( 5.200000000000000178, 12.93945880131586001, -11.81809009892742068 ) ) ;
#3120 = CARTESIAN_POINT ( 'NONE',  ( 0.6022170361726959520, 2.031621936989500110, -6.621540256709449679 ) ) ;
#3121 = ORIENTED_EDGE ( 'NONE', *, *, #4485, .F. ) ;
#3122 = ORIENTED_EDGE ( 'NONE', *, *, #3308, .F. ) ;
#3123 = DIRECTION ( 'NONE',  ( 1.084202172485509956E-15, 1.000000000000000000, -2.093755841159289733E-31 ) ) ;
#3124 = VERTEX_POINT ( 'NONE', #3666 ) ;
#3125 = ORIENTED_EDGE ( 'NONE', *, *, #1300, .F. ) ;
#3126 = LINE ( 'NONE', #1309, #1951 ) ;
#3127 = DIRECTION ( 'NONE',  ( 1.084202172485509956E-15, 1.000000000000000000, -2.093755841159289733E-31 ) ) ;
#3128 = DIRECTION ( 'NONE',  ( -1.000000000000000000, 0.0000000000000000000, 0.0000000000000000000 ) ) ;
#3129 = SURFACE_SIDE_STYLE ('',( #3448 ) ) ;
#3130 = CARTESIAN_POINT ( 'NONE',  ( 5.500000000000000000, -3.500000000000000000, -5.379999999999999893 ) ) ;
#3131 = SURFACE_STYLE_FILL_AREA ( #984 ) ;
#3132 = LINE ( 'NONE', #4594, #2983 ) ;
#3133 = PRESENTATION_LAYER_ASSIGNMENT (  '', '', ( #4203 ) ) ;
#3134 = VERTEX_POINT ( 'NONE', #1073 ) ;
#3135 = ORIENTED_EDGE ( 'NONE', *, *, #3144, .F. ) ;
#3136 = DIRECTION ( 'NONE',  ( -1.000000000000000000, 1.044405786824304262E-15, 0.0000000000000000000 ) ) ;
#3137 = EDGE_CURVE ( 'NONE', #2944, #2226, #277, .T. ) ;
#3138 = ADVANCED_FACE ( 'NONE', ( #4710 ), #1442, .T. ) ;
#3139 = TOROIDAL_SURFACE ( 'NONE', #558, 1.660966932452119904, 0.1000000000000000056 ) ;
#3140 = EDGE_LOOP ( 'NONE', ( #3584, #2402, #3467, #2454 ) ) ;
#3141 = FACE_OUTER_BOUND ( 'NONE', #2174, .T. ) ;
#3142 = ORIENTED_EDGE ( 'NONE', *, *, #3567, .T. ) ;
#3143 = ORIENTED_EDGE ( 'NONE', *, *, #2025, .F. ) ;
#3144 = EDGE_CURVE ( 'NONE', #2718, #4378, #3550, .T. ) ;
#3145 = CARTESIAN_POINT ( 'NONE',  ( 1.510303448853969943, 7.100000000000000533, 2.540000000000000036 ) ) ;
#3146 = ORIENTED_EDGE ( 'NONE', *, *, #150, .T. ) ;
#3147 = FACE_OUTER_BOUND ( 'NONE', #4550, .T. ) ;
#3148 = CARTESIAN_POINT ( 'NONE',  ( 3.099999999999999645, 11.65000000000000213, 0.0000000000000000000 ) ) ;
#3149 = CARTESIAN_POINT ( 'NONE',  ( 4.400000000000000355, 12.94410876695733847, -11.80690318372112024 ) ) ;
#3150 = PRESENTATION_STYLE_ASSIGNMENT (( #3110 ) ) ;
#3151 =( NAMED_UNIT ( * ) SI_UNIT ( $, .STERADIAN. ) SOLID_ANGLE_UNIT ( ) );
#3152 = FACE_OUTER_BOUND ( 'NONE', #3872, .T. ) ;
#3153 = UNCERTAINTY_MEASURE_WITH_UNIT (LENGTH_MEASURE( 1.000000000000000082E-05 ), #1388, 'distance_accuracy_value', 'NONE');
#3154 = LINE ( 'NONE', #3199, #3736 ) ;
#3155 = AXIS2_PLACEMENT_3D ( 'NONE', #4209, #2804, #1315 ) ;
#3156 = DIRECTION ( 'NONE',  ( -1.259827545673939797E-16, 1.000000000000000000, 0.0000000000000000000 ) ) ;
#3157 = ORIENTED_EDGE ( 'NONE', *, *, #4681, .T. ) ;
#3158 = DIRECTION ( 'NONE',  ( 0.0000000000000000000, 0.0000000000000000000, 1.000000000000000000 ) ) ;
#3159 = CARTESIAN_POINT ( 'NONE',  ( 6.560296020616589452, 12.86156426583979950, -5.080000000000000071 ) ) ;
#3160 = MECHANICAL_DESIGN_GEOMETRIC_PRESENTATION_REPRESENTATION (  '', ( #2405 ), #3685 ) ;
#3161 = CIRCLE ( 'NONE', #2633, 2.000000000000000000 ) ;
#3162 = ORIENTED_EDGE ( 'NONE', *, *, #4215, .F. ) ;
#3163 = VERTEX_POINT ( 'NONE', #4060 ) ;
#3164 = ORIENTED_EDGE ( 'NONE', *, *, #1322, .F. ) ;
#3165 = CARTESIAN_POINT ( 'NONE',  ( 4.400000000000000355, 12.41362307109989871, 1.767760297513899959 ) ) ;
#3166 = VECTOR ( 'NONE', #752, 1000.000000000000000 ) ;
#3167 = EDGE_CURVE ( 'NONE', #2477, #1588, #3621, .T. ) ;
#3168 = AXIS2_PLACEMENT_3D ( 'NONE', #538, #2352, #2599 ) ;
#3169 = ADVANCED_FACE ( 'NONE', ( #1864 ), #2147, .F. ) ;
#3170 = ORIENTED_EDGE ( 'NONE', *, *, #3223, .T. ) ;
#3171 = PLANE ( 'NONE',  #967 ) ;
#3172 = FACE_OUTER_BOUND ( 'NONE', #2407, .T. ) ;
#3173 = CARTESIAN_POINT ( 'NONE',  ( 4.700000000000000178, -3.500000000000000000, -5.379999999999999893 ) ) ;
#3175 = VECTOR ( 'NONE', #4608, 1000.000000000000000 ) ;
#3174 = CARTESIAN_POINT ( 'NONE',  ( 4.400000000000000355, 12.93435702003185561, -11.82863166704543190 ) ) ;
#3176 = FILL_AREA_STYLE_COLOUR ( '', #2491 ) ;
#3177 = VERTEX_POINT ( 'NONE', #4379 ) ;
#3178 = AXIS2_PLACEMENT_3D ( 'NONE', #3977, #4028, #2865 ) ;
#3179 = DIRECTION ( 'NONE',  ( 1.171453342316279939E-15, 1.000000000000000000, 0.0000000000000000000 ) ) ;
#3180 = DIRECTION ( 'NONE',  ( 1.794541526872530066E-14, -1.794571435898010095E-14, -1.000000000000000000 ) ) ;
#3181 = AXIS2_PLACEMENT_3D ( 'NONE', #458, #2371, #1172 ) ;
#3182 = ORIENTED_EDGE ( 'NONE', *, *, #551, .F. ) ;
#3183 = ORIENTED_EDGE ( 'NONE', *, *, #551, .T. ) ;
#3184 = DIRECTION ( 'NONE',  ( 1.000000000000000000, 0.0000000000000000000, 0.0000000000000000000 ) ) ;
#3185 = CARTESIAN_POINT ( 'NONE',  ( 5.500000000000000000, 1.201923076923079980, -3.839615384615389981 ) ) ;
#3186 = EDGE_LOOP ( 'NONE', ( #2592, #1285, #14, #4621 ) ) ;
#3187 = VERTEX_POINT ( 'NONE', #4 ) ;
#3188 = ORIENTED_EDGE ( 'NONE', *, *, #541, .F. ) ;
#3189 = DIRECTION ( 'NONE',  ( 1.171453342316279939E-15, 1.000000000000000000, 0.0000000000000000000 ) ) ;
#3190 = VERTEX_POINT ( 'NONE', #744 ) ;
#3191 = ORIENTED_EDGE ( 'NONE', *, *, #798, .F. ) ;
#3192 = DIRECTION ( 'NONE',  ( 0.4999999999999998890, 0.0000000000000000000, -0.8660254037844387076 ) ) ;
#3193 = CARTESIAN_POINT ( 'NONE',  ( 7.900000000000000355, 14.09999999999999964, -12.69999999999999929 ) ) ;
#3194 = EDGE_CURVE ( 'NONE', #2457, #4454, #3641, .T. ) ;
#3195 = CARTESIAN_POINT ( 'NONE',  ( 4.400000000000000355, 12.93435702003183962, -6.748631667045462912 ) ) ;
#3196 = ADVANCED_FACE ( 'NONE', ( #1575 ), #1220, .F. ) ;
#3197 = VERTEX_POINT ( 'NONE', #1199 ) ;
#3198 = DIRECTION ( 'NONE',  ( 0.0000000000000000000, 0.0000000000000000000, -1.000000000000000000 ) ) ;
#3199 = CARTESIAN_POINT ( 'NONE',  ( 1.498756443470180111, 5.299999999999999822, 1.300000000000000044 ) ) ;
#3200 = EDGE_CURVE ( 'NONE', #196, #2615, #3862, .T. ) ;
#3201 = ORIENTED_EDGE ( 'NONE', *, *, #4365, .T. ) ;
#3202 = VERTEX_POINT ( 'NONE', #534 ) ;
#3203 = CARTESIAN_POINT ( 'NONE',  ( 4.799999999999999822, 11.65000000000000036, 0.0000000000000000000 ) ) ;
#3204 = STYLED_ITEM ( 'NONE', ( #68 ), #3894 ) ;
#3205 = CARTESIAN_POINT ( 'NONE',  ( 0.0000000000000000000, 0.0000000000000000000, 0.0000000000000000000 ) ) ;
#3206 = STYLED_ITEM ( 'NONE', ( #4187 ), #4048 ) ;
#3207 = ORIENTED_EDGE ( 'NONE', *, *, #1618, .F. ) ;
#3208 = VERTEX_POINT ( 'NONE', #2662 ) ;
#3209 = DIRECTION ( 'NONE',  ( 1.259827545673939797E-16, -1.000000000000000000, 0.0000000000000000000 ) ) ;
#3210 = ORIENTED_EDGE ( 'NONE', *, *, #3219, .T. ) ;
#3211 = VECTOR ( 'NONE', #2412, 1000.000000000000000 ) ;
#3212 = ORIENTED_EDGE ( 'NONE', *, *, #921, .F. ) ;
#3213 = ORIENTED_EDGE ( 'NONE', *, *, #102, .T. ) ;
#3214 = CARTESIAN_POINT ( 'NONE',  ( 4.799999999999999822, 12.86156426583980128, -5.080000000000000071 ) ) ;
#3215 = VECTOR ( 'NONE', #2452, 1000.000000000000000 ) ;
#3216 = DIRECTION ( 'NONE',  ( 1.000000000000000000, 0.0000000000000000000, 0.0000000000000000000 ) ) ;
#3217 = CARTESIAN_POINT ( 'NONE',  ( 4.400000000000000355, 12.94022597148092402, -11.81802293319354646 ) ) ;
#3218 = PRESENTATION_STYLE_ASSIGNMENT (( #2871 ) ) ;
#3219 = EDGE_CURVE ( 'NONE', #2457, #2971, #3084, .T. ) ;
#3220 = LINE ( 'NONE', #2961, #2294 ) ;
#3221 = LINE ( 'NONE', #281, #3236 ) ;
#3222 = SURFACE_STYLE_USAGE ( .BOTH. , #3891 ) ;
#3223 = EDGE_CURVE ( 'NONE', #2712, #3932, #908, .T. ) ;
#3224 = EDGE_CURVE ( 'NONE', #2153, #3202, #2810, .T. ) ;
#3225 = CARTESIAN_POINT ( 'NONE',  ( 5.200000000000000178, 12.89114242096455420, 1.706545570109773591 ) ) ;
#3226 = ORIENTED_EDGE ( 'NONE', *, *, #3830, .F. ) ;
#3227 =( NAMED_UNIT ( * ) PLANE_ANGLE_UNIT ( ) SI_UNIT ( $, .RADIAN. ) );
#3228 = VECTOR ( 'NONE', #2626, 1000.000000000000000 ) ;
#3229 =( LENGTH_UNIT ( ) NAMED_UNIT ( * ) SI_UNIT ( .MILLI., .METRE. ) );
#3230 = LINE ( 'NONE', #2150, #1784 ) ;
#3231 = VECTOR ( 'NONE', #2736, 1000.000000000000000 ) ;
#3232 = ORIENTED_EDGE ( 'NONE', *, *, #3479, .F. ) ;
#3233 = VERTEX_POINT ( 'NONE', #4134 ) ;
#3234 = VERTEX_POINT ( 'NONE', #3746 ) ;
#3235 = DIRECTION ( 'NONE',  ( 0.0000000000000000000, 1.000000000000000000, 0.0000000000000000000 ) ) ;
#3236 = VECTOR ( 'NONE', #2848, 1000.000000000000000 ) ;
#3237 = EDGE_LOOP ( 'NONE', ( #893, #3460, #3437, #2190 ) ) ;
#3238 = ORIENTED_EDGE ( 'NONE', *, *, #3412, .F. ) ;
#3239 = FILL_AREA_STYLE ('',( #3561 ) ) ;
#3240 =( NAMED_UNIT ( * ) SI_UNIT ( $, .STERADIAN. ) SOLID_ANGLE_UNIT ( ) );
#3241 = STYLED_ITEM ( 'NONE', ( #2621 ), #852 ) ;
#3242 = FILL_AREA_STYLE_COLOUR ( '', #949 ) ;
#3243 = CARTESIAN_POINT ( 'NONE',  ( 4.400000000000000355, 12.91070467253999077, -6.774697213587836053 ) ) ;
#3244 = PRESENTATION_LAYER_ASSIGNMENT (  '', '', ( #4318 ) ) ;
#3245 = CARTESIAN_POINT ( 'NONE',  ( 7.929999999999999716, 0.0000000000000000000, -13.29999999999999893 ) ) ;
#3246 = FILL_AREA_STYLE ('',( #2466 ) ) ;
#3247 = VECTOR ( 'NONE', #1206, 1000.000000000000000 ) ;
#3248 = PRESENTATION_STYLE_ASSIGNMENT (( #3222 ) ) ;
#3249 = DIRECTION ( 'NONE',  ( -1.163569835200990031E-29, 1.000000000000000000, -1.794541526872519968E-14 ) ) ;
#3250 = SURFACE_STYLE_FILL_AREA ( #1506 ) ;
#3251 = VECTOR ( 'NONE', #4055, 1000.000000000000000 ) ;
#3252 = VERTEX_POINT ( 'NONE', #812 ) ;
#3253 = CARTESIAN_POINT ( 'NONE',  ( 5.200000000000000178, 12.94920261174203979, -1.625065273778064867 ) ) ;
#3254 = DIRECTION ( 'NONE',  ( -0.3589790793088687981, 0.9333456062030596190, 0.0000000000000000000 ) ) ;
#3255 = CIRCLE ( 'NONE', #3323, 1.760296020616589852 ) ;
#3256 = DIRECTION ( 'NONE',  ( 0.0000000000000000000, 0.0000000000000000000, 1.000000000000000000 ) ) ;
#3257 = EDGE_CURVE ( 'NONE', #149, #1445, #4448, .T. ) ;
#3258 = EDGE_CURVE ( 'NONE', #3932, #911, #3401, .T. ) ;
#3259 = VECTOR ( 'NONE', #3316, 1000.000000000000114 ) ;
#3260 = VERTEX_POINT ( 'NONE', #858 ) ;
#3261 = ORIENTED_EDGE ( 'NONE', *, *, #2387, .T. ) ;
#3262 = VERTEX_POINT ( 'NONE', #4185 ) ;
#3263 = DIRECTION ( 'NONE',  ( 0.0000000000000000000, -1.000000000000000000, 0.0000000000000000000 ) ) ;
#3264 = FACE_OUTER_BOUND ( 'NONE', #3342, .T. ) ;
#3265 = CARTESIAN_POINT ( 'NONE',  ( 8.891243556529820680, 66.32999999999999829, 2.140000000000000124 ) ) ;
#3266 = PLANE ( 'NONE',  #4549 ) ;
#3267 = CARTESIAN_POINT ( 'NONE',  ( 4.799999999999999822, 11.67312853167969955, -10.16000000000000014 ) ) ;
#3268 = DIRECTION ( 'NONE',  ( 0.0000000000000000000, 0.0000000000000000000, -1.000000000000000000 ) ) ;
#3269 = DIRECTION ( 'NONE',  ( 1.000000000000000000, 0.0000000000000000000, 0.0000000000000000000 ) ) ;
#3270 = VECTOR ( 'NONE', #710, 1000.000000000000000 ) ;
#3271 = PLANE ( 'NONE',  #1781 ) ;
#3272 = CARTESIAN_POINT ( 'NONE',  ( 1.300000000000000044, 2.299999999999999822, -8.859999999999999432 ) ) ;
#3273 = CARTESIAN_POINT ( 'NONE',  ( 4.400000000000000355, 12.89543644674719935, 1.704404651591340025 ) ) ;
#3274 = EDGE_CURVE ( 'NONE', #3190, #933, #4707, .T. ) ;
#3275 = VERTEX_POINT ( 'NONE', #2636 ) ;
#3276 = ADVANCED_FACE ( 'NONE', ( #835 ), #482, .T. ) ;
#3277 = AXIS2_PLACEMENT_3D ( 'NONE', #203, #1659, #1732 ) ;
#3278 = DIRECTION ( 'NONE',  ( -1.224646799147353207E-16, 1.434616586018100824E-31, 1.000000000000000000 ) ) ;
#3279 = VECTOR ( 'NONE', #396, 1000.000000000000000 ) ;
#3280 = COLOUR_RGB ( '',0.2862745098039215508, 0.6431372549019607199, 0.8666666666666666963 ) ;
#3281 = ORIENTED_EDGE ( 'NONE', *, *, #3773, .T. ) ;
#3282 = EDGE_CURVE ( 'NONE', #1698, #4511, #578, .T. ) ;
#3283 = CARTESIAN_POINT ( 'NONE',  ( 5.200000000000000178, 12.94999999999999929, -3.467917139009469629 ) ) ;
#3284 = FACE_OUTER_BOUND ( 'NONE', #1824, .T. ) ;
#3285 = AXIS2_PLACEMENT_3D ( 'NONE', #3587, #4256, #315 ) ;
#3286 = CARTESIAN_POINT ( 'NONE',  ( 4.400000000000000355, 12.90078847566542031, -1.700703200958900041 ) ) ;
#3287 = SURFACE_STYLE_FILL_AREA ( #4673 ) ;
#3288 = DIRECTION ( 'NONE',  ( 1.000000000000000000, 0.0000000000000000000, 0.0000000000000000000 ) ) ;
#3289 = CARTESIAN_POINT ( 'NONE',  ( 0.5548333950160450057, 6.700000000000000178, -13.29999999999999893 ) ) ;
#3290 = CARTESIAN_POINT ( 'NONE',  ( 4.700000000000000178, 0.0000000000000000000, -9.660000000000119158 ) ) ;
#3291 = FILL_AREA_STYLE ('',( #2584 ) ) ;
#3292 = ORIENTED_EDGE ( 'NONE', *, *, #3567, .F. ) ;
#3293 = DIRECTION ( 'NONE',  ( -1.259827545673939797E-16, 1.000000000000000000, 0.0000000000000000000 ) ) ;
#3294 = CARTESIAN_POINT ( 'NONE',  ( -1.026809279963680002E-14, 1.800000000000000044, 1.300000000000000044 ) ) ;
#3295 = CARTESIAN_POINT ( 'NONE',  ( 4.400000000000000355, 12.94092135887180106, -8.503539288257599082 ) ) ;
#3296 = CARTESIAN_POINT ( 'NONE',  ( 8.995166604983950265, 0.0000000000000000000, -13.29999999999999893 ) ) ;
#3297 = CARTESIAN_POINT ( 'NONE',  ( 4.400000000000000355, 12.94919804410899999, 1.627112286192899937 ) ) ;
#3298 = ORIENTED_EDGE ( 'NONE', *, *, #2002, .F. ) ;
#3299 = DIRECTION ( 'NONE',  ( 1.000000000000000000, 0.0000000000000000000, 0.0000000000000000000 ) ) ;
#3300 = VECTOR ( 'NONE', #560, 1000.000000000000000 ) ;
#3301 = ORIENTED_EDGE ( 'NONE', *, *, #2379, .T. ) ;
#3302 =( NAMED_UNIT ( * ) SI_UNIT ( $, .STERADIAN. ) SOLID_ANGLE_UNIT ( ) );
#3303 = DIRECTION ( 'NONE',  ( -5.522026336547080536E-30, -1.000000000000000000, 1.889646980599320192E-14 ) ) ;
#3304 = DIRECTION ( 'NONE',  ( -0.4999999999999998890, 0.0000000000000000000, -0.8660254037844387076 ) ) ;
#3305 = VECTOR ( 'NONE', #2607, 1000.000000000000000 ) ;
#3306 = DIRECTION ( 'NONE',  ( 1.171453342316279939E-15, 1.000000000000000000, 0.0000000000000000000 ) ) ;
#3307 = EDGE_CURVE ( 'NONE', #3674, #3953, #1665, .T. ) ;
#3308 = EDGE_CURVE ( 'NONE', #4315, #3187, #4233, .T. ) ;
#3309 = STYLED_ITEM ( 'NONE', ( #2391 ), #1559 ) ;
#3310 = DIRECTION ( 'NONE',  ( 1.171453342316279939E-15, 1.000000000000000000, 0.0000000000000000000 ) ) ;
#3311 = FACE_OUTER_BOUND ( 'NONE', #2891, .T. ) ;
#3313 = AXIS2_PLACEMENT_3D ( 'NONE', #2330, #3751, #864 ) ;
#3312 = CARTESIAN_POINT ( 'NONE',  ( 4.799999999999999822, 11.49572055149890026, -5.080000000000000071 ) ) ;
#3314 = VERTEX_POINT ( 'NONE', #3130 ) ;
#3315 = MECHANICAL_DESIGN_GEOMETRIC_PRESENTATION_REPRESENTATION (  '', ( #4320 ), #1037 ) ;
#3316 = DIRECTION ( 'NONE',  ( 0.8169678626347129935, 0.5766831984912240694, 0.0000000000000000000 ) ) ;
#3317 = PLANE ( 'NONE',  #791 ) ;
#3318 = LINE ( 'NONE', #54, #4282 ) ;
#3319 = STYLED_ITEM ( 'NONE', ( #996 ), #2738 ) ;
#3320 = ORIENTED_EDGE ( 'NONE', *, *, #4712, .F. ) ;
#3321 = SURFACE_SIDE_STYLE ('',( #3673 ) ) ;
#3322 = ORIENTED_EDGE ( 'NONE', *, *, #2287, .T. ) ;
#3323 = AXIS2_PLACEMENT_3D ( 'NONE', #545, #2358, #941 ) ;
#3324 =( NAMED_UNIT ( * ) PLANE_ANGLE_UNIT ( ) SI_UNIT ( $, .RADIAN. ) );
#3325 = ORIENTED_EDGE ( 'NONE', *, *, #4718, .T. ) ;
#3326 = LINE ( 'NONE', #3435, #653 ) ;
#3327 = LINE ( 'NONE', #498, #873 ) ;
#3328 = CARTESIAN_POINT ( 'NONE',  ( 5.200000000000000178, 12.14999999999999858, -11.95921132732850012 ) ) ;
#3329 = LINE ( 'NONE', #3610, #154 ) ;
#3330 = SURFACE_STYLE_USAGE ( .BOTH. , #3004 ) ;
#3331 = FILL_AREA_STYLE_COLOUR ( '', #2831 ) ;
#3332 =( NAMED_UNIT ( * ) SI_UNIT ( $, .STERADIAN. ) SOLID_ANGLE_UNIT ( ) );
#3333 = EDGE_CURVE ( 'NONE', #4489, #2179, #4592, .T. ) ;
#3334 = ADVANCED_FACE ( 'NONE', ( #2124 ), #814, .T. ) ;
#3335 = DIRECTION ( 'NONE',  ( 1.171453342316279939E-15, 1.000000000000000000, 0.0000000000000000000 ) ) ;
#3336 = DIRECTION ( 'NONE',  ( 1.000000000000000000, 0.0000000000000000000, 0.0000000000000000000 ) ) ;
#3337 = ORIENTED_EDGE ( 'NONE', *, *, #2086, .T. ) ;
#3338 = LINE ( 'NONE', #330, #3259 ) ;
#3339 = LINE ( 'NONE', #4449, #4068 ) ;
#3340 = EDGE_CURVE ( 'NONE', #1752, #3233, #3034, .T. ) ;
#3341 = PLANE ( 'NONE',  #2523 ) ;
#3342 = EDGE_LOOP ( 'NONE', ( #1635, #274, #3238, #834 ) ) ;
#3343 = ORIENTED_EDGE ( 'NONE', *, *, #2994, .T. ) ;
#3344 = EDGE_LOOP ( 'NONE', ( #4117, #3433, #3627, #4144 ) ) ;
#3345 = AXIS2_PLACEMENT_3D ( 'NONE', #429, #1886, #457 ) ;
#3346 = CARTESIAN_POINT ( 'NONE',  ( 4.400000000000000355, 12.86156426583980128, 1.714246796759100189 ) ) ;
#3347 = CARTESIAN_POINT ( 'NONE',  ( 5.200000000000000178, 12.86156426584003931, -11.87424679675899952 ) ) ;
#3348 = PLANE ( 'NONE',  #2458 ) ;
#3349 = PRESENTATION_LAYER_ASSIGNMENT (  '', '', ( #1457 ) ) ;
#3350 = DIRECTION ( 'NONE',  ( -1.259827545673939797E-16, 1.000000000000000000, 0.0000000000000000000 ) ) ;
#3351 = CARTESIAN_POINT ( 'NONE',  ( 1.600000000000000089, 5.299999999999999822, -3.779999999999999805 ) ) ;
#3352 = VECTOR ( 'NONE', #1685, 1000.000000000000000 ) ;
#3353 = LINE ( 'NONE', #90, #1628 ) ;
#3354 = DIRECTION ( 'NONE',  ( 1.000000000000000000, 0.0000000000000000000, 0.0000000000000000000 ) ) ;
#3355 = AXIS2_PLACEMENT_3D ( 'NONE', #437, #3388, #3042 ) ;
#3356 = ADVANCED_FACE ( 'NONE', ( #256 ), #208, .T. ) ;
#3357 = FACE_OUTER_BOUND ( 'NONE', #4583, .T. ) ;
#3358 = CARTESIAN_POINT ( 'NONE',  ( 0.8896965511460290799, 0.0000000000000000000, 2.540000000000000036 ) ) ;
#3359 = ORIENTED_EDGE ( 'NONE', *, *, #3224, .T. ) ;
#3360 = SURFACE_STYLE_USAGE ( .BOTH. , #3015 ) ;
#3361 = FACE_OUTER_BOUND ( 'NONE', #1987, .T. ) ;
#3362 = CARTESIAN_POINT ( 'NONE',  ( 3.803828682673589867, 2.603569110966920341, -10.59329007138220113 ) ) ;
#3363 = ADVANCED_FACE ( 'NONE', ( #1342 ), #1004, .T. ) ;
#3364 = EDGE_CURVE ( 'NONE', #4596, #4696, #2051, .T. ) ;
#3365 = ORIENTED_EDGE ( 'NONE', *, *, #3421, .F. ) ;
#3366 = CARTESIAN_POINT ( 'NONE',  ( 4.700000000000000178, -2.500000000000000000, -4.580000000000000071 ) ) ;
#3367 =( NAMED_UNIT ( * ) SI_UNIT ( $, .STERADIAN. ) SOLID_ANGLE_UNIT ( ) );
#3368 = FACE_OUTER_BOUND ( 'NONE', #2220, .T. ) ;
#3369 = CARTESIAN_POINT ( 'NONE',  ( 5.200000000000000178, 12.75618793725309885, -11.88684466442599863 ) ) ;
#3370 = CARTESIAN_POINT ( 'NONE',  ( 4.400000000000000355, 12.28181210550289926, -3.296509407023960225 ) ) ;
#3371 = AXIS2_PLACEMENT_3D ( 'NONE', #2244, #2663, #789 ) ;
#3372 = ORIENTED_EDGE ( 'NONE', *, *, #3950, .F. ) ;
#3373 = CIRCLE ( 'NONE', #1169, 0.9000000000000000222 ) ;
#3374 = DIRECTION ( 'NONE',  ( 0.5000000000000051070, -0.0000000000000000000, -0.8660254037844355990 ) ) ;
#3375 = PLANE ( 'NONE',  #1193 ) ;
#3376 = COLOUR_RGB ( '',0.2862745098039215508, 0.6431372549019607199, 0.8666666666666666963 ) ;
#3377 = UNCERTAINTY_MEASURE_WITH_UNIT (LENGTH_MEASURE( 1.000000000000000082E-05 ), #2565, 'distance_accuracy_value', 'NONE');
#3378 = CARTESIAN_POINT ( 'NONE',  ( 5.200000000000000178, 12.91967874843893149, -8.473181258112909120 ) ) ;
#3379 = CIRCLE ( 'NONE', #3771, 1.760296020616589852 ) ;
#3380 = AXIS2_PLACEMENT_3D ( 'NONE', #4620, #675, #4265 ) ;
#3381 = DIRECTION ( 'NONE',  ( -1.000000000000000000, 9.854725885076845551E-16, 0.0000000000000000000 ) ) ;
#3382 = SURFACE_SIDE_STYLE ('',( #2240 ) ) ;
#3383 = VERTEX_POINT ( 'NONE', #4328 ) ;
#3384 = DIRECTION ( 'NONE',  ( 1.000000000000000000, 0.0000000000000000000, 0.0000000000000000000 ) ) ;
#3385 = PRESENTATION_LAYER_ASSIGNMENT (  '', '', ( #1793 ) ) ;
#3386 = UNCERTAINTY_MEASURE_WITH_UNIT (LENGTH_MEASURE( 1.000000000000000082E-05 ), #1645, 'distance_accuracy_value', 'NONE');
#3387 = CARTESIAN_POINT ( 'NONE',  ( 4.400000000000000355, 12.28181210550289926, -8.376509407023958076 ) ) ;
#3388 = DIRECTION ( 'NONE',  ( 0.0000000000000000000, 0.0000000000000000000, 1.000000000000000000 ) ) ;
#3389 = CARTESIAN_POINT ( 'NONE',  ( 6.698658176157541000, 11.67312853167969777, -10.16000000000000014 ) ) ;
#3390 = ORIENTED_EDGE ( 'NONE', *, *, #4041, .T. ) ;
#3391 = CARTESIAN_POINT ( 'NONE',  ( 4.400000000000000355, 12.90509132938449888, -3.381339024407060023 ) ) ;
#3392 = ADVANCED_FACE ( 'NONE', ( #1478 ), #4033, .T. ) ;
#3393 = CIRCLE ( 'NONE', #3468, 0.09999999999999982514 ) ;
#3394 = EDGE_CURVE ( 'NONE', #1327, #515, #4374, .T. ) ;
#3395 = LINE ( 'NONE', #2228, #4095 ) ;
#3396 = CARTESIAN_POINT ( 'NONE',  ( 7.704833395016039255, 7.100000000000000533, -13.29999999999999893 ) ) ;
#3397 = FACE_OUTER_BOUND ( 'NONE', #1401, .T. ) ;
#3399 = STYLED_ITEM ( 'NONE', ( #2278 ), #2940 ) ;
#3398 = CARTESIAN_POINT ( 'NONE',  ( 4.799999999999999822, 12.94999999999999929, 0.0000000000000000000 ) ) ;
#3400 = ORIENTED_EDGE ( 'NONE', *, *, #3559, .T. ) ;
#3401 = CIRCLE ( 'NONE', #3181, 1.660966932452119682 ) ;
#3402 = PRESENTATION_STYLE_ASSIGNMENT (( #528 ) ) ;
#3403 = LINE ( 'NONE', #2286, #2011 ) ;
#3404 =( NAMED_UNIT ( * ) PLANE_ANGLE_UNIT ( ) SI_UNIT ( $, .RADIAN. ) );
#3405 = FILL_AREA_STYLE ('',( #810 ) ) ;
#3406 =( NAMED_UNIT ( * ) PLANE_ANGLE_UNIT ( ) SI_UNIT ( $, .RADIAN. ) );
#3407 = DIRECTION ( 'NONE',  ( 0.0000000000000000000, 0.0000000000000000000, 1.000000000000000000 ) ) ;
#3408 =( LENGTH_UNIT ( ) NAMED_UNIT ( * ) SI_UNIT ( .MILLI., .METRE. ) );
#3409 = ORIENTED_EDGE ( 'NONE', *, *, #188, .T. ) ;
#3410 = CARTESIAN_POINT ( 'NONE',  ( 8.648756443470182020, 7.100000000000000533, -12.69999999999999929 ) ) ;
#3411 = PRODUCT_DEFINITION_SHAPE ( 'NONE', 'NONE',  #4724 ) ;
#3412 = EDGE_CURVE ( 'NONE', #4070, #515, #2896, .T. ) ;
#3413 = EDGE_CURVE ( 'NONE', #2223, #2526, #3589, .T. ) ;
#3414 = ORIENTED_EDGE ( 'NONE', *, *, #1821, .F. ) ;
#3415 = DIRECTION ( 'NONE',  ( 0.4999999999999998890, 0.0000000000000000000, 0.8660254037844387076 ) ) ;
#3416 = ORIENTED_EDGE ( 'NONE', *, *, #1331, .F. ) ;
#3417 = LINE ( 'NONE', #972, #259 ) ;
#3418 = CARTESIAN_POINT ( 'NONE',  ( 4.799999999999999822, 12.84999999999999964, -5.080000000000000071 ) ) ;
#3419 = VERTEX_POINT ( 'NONE', #2533 ) ;
#3420 =( GEOMETRIC_REPRESENTATION_CONTEXT ( 3 ) GLOBAL_UNCERTAINTY_ASSIGNED_CONTEXT ( ( #625 ) ) GLOBAL_UNIT_ASSIGNED_CONTEXT ( ( #2657, #1592, #2341 ) ) REPRESENTATION_CONTEXT ( 'NONE', 'WORKASPACE' ) );
#3421 = EDGE_CURVE ( 'NONE', #3046, #997, #738, .T. ) ;
#3422 = EDGE_CURVE ( 'NONE', #4315, #2015, #3660, .T. ) ;
#3423 = LINE ( 'NONE', #2655, #347 ) ;
#3424 = CARTESIAN_POINT ( 'NONE',  ( 5.200000000000000178, 12.65081076366960033, -6.819435465788610706 ) ) ;
#3425 = VECTOR ( 'NONE', #3192, 1000.000000000000000 ) ;
#3426 = DIRECTION ( 'NONE',  ( 0.0000000000000000000, 0.0000000000000000000, -1.000000000000000000 ) ) ;
#3427 = VECTOR ( 'NONE', #3986, 1000.000000000000000 ) ;
#3428 = PLANE ( 'NONE',  #2906 ) ;
#3429 = FILL_AREA_STYLE ('',( #94 ) ) ;
#3430 = UNCERTAINTY_MEASURE_WITH_UNIT (LENGTH_MEASURE( 1.000000000000000082E-05 ), #261, 'distance_accuracy_value', 'NONE');
#3431 = PRESENTATION_LAYER_ASSIGNMENT (  '', '', ( #2136 ) ) ;
#3432 = LINE ( 'NONE', #861, #3767 ) ;
#3433 = ORIENTED_EDGE ( 'NONE', *, *, #1646, .T. ) ;
#3434 = AXIS2_PLACEMENT_3D ( 'NONE', #1012, #4663, #3576 ) ;
#3435 = CARTESIAN_POINT ( 'NONE',  ( -1.987232698275750014E-14, 1.800000000000000044, 1.300000000000000044 ) ) ;
#3436 = DIRECTION ( 'NONE',  ( 1.171453342316279939E-15, 1.000000000000000000, 0.0000000000000000000 ) ) ;
#3437 = ORIENTED_EDGE ( 'NONE', *, *, #1395, .T. ) ;
#3438 = CARTESIAN_POINT ( 'NONE',  ( 5.200000000000000178, 12.86927415701640065, 1.713010294741450057 ) ) ;
#3439 = VERTEX_POINT ( 'NONE', #3637 ) ;
#3440 = VERTEX_POINT ( 'NONE', #2162 ) ;
#3441 = AXIS2_PLACEMENT_3D ( 'NONE', #2221, #3702, #4455 ) ;
#3442 = CARTESIAN_POINT ( 'NONE',  ( 5.500000000000000000, -3.500000000000000000, 0.2999999999999999889 ) ) ;
#3443 = DIRECTION ( 'NONE',  ( -1.000000000000000000, 0.0000000000000000000, -1.794541526872530066E-14 ) ) ;
#3444 = FILL_AREA_STYLE_COLOUR ( '', #2861 ) ;
#3445 = EDGE_CURVE ( 'NONE', #2930, #3674, #759, .T. ) ;
#3446 = CARTESIAN_POINT ( 'NONE',  ( 5.200000000000000178, 12.88032890577941103, -8.449219543453091674 ) ) ;
#3447 = EDGE_CURVE ( 'NONE', #3562, #3679, #1142, .T. ) ;
#3448 = SURFACE_STYLE_FILL_AREA ( #1663 ) ;
#3449 = TOROIDAL_SURFACE ( 'NONE', #4531, 1.660966932452119904, 0.1000000000000000056 ) ;
#3450 = FACE_OUTER_BOUND ( 'NONE', #305, .T. ) ;
#3451 = CARTESIAN_POINT ( 'NONE',  ( 4.799999999999999822, 14.09999999999999964, 0.0000000000000000000 ) ) ;
#3452 = STYLED_ITEM ( 'NONE', ( #878 ), #1525 ) ;
#3453 = CARTESIAN_POINT ( 'NONE',  ( 5.200000000000000178, 12.94779737082445337, -6.716456345327692645 ) ) ;
#3454 = PRESENTATION_LAYER_ASSIGNMENT (  '', '', ( #2405 ) ) ;
#3455 = ORIENTED_EDGE ( 'NONE', *, *, #102, .F. ) ;
#3456 = PRESENTATION_LAYER_ASSIGNMENT (  '', '', ( #112 ) ) ;
#3457 = CARTESIAN_POINT ( 'NONE',  ( 5.200000000000000178, 12.94999999999999929, -6.692082860990529625 ) ) ;
#3458 = CARTESIAN_POINT ( 'NONE',  ( 4.400000000000000355, 12.94092135887180106, -3.423539288257599900 ) ) ;
#3459 = AXIS2_PLACEMENT_3D ( 'NONE', #469, #3278, #1919 ) ;
#3460 = ORIENTED_EDGE ( 'NONE', *, *, #1676, .T. ) ;
#3461 = CARTESIAN_POINT ( 'NONE',  ( 5.200000000000000178, 12.89327681032674100, -1.704820330736280143 ) ) ;
#3462 = VERTEX_POINT ( 'NONE', #1760 ) ;
#3463 = ORIENTED_EDGE ( 'NONE', *, *, #1448, .T. ) ;
#3464 = STYLED_ITEM ( 'NONE', ( #1291 ), #2504 ) ;
#3465 = CARTESIAN_POINT ( 'NONE',  ( 5.500000000000000000, -0.7211538461538389289, -5.935769230769230909 ) ) ;
#3466 = DIRECTION ( 'NONE',  ( 0.0000000000000000000, 0.0000000000000000000, -1.000000000000000000 ) ) ;
#3467 = ORIENTED_EDGE ( 'NONE', *, *, #2288, .F. ) ;
#3468 = AXIS2_PLACEMENT_3D ( 'NONE', #2763, #4533, #1265 ) ;
#3469 = ORIENTED_EDGE ( 'NONE', *, *, #4257, .F. ) ;
#3470 = CARTESIAN_POINT ( 'NONE',  ( 5.500000000000000000, -3.500000000000000000, -4.780000000000000249 ) ) ;
#3471 = EDGE_LOOP ( 'NONE', ( #1601, #2975, #1038, #2092 ) ) ;
#3472 = DIRECTION ( 'NONE',  ( 1.171453342316279939E-15, 1.000000000000000000, 0.0000000000000000000 ) ) ;
#3473 = CARTESIAN_POINT ( 'NONE',  ( 5.200000000000000178, 12.86156426584003931, -6.794246796759010110 ) ) ;
#3474 = COLOUR_RGB ( '',0.2862745098039215508, 0.6431372549019607199, 0.8666666666666666963 ) ;
#3475 = PRODUCT_DEFINITION_CONTEXT ( 'detailed design', #4298, 'design' ) ;
#3476 = CARTESIAN_POINT ( 'NONE',  ( 1.300000000000000044, 2.299999999999999822, -3.779999999999999805 ) ) ;
#3477 = AXIS2_PLACEMENT_3D ( 'NONE', #1028, #3179, #4637 ) ;
#3478 = CARTESIAN_POINT ( 'NONE',  ( 5.200000000000000178, 12.91967874843893149, -3.393181258112909493 ) ) ;
#3479 = EDGE_CURVE ( 'NONE', #3776, #439, #470, .T. ) ;
#3480 = EDGE_CURVE ( 'NONE', #2665, #521, #2605, .T. ) ;
#3481 = DIRECTION ( 'NONE',  ( 1.000000000000000000, 3.334909476821829649E-28, 1.794541526872530066E-14 ) ) ;
#3482 = UNCERTAINTY_MEASURE_WITH_UNIT (LENGTH_MEASURE( 1.000000000000000082E-05 ), #2972, 'distance_accuracy_value', 'NONE');
#3483 = PLANE ( 'NONE',  #302 ) ;
#3484 = CARTESIAN_POINT ( 'NONE',  ( 5.200000000000000178, 12.90316249061893394, -6.779945829406274882 ) ) ;
#3485 = EDGE_CURVE ( 'NONE', #344, #291, #20, .T. ) ;
#3486 = VERTEX_POINT ( 'NONE', #3984 ) ;
#3487 = SURFACE_SIDE_STYLE ('',( #2038 ) ) ;
#3488 = DIRECTION ( 'NONE',  ( -1.000000000000000000, 1.171453342316279939E-15, 0.0000000000000000000 ) ) ;
#3489 = ORIENTED_EDGE ( 'NONE', *, *, #743, .T. ) ;
#3490 = CARTESIAN_POINT ( 'NONE',  ( 5.200000000000000178, 12.94999999999999929, 1.612082860990529776 ) ) ;
#3491 = EDGE_LOOP ( 'NONE', ( #3787, #4497, #4036, #3226 ) ) ;
#3492 = EDGE_LOOP ( 'NONE', ( #3783, #608, #3142, #2900 ) ) ;
#3493 = DIRECTION ( 'NONE',  ( 1.000000000000000000, 0.0000000000000000000, 0.0000000000000000000 ) ) ;
#3494 = VERTEX_POINT ( 'NONE', #3958 ) ;
#3495 = CARTESIAN_POINT ( 'NONE',  ( 4.799999999999999822, 11.59999999999999964, -10.16000000000000014 ) ) ;
#3496 = CARTESIAN_POINT ( 'NONE',  ( 6.549999999999999822, 12.94999999999999751, 0.0000000000000000000 ) ) ;
#3497 = DIRECTION ( 'NONE',  ( -1.398970545142589993E-16, -1.000000000000000000, 0.0000000000000000000 ) ) ;
#3498 = FACE_OUTER_BOUND ( 'NONE', #3186, .T. ) ;
#3499 = VECTOR ( 'NONE', #4444, 1000.000000000000000 ) ;
#3500 = CARTESIAN_POINT ( 'NONE',  ( 5.200000000000000178, 12.86927415701640065, -3.366989705258550458 ) ) ;
#3501 = VECTOR ( 'NONE', #1197, 1000.000000000000000 ) ;
#3502 = LINE ( 'NONE', #1293, #3300 ) ;
#3503 = SURFACE_STYLE_USAGE ( .BOTH. , #2034 ) ;
#3504 = EDGE_CURVE ( 'NONE', #1470, #4192, #3220, .T. ) ;
#3505 =( LENGTH_UNIT ( ) NAMED_UNIT ( * ) SI_UNIT ( .MILLI., .METRE. ) );
#3506 = ORIENTED_EDGE ( 'NONE', *, *, #1651, .T. ) ;
#3507 = ORIENTED_EDGE ( 'NONE', *, *, #1178, .T. ) ;
#3508 = VECTOR ( 'NONE', #1975, 1000.000000000000114 ) ;
#3509 = DIRECTION ( 'NONE',  ( 0.0000000000000000000, 1.000000000000000000, 0.0000000000000000000 ) ) ;
#3510 = CARTESIAN_POINT ( 'NONE',  ( 6.549999999999999822, 12.94999999999999751, -10.16000000000000014 ) ) ;
#3511 = EDGE_CURVE ( 'NONE', #2308, #633, #2938, .T. ) ;
#3512 = EDGE_CURVE ( 'NONE', #3486, #3043, #4283, .T. ) ;
#3513 = CARTESIAN_POINT ( 'NONE',  ( 1.498756443470180111, 5.299999999999999822, -3.779999999999999805 ) ) ;
#3514 = PRESENTATION_LAYER_ASSIGNMENT (  '', '', ( #4664 ) ) ;
#3515 = ORIENTED_EDGE ( 'NONE', *, *, #1646, .F. ) ;
#3516 = ORIENTED_EDGE ( 'NONE', *, *, #4347, .T. ) ;
#3517 = CARTESIAN_POINT ( 'NONE',  ( 4.400000000000000355, 12.14999999999999858, 1.799211327328460008 ) ) ;
#3518 = EDGE_LOOP ( 'NONE', ( #200, #3515, #1447, #2440 ) ) ;
#3519 = DIRECTION ( 'NONE',  ( 0.0000000000000000000, 0.0000000000000000000, 1.000000000000000000 ) ) ;
#3520 = PRESENTATION_STYLE_ASSIGNMENT (( #2070 ) ) ;
#3521 = LINE ( 'NONE', #253, #4512 ) ;
#3522 = CARTESIAN_POINT ( 'NONE',  ( 5.200000000000000178, 12.88032890577941103, -3.369219543453093824 ) ) ;
#3523 = CARTESIAN_POINT ( 'NONE',  ( 8.660303448853969854, 7.100000000000000533, 2.540000000000000036 ) ) ;
#3524 = CARTESIAN_POINT ( 'NONE',  ( 5.200000000000000178, 12.14999999999999858, -12.13000000000000078 ) ) ;
#3525 = AXIS2_PLACEMENT_3D ( 'NONE', #2192, #1795, #3943 ) ;
#3526 =( NAMED_UNIT ( * ) PLANE_ANGLE_UNIT ( ) SI_UNIT ( $, .RADIAN. ) );
#3527 =( GEOMETRIC_REPRESENTATION_CONTEXT ( 3 ) GLOBAL_UNCERTAINTY_ASSIGNED_CONTEXT ( ( #1294 ) ) GLOBAL_UNIT_ASSIGNED_CONTEXT ( ( #1217, #1570, #3332 ) ) REPRESENTATION_CONTEXT ( 'NONE', 'WORKASPACE' ) );
#3528 = STYLED_ITEM ( 'NONE', ( #3970 ), #359 ) ;
#3529 = CARTESIAN_POINT ( 'NONE',  ( 0.6022170361726949528, 2.031621936989490340, -1.541540256709450052 ) ) ;
#3530 = DIRECTION ( 'NONE',  ( 1.084202172485509956E-15, 1.000000000000000000, -2.093755841159289733E-31 ) ) ;
#3531 = B_SPLINE_CURVE_WITH_KNOTS ( 'NONE', 3,
 ( #2218, #2612, #4021, #3669, #2948, #4381, #1149, #3295, #2249, #1511, #4476, #2639 ),
 .UNSPECIFIED., .F., .F.,
 ( 4, 2, 2, 2, 2, 4 ),
 ( 0.0000000000000000000, 0.1656850625120299958, 0.3885890814077059829, 0.6150867865062989992, 0.8474117590107780318, 1.000000000000000000 ),
 .UNSPECIFIED. ) ;
#3532 = VECTOR ( 'NONE', #4463, 1000.000000000000000 ) ;
#3533 = TOROIDAL_SURFACE ( 'NONE', #575, 1.660966932452119904, 0.1000000000000000056 ) ;
#3534 = ORIENTED_EDGE ( 'NONE', *, *, #1558, .T. ) ;
#3535 = EDGE_CURVE ( 'NONE', #515, #2151, #1808, .T. ) ;
#3536 = ORIENTED_EDGE ( 'NONE', *, *, #806, .F. ) ;
#3537 = EDGE_CURVE ( 'NONE', #1971, #650, #1976, .T. ) ;
#3538 = PLANE ( 'NONE',  #3097 ) ;
#3539 = MECHANICAL_DESIGN_GEOMETRIC_PRESENTATION_REPRESENTATION (  '', ( #802 ), #2788 ) ;
#3540 = EDGE_LOOP ( 'NONE', ( #2431, #917, #243, #331 ) ) ;
#3541 = PRESENTATION_LAYER_ASSIGNMENT (  '', '', ( #1270 ) ) ;
#3542 = ORIENTED_EDGE ( 'NONE', *, *, #945, .F. ) ;
#3543 = FACE_OUTER_BOUND ( 'NONE', #3925, .T. ) ;
#3544 = ORIENTED_EDGE ( 'NONE', *, *, #3078, .F. ) ;
#3545 = DIRECTION ( 'NONE',  ( -1.000000000000000000, 1.171453342316279939E-15, 0.0000000000000000000 ) ) ;
#3546 = CARTESIAN_POINT ( 'NONE',  ( 0.5548333950160458938, 7.100000000000000533, -13.29999999999999893 ) ) ;
#3547 = SURFACE_STYLE_FILL_AREA ( #2003 ) ;
#3548 = COLOUR_RGB ( '',0.2862745098039215508, 0.6431372549019607199, 0.8666666666666666963 ) ;
#3549 = FILL_AREA_STYLE ('',( #4281 ) ) ;
#3550 = CIRCLE ( 'NONE', #4020, 0.2999999999999999334 ) ;
#3551 =( NAMED_UNIT ( * ) SI_UNIT ( $, .STERADIAN. ) SOLID_ANGLE_UNIT ( ) );
#3552 = EDGE_LOOP ( 'NONE', ( #2056, #1171 ) ) ;
#3553 = CARTESIAN_POINT ( 'NONE',  ( 0.0000000000000000000, 7.100000000000000533, 2.540000000000000036 ) ) ;
#3554 = ORIENTED_EDGE ( 'NONE', *, *, #2144, .T. ) ;
#3555 = ORIENTED_EDGE ( 'NONE', *, *, #421, .F. ) ;
#3556 = FACE_OUTER_BOUND ( 'NONE', #165, .T. ) ;
#3557 = VERTEX_POINT ( 'NONE', #1456 ) ;
#3558 = PRODUCT_DEFINITION ( 'UNKNOWN', '', #1312, #3475 ) ;
#3559 = EDGE_CURVE ( 'NONE', #3046, #3439, #4056, .T. ) ;
#3560 = ORIENTED_EDGE ( 'NONE', *, *, #2264, .T. ) ;
#3561 = FILL_AREA_STYLE_COLOUR ( '', #3474 ) ;
#3562 = VERTEX_POINT ( 'NONE', #423 ) ;
#3563 = CARTESIAN_POINT ( 'NONE',  ( 4.799999999999999822, 11.67312853167969955, -10.16000000000000014 ) ) ;
#3564 = LINE ( 'NONE', #295, #2711 ) ;
#3565 = CARTESIAN_POINT ( 'NONE',  ( 4.799999999999999822, 11.65000000000000036, -5.080000000000000071 ) ) ;
#3566 = EDGE_CURVE ( 'NONE', #1863, #2019, #1267, .T. ) ;
#3567 = EDGE_CURVE ( 'NONE', #1767, #1950, #2517, .T. ) ;
#3568 = DIRECTION ( 'NONE',  ( -0.3589790793088687981, 0.9333456062030596190, 0.0000000000000000000 ) ) ;
#3569 = CARTESIAN_POINT ( 'NONE',  ( 4.400000000000000355, 12.14999999999999858, -6.879211327328460079 ) ) ;
#3570 =( GEOMETRIC_REPRESENTATION_CONTEXT ( 3 ) GLOBAL_UNCERTAINTY_ASSIGNED_CONTEXT ( ( #2581 ) ) GLOBAL_UNIT_ASSIGNED_CONTEXT ( ( #1271, #3406, #1959 ) ) REPRESENTATION_CONTEXT ( 'NONE', 'WORKASPACE' ) );
#3571 = VECTOR ( 'NONE', #2187, 1000.000000000000000 ) ;
#3572 = EDGE_LOOP ( 'NONE', ( #4577, #1157, #3915, #2644 ) ) ;
#3573 = CARTESIAN_POINT ( 'NONE',  ( 0.6674166975080230158, 0.0000000000000000000, -13.10500000000000043 ) ) ;
#3574 = VERTEX_POINT ( 'NONE', #2285 ) ;
#3575 = MECHANICAL_DESIGN_GEOMETRIC_PRESENTATION_REPRESENTATION (  '', ( #1457 ), #689 ) ;
#3576 = DIRECTION ( 'NONE',  ( 1.000000000000000000, 0.0000000000000000000, 0.0000000000000000000 ) ) ;
#3577 = CARTESIAN_POINT ( 'NONE',  ( 5.500000000000000000, -3.500000000000000000, -5.159999999999999254 ) ) ;
#3578 = B_SPLINE_CURVE_WITH_KNOTS ( 'NONE', 3,
 ( #563, #1627, #843, #191, #3391, #2307, #1225, #3458, #1965, #3096, #2691, #144 ),
 .UNSPECIFIED., .F., .F.,
 ( 4, 2, 2, 2, 2, 4 ),
 ( 0.0000000000000000000, 0.1656850625120299958, 0.3885890814077059829, 0.6150867865062989992, 0.8474117590107780318, 1.000000000000000000 ),
 .UNSPECIFIED. ) ;
#3579 = VECTOR ( 'NONE', #1145, 1000.000000000000000 ) ;
#3580 = EDGE_LOOP ( 'NONE', ( #1494, #3855, #2007, #4491 ) ) ;
#3581 = ORIENTED_EDGE ( 'NONE', *, *, #1944, .F. ) ;
#3582 = ORIENTED_EDGE ( 'NONE', *, *, #3364, .T. ) ;
#3583 = SURFACE_STYLE_USAGE ( .BOTH. , #2133 ) ;
#3584 = ORIENTED_EDGE ( 'NONE', *, *, #889, .F. ) ;
#3585 = VECTOR ( 'NONE', #1721, 1000.000000000000000 ) ;
#3586 = SURFACE_STYLE_FILL_AREA ( #3634 ) ;
#3587 = CARTESIAN_POINT ( 'NONE',  ( 4.799999999999999822, 12.14999999999999858, -5.080000000000000071 ) ) ;
#3588 = CARTESIAN_POINT ( 'NONE',  ( 4.799999999999999822, 12.86156426583980128, -10.16000000000000014 ) ) ;
#3589 = LINE ( 'NONE', #4009, #1661 ) ;
#3590 = EDGE_CURVE ( 'NONE', #2389, #4321, #136, .T. ) ;
#3591 = EDGE_CURVE ( 'NONE', #993, #3383, #2316, .T. ) ;
#3592 = DIRECTION ( 'NONE',  ( 0.0000000000000000000, -0.0000000000000000000, -1.000000000000000000 ) ) ;
#3593 = CARTESIAN_POINT ( 'NONE',  ( 4.700000000000000178, -3.500000000000000000, -9.860000000000001208 ) ) ;
#3594 = CARTESIAN_POINT ( 'NONE',  ( 1.600000000000000089, 1.250834939098269894E-14, -8.859999999999999432 ) ) ;
#3595 = ORIENTED_EDGE ( 'NONE', *, *, #271, .T. ) ;
#3596 = AXIS2_PLACEMENT_3D ( 'NONE', #3524, #1005, #1688 ) ;
#3597 = PRESENTATION_LAYER_ASSIGNMENT (  '', '', ( #2854 ) ) ;
#3598 = DIRECTION ( 'NONE',  ( 1.000000000000000000, 0.0000000000000000000, 0.0000000000000000000 ) ) ;
#3599 = CARTESIAN_POINT ( 'NONE',  ( 10.20000000000000107, 0.0000000000000000000, 2.540000000000000036 ) ) ;
#3600 = VERTEX_POINT ( 'NONE', #1523 ) ;
#3601 = VERTEX_POINT ( 'NONE', #451 ) ;
#3602 = CARTESIAN_POINT ( 'NONE',  ( 8.660303448853969854, 0.0000000000000000000, 2.540000000000000036 ) ) ;
#3603 = VECTOR ( 'NONE', #1497, 1000.000000000000000 ) ;
#3604 = STYLED_ITEM ( 'NONE', ( #3671 ), #488 ) ;
#3605 = ORIENTED_EDGE ( 'NONE', *, *, #2387, .F. ) ;
#3606 = PRESENTATION_STYLE_ASSIGNMENT (( #1730 ) ) ;
#3607 = ORIENTED_EDGE ( 'NONE', *, *, #2379, .F. ) ;
#3608 = CIRCLE ( 'NONE', #1413, 1.843139007342379898 ) ;
#3609 =( NAMED_UNIT ( * ) PLANE_ANGLE_UNIT ( ) SI_UNIT ( $, .RADIAN. ) );
#3610 = CARTESIAN_POINT ( 'NONE',  ( 6.774999999999999467, 11.59999999999999964, 0.0000000000000000000 ) ) ;
#3611 = VECTOR ( 'NONE', #4482, 1000.000000000000114 ) ;
#3612 = CARTESIAN_POINT ( 'NONE',  ( 8.039696551146029435, 66.32999999999999829, 2.540000000000000036 ) ) ;
#3613 = DIRECTION ( 'NONE',  ( 0.1617750270664809475, 0.9868276651055336579, 0.0000000000000000000 ) ) ;
#3614 = CARTESIAN_POINT ( 'NONE',  ( 1.026809279963680002E-14, 1.800000000000000044, -8.859999999999999432 ) ) ;
#3615 = VECTOR ( 'NONE', #755, 1000.000000000000114 ) ;
#3616 = PLANE ( 'NONE',  #2985 ) ;
#3617 = ADVANCED_FACE ( 'NONE', ( #1569 ), #3689, .T. ) ;
#3618 = AXIS2_PLACEMENT_3D ( 'NONE', #3495, #4224, #902 ) ;
#3619 = EDGE_CURVE ( 'NONE', #2176, #2223, #505, .T. ) ;
#3620 = ORIENTED_EDGE ( 'NONE', *, *, #392, .T. ) ;
#3621 = LINE ( 'NONE', #1888, #2954 ) ;
#3622 =( NAMED_UNIT ( * ) PLANE_ANGLE_UNIT ( ) SI_UNIT ( $, .RADIAN. ) );
#3623 =( GEOMETRIC_REPRESENTATION_CONTEXT ( 3 ) GLOBAL_UNCERTAINTY_ASSIGNED_CONTEXT ( ( #715 ) ) GLOBAL_UNIT_ASSIGNED_CONTEXT ( ( #2892, #2912, #3367 ) ) REPRESENTATION_CONTEXT ( 'NONE', 'WORKASPACE' ) );
#3624 = DIRECTION ( 'NONE',  ( 1.000000000000000000, 0.0000000000000000000, 0.0000000000000000000 ) ) ;
#3625 = ADVANCED_FACE ( 'NONE', ( #3714 ), #1191, .F. ) ;
#3626 = VECTOR ( 'NONE', #4302, 1000.000000000000114 ) ;
#3627 = ORIENTED_EDGE ( 'NONE', *, *, #3866, .F. ) ;
#3628 = DIRECTION ( 'NONE',  ( 0.0000000000000000000, -1.000000000000000000, 0.0000000000000000000 ) ) ;
#3629 = ORIENTED_EDGE ( 'NONE', *, *, #628, .F. ) ;
#3630 = CARTESIAN_POINT ( 'NONE',  ( 10.20000000000000107, 0.0000000000000000000, 1.920000000000000151 ) ) ;
#3631 = ORIENTED_EDGE ( 'NONE', *, *, #240, .F. ) ;
#3632 = CARTESIAN_POINT ( 'NONE',  ( 4.799999999999999822, 12.94999999999999929, -10.16000000000000014 ) ) ;
#3633 = CARTESIAN_POINT ( 'NONE',  ( 0.5548333950160458938, 7.100000000000000533, -13.29999999999999893 ) ) ;
#3634 = FILL_AREA_STYLE ('',( #3242 ) ) ;
#3635 = CARTESIAN_POINT ( 'NONE',  ( 4.400000000000000355, 12.91967874843893149, -1.686818741887090578 ) ) ;
#3636 =( LENGTH_UNIT ( ) NAMED_UNIT ( * ) SI_UNIT ( .MILLI., .METRE. ) );
#3637 = CARTESIAN_POINT ( 'NONE',  ( 1.498756443470180111, 2.299999999999999822, -8.859999999999999432 ) ) ;
#3638 =( NAMED_UNIT ( * ) PLANE_ANGLE_UNIT ( ) SI_UNIT ( $, .RADIAN. ) );
#3639 =( NAMED_UNIT ( * ) SI_UNIT ( $, .STERADIAN. ) SOLID_ANGLE_UNIT ( ) );
#3640 = CARTESIAN_POINT ( 'NONE',  ( 4.400000000000000355, 12.14999999999999858, -12.13000000000000078 ) ) ;
#3641 = LINE ( 'NONE', #121, #3111 ) ;
#3642 = SURFACE_SIDE_STYLE ('',( #4662 ) ) ;
#3643 = CARTESIAN_POINT ( 'NONE',  ( 2.824999999999999289, 11.59999999999999964, -5.080000000000000071 ) ) ;
#3644 = LINE ( 'NONE', #4337, #2384 ) ;
#3645 =( NAMED_UNIT ( * ) SI_UNIT ( $, .STERADIAN. ) SOLID_ANGLE_UNIT ( ) );
#3646 = ORIENTED_EDGE ( 'NONE', *, *, #3118, .F. ) ;
#3647 = CARTESIAN_POINT ( 'NONE',  ( 4.400000000000000355, 12.94092135887180106, 1.656460711742399949 ) ) ;
#3648 = VERTEX_POINT ( 'NONE', #2024 ) ;
#3649 = EDGE_CURVE ( 'NONE', #3574, #4003, #3806, .T. ) ;
#3650 = ADVANCED_FACE ( 'NONE', ( #3172 ), #1708, .T. ) ;
#3651 = VECTOR ( 'NONE', #4408, 1000.000000000000000 ) ;
#3652 = VERTEX_POINT ( 'NONE', #554 ) ;
#3653 = DIRECTION ( 'NONE',  ( -1.259827545673939797E-16, 1.000000000000000000, 0.0000000000000000000 ) ) ;
#3654 = CARTESIAN_POINT ( 'NONE',  ( 5.500000000000000000, 1.201923076923079980, -8.919615384615390496 ) ) ;
#3655 = ORIENTED_EDGE ( 'NONE', *, *, #3830, .T. ) ;
#3656 = LINE ( 'NONE', #1878, #2868 ) ;
#3657 = COLOUR_RGB ( '',0.2862745098039215508, 0.6431372549019607199, 0.8666666666666666963 ) ;
#3658 = PLANE ( 'NONE',  #4128 ) ;
#3659 = LINE ( 'NONE', #299, #1718 ) ;
#3660 = LINE ( 'NONE', #2235, #2524 ) ;
#3661 = CARTESIAN_POINT ( 'NONE',  ( 1.498756443470180111, 2.299999999999999822, -6.379999999999999893 ) ) ;
#3662 = UNCERTAINTY_MEASURE_WITH_UNIT (LENGTH_MEASURE( 1.000000000000000082E-05 ), #1170, 'distance_accuracy_value', 'NONE');
#3663 = SURFACE_SIDE_STYLE ('',( #762 ) ) ;
#3664 = DIRECTION ( 'NONE',  ( -1.000000000000000000, 0.0000000000000000000, 0.0000000000000000000 ) ) ;
#3665 = ORIENTED_EDGE ( 'NONE', *, *, #1236, .T. ) ;
#3666 = CARTESIAN_POINT ( 'NONE',  ( 2.799999999999999378, 14.09999999999999964, -5.080000000000000071 ) ) ;
#3667 = SHAPE_REPRESENTATION ( 'TB004-508-03P_Blue - S', ( #1683 ), #2991 ) ;
#3668 = CARTESIAN_POINT ( 'NONE',  ( 1.600000000000000089, 5.299999999999999822, -11.45999999999999908 ) ) ;
#3669 = CARTESIAN_POINT ( 'NONE',  ( 4.400000000000000355, 12.89543644674719935, -8.455595348408659007 ) ) ;
#3670 = APPLICATION_PROTOCOL_DEFINITION ( 'draft international standard', 'automotive_design', 1998, #4450 ) ;
#3671 = PRESENTATION_STYLE_ASSIGNMENT (( #4384 ) ) ;
#3672 = ORIENTED_EDGE ( 'NONE', *, *, #2791, .T. ) ;
#3673 = SURFACE_STYLE_FILL_AREA ( #2276 ) ;
#3674 = VERTEX_POINT ( 'NONE', #2390 ) ;
#3675 = COLOUR_RGB ( '',0.2862745098039215508, 0.6431372549019607199, 0.8666666666666666963 ) ;
#3676 = VECTOR ( 'NONE', #4471, 1000.000000000000000 ) ;
#3677 = EDGE_CURVE ( 'NONE', #2783, #1863, #4649, .T. ) ;
#3678 = ADVANCED_FACE ( 'NONE', ( #3147 ), #3857, .T. ) ;
#3679 = VERTEX_POINT ( 'NONE', #1361 ) ;
#3680 = DIRECTION ( 'NONE',  ( 0.8881430813907017496, 0.3415934928425769512, -0.3074341435583199389 ) ) ;
#3681 = CARTESIAN_POINT ( 'NONE',  ( 4.400000000000000355, 12.14999999999999858, -11.95921132732850012 ) ) ;
#3682 = CARTESIAN_POINT ( 'NONE',  ( 5.200000000000000178, 12.65081076366960033, -11.89943546578860101 ) ) ;
#3683 = VECTOR ( 'NONE', #782, 1000.000000000000000 ) ;
#3684 = CARTESIAN_POINT ( 'NONE',  ( 5.500000000000000000, -2.500000000000000000, -4.580000000000000071 ) ) ;
#3685 =( GEOMETRIC_REPRESENTATION_CONTEXT ( 3 ) GLOBAL_UNCERTAINTY_ASSIGNED_CONTEXT ( ( #2193 ) ) GLOBAL_UNIT_ASSIGNED_CONTEXT ( ( #2893, #3609, #4299 ) ) REPRESENTATION_CONTEXT ( 'NONE', 'WORKASPACE' ) );
#3686 = EDGE_CURVE ( 'NONE', #2403, #3822, #927, .T. ) ;
#3687 = VECTOR ( 'NONE', #3749, 1000.000000000000227 ) ;
#3688 = DIRECTION ( 'NONE',  ( -1.000000000000000000, 0.0000000000000000000, 0.0000000000000000000 ) ) ;
#3689 = PLANE ( 'NONE',  #219 ) ;
#3690 = DIRECTION ( 'NONE',  ( -1.171453342316279939E-15, -1.000000000000000000, 0.0000000000000000000 ) ) ;
#3692 = VECTOR ( 'NONE', #1259, 1000.000000000000000 ) ;
#3691 = CARTESIAN_POINT ( 'NONE',  ( 4.799999999999999822, 11.49572055149890026, -10.16000000000000014 ) ) ;
#3693 = CARTESIAN_POINT ( 'NONE',  ( 1.498756443470180111, 5.299999999999999822, -8.859999999999999432 ) ) ;
#3694 = EDGE_LOOP ( 'NONE', ( #2134, #4579, #2114, #260 ) ) ;
#3695 = VECTOR ( 'NONE', #3303, 1000.000000000000000 ) ;
#3696 = SURFACE_STYLE_USAGE ( .BOTH. , #4018 ) ;
#3697 = CARTESIAN_POINT ( 'NONE',  ( 1.510303448853969943, 0.0000000000000000000, 2.540000000000000036 ) ) ;
#3698 = FILL_AREA_STYLE ('',( #746 ) ) ;
#3699 = PRODUCT_CONTEXT ( 'NONE', #4450, 'mechanical' ) ;
#3700 = AXIS2_PLACEMENT_3D ( 'NONE', #1522, #3350, #3688 ) ;
#3701 = ORIENTED_EDGE ( 'NONE', *, *, #2681, .F. ) ;
#3702 = DIRECTION ( 'NONE',  ( -1.259827545673939797E-16, 1.000000000000000000, 0.0000000000000000000 ) ) ;
#3703 = EDGE_LOOP ( 'NONE', ( #1609, #3904, #1014, #3898, #391 ) ) ;
#3704 = AXIS2_PLACEMENT_3D ( 'NONE', #4217, #3941, #1302 ) ;
#3705 = SURFACE_SIDE_STYLE ('',( #820 ) ) ;
#3706 = ORIENTED_EDGE ( 'NONE', *, *, #3920, .F. ) ;
#3707 = CARTESIAN_POINT ( 'NONE',  ( 1.498756443470180111, 1.252251306632979966E-14, -8.859999999999999432 ) ) ;
#3708 = CARTESIAN_POINT ( 'NONE',  ( 5.200000000000000178, 12.94999999999999929, -3.456145414403315907 ) ) ;
#3709 = CARTESIAN_POINT ( 'NONE',  ( 4.700000000000000178, 0.0000000000000000000, -0.5000000000001160183 ) ) ;
#3710 = EDGE_CURVE ( 'NONE', #3043, #3486, #617, .T. ) ;
#3711 = DIRECTION ( 'NONE',  ( 0.0000000000000000000, 0.0000000000000000000, 1.000000000000000000 ) ) ;
#3712 = DIRECTION ( 'NONE',  ( 0.3271105638831660611, 0.0000000000000000000, -0.9449860734402583118 ) ) ;
#3713 = FACE_BOUND ( 'NONE', #1324, .T. ) ;
#3714 = FACE_OUTER_BOUND ( 'NONE', #2013, .T. ) ;
#3715 = EDGE_CURVE ( 'NONE', #183, #2015, #950, .T. ) ;
#3716 = PLANE ( 'NONE',  #1307 ) ;
#3717 = EDGE_CURVE ( 'NONE', #1697, #772, #2131, .T. ) ;
#3718 = VERTEX_POINT ( 'NONE', #3107 ) ;
#3719 =( NAMED_UNIT ( * ) PLANE_ANGLE_UNIT ( ) SI_UNIT ( $, .RADIAN. ) );
#3720 = UNCERTAINTY_MEASURE_WITH_UNIT (LENGTH_MEASURE( 1.000000000000000082E-05 ), #101, 'distance_accuracy_value', 'NONE');
#3721 = PRODUCT ( 'CUI_DEVICES_TB004-508-12BE', 'CUI_DEVICES_TB004-508-12BE', '', ( #3699 ) ) ;
#3722 = PLANE ( 'NONE',  #2062 ) ;
#3723 = CONTEXT_DEPENDENT_SHAPE_REPRESENTATION ( #2344, #4114 ) ;
#3724 = CARTESIAN_POINT ( 'NONE',  ( 1.300000000000000044, 5.299999999999999822, -1.300000000000000044 ) ) ;
#3725 = ORIENTED_EDGE ( 'NONE', *, *, #2856, .T. ) ;
#3726 = DIRECTION ( 'NONE',  ( 0.0000000000000000000, 1.000000000000000000, 0.0000000000000000000 ) ) ;
#3727 = PRESENTATION_STYLE_ASSIGNMENT (( #442 ) ) ;
#3728 = EDGE_LOOP ( 'NONE', ( #1400, #2277, #4473, #4167, #2813 ) ) ;
#3729 = AXIS2_PLACEMENT_3D ( 'NONE', #3214, #3979, #683 ) ;
#3730 = PLANE ( 'NONE',  #968 ) ;
#3731 = ORIENTED_EDGE ( 'NONE', *, *, #2325, .T. ) ;
#3732 = FACE_OUTER_BOUND ( 'NONE', #236, .T. ) ;
#3733 = DIRECTION ( 'NONE',  ( -1.000000000000000000, 0.0000000000000000000, 0.0000000000000000000 ) ) ;
#3734 = CARTESIAN_POINT ( 'NONE',  ( 4.400000000000000355, 12.86156426583980128, -3.365753203240900326 ) ) ;
#3735 = ORIENTED_EDGE ( 'NONE', *, *, #2195, .F. ) ;
#3736 = VECTOR ( 'NONE', #4658, 1000.000000000000000 ) ;
#3737 = CARTESIAN_POINT ( 'NONE',  ( 0.9000000000000000222, 8.000000000000000000, 2.540000000000000036 ) ) ;
#3738 = CARTESIAN_POINT ( 'NONE',  ( 4.699999999999870504, 0.0000000000000000000, 2.539999999999900560 ) ) ;
#3739 = AXIS2_PLACEMENT_3D ( 'NONE', #448, #4416, #1855 ) ;
#3740 = LINE ( 'NONE', #2269, #177 ) ;
#3741 = VECTOR ( 'NONE', #1187, 1000.000000000000000 ) ;
#3742 = DIRECTION ( 'NONE',  ( 0.0000000000000000000, 1.000000000000000000, 0.0000000000000000000 ) ) ;
#3743 = DIRECTION ( 'NONE',  ( 5.517568307814269711E-16, 0.0000000000000000000, 1.000000000000000000 ) ) ;
#3744 = ADVANCED_FACE ( 'NONE', ( #3833 ), #1065, .T. ) ;
#3745 = ADVANCED_FACE ( 'NONE', ( #570 ), #374, .T. ) ;
#3746 = CARTESIAN_POINT ( 'NONE',  ( 5.134046399818389754E-15, 6.700000000000000178, -3.330000000000000071 ) ) ;
#3747 = DIRECTION ( 'NONE',  ( -1.000000000000000000, 0.0000000000000000000, 0.0000000000000000000 ) ) ;
#3748 = CARTESIAN_POINT ( 'NONE',  ( 2.154824120534930110, 13.79999999999999893, -12.69999999999999929 ) ) ;
#3749 = DIRECTION ( 'NONE',  ( 0.8881430813907013055, 0.3415934928425771178, -0.3074341435583210491 ) ) ;
#3750 = ORIENTED_EDGE ( 'NONE', *, *, #2439, .T. ) ;
#3751 = DIRECTION ( 'NONE',  ( 0.8660254037844387076, 0.0000000000000000000, -0.4999999999999998890 ) ) ;
#3752 = EDGE_LOOP ( 'NONE', ( #2148, #1056, #2880, #2045 ) ) ;
#3753 = SURFACE_SIDE_STYLE ('',( #2693 ) ) ;
#3754 = ORIENTED_EDGE ( 'NONE', *, *, #2144, .F. ) ;
#3755 = B_SPLINE_CURVE_WITH_KNOTS ( 'NONE', 3,
 ( #3935, #4349, #4632, #1782, #1024, #3195, #2438, #1711, #3243, #4651, #2487, #2846, #1734, #4672, #4700, #3886 ),
 .UNSPECIFIED., .F., .F.,
 ( 4, 3, 3, 3, 3, 4 ),
 ( 0.0000000000000000000, 3.531517381846180402E-05, 7.066450544158413478E-05, 0.0001054618491226603263, 0.0001392987215180699204, 0.0001469974402360739701 ),
 .UNSPECIFIED. ) ;
#3756 = DIRECTION ( 'NONE',  ( 5.517568307814269711E-16, 0.0000000000000000000, 1.000000000000000000 ) ) ;
#3757 = DIRECTION ( 'NONE',  ( 1.000000000000000000, 0.0000000000000000000, 0.0000000000000000000 ) ) ;
#3758 =( LENGTH_UNIT ( ) NAMED_UNIT ( * ) SI_UNIT ( .MILLI., .METRE. ) );
#3759 = VECTOR ( 'NONE', #674, 1000.000000000000000 ) ;
#3760 = ORIENTED_EDGE ( 'NONE', *, *, #4625, .T. ) ;
#3761 =( NAMED_UNIT ( * ) PLANE_ANGLE_UNIT ( ) SI_UNIT ( $, .RADIAN. ) );
#3762 = AXIS2_PLACEMENT_3D ( 'NONE', #3890, #1649, #3838 ) ;
#3763 = DIRECTION ( 'NONE',  ( 0.0000000000000000000, 0.0000000000000000000, -1.000000000000000000 ) ) ;
#3764 = COLOUR_RGB ( '',0.2862745098039215508, 0.6431372549019607199, 0.8666666666666666963 ) ;
#3765 = PRESENTATION_STYLE_ASSIGNMENT (( #477 ) ) ;
#3766 = AXIS2_PLACEMENT_3D ( 'NONE', #1780, #3955, #733 ) ;
#3767 = VECTOR ( 'NONE', #3020, 1000.000000000000114 ) ;
#3768 = SURFACE_STYLE_USAGE ( .BOTH. , #92 ) ;
#3769 = DIRECTION ( 'NONE',  ( -0.9449860734402578677, 0.0000000000000000000, -0.3271105638831669493 ) ) ;
#3770 = SURFACE_SIDE_STYLE ('',( #1528 ) ) ;
#3771 = AXIS2_PLACEMENT_3D ( 'NONE', #4529, #3851, #1633 ) ;
#3772 = APPLICATION_PROTOCOL_DEFINITION ( 'draft international standard', 'automotive_design', 1998, #1846 ) ;
#3773 = EDGE_CURVE ( 'NONE', #196, #4606, #2843, .T. ) ;
#3774 = EDGE_CURVE ( 'NONE', #567, #3600, #2678, .T. ) ;
#3775 = CARTESIAN_POINT ( 'NONE',  ( 0.0000000000000000000, 7.100000000000000533, 2.540000000000000036 ) ) ;
#3776 = VERTEX_POINT ( 'NONE', #1380 ) ;
#3777 = EDGE_LOOP ( 'NONE', ( #413, #989, #3942, #3325 ) ) ;
#3778 = LINE ( 'NONE', #3120, #3850 ) ;
#3779 =( GEOMETRIC_REPRESENTATION_CONTEXT ( 3 ) GLOBAL_UNCERTAINTY_ASSIGNED_CONTEXT ( ( #2535 ) ) GLOBAL_UNIT_ASSIGNED_CONTEXT ( ( #708, #1856, #668 ) ) REPRESENTATION_CONTEXT ( 'NONE', 'WORKASPACE' ) );
#3780 = EDGE_CURVE ( 'NONE', #3828, #4316, #1640, .T. ) ;
#3781 = ADVANCED_FACE ( 'NONE', ( #1311 ), #2365, .T. ) ;
#3782 = MECHANICAL_DESIGN_GEOMETRIC_PRESENTATION_REPRESENTATION (  '', ( #349 ), #3623 ) ;
#3783 = ORIENTED_EDGE ( 'NONE', *, *, #2852, .T. ) ;
#3784 = CARTESIAN_POINT ( 'NONE',  ( 5.200000000000000178, 12.91070467253999077, 1.694697213587836870 ) ) ;
#3785 = FACE_OUTER_BOUND ( 'NONE', #4294, .T. ) ;
#3786 = CARTESIAN_POINT ( 'NONE',  ( 4.700000000000000178, -2.500000000000000000, -0.5000000000000000000 ) ) ;
#3787 = ORIENTED_EDGE ( 'NONE', *, *, #1967, .F. ) ;
#3788 = FILL_AREA_STYLE_COLOUR ( '', #411 ) ;
#3789 = CYLINDRICAL_SURFACE ( 'NONE', #2159, 2.000000000000000000 ) ;
#3790 = DIRECTION ( 'NONE',  ( 0.0000000000000000000, 0.0000000000000000000, -1.000000000000000000 ) ) ;
#3791 = DIRECTION ( 'NONE',  ( 0.0000000000000000000, -0.9805806756909201116, 0.1961161351381840445 ) ) ;
#3792 = LINE ( 'NONE', #4523, #1709 ) ;
#3793 = ORIENTED_EDGE ( 'NONE', *, *, #4683, .T. ) ;
#3794 = APPLICATION_CONTEXT ( 'automotive_design' ) ;
#3795 = DIRECTION ( 'NONE',  ( -1.259827545673939797E-16, 1.000000000000000000, 0.0000000000000000000 ) ) ;
#3796 = ORIENTED_EDGE ( 'NONE', *, *, #98, .F. ) ;
#3797 = DIRECTION ( 'NONE',  ( 1.171453342316279939E-15, 1.000000000000000000, 0.0000000000000000000 ) ) ;
#3798 = EDGE_LOOP ( 'NONE', ( #2498, #473, #201, #3261, #1632, #867 ) ) ;
#3799 = CARTESIAN_POINT ( 'NONE',  ( 5.200000000000000178, 12.94410876695733847, 1.646903183721159847 ) ) ;
#3800 = ORIENTED_EDGE ( 'NONE', *, *, #4656, .T. ) ;
#3801 = EDGE_CURVE ( 'NONE', #2859, #4622, #3963, .T. ) ;
#3802 = EDGE_CURVE ( 'NONE', #4251, #3262, #1021, .T. ) ;
#3803 = DIRECTION ( 'NONE',  ( 1.171453342316279939E-15, 1.000000000000000000, 6.804706483619149860E-35 ) ) ;
#3804 = CARTESIAN_POINT ( 'NONE',  ( 1.845166604983960124, 7.100000000000000533, -13.29999999999999893 ) ) ;
#3805 = CARTESIAN_POINT ( 'NONE',  ( 10.20000000000000107, 0.0000000000000000000, -0.5000000000000169864 ) ) ;
#3806 = LINE ( 'NONE', #178, #2597 ) ;
#3807 = CARTESIAN_POINT ( 'NONE',  ( 8.769999999999999574, 0.0000000000000000000, 1.920000000000000151 ) ) ;
#3808 = COLOUR_RGB ( '',0.2862745098039215508, 0.6431372549019607199, 0.8666666666666666963 ) ;
#3809 = CARTESIAN_POINT ( 'NONE',  ( 5.200000000000000178, 12.94999999999999929, -8.547917139009470588 ) ) ;
#3810 = DIRECTION ( 'NONE',  ( -0.8881430813907016386, -0.3415934928425779504, -0.3074341435583189397 ) ) ;
#3811 = VECTOR ( 'NONE', #581, 1000.000000000000000 ) ;
#3812 = SURFACE_SIDE_STYLE ('',( #3131 ) ) ;
#3813 = UNCERTAINTY_MEASURE_WITH_UNIT (LENGTH_MEASURE( 1.000000000000000082E-05 ), #1928, 'distance_accuracy_value', 'NONE');
#3814 = CARTESIAN_POINT ( 'NONE',  ( 4.700000000000000178, -4.519230769230760281, -0.09615384615384479916 ) ) ;
#3815 = MECHANICAL_DESIGN_GEOMETRIC_PRESENTATION_REPRESENTATION (  '', ( #3972 ), #4441 ) ;
#3816 = LINE ( 'NONE', #4547, #2247 ) ;
#3817 = ORIENTED_EDGE ( 'NONE', *, *, #743, .F. ) ;
#3818 = CIRCLE ( 'NONE', #2844, 2.000000000000000000 ) ;
#3819 = CARTESIAN_POINT ( 'NONE',  ( 5.200000000000000178, 12.92009370453263983, -11.84547501792797952 ) ) ;
#3820 = ORIENTED_EDGE ( 'NONE', *, *, #1236, .F. ) ;
#3821 = CARTESIAN_POINT ( 'NONE',  ( 4.799999999999999822, 12.94999999999999929, -5.080000000000000071 ) ) ;
#3822 = VERTEX_POINT ( 'NONE', #665 ) ;
#3823 = CARTESIAN_POINT ( 'NONE',  ( 5.200000000000000178, 12.90078847566542031, 1.700703200958900041 ) ) ;
#3824 = ORIENTED_EDGE ( 'NONE', *, *, #1790, .F. ) ;
#3825 = ORIENTED_EDGE ( 'NONE', *, *, #212, .T. ) ;
#3826 = DIRECTION ( 'NONE',  ( -1.259827545673939797E-16, 1.000000000000000000, 0.0000000000000000000 ) ) ;
#3827 = CARTESIAN_POINT ( 'NONE',  ( 0.9000000000000000222, 8.000000000000000000, 2.540000000000000036 ) ) ;
#3828 = VERTEX_POINT ( 'NONE', #1779 ) ;
#3829 = EDGE_CURVE ( 'NONE', #361, #4606, #464, .T. ) ;
#3830 = EDGE_CURVE ( 'NONE', #650, #1971, #2206, .T. ) ;
#3831 = SURFACE_SIDE_STYLE ('',( #2388 ) ) ;
#3832 = ORIENTED_EDGE ( 'NONE', *, *, #1582, .T. ) ;
#3833 = FACE_OUTER_BOUND ( 'NONE', #3703, .T. ) ;
#3834 = AXIS2_PLACEMENT_3D ( 'NONE', #4178, #3055, #1924 ) ;
#3835 = VECTOR ( 'NONE', #4377, 1000.000000000000000 ) ;
#3836 = ADVANCED_FACE ( 'NONE', ( #3954 ), #3428, .F. ) ;
#3837 =( NAMED_UNIT ( * ) SI_UNIT ( $, .STERADIAN. ) SOLID_ANGLE_UNIT ( ) );
#3838 = DIRECTION ( 'NONE',  ( 0.0000000000000000000, 0.9805806756909202226, -0.1961161351381840445 ) ) ;
#3839 = VECTOR ( 'NONE', #2317, 1000.000000000000000 ) ;
#3840 = PRESENTATION_LAYER_ASSIGNMENT (  '', '', ( #3528 ) ) ;
#3841 = DIRECTION ( 'NONE',  ( -1.000000000000000000, 9.854725885076845551E-16, 0.0000000000000000000 ) ) ;
#3842 = PLANE ( 'NONE',  #2239 ) ;
#3843 = VECTOR ( 'NONE', #3249, 1000.000000000000000 ) ;
#3844 = FILL_AREA_STYLE_COLOUR ( '', #27 ) ;
#3845 = CARTESIAN_POINT ( 'NONE',  ( 3.099999999999999645, 11.65000000000000213, -10.16000000000000014 ) ) ;
#3846 = CONICAL_SURFACE ( 'NONE', #1033, 1.749999999999999778, 0.1159019744065879071 ) ;
#3847 = ORIENTED_EDGE ( 'NONE', *, *, #2472, .F. ) ;
#3848 = DIRECTION ( 'NONE',  ( 1.000000000000000000, 0.0000000000000000000, 0.0000000000000000000 ) ) ;
#3849 = ORIENTED_EDGE ( 'NONE', *, *, #2196, .F. ) ;
#3850 = VECTOR ( 'NONE', #1299, 1000.000000000000114 ) ;
#3851 = DIRECTION ( 'NONE',  ( -1.171453342316279939E-15, -1.000000000000000000, 0.0000000000000000000 ) ) ;
#3852 = EDGE_LOOP ( 'NONE', ( #1308, #1281, #1813, #4339 ) ) ;
#3853 = VECTOR ( 'NONE', #3443, 1000.000000000000000 ) ;
#3854 = DIRECTION ( 'NONE',  ( -1.000000000000000000, 1.171453342316279939E-15, 0.0000000000000000000 ) ) ;
#3855 = ORIENTED_EDGE ( 'NONE', *, *, #1675, .F. ) ;
#3856 =( NAMED_UNIT ( * ) PLANE_ANGLE_UNIT ( ) SI_UNIT ( $, .RADIAN. ) );
#3857 = PLANE ( 'NONE',  #1223 ) ;
#3858 = EDGE_CURVE ( 'NONE', #933, #3190, #786, .T. ) ;
#3859 = VECTOR ( 'NONE', #365, 1000.000000000000000 ) ;
#3860 = DIRECTION ( 'NONE',  ( -1.000000000000000000, 0.0000000000000000000, 0.0000000000000000000 ) ) ;
#3861 = CARTESIAN_POINT ( 'NONE',  ( 10.20000000000000107, 5.000000000000000000, 2.540000000000000036 ) ) ;
#3862 = CIRCLE ( 'NONE', #517, 1.760296020616589852 ) ;
#3863 = DIRECTION ( 'NONE',  ( -0.8660254037844384856, 0.0000000000000000000, 0.5000000000000003331 ) ) ;
#3864 = DIRECTION ( 'NONE',  ( 0.0000000000000000000, -1.000000000000000000, 0.0000000000000000000 ) ) ;
#3865 = PRESENTATION_STYLE_ASSIGNMENT (( #960 ) ) ;
#3866 = EDGE_CURVE ( 'NONE', #70, #1327, #4496, .T. ) ;
#3867 = EDGE_CURVE ( 'NONE', #2971, #997, #1596, .T. ) ;
#3868 = FILL_AREA_STYLE_COLOUR ( '', #925 ) ;
#3869 =( NAMED_UNIT ( * ) PLANE_ANGLE_UNIT ( ) SI_UNIT ( $, .RADIAN. ) );
#3870 = ADVANCED_BREP_SHAPE_REPRESENTATION ( '', ( #852, #1683 ), #2991 ) ;
#3871 = ORIENTED_EDGE ( 'NONE', *, *, #2473, .T. ) ;
#3872 = EDGE_LOOP ( 'NONE', ( #1080, #793, #2482, #4044 ) ) ;
#3873 = DIRECTION ( 'NONE',  ( -1.000000000000000000, 0.0000000000000000000, -1.794541526872530066E-14 ) ) ;
#3874 = LINE ( 'NONE', #3529, #3741 ) ;
#3875 = DIRECTION ( 'NONE',  ( -1.000000000000000000, 0.0000000000000000000, 0.0000000000000000000 ) ) ;
#3876 = ORIENTED_EDGE ( 'NONE', *, *, #3591, .T. ) ;
#3877 = ORIENTED_EDGE ( 'NONE', *, *, #4484, .T. ) ;
#3878 = VERTEX_POINT ( 'NONE', #1239 ) ;
#3879 = CARTESIAN_POINT ( 'NONE',  ( 4.400000000000000355, 12.65081076366930013, 1.739435465788649937 ) ) ;
#3880 = EDGE_LOOP ( 'NONE', ( #2132, #339, #1923, #4645 ) ) ;
#3881 = B_SPLINE_CURVE_WITH_KNOTS ( 'NONE', 3,
 ( #3012, #4539, #1218, #2318, #854, #3037 ),
 .UNSPECIFIED., .F., .F.,
 ( 4, 2, 4 ),
 ( 0.0000000000000000000, 0.4442809022260499896, 1.000000000000000000 ),
 .UNSPECIFIED. ) ;
#3882 = ORIENTED_EDGE ( 'NONE', *, *, #3590, .T. ) ;
#3883 = FILL_AREA_STYLE_COLOUR ( '', #809 ) ;
#3884 = DIRECTION ( 'NONE',  ( -1.398970545142589993E-16, -1.000000000000000000, 0.0000000000000000000 ) ) ;
#3885 = FACE_OUTER_BOUND ( 'NONE', #3777, .T. ) ;
#3886 = CARTESIAN_POINT ( 'NONE',  ( 4.400000000000000355, 12.86156426583993984, -6.794246796759080276 ) ) ;
#3887 = ORIENTED_EDGE ( 'NONE', *, *, #69, .F. ) ;
#3888 = DIRECTION ( 'NONE',  ( -1.000000000000000000, 0.0000000000000000000, 0.0000000000000000000 ) ) ;
#3889 = COLOUR_RGB ( '',0.2862745098039215508, 0.6431372549019607199, 0.8666666666666666963 ) ;
#3890 = CARTESIAN_POINT ( 'NONE',  ( 10.69999999999999929, -2.500000000000000000, -0.5000000000000000000 ) ) ;
#3891 = SURFACE_SIDE_STYLE ('',( #1050 ) ) ;
#3892 = CARTESIAN_POINT ( 'NONE',  ( 4.400000000000000355, 12.41362307109989871, -6.847760297513900696 ) ) ;
#3893 = PRESENTATION_LAYER_ASSIGNMENT (  '', '', ( #4356 ) ) ;
#3894 = ADVANCED_FACE ( 'NONE', ( #4087 ), #4158, .F. ) ;
#3895 = DIRECTION ( 'NONE',  ( 1.000000000000000000, 3.334909476821829649E-28, 1.794541526872530066E-14 ) ) ;
#3896 = ADVANCED_FACE ( 'NONE', ( #2347 ), #4199, .F. ) ;
#3897 = ORIENTED_EDGE ( 'NONE', *, *, #12, .F. ) ;
#3898 = ORIENTED_EDGE ( 'NONE', *, *, #3077, .T. ) ;
#3899 = CARTESIAN_POINT ( 'NONE',  ( 10.20000000000000107, 5.000000000000000000, 2.540000000000000036 ) ) ;
#3900 = VECTOR ( 'NONE', #4420, 1000.000000000000000 ) ;
#3901 = CARTESIAN_POINT ( 'NONE',  ( 4.400000000000000355, 12.86672273822259704, -1.713524937923187164 ) ) ;
#3902 = FACE_OUTER_BOUND ( 'NONE', #1020, .T. ) ;
#3903 = VERTEX_POINT ( 'NONE', #1549 ) ;
#3904 = ORIENTED_EDGE ( 'NONE', *, *, #3078, .T. ) ;
#3905 = CARTESIAN_POINT ( 'NONE',  ( 4.400000000000000355, 12.75618793725179856, 1.726844664420619901 ) ) ;
#3906 = VERTEX_POINT ( 'NONE', #3358 ) ;
#3907 = CARTESIAN_POINT ( 'NONE',  ( 0.8896965511460290799, 7.100000000000000533, 2.540000000000000036 ) ) ;
#3908 = CARTESIAN_POINT ( 'NONE',  ( 1.498756443470180111, 2.299999999999999822, -3.779999999999999805 ) ) ;
#3909 = CARTESIAN_POINT ( 'NONE',  ( 4.400000000000000355, 12.90078847566544162, -11.86070320095889841 ) ) ;
#3910 = AXIS2_PLACEMENT_3D ( 'NONE', #4024, #440, #2950 ) ;
#3911 = CARTESIAN_POINT ( 'NONE',  ( 5.200000000000000178, 12.90078847566542031, -3.379296799041099586 ) ) ;
#3912 = CARTESIAN_POINT ( 'NONE',  ( 4.799999999999999822, 12.86156426583980128, -5.080000000000000071 ) ) ;
#3913 = SURFACE_SIDE_STYLE ('',( #4010 ) ) ;
#3914 = FILL_AREA_STYLE ('',( #2433 ) ) ;
#3915 = ORIENTED_EDGE ( 'NONE', *, *, #2800, .F. ) ;
#3916 = ORIENTED_EDGE ( 'NONE', *, *, #2325, .F. ) ;
#3917 = STYLED_ITEM ( 'NONE', ( #1438 ), #1301 ) ;
#3918 = AXIS2_PLACEMENT_3D ( 'NONE', #2126, #2807, #2468 ) ;
#3919 = EDGE_CURVE ( 'NONE', #1431, #4461, #93, .T. ) ;
#3920 = EDGE_CURVE ( 'NONE', #2083, #1466, #1487, .T. ) ;
#3921 = CARTESIAN_POINT ( 'NONE',  ( 7.666390328872330073, 13.79999999999999893, -12.69999999999999929 ) ) ;
#3922 = SURFACE_SIDE_STYLE ('',( #1054 ) ) ;
#3923 = MECHANICAL_DESIGN_GEOMETRIC_PRESENTATION_REPRESENTATION (  '', ( #3309 ), #2554 ) ;
#3924 = VECTOR ( 'NONE', #2761, 1000.000000000000114 ) ;
#3925 = EDGE_LOOP ( 'NONE', ( #247, #4502, #3455, #2782, #1849, #4223 ) ) ;
#3926 = ORIENTED_EDGE ( 'NONE', *, *, #3717, .F. ) ;
#3927 = FACE_OUTER_BOUND ( 'NONE', #3051, .T. ) ;
#3928 = EDGE_CURVE ( 'NONE', #4198, #3252, #3531, .T. ) ;
#3929 = AXIS2_PLACEMENT_3D ( 'NONE', #3821, #2737, #3136 ) ;
#3930 = EDGE_CURVE ( 'NONE', #4192, #1318, #468, .T. ) ;
#3931 = ORIENTED_EDGE ( 'NONE', *, *, #2850, .T. ) ;
#3932 = VERTEX_POINT ( 'NONE', #1104 ) ;
#3933 = DIRECTION ( 'NONE',  ( 0.5000000000000058842, -0.0000000000000000000, 0.8660254037844351549 ) ) ;
#3934 = DIRECTION ( 'NONE',  ( 0.0000000000000000000, 1.000000000000000000, 0.0000000000000000000 ) ) ;
#3936 = AXIS2_PLACEMENT_3D ( 'NONE', #11, #1066, #3957 ) ;
#3935 = CARTESIAN_POINT ( 'NONE',  ( 4.400000000000000355, 12.94999999999999929, -6.692082860990529625 ) ) ;
#3937 = CARTESIAN_POINT ( 'NONE',  ( 4.700000000000000178, -2.596153846153840039, 0.4807692307692309486 ) ) ;
#3938 = DIRECTION ( 'NONE',  ( -0.9333456062030596190, -0.3589790793088687981, 0.0000000000000000000 ) ) ;
#3939 = CARTESIAN_POINT ( 'NONE',  ( 4.400000000000000355, 12.41362307109989871, -1.767760297513899959 ) ) ;
#3940 = AXIS2_PLACEMENT_3D ( 'NONE', #1127, #25, #3965 ) ;
#3941 = DIRECTION ( 'NONE',  ( 0.0000000000000000000, 0.0000000000000000000, 1.000000000000000000 ) ) ;
#3942 = ORIENTED_EDGE ( 'NONE', *, *, #3413, .T. ) ;
#3943 = DIRECTION ( 'NONE',  ( -0.4999999999999998890, 0.0000000000000000000, 0.8660254037844387076 ) ) ;
#3944 =( NAMED_UNIT ( * ) PLANE_ANGLE_UNIT ( ) SI_UNIT ( $, .RADIAN. ) );
#3945 = ORIENTED_EDGE ( 'NONE', *, *, #4575, .T. ) ;
#3946 = CARTESIAN_POINT ( 'NONE',  ( 5.500000000000000000, -3.500000000000000000, 5.000000000000000000 ) ) ;
#3947 = EDGE_LOOP ( 'NONE', ( #4025, #2842, #3506, #3735 ) ) ;
#3948 =( GEOMETRIC_REPRESENTATION_CONTEXT ( 3 ) GLOBAL_UNCERTAINTY_ASSIGNED_CONTEXT ( ( #4058 ) ) GLOBAL_UNIT_ASSIGNED_CONTEXT ( ( #2103, #2749, #3837 ) ) REPRESENTATION_CONTEXT ( 'NONE', 'WORKASPACE' ) );
#3949 = EDGE_CURVE ( 'NONE', #3953, #4251, #26, .T. ) ;
#3950 = EDGE_CURVE ( 'NONE', #3003, #2042, #2564, .T. ) ;
#3951 = ORIENTED_EDGE ( 'NONE', *, *, #2585, .F. ) ;
#3952 = CARTESIAN_POINT ( 'NONE',  ( 0.0000000000000000000, 7.100000000000000533, 0.0000000000000000000 ) ) ;
#3953 = VERTEX_POINT ( 'NONE', #436 ) ;
#3954 = FACE_OUTER_BOUND ( 'NONE', #387, .T. ) ;
#3955 = DIRECTION ( 'NONE',  ( -0.7327934916262990317, -0.6804510993672779895, 0.0000000000000000000 ) ) ;
#3956 = CARTESIAN_POINT ( 'NONE',  ( 10.20000000000000107, 0.0000000000000000000, -4.580000000000000071 ) ) ;
#3957 = DIRECTION ( 'NONE',  ( -1.000000000000000000, 0.0000000000000000000, 0.0000000000000000000 ) ) ;
#3958 = CARTESIAN_POINT ( 'NONE',  ( 1.845166604983960124, 7.100000000000000533, -13.29999999999999893 ) ) ;
#3959 =( NAMED_UNIT ( * ) SI_UNIT ( $, .STERADIAN. ) SOLID_ANGLE_UNIT ( ) );
#3960 = UNCERTAINTY_MEASURE_WITH_UNIT (LENGTH_MEASURE( 1.000000000000000082E-05 ), #704, 'distance_accuracy_value', 'NONE');
#3961 = CARTESIAN_POINT ( 'NONE',  ( 4.400000000000000355, 12.75618793725189981, -1.726844664420659869 ) ) ;
#3962 = DIRECTION ( 'NONE',  ( 0.0000000000000000000, 0.0000000000000000000, -1.000000000000000000 ) ) ;
#3963 = CIRCLE ( 'NONE', #3729, 1.760296020616589852 ) ;
#3964 = EDGE_LOOP ( 'NONE', ( #3536, #673, #4587, #4616 ) ) ;
#3965 = DIRECTION ( 'NONE',  ( 0.0000000000000000000, 0.0000000000000000000, -1.000000000000000000 ) ) ;
#3966 = ORIENTED_EDGE ( 'NONE', *, *, #3829, .T. ) ;
#3967 = SURFACE_STYLE_USAGE ( .BOTH. , #3642 ) ;
#3968 = CIRCLE ( 'NONE', #550, 1.843139007342379898 ) ;
#3969 = CARTESIAN_POINT ( 'NONE',  ( 0.0000000000000000000, 0.0000000000000000000, 0.0000000000000000000 ) ) ;
#3970 = PRESENTATION_STYLE_ASSIGNMENT (( #1426 ) ) ;
#3971 = ORIENTED_EDGE ( 'NONE', *, *, #1848, .T. ) ;
#3972 = STYLED_ITEM ( 'NONE', ( #952 ), #4312 ) ;
#3973 = ORIENTED_EDGE ( 'NONE', *, *, #2757, .F. ) ;
#3974 = ORIENTED_EDGE ( 'NONE', *, *, #3677, .F. ) ;
#3975 = CARTESIAN_POINT ( 'NONE',  ( 5.200000000000000178, 12.14999999999999858, 1.799211327328460008 ) ) ;
#3976 = EDGE_LOOP ( 'NONE', ( #1939, #2068, #467, #594 ) ) ;
#3977 = CARTESIAN_POINT ( 'NONE',  ( 0.9000000000000000222, 7.100000000000000533, 2.540000000000000036 ) ) ;
#3978 = VERTEX_POINT ( 'NONE', #2664 ) ;
#3979 = DIRECTION ( 'NONE',  ( -1.171453342316279939E-15, -1.000000000000000000, 0.0000000000000000000 ) ) ;
#3980 = CARTESIAN_POINT ( 'NONE',  ( 4.400000000000000355, 12.94999999999999929, -11.77208286099051904 ) ) ;
#3981 = EDGE_CURVE ( 'NONE', #3177, #2670, #376, .T. ) ;
#3982 = CARTESIAN_POINT ( 'NONE',  ( 4.400000000000000355, 12.94999999999999929, -1.623854585596683942 ) ) ;
#3983 = EDGE_CURVE ( 'NONE', #4661, #1055, #3968, .T. ) ;
#3984 = CARTESIAN_POINT ( 'NONE',  ( 6.698658176157541000, 11.67312853167969777, -5.080000000000000071 ) ) ;
#3985 = COLOUR_RGB ( '',0.2862745098039215508, 0.6431372549019607199, 0.8666666666666666963 ) ;
#3986 = DIRECTION ( 'NONE',  ( -1.163569835200990031E-29, 1.000000000000000000, -1.794541526872519968E-14 ) ) ;
#3987 = EDGE_CURVE ( 'NONE', #3600, #875, #2866, .T. ) ;
#3988 = SURFACE_STYLE_FILL_AREA ( #1072 ) ;
#3989 = CARTESIAN_POINT ( 'NONE',  ( 4.700000000000000178, -5.550000000781570186, 0.4999999999999830136 ) ) ;
#3990 = VERTEX_POINT ( 'NONE', #1933 ) ;
#3991 = PLANE ( 'NONE',  #53 ) ;
#3992 = CARTESIAN_POINT ( 'NONE',  ( 5.200000000000000178, 12.14999999999999858, -1.799211327328460008 ) ) ;
#3993 = LINE ( 'NONE', #2219, #4078 ) ;
#3994 = AXIS2_PLACEMENT_3D ( 'NONE', #4329, #2511, #4083 ) ;
#3995 = ORIENTED_EDGE ( 'NONE', *, *, #542, .F. ) ;
#3996 = VECTOR ( 'NONE', #3426, 1000.000000000000000 ) ;
#3997 = CARTESIAN_POINT ( 'NONE',  ( 4.400000000000000355, 12.87765322036949911, 1.711281791298339794 ) ) ;
#3998 = ORIENTED_EDGE ( 'NONE', *, *, #3445, .F. ) ;
#3999 = CIRCLE ( 'NONE', #2246, 1.827270781290140089 ) ;
#4000 = VECTOR ( 'NONE', #2428, 1000.000000000000000 ) ;
#4001 = ORIENTED_EDGE ( 'NONE', *, *, #2355, .F. ) ;
#4002 = DIRECTION ( 'NONE',  ( -1.000000000000000000, 1.044405786824304262E-15, 0.0000000000000000000 ) ) ;
#4003 = VERTEX_POINT ( 'NONE', #2299 ) ;
#4004 = MECHANICAL_DESIGN_GEOMETRIC_PRESENTATION_REPRESENTATION (  '', ( #112 ), #1858 ) ;
#4005 = PRESENTATION_STYLE_ASSIGNMENT (( #2845 ) ) ;
#4006 =( LENGTH_UNIT ( ) NAMED_UNIT ( * ) SI_UNIT ( .MILLI., .METRE. ) );
#4007 =( GEOMETRIC_REPRESENTATION_CONTEXT ( 3 ) GLOBAL_UNCERTAINTY_ASSIGNED_CONTEXT ( ( #484 ) ) GLOBAL_UNIT_ASSIGNED_CONTEXT ( ( #932, #4232, #3151 ) ) REPRESENTATION_CONTEXT ( 'NONE', 'WORKASPACE' ) );
#4008 = FACE_OUTER_BOUND ( 'NONE', #1873, .T. ) ;
#4009 = CARTESIAN_POINT ( 'NONE',  ( 1.300000000000000044, 6.557366412016069876E-15, -6.379999999999999893 ) ) ;
#4010 = SURFACE_STYLE_FILL_AREA ( #351 ) ;
#4011 = PRESENTATION_LAYER_ASSIGNMENT (  '', '', ( #658 ) ) ;
#4012 = FACE_OUTER_BOUND ( 'NONE', #2170, .T. ) ;
#4013 = DIRECTION ( 'NONE',  ( -1.000000000000000000, 0.0000000000000000000, 0.0000000000000000000 ) ) ;
#4014 = AXIS2_PLACEMENT_3D ( 'NONE', #4122, #4462, #822 ) ;
#4015 = ADVANCED_FACE ( 'NONE', ( #2588 ), #3722, .T. ) ;
#4016 = ORIENTED_EDGE ( 'NONE', *, *, #1332, .F. ) ;
#4017 = EDGE_CURVE ( 'NONE', #3275, #2971, #2969, .T. ) ;
#4018 = SURFACE_SIDE_STYLE ('',( #2901 ) ) ;
#4019 = FACE_OUTER_BOUND ( 'NONE', #3471, .T. ) ;
#4020 = AXIS2_PLACEMENT_3D ( 'NONE', #1483, #2587, #2946 ) ;
#4021 = CARTESIAN_POINT ( 'NONE',  ( 4.400000000000000355, 12.87765322036949911, -8.448718208701659904 ) ) ;
#4022 = DIRECTION ( 'NONE',  ( 0.0000000000000000000, 0.0000000000000000000, 1.000000000000000000 ) ) ;
#4023 = SURFACE_STYLE_USAGE ( .BOTH. , #817 ) ;
#4024 = CARTESIAN_POINT ( 'NONE',  ( 4.799999999999999822, 14.09999999999999964, -10.16000000000000014 ) ) ;
#4025 = ORIENTED_EDGE ( 'NONE', *, *, #3983, .T. ) ;
#4026 = DIRECTION ( 'NONE',  ( 0.6804510993672779895, -0.7327934916262990317, 0.0000000000000000000 ) ) ;
#4027 = VERTEX_POINT ( 'NONE', #4040 ) ;
#4028 = DIRECTION ( 'NONE',  ( 0.0000000000000000000, 0.0000000000000000000, -1.000000000000000000 ) ) ;
#4029 = SURFACE_STYLE_USAGE ( .BOTH. , #4599 ) ;
#4030 = LINE ( 'NONE', #849, #1707 ) ;
#4031 = CARTESIAN_POINT ( 'NONE',  ( 0.0000000000000000000, 1.800000000000000044, -8.410000000000000142 ) ) ;
#4032 = DIRECTION ( 'NONE',  ( -0.9333456062030596190, -0.3589790793088687981, 0.0000000000000000000 ) ) ;
#4033 = PLANE ( 'NONE',  #605 ) ;
#4034 = CARTESIAN_POINT ( 'NONE',  ( 7.681739384248460034, 7.100000000000000533, 1.920000000000000151 ) ) ;
#4035 = FILL_AREA_STYLE ('',( #2561 ) ) ;
#4036 = ORIENTED_EDGE ( 'NONE', *, *, #2229, .T. ) ;
#4037 = FACE_OUTER_BOUND ( 'NONE', #3103, .T. ) ;
#4038 = VECTOR ( 'NONE', #4418, 1000.000000000000000 ) ;
#4039 = PLANE ( 'NONE',  #1405 ) ;
#4040 = CARTESIAN_POINT ( 'NONE',  ( 7.666390328872330073, 14.09999999999999964, 2.540000000000000036 ) ) ;
#4041 = EDGE_CURVE ( 'NONE', #3601, #4198, #2060, .T. ) ;
#4042 = EDGE_CURVE ( 'NONE', #1950, #2153, #3318, .T. ) ;
#4043 = LINE ( 'NONE', #1512, #407 ) ;
#4044 = ORIENTED_EDGE ( 'NONE', *, *, #1183, .F. ) ;
#4045 = ORIENTED_EDGE ( 'NONE', *, *, #4065, .F. ) ;
#4046 = EDGE_LOOP ( 'NONE', ( #2973, #2385, #3882, #1034, #3162, #2037, #2241, #2310, #869, #3146, #2616, #459, #309, #2375, #3832, #2362, #222 ) ) ;
#4047 = VECTOR ( 'NONE', #4540, 1000.000000000000000 ) ;
#4048 = ADVANCED_FACE ( 'NONE', ( #790 ), #3341, .F. ) ;
#4049 =( GEOMETRIC_REPRESENTATION_CONTEXT ( 3 ) GLOBAL_UNCERTAINTY_ASSIGNED_CONTEXT ( ( #761 ) ) GLOBAL_UNIT_ASSIGNED_CONTEXT ( ( #860, #4522, #934 ) ) REPRESENTATION_CONTEXT ( 'NONE', 'WORKASPACE' ) );
#4050 = ORIENTED_EDGE ( 'NONE', *, *, #1504, .T. ) ;
#4051 = DIRECTION ( 'NONE',  ( 0.8660254037844387076, 0.0000000000000000000, 0.4999999999999998890 ) ) ;
#4052 = CARTESIAN_POINT ( 'NONE',  ( 0.0000000000000000000, 0.0000000000000000000, -6.830000000000000071 ) ) ;
#4053 = CARTESIAN_POINT ( 'NONE',  ( 4.400000000000000355, 12.94410876695733847, -1.646903183721159847 ) ) ;
#4054 =( GEOMETRIC_REPRESENTATION_CONTEXT ( 3 ) GLOBAL_UNCERTAINTY_ASSIGNED_CONTEXT ( ( #4590 ) ) GLOBAL_UNIT_ASSIGNED_CONTEXT ( ( #3758, #148, #1232 ) ) REPRESENTATION_CONTEXT ( 'NONE', 'WORKASPACE' ) );
#4055 = DIRECTION ( 'NONE',  ( -1.000000000000000000, 0.0000000000000000000, 0.0000000000000000000 ) ) ;
#4056 = LINE ( 'NONE', #1973, #1458 ) ;
#4057 = DIRECTION ( 'NONE',  ( -1.000000000000000000, 0.0000000000000000000, 0.0000000000000000000 ) ) ;
#4058 = UNCERTAINTY_MEASURE_WITH_UNIT (LENGTH_MEASURE( 1.000000000000000082E-05 ), #2103, 'distance_accuracy_value', 'NONE');
#4059 = CARTESIAN_POINT ( 'NONE',  ( 1.498756443470180111, 6.700000000000000178, -12.69999999999999929 ) ) ;
#4060 = CARTESIAN_POINT ( 'NONE',  ( 3.139033067547879696, 12.95000000000000107, -10.16000000000000014 ) ) ;
#4061 = FACE_BOUND ( 'NONE', #1224, .T. ) ;
#4062 = CARTESIAN_POINT ( 'NONE',  ( 4.400000000000000355, 12.86156426583980128, -8.445753203240899509 ) ) ;
#4063 = ORIENTED_EDGE ( 'NONE', *, *, #2890, .T. ) ;
#4064 =( NAMED_UNIT ( * ) PLANE_ANGLE_UNIT ( ) SI_UNIT ( $, .RADIAN. ) );
#4065 = EDGE_CURVE ( 'NONE', #2042, #3124, #3115, .T. ) ;
#4066 = ORIENTED_EDGE ( 'NONE', *, *, #1084, .F. ) ;
#4067 = DIRECTION ( 'NONE',  ( -1.171453342316279939E-15, -1.000000000000000000, -1.944201852462614918E-34 ) ) ;
#4068 = VECTOR ( 'NONE', #512, 1000.000000000000000 ) ;
#4069 = AXIS2_PLACEMENT_3D ( 'NONE', #4086, #509, #1977 ) ;
#4070 = VERTEX_POINT ( 'NONE', #4569 ) ;
#4071 = EDGE_CURVE ( 'NONE', #4696, #1431, #1599, .T. ) ;
#4072 = CARTESIAN_POINT ( 'NONE',  ( 4.700000000000000178, -4.519230769230760281, -5.176153846153850324 ) ) ;
#4073 = ORIENTED_EDGE ( 'NONE', *, *, #2414, .F. ) ;
#4074 = EDGE_CURVE ( 'NONE', #3906, #1747, #2773, .T. ) ;
#4075 = DIRECTION ( 'NONE',  ( 0.6623263427464678443, -0.7132745229577348578, 0.2292668109506999508 ) ) ;
#4076 = LINE ( 'NONE', #1854, #3532 ) ;
#4077 =( GEOMETRIC_REPRESENTATION_CONTEXT ( 3 ) GLOBAL_UNCERTAINTY_ASSIGNED_CONTEXT ( ( #4593 ) ) GLOBAL_UNIT_ASSIGNED_CONTEXT ( ( #2897, #712, #3959 ) ) REPRESENTATION_CONTEXT ( 'NONE', 'WORKASPACE' ) );
#4078 = VECTOR ( 'NONE', #2970, 1000.000000000000000 ) ;
#4079 = FACE_OUTER_BOUND ( 'NONE', #3694, .T. ) ;
#4080 = PRESENTATION_LAYER_ASSIGNMENT (  '', '', ( #4390 ) ) ;
#4081 = AXIS2_PLACEMENT_3D ( 'NONE', #2265, #3712, #2125 ) ;
#4082 =( NAMED_UNIT ( * ) PLANE_ANGLE_UNIT ( ) SI_UNIT ( $, .RADIAN. ) );
#4083 = DIRECTION ( 'NONE',  ( -1.000000000000000000, 9.854725885076845551E-16, 0.0000000000000000000 ) ) ;
#4085 = AXIS2_PLACEMENT_3D ( 'NONE', #4509, #2044, #3493 ) ;
#4084 = PRESENTATION_STYLE_ASSIGNMENT (( #4262 ) ) ;
#4086 = CARTESIAN_POINT ( 'NONE',  ( 4.700000000000000178, -5.550000000781570186, -9.660000000000000142 ) ) ;
#4087 = FACE_OUTER_BOUND ( 'NONE', #4693, .T. ) ;
#4088 = EDGE_LOOP ( 'NONE', ( #2152, #2764, #3582, #4563 ) ) ;
#4089 = FILL_AREA_STYLE_COLOUR ( '', #1434 ) ;
#4090 = CARTESIAN_POINT ( 'NONE',  ( 5.500000000000000000, -2.500000000000000000, 0.5000000000000000000 ) ) ;
#4091 = CONTEXT_DEPENDENT_SHAPE_REPRESENTATION ( #1432, #450 ) ;
#4092 =( GEOMETRIC_REPRESENTATION_CONTEXT ( 3 ) GLOBAL_UNCERTAINTY_ASSIGNED_CONTEXT ( ( #1390 ) ) GLOBAL_UNIT_ASSIGNED_CONTEXT ( ( #4150, #2266, #422 ) ) REPRESENTATION_CONTEXT ( 'NONE', 'WORKASPACE' ) );
#4093 = VERTEX_POINT ( 'NONE', #3061 ) ;
#4094 = DIRECTION ( 'NONE',  ( -1.171453342316279939E-15, -1.000000000000000000, 0.0000000000000000000 ) ) ;
#4095 = VECTOR ( 'NONE', #3680, 1000.000000000000000 ) ;
#4096 = DIRECTION ( 'NONE',  ( 0.0000000000000000000, 0.0000000000000000000, 1.000000000000000000 ) ) ;
#4097 = PRESENTATION_LAYER_ASSIGNMENT (  '', '', ( #1958 ) ) ;
#4098 = ORIENTED_EDGE ( 'NONE', *, *, #1790, .T. ) ;
#4099 = SURFACE_SIDE_STYLE ('',( #2202 ) ) ;
#4100 = CARTESIAN_POINT ( 'NONE',  ( 6.774999999999999467, 11.59999999999999964, -10.16000000000000014 ) ) ;
#4101 = SURFACE_STYLE_USAGE ( .BOTH. , #2780 ) ;
#4102 = ORIENTED_EDGE ( 'NONE', *, *, #3950, .T. ) ;
#4103 = ADVANCED_FACE ( 'NONE', ( #1245 ), #3483, .T. ) ;
#4104 = EDGE_CURVE ( 'NONE', #4003, #3439, #3132, .T. ) ;
#4105 = CARTESIAN_POINT ( 'NONE',  ( 4.400000000000000355, 12.14999999999999858, -3.280788672671540063 ) ) ;
#4106 = B_SPLINE_CURVE_WITH_KNOTS ( 'NONE', 3,
 ( #1684, #3108, #4513, #3424, #1999, #3473 ),
 .UNSPECIFIED., .F., .F.,
 ( 4, 2, 4 ),
 ( 0.0000000000000000000, 0.5557190870556969475, 1.000000000000000000 ),
 .UNSPECIFIED. ) ;
#4107 = DIRECTION ( 'NONE',  ( 1.000000000000000000, 0.0000000000000000000, 0.0000000000000000000 ) ) ;
#4108 = LINE ( 'NONE', #1861, #3579 ) ;
#4109 = CARTESIAN_POINT ( 'NONE',  ( 6.560296020616589452, 12.86156426583979950, 0.0000000000000000000 ) ) ;
#4110 = CARTESIAN_POINT ( 'NONE',  ( 1.300000000000000044, 1.250834939098269894E-14, -11.45999999999999908 ) ) ;
#4111 = CARTESIAN_POINT ( 'NONE',  ( 4.400000000000000355, 12.94999999999999929, 1.959999999999999964 ) ) ;
#4112 = FILL_AREA_STYLE ('',( #73 ) ) ;
#4113 = UNCERTAINTY_MEASURE_WITH_UNIT (LENGTH_MEASURE( 1.000000000000000082E-05 ), #4307, 'distance_accuracy_value', 'NONE');
#4114 = PRODUCT_DEFINITION_SHAPE ( 'NONE', 'NONE',  #4723 ) ;
#4115 = DIRECTION ( 'NONE',  ( 1.084202172485509956E-15, 1.000000000000000000, -2.093755841159289733E-31 ) ) ;
#4116 = CARTESIAN_POINT ( 'NONE',  ( 5.200000000000000178, 12.93457496778213844, -6.748147016349034466 ) ) ;
#4117 = ORIENTED_EDGE ( 'NONE', *, *, #2447, .T. ) ;
#4118 = CARTESIAN_POINT ( 'NONE',  ( 4.400000000000000355, 12.14999999999999858, -7.049999999999999822 ) ) ;
#4119 = MECHANICAL_DESIGN_GEOMETRIC_PRESENTATION_REPRESENTATION (  '', ( #1670 ), #3420 ) ;
#4120 = ORIENTED_EDGE ( 'NONE', *, *, #2117, .T. ) ;
#4121 = VECTOR ( 'NONE', #1913, 1000.000000000000000 ) ;
#4122 = CARTESIAN_POINT ( 'NONE',  ( 1.300000000000000044, 5.299999999999999822, -3.779999999999999805 ) ) ;
#4123 = EDGE_LOOP ( 'NONE', ( #1116, #2689, #2409, #3554 ) ) ;
#4124 = CARTESIAN_POINT ( 'NONE',  ( 0.0000000000000000000, 0.0000000000000000000, 2.540000000000000036 ) ) ;
#4125 = FACE_BOUND ( 'NONE', #4527, .T. ) ;
#4126 = ORIENTED_EDGE ( 'NONE', *, *, #806, .T. ) ;
#4127 = AXIS2_PLACEMENT_3D ( 'NONE', #1368, #2830, #1439 ) ;
#4128 = AXIS2_PLACEMENT_3D ( 'NONE', #3265, #2623, #1807 ) ;
#4129 = ADVANCED_FACE ( 'NONE', ( #604 ), #2418, .T. ) ;
#4130 = EDGE_CURVE ( 'NONE', #2928, #1055, #1543, .T. ) ;
#4131 = PRODUCT_DEFINITION_FORMATION_WITH_SPECIFIED_SOURCE ( 'ANY', '', #3721, .NOT_KNOWN. ) ;
#4132 = DIRECTION ( 'NONE',  ( -1.259827545673939797E-16, 1.000000000000000000, 0.0000000000000000000 ) ) ;
#4133 = CARTESIAN_POINT ( 'NONE',  ( -1.026809279963680002E-14, 6.700000000000000178, 1.300000000000000044 ) ) ;
#4134 = CARTESIAN_POINT ( 'NONE',  ( 4.400000000000000355, 12.86156426583993984, -6.794246796759080276 ) ) ;
#4135 = CARTESIAN_POINT ( 'NONE',  ( 4.700000000000000178, -2.500000000000000000, -5.580000000000000071 ) ) ;
#4136 = EDGE_CURVE ( 'NONE', #911, #2712, #1906, .T. ) ;
#4137 = ADVANCED_FACE ( 'NONE', ( #4330 ), #2898, .F. ) ;
#4138 = CONTEXT_DEPENDENT_SHAPE_REPRESENTATION ( #1662, #3411 ) ;
#4139 = ORIENTED_EDGE ( 'NONE', *, *, #3867, .T. ) ;
#4140 = CARTESIAN_POINT ( 'NONE',  ( 10.20000000000000107, 0.0000000000000000000, 2.540000000000000036 ) ) ;
#4141 = ORIENTED_EDGE ( 'NONE', *, *, #3258, .F. ) ;
#4142 = MECHANICAL_DESIGN_GEOMETRIC_PRESENTATION_REPRESENTATION (  '', ( #4229 ), #711 ) ;
#4143 = PRESENTATION_STYLE_ASSIGNMENT (( #388 ) ) ;
#4144 = ORIENTED_EDGE ( 'NONE', *, *, #2591, .T. ) ;
#4145 = DIRECTION ( 'NONE',  ( 0.0000000000000000000, 0.9805806756909203337, 0.1961161351381830731 ) ) ;
#4146 = DIRECTION ( 'NONE',  ( 1.000000000000000000, -1.171453342316279939E-15, -1.931148907734990011E-16 ) ) ;
#4147 = FACE_BOUND ( 'NONE', #221, .T. ) ;
#4148 = AXIS2_PLACEMENT_3D ( 'NONE', #2417, #2075, #4234 ) ;
#4149 = ORIENTED_EDGE ( 'NONE', *, *, #453, .F. ) ;
#4150 =( LENGTH_UNIT ( ) NAMED_UNIT ( * ) SI_UNIT ( .MILLI., .METRE. ) );
#4151 = VECTOR ( 'NONE', #4186, 1000.000000000000114 ) ;
#4152 = SURFACE_SIDE_STYLE ('',( #476 ) ) ;
#4153 = AXIS2_PLACEMENT_3D ( 'NONE', #2589, #463, #438 ) ;
#4154 = DIRECTION ( 'NONE',  ( -1.000000000000000000, 1.398970545142589993E-16, 0.0000000000000000000 ) ) ;
#4155 = LINE ( 'NONE', #879, #1534 ) ;
#4156 = VECTOR ( 'NONE', #4075, 1000.000000000000114 ) ;
#4157 = PLANE ( 'NONE',  #4069 ) ;
#4158 = PLANE ( 'NONE',  #3345 ) ;
#4159 = SURFACE_STYLE_USAGE ( .BOTH. , #2706 ) ;
#4160 = CARTESIAN_POINT ( 'NONE',  ( 4.799999999999999822, 12.94999999999999929, -5.080000000000000071 ) ) ;
#4161 = VECTOR ( 'NONE', #943, 1000.000000000000000 ) ;
#4162 = FILL_AREA_STYLE ('',( #3088 ) ) ;
#4163 = LINE ( 'NONE', #582, #3687 ) ;
#4164 = EDGE_CURVE ( 'NONE', #2083, #4692, #3154, .T. ) ;
#4165 = MECHANICAL_DESIGN_GEOMETRIC_PRESENTATION_REPRESENTATION (  '', ( #45 ), #1874 ) ;
#4166 = EDGE_CURVE ( 'NONE', #914, #4269, #670, .T. ) ;
#4167 = ORIENTED_EDGE ( 'NONE', *, *, #2499, .T. ) ;
#4168 = LINE ( 'NONE', #4414, #3695 ) ;
#4169 = ORIENTED_EDGE ( 'NONE', *, *, #1944, .T. ) ;
#4170 = CARTESIAN_POINT ( 'NONE',  ( 5.200000000000000178, 12.86156426584003931, -11.87424679675899952 ) ) ;
#4171 = MECHANICAL_DESIGN_GEOMETRIC_PRESENTATION_REPRESENTATION (  '', ( #428 ), #51 ) ;
#4172 = EDGE_LOOP ( 'NONE', ( #2642, #546, #2776, #2965 ) ) ;
#4173 = DIRECTION ( 'NONE',  ( -1.259827545673939797E-16, 1.000000000000000000, 0.0000000000000000000 ) ) ;
#4174 = ORIENTED_EDGE ( 'NONE', *, *, #2118, .T. ) ;
#4175 = CARTESIAN_POINT ( 'NONE',  ( 3.099999999999999645, 11.65000000000000213, -5.080000000000000071 ) ) ;
#4176 = COLOUR_RGB ( '',0.2862745098039215508, 0.6431372549019607199, 0.8666666666666666963 ) ;
#4177 = ORIENTED_EDGE ( 'NONE', *, *, #1043, .T. ) ;
#4178 = CARTESIAN_POINT ( 'NONE',  ( 4.799999999999999822, 12.84999999999999964, -5.080000000000000071 ) ) ;
#4179 = CARTESIAN_POINT ( 'NONE',  ( 1.498756443470180111, 0.0000000000000000000, -12.69999999999999929 ) ) ;
#4180 = VERTEX_POINT ( 'NONE', #2105 ) ;
#4181 = DIRECTION ( 'NONE',  ( -1.794541526872530066E-14, 0.0000000000000000000, 1.000000000000000000 ) ) ;
#4182 =( NAMED_UNIT ( * ) PLANE_ANGLE_UNIT ( ) SI_UNIT ( $, .RADIAN. ) );
#4183 = CARTESIAN_POINT ( 'NONE',  ( 9.018260615751561460, 0.0000000000000000000, 1.920000000000000151 ) ) ;
#4184 = CARTESIAN_POINT ( 'NONE',  ( 5.200000000000000178, 12.86156426583980128, -3.365753203240964719 ) ) ;
#4185 = CARTESIAN_POINT ( 'NONE',  ( 5.500000000000000000, 0.0000000000000000000, 0.4999999999998970268 ) ) ;
#4186 = DIRECTION ( 'NONE',  ( -0.8169678626347132155, 0.5766831984912238473, -1.000497077981856106E-16 ) ) ;
#4187 = PRESENTATION_STYLE_ASSIGNMENT (( #3503 ) ) ;
#4188 = CARTESIAN_POINT ( 'NONE',  ( 5.200000000000000178, 12.94447253920566610, -6.727765679066845195 ) ) ;
#4189 = LINE ( 'NONE', #2078, #2774 ) ;
#4190 = ADVANCED_FACE ( 'NONE', ( #282 ), #1000, .T. ) ;
#4191 = ADVANCED_FACE ( 'NONE', ( #2536 ), #3616, .F. ) ;
#4192 = VERTEX_POINT ( 'NONE', #372 ) ;
#4193 = CARTESIAN_POINT ( 'NONE',  ( 5.200000000000000178, 12.86156426583980128, 1.714246796759035130 ) ) ;
#4194 = ORIENTED_EDGE ( 'NONE', *, *, #1735, .F. ) ;
#4195 = ORIENTED_EDGE ( 'NONE', *, *, #49, .F. ) ;
#4196 =( NAMED_UNIT ( * ) SI_UNIT ( $, .STERADIAN. ) SOLID_ANGLE_UNIT ( ) );
#4197 = EDGE_CURVE ( 'NONE', #4070, #70, #1884, .T. ) ;
#4198 = VERTEX_POINT ( 'NONE', #1835 ) ;
#4199 = CONICAL_SURFACE ( 'NONE', #1454, 1.975000000000000089, 0.9561333737801926969 ) ;
#4200 = DIRECTION ( 'NONE',  ( 0.0000000000000000000, 1.000000000000000000, 0.0000000000000000000 ) ) ;
#4201 = DIRECTION ( 'NONE',  ( -0.4999999999999995004, 0.0000000000000000000, 0.8660254037844390407 ) ) ;
#4202 = SURFACE_STYLE_USAGE ( .BOTH. , #2766 ) ;
#4203 = STYLED_ITEM ( 'NONE', ( #3248 ), #4137 ) ;
#4204 = PRODUCT_DEFINITION_CONTEXT ( 'detailed design', #1846, 'design' ) ;
#4205 = LINE ( 'NONE', #530, #3508 ) ;
#4206 = TOROIDAL_SURFACE ( 'NONE', #770, 1.699999999999999956, 0.2000000000000000111 ) ;
#4207 =( NAMED_UNIT ( * ) PLANE_ANGLE_UNIT ( ) SI_UNIT ( $, .RADIAN. ) );
#4208 = DIRECTION ( 'NONE',  ( -1.000000000000000000, 9.854725885076845551E-16, 0.0000000000000000000 ) ) ;
#4209 = CARTESIAN_POINT ( 'NONE',  ( 4.799999999999999822, 12.84999999999999964, -10.16000000000000014 ) ) ;
#4210 = UNCERTAINTY_MEASURE_WITH_UNIT (LENGTH_MEASURE( 1.000000000000000082E-05 ), #235, 'distance_accuracy_value', 'NONE');
#4211 = CARTESIAN_POINT ( 'NONE',  ( 0.8896965511460290799, 7.100000000000000533, 2.540000000000000036 ) ) ;
#4212 = DIRECTION ( 'NONE',  ( -0.3271105638831670048, 0.0000000000000000000, -0.9449860734402579787 ) ) ;
#4213 = FACE_OUTER_BOUND ( 'NONE', #3038, .T. ) ;
#4214 = DIRECTION ( 'NONE',  ( -1.000000000000000000, 1.171453342316279742E-15, 0.0000000000000000000 ) ) ;
#4215 = EDGE_CURVE ( 'NONE', #4666, #2783, #2290, .T. ) ;
#4216 = VERTEX_POINT ( 'NONE', #398 ) ;
#4217 = CARTESIAN_POINT ( 'NONE',  ( 1.619999999999999885, 6.700000000000000178, -13.29999999999999893 ) ) ;
#4218 = ORIENTED_EDGE ( 'NONE', *, *, #69, .T. ) ;
#4219 = ORIENTED_EDGE ( 'NONE', *, *, #1332, .T. ) ;
#4220 = CARTESIAN_POINT ( 'NONE',  ( 10.20000000000000107, 0.0000000000000000000, 1.920000000000000151 ) ) ;
#4221 = VERTEX_POINT ( 'NONE', #2188 ) ;
#4222 = EDGE_CURVE ( 'NONE', #3648, #3003, #4360, .T. ) ;
#4223 = ORIENTED_EDGE ( 'NONE', *, *, #4130, .F. ) ;
#4224 = DIRECTION ( 'NONE',  ( -1.259827545673939797E-16, 1.000000000000000000, 0.0000000000000000000 ) ) ;
#4225 = ORIENTED_EDGE ( 'NONE', *, *, #3137, .T. ) ;
#4226 = DIRECTION ( 'NONE',  ( 0.0000000000000000000, 0.9805806756909202226, -0.1961161351381840445 ) ) ;
#4227 =( NAMED_UNIT ( * ) SI_UNIT ( $, .STERADIAN. ) SOLID_ANGLE_UNIT ( ) );
#4228 = VECTOR ( 'NONE', #95, 1000.000000000000000 ) ;
#4229 = STYLED_ITEM ( 'NONE', ( #1441 ), #131 ) ;
#4230 = FILL_AREA_STYLE ('',( #2748 ) ) ;
#4231 = MECHANICAL_DESIGN_GEOMETRIC_PRESENTATION_REPRESENTATION (  '', ( #2009 ), #1626 ) ;
#4232 =( NAMED_UNIT ( * ) PLANE_ANGLE_UNIT ( ) SI_UNIT ( $, .RADIAN. ) );
#4233 = LINE ( 'NONE', #3523, #4331 ) ;
#4234 = DIRECTION ( 'NONE',  ( 0.0000000000000000000, 0.0000000000000000000, -1.000000000000000000 ) ) ;
#4236 = VECTOR ( 'NONE', #2979, 1000.000000000000114 ) ;
#4235 = DIRECTION ( 'NONE',  ( 0.0000000000000000000, 0.0000000000000000000, 1.000000000000000000 ) ) ;
#4237 = MECHANICAL_DESIGN_GEOMETRIC_PRESENTATION_REPRESENTATION (  '', ( #3604 ), #2863 ) ;
#4238 = PRESENTATION_STYLE_ASSIGNMENT (( #1316 ) ) ;
#4239 = MECHANICAL_DESIGN_GEOMETRIC_PRESENTATION_REPRESENTATION (  '', ( #4318 ), #187 ) ;
#4240 = STYLED_ITEM ( 'NONE', ( #4548 ), #741 ) ;
#4241 = SURFACE_STYLE_USAGE ( .BOTH. , #3487 ) ;
#4242 = SURFACE_STYLE_FILL_AREA ( #238 ) ;
#4243 = AXIS2_PLACEMENT_3D ( 'NONE', #4175, #901, #2360 ) ;
#4244 = EDGE_LOOP ( 'NONE', ( #3191, #965, #1428, #4149, #585, #1209, #3157, #3655 ) ) ;
#4245 = AXIS2_PLACEMENT_3D ( 'NONE', #1736, #229, #4259 ) ;
#4246 = DIRECTION ( 'NONE',  ( 0.0000000000000000000, 1.000000000000000000, 0.0000000000000000000 ) ) ;
#4247 = ORIENTED_EDGE ( 'NONE', *, *, #4071, .T. ) ;
#4248 = STYLED_ITEM ( 'NONE', ( #2847 ), #2618 ) ;
#4249 = ORIENTED_EDGE ( 'NONE', *, *, #2472, .T. ) ;
#4250 = CARTESIAN_POINT ( 'NONE',  ( 8.769999999999999574, 0.0000000000000000000, 1.920000000000000151 ) ) ;
#4251 = VERTEX_POINT ( 'NONE', #1194 ) ;
#4252 = DIRECTION ( 'NONE',  ( -1.000000000000000000, 1.171453342316279939E-15, 5.517568307814269711E-16 ) ) ;
#4253 =( NAMED_UNIT ( * ) SI_UNIT ( $, .STERADIAN. ) SOLID_ANGLE_UNIT ( ) );
#4254 = CONICAL_SURFACE ( 'NONE', #2570, 1.975000000000000089, 0.9561333737801926969 ) ;
#4255 = EDGE_CURVE ( 'NONE', #2083, #4070, #4108, .T. ) ;
#4256 = DIRECTION ( 'NONE',  ( 1.084202172485509956E-15, 1.000000000000000000, -2.093755841159289733E-31 ) ) ;
#4257 = EDGE_CURVE ( 'NONE', #4221, #3262, #50, .T. ) ;
#4258 = PRESENTATION_LAYER_ASSIGNMENT (  '', '', ( #1577 ) ) ;
#4259 = DIRECTION ( 'NONE',  ( 1.000000000000000000, 0.0000000000000000000, 0.0000000000000000000 ) ) ;
#4260 = SURFACE_STYLE_USAGE ( .BOTH. , #1292 ) ;
#4261 = UNCERTAINTY_MEASURE_WITH_UNIT (LENGTH_MEASURE( 1.000000000000000082E-05 ), #2349, 'distance_accuracy_value', 'NONE');
#4262 = SURFACE_STYLE_USAGE ( .BOTH. , #2805 ) ;
#4263 = CARTESIAN_POINT ( 'NONE',  ( 5.200000000000000178, 12.93457496778213844, -11.82814701634902477 ) ) ;
#4264 = DIRECTION ( 'NONE',  ( -1.000000000000000000, 1.044405786824304262E-15, 0.0000000000000000000 ) ) ;
#4265 = DIRECTION ( 'NONE',  ( 1.794541526872530066E-14, -1.794571435898010095E-14, -1.000000000000000000 ) ) ;
#4266 = AXIS2_PLACEMENT_3D ( 'NONE', #2490, #3864, #2074 ) ;
#4267 = ORIENTED_EDGE ( 'NONE', *, *, #4074, .T. ) ;
#4268 = PLANE ( 'NONE',  #723 ) ;
#4269 = VERTEX_POINT ( 'NONE', #3290 ) ;
#4270 = CARTESIAN_POINT ( 'NONE',  ( 4.799999999999999822, 14.09999999999999964, 0.0000000000000000000 ) ) ;
#4271 = DIRECTION ( 'NONE',  ( 0.3271105638831660611, 0.0000000000000000000, -0.9449860734402583118 ) ) ;
#4272 = DIRECTION ( 'NONE',  ( 1.084202172485509956E-15, 1.000000000000000000, -2.093755841159289733E-31 ) ) ;
#4273 = LINE ( 'NONE', #1001, #1758 ) ;
#4274 = MECHANICAL_DESIGN_GEOMETRIC_PRESENTATION_REPRESENTATION (  '', ( #1375 ), #1521 ) ;
#4275 = B_SPLINE_CURVE_WITH_KNOTS ( 'NONE', 3,
 ( #988, #651, #1672, #4598, #2809, #190, #3819, #4288, #4263, #3119, #3095, #2109, #4551, #4641, #2450, #1279 ),
 .UNSPECIFIED., .F., .F.,
 ( 4, 3, 3, 3, 3, 4 ),
 ( 2.354435823662076933E-16, 3.308388942495826606E-05, 6.613717211548052590E-05, 9.966070390170643132E-05, 0.0001340858777781806410, 0.0001469394654554634079 ),
 .UNSPECIFIED. ) ;
#4276 = SURFACE_SIDE_STYLE ('',( #1366 ) ) ;
#4277 = ADVANCED_FACE ( 'NONE', ( #4012 ), #4376, .T. ) ;
#4278 = ORIENTED_EDGE ( 'NONE', *, *, #3053, .T. ) ;
#4279 = EDGE_CURVE ( 'NONE', #2837, #3419, #1002, .T. ) ;
#4280 = AXIS2_PLACEMENT_3D ( 'NONE', #1403, #2121, #4670 ) ;
#4281 = FILL_AREA_STYLE_COLOUR ( '', #1382 ) ;
#4282 = VECTOR ( 'NONE', #1553, 1000.000000000000000 ) ;
#4283 = CIRCLE ( 'NONE', #1605, 1.898658176328949843 ) ;
#4284 = SURFACE_STYLE_FILL_AREA ( #583 ) ;
#4285 = EDGE_CURVE ( 'NONE', #2718, #4027, #2631, .T. ) ;
#4286 = ADVANCED_FACE ( 'NONE', ( #1810 ), #1384, .T. ) ;
#4287 = ORIENTED_EDGE ( 'NONE', *, *, #2827, .F. ) ;
#4288 = CARTESIAN_POINT ( 'NONE',  ( 5.200000000000000178, 12.92795948528051042, -11.83753002508742469 ) ) ;
#4289 = CIRCLE ( 'NONE', #2378, 1.660966932452119682 ) ;
#4290 = DIRECTION ( 'NONE',  ( 0.0000000000000000000, 1.000000000000000000, 0.0000000000000000000 ) ) ;
#4291 = VERTEX_POINT ( 'NONE', #426 ) ;
#4292 = SURFACE_STYLE_FILL_AREA ( #1356 ) ;
#4293 = EDGE_LOOP ( 'NONE', ( #4098, #1018, #2279, #2745 ) ) ;
#4294 = EDGE_LOOP ( 'NONE', ( #2569, #899, #1827, #631, #33, #4322 ) ) ;
#4295 = CARTESIAN_POINT ( 'NONE',  ( 5.200000000000000178, 12.86156426584003931, -6.794246796759010110 ) ) ;
#4296 = ORIENTED_EDGE ( 'NONE', *, *, #1043, .F. ) ;
#4297 = DIRECTION ( 'NONE',  ( 0.1156426582667281905, -0.9932908816600527491, 0.0000000000000000000 ) ) ;
#4298 = APPLICATION_CONTEXT ( 'automotive_design' ) ;
#4299 =( NAMED_UNIT ( * ) SI_UNIT ( $, .STERADIAN. ) SOLID_ANGLE_UNIT ( ) );
#4300 = CARTESIAN_POINT ( 'NONE',  ( 4.400000000000000355, 12.91967874843894926, -11.84681874188706807 ) ) ;
#4301 = VECTOR ( 'NONE', #3726, 1000.000000000000000 ) ;
#4302 = DIRECTION ( 'NONE',  ( 0.0000000000000000000, 0.9805806756909203337, 0.1961161351381830731 ) ) ;
#4303 = CARTESIAN_POINT ( 'NONE',  ( 4.700000000000000178, -3.500000000000000000, -4.780000000000000249 ) ) ;
#4304 = DIRECTION ( 'NONE',  ( 0.0000000000000000000, -1.000000000000000000, 0.0000000000000000000 ) ) ;
#4305 = CARTESIAN_POINT ( 'NONE',  ( 5.200000000000000178, 12.93435702003183962, 1.668631667045463729 ) ) ;
#4306 = EDGE_LOOP ( 'NONE', ( #2836, #891, #3170 ) ) ;
#4307 =( LENGTH_UNIT ( ) NAMED_UNIT ( * ) SI_UNIT ( .MILLI., .METRE. ) );
#4308 = CIRCLE ( 'NONE', #944, 0.2000000000000000944 ) ;
#4309 = MECHANICAL_DESIGN_GEOMETRIC_PRESENTATION_REPRESENTATION (  '', ( #2236 ), #1408 ) ;
#4310 =( NAMED_UNIT ( * ) SI_UNIT ( $, .STERADIAN. ) SOLID_ANGLE_UNIT ( ) );
#4311 = ADVANCED_FACE ( 'NONE', ( #1481 ), #3716, .T. ) ;
#4312 = ADVANCED_FACE ( 'NONE', ( #4494 ), #3036, .T. ) ;
#4313 = LINE ( 'NONE', #3577, #4465 ) ;
#4314 = VECTOR ( 'NONE', #106, 1000.000000000000227 ) ;
#4315 = VERTEX_POINT ( 'NONE', #2367 ) ;
#4316 = VERTEX_POINT ( 'NONE', #1313 ) ;
#4317 = CARTESIAN_POINT ( 'NONE',  ( 4.700000000000000178, -2.596153846153840039, -4.599230769230769234 ) ) ;
#4318 = STYLED_ITEM ( 'NONE', ( #1016 ), #2079 ) ;
#4319 = ORIENTED_EDGE ( 'NONE', *, *, #3118, .T. ) ;
#4320 = STYLED_ITEM ( 'NONE', ( #2203 ), #2361 ) ;
#4321 = VERTEX_POINT ( 'NONE', #2343 ) ;
#4322 = ORIENTED_EDGE ( 'NONE', *, *, #3987, .F. ) ;
#4323 = DIRECTION ( 'NONE',  ( -0.9449860734402575346, 0.0000000000000000000, 0.3271105638831678375 ) ) ;
#4324 = CARTESIAN_POINT ( 'NONE',  ( 8.039696551146029435, 7.100000000000000533, 2.540000000000000036 ) ) ;
#4326 = AXIS2_PLACEMENT_3D ( 'NONE', #2141, #2918, #1087 ) ;
#4325 = CARTESIAN_POINT ( 'NONE',  ( 4.400000000000000355, 12.86156426583993984, -11.87424679675905992 ) ) ;
#4327 =( NAMED_UNIT ( * ) PLANE_ANGLE_UNIT ( ) SI_UNIT ( $, .RADIAN. ) );
#4328 = CARTESIAN_POINT ( 'NONE',  ( 4.700000000000000178, 0.0000000000000000000, -4.580000000000119975 ) ) ;
#4329 = CARTESIAN_POINT ( 'NONE',  ( 4.799999999999999822, 12.86156426583980128, -5.080000000000000071 ) ) ;
#4330 = FACE_OUTER_BOUND ( 'NONE', #3033, .T. ) ;
#4331 = VECTOR ( 'NONE', #3112, 1000.000000000000000 ) ;
#4332 = CARTESIAN_POINT ( 'NONE',  ( 1.600000000000000089, -1.129558252488389937E-14, -1.300000000000000044 ) ) ;
#4333 = EDGE_LOOP ( 'NONE', ( #3322, #170, #649, #2715 ) ) ;
#4334 = CARTESIAN_POINT ( 'NONE',  ( 5.200000000000000178, 12.94447253920566610, -1.647765679066846900 ) ) ;
#4335 = ORIENTED_EDGE ( 'NONE', *, *, #2411, .T. ) ;
#4336 =( LENGTH_UNIT ( ) NAMED_UNIT ( * ) SI_UNIT ( .MILLI., .METRE. ) );
#4337 = CARTESIAN_POINT ( 'NONE',  ( 1.300000000000000044, 2.299999999999999822, -6.379999999999999893 ) ) ;
#4338 = EDGE_LOOP ( 'NONE', ( #1887, #2795, #4287, #636 ) ) ;
#4339 = ORIENTED_EDGE ( 'NONE', *, *, #4371, .T. ) ;
#4340 = EDGE_CURVE ( 'NONE', #1613, #700, #1822, .T. ) ;
#4341 = ORIENTED_EDGE ( 'NONE', *, *, #460, .T. ) ;
#4342 = EDGE_CURVE ( 'NONE', #1602, #3163, #4289, .T. ) ;
#4343 = CARTESIAN_POINT ( 'NONE',  ( 4.400000000000000355, 12.86156426583980128, 1.714246796759100189 ) ) ;
#4344 = VECTOR ( 'NONE', #4674, 1000.000000000000000 ) ;
#4345 = ORIENTED_EDGE ( 'NONE', *, *, #2117, .F. ) ;
#4346 = PLANE ( 'NONE',  #126 ) ;
#4347 = EDGE_CURVE ( 'NONE', #4321, #2665, #4155, .T. ) ;
#4348 = DIRECTION ( 'NONE',  ( 1.000000000000000000, -9.411788633772680037E-16, 3.525869348881405171E-47 ) ) ;
#4349 = CARTESIAN_POINT ( 'NONE',  ( 4.400000000000000355, 12.94999999999999929, -6.703854585596683791 ) ) ;
#4350 = CARTESIAN_POINT ( 'NONE',  ( 7.957244095797209482, 13.87351249054149882, 2.540000000000000036 ) ) ;
#4351 = CARTESIAN_POINT ( 'NONE',  ( 1.600000000000000089, -1.129558252488389937E-14, 1.300000000000000044 ) ) ;
#4352 = FILL_AREA_STYLE_COLOUR ( '', #2869 ) ;
#4353 = SURFACE_STYLE_USAGE ( .BOTH. , #4708 ) ;
#4354 = COLOUR_RGB ( '',0.2862745098039215508, 0.6431372549019607199, 0.8666666666666666963 ) ;
#4355 = ORIENTED_EDGE ( 'NONE', *, *, #1994, .T. ) ;
#4356 = STYLED_ITEM ( 'NONE', ( #4084 ), #4191 ) ;
#4357 = CARTESIAN_POINT ( 'NONE',  ( 0.0000000000000000000, 0.0000000000000000000, 40.63999999999999346 ) ) ;
#4358 = PRESENTATION_STYLE_ASSIGNMENT (( #4023 ) ) ;
#4359 = ORIENTED_EDGE ( 'NONE', *, *, #4340, .F. ) ;
#4360 = CIRCLE ( 'NONE', #692, 1.827270781290140089 ) ;
#4361 = LINE ( 'NONE', #32, #1850 ) ;
#4362 = ORIENTED_EDGE ( 'NONE', *, *, #954, .T. ) ;
#4363 = CARTESIAN_POINT ( 'NONE',  ( 1.300000000000000044, 2.299999999999999822, 1.300000000000000044 ) ) ;
#4364 = STYLED_ITEM ( 'NONE', ( #1745 ), #3870 ) ;
#4365 = EDGE_CURVE ( 'NONE', #4251, #2930, #4205, .T. ) ;
#4366 = ORIENTED_EDGE ( 'NONE', *, *, #3981, .T. ) ;
#4367 = CARTESIAN_POINT ( 'NONE',  ( 6.627270781290139468, 11.49572055149890026, -10.16000000000000014 ) ) ;
#4368 = CARTESIAN_POINT ( 'NONE',  ( 1.498756443470180111, -1.128141884953679865E-14, -1.300000000000000044 ) ) ;
#4369 = CARTESIAN_POINT ( 'NONE',  ( 1.899999999999999911, 14.09999999999999964, -12.69999999999999929 ) ) ;
#4370 = DIRECTION ( 'NONE',  ( 0.1617750270664809475, 0.9868276651055336579, 0.0000000000000000000 ) ) ;
#4371 = EDGE_CURVE ( 'NONE', #120, #3233, #3755, .T. ) ;
#4372 = EDGE_CURVE ( 'NONE', #3978, #3177, #1914, .T. ) ;
#4373 = SURFACE_SIDE_STYLE ('',( #1436 ) ) ;
#4374 = LINE ( 'NONE', #2579, #2509 ) ;
#4375 = VECTOR ( 'NONE', #78, 1000.000000000000000 ) ;
#4376 = PLANE ( 'NONE',  #2687 ) ;
#4377 = DIRECTION ( 'NONE',  ( -1.931148907734990011E-16, 0.0000000000000000000, -1.000000000000000000 ) ) ;
#4378 = VERTEX_POINT ( 'NONE', #2464 ) ;
#4379 = CARTESIAN_POINT ( 'NONE',  ( 2.799999999999999378, 11.61764705882350057, -10.16000000000000014 ) ) ;
#4380 =( NAMED_UNIT ( * ) SI_UNIT ( $, .STERADIAN. ) SOLID_ANGLE_UNIT ( ) );
#4382 = COLOUR_RGB ( '',0.2862745098039215508, 0.6431372549019607199, 0.8666666666666666963 ) ;
#4381 = CARTESIAN_POINT ( 'NONE',  ( 4.400000000000000355, 12.92194178141540029, -8.475552833071390069 ) ) ;
#4383 = DIRECTION ( 'NONE',  ( 0.0000000000000000000, 0.0000000000000000000, -1.000000000000000000 ) ) ;
#4384 = SURFACE_STYLE_USAGE ( .BOTH. , #1869 ) ;
#4385 = ORIENTED_EDGE ( 'NONE', *, *, #2852, .F. ) ;
#4386 =( GEOMETRIC_REPRESENTATION_CONTEXT ( 3 ) GLOBAL_UNCERTAINTY_ASSIGNED_CONTEXT ( ( #2686 ) ) GLOBAL_UNIT_ASSIGNED_CONTEXT ( ( #1106, #1463, #3645 ) ) REPRESENTATION_CONTEXT ( 'NONE', 'WORKASPACE' ) );
#4387 = DIRECTION ( 'NONE',  ( 1.171453342316279939E-15, 1.000000000000000000, 0.0000000000000000000 ) ) ;
#4388 = ORIENTED_EDGE ( 'NONE', *, *, #3282, .T. ) ;
#4389 = DIRECTION ( 'NONE',  ( 1.000000000000000000, 0.0000000000000000000, 0.0000000000000000000 ) ) ;
#4390 = STYLED_ITEM ( 'NONE', ( #2622 ), #1823 ) ;
#4391 = MECHANICAL_DESIGN_GEOMETRIC_PRESENTATION_REPRESENTATION (  '', ( #1867 ), #1261 ) ;
#4392 = ORIENTED_EDGE ( 'NONE', *, *, #2087, .F. ) ;
#4393 = CARTESIAN_POINT ( 'NONE',  ( 8.051243556529820822, 7.100000000000000533, -12.69999999999999929 ) ) ;
#4394 = CARTESIAN_POINT ( 'NONE',  ( 5.200000000000000178, 12.41362307109989871, -8.392239702486099517 ) ) ;
#4395 = AXIS2_PLACEMENT_3D ( 'NONE', #4363, #3235, #615 ) ;
#4396 = CARTESIAN_POINT ( 'NONE',  ( 1.300000000000000044, 2.299999999999999822, -3.779999999999999805 ) ) ;
#4397 = PRESENTATION_STYLE_ASSIGNMENT (( #1453 ) ) ;
#4398 = AXIS2_PLACEMENT_3D ( 'NONE', #2823, #3863, #2102 ) ;
#4399 = CARTESIAN_POINT ( 'NONE',  ( 1.300000000000000044, -1.129558252488389937E-14, -1.300000000000000044 ) ) ;
#4400 = EDGE_CURVE ( 'NONE', #3494, #2478, #1383, .T. ) ;
#4401 = EDGE_CURVE ( 'NONE', #3383, #618, #1407, .T. ) ;
#4402 = UNCERTAINTY_MEASURE_WITH_UNIT (LENGTH_MEASURE( 1.000000000000000082E-05 ), #705, 'distance_accuracy_value', 'NONE');
#4403 =( NAMED_UNIT ( * ) SI_UNIT ( $, .STERADIAN. ) SOLID_ANGLE_UNIT ( ) );
#4404 = ORIENTED_EDGE ( 'NONE', *, *, #1092, .F. ) ;
#4405 = CARTESIAN_POINT ( 'NONE',  ( 4.799999999999999822, 11.61764705882350057, 0.0000000000000000000 ) ) ;
#4406 = CARTESIAN_POINT ( 'NONE',  ( 5.200000000000000178, 12.75618793725309885, -1.726844664425969844 ) ) ;
#4407 = MECHANICAL_DESIGN_GEOMETRIC_PRESENTATION_REPRESENTATION (  '', ( #1202 ), #2572 ) ;
#4408 = DIRECTION ( 'NONE',  ( 1.000000000000000000, 0.0000000000000000000, 0.0000000000000000000 ) ) ;
#4409 = PLANE ( 'NONE',  #255 ) ;
#4410 = LINE ( 'NONE', #4431, #4301 ) ;
#4411 = EDGE_LOOP ( 'NONE', ( #197, #2295, #4504, #3998 ) ) ;
#4412 = LINE ( 'NONE', #3630, #2717 ) ;
#4413 = ORIENTED_EDGE ( 'NONE', *, *, #4342, .T. ) ;
#4414 = CARTESIAN_POINT ( 'NONE',  ( 5.500000000000000000, 0.1499999992184100073, -5.580000000000110205 ) ) ;
#4415 = LINE ( 'NONE', #2312, #646 ) ;
#4416 = DIRECTION ( 'NONE',  ( 0.0000000000000000000, 1.000000000000000000, 0.0000000000000000000 ) ) ;
#4417 = CARTESIAN_POINT ( 'NONE',  ( 7.704833395016039255, 0.0000000000000000000, -13.29999999999999893 ) ) ;
#4418 = DIRECTION ( 'NONE',  ( 0.0000000000000000000, -1.000000000000000000, 0.0000000000000000000 ) ) ;
#4419 = DIRECTION ( 'NONE',  ( -1.000000000000000000, 9.854725885076845551E-16, 0.0000000000000000000 ) ) ;
#4420 = DIRECTION ( 'NONE',  ( 1.000000000000000000, 0.0000000000000000000, 0.0000000000000000000 ) ) ;
#4421 = PRODUCT_RELATED_PRODUCT_CATEGORY ( 'part', '', ( #3721 ) ) ;
#4422 = DIRECTION ( 'NONE',  ( -1.259827545673939797E-16, 1.000000000000000000, 0.0000000000000000000 ) ) ;
#4423 = EDGE_CURVE ( 'NONE', #1602, #3600, #2688, .T. ) ;
#4424 = CARTESIAN_POINT ( 'NONE',  ( 5.200000000000000178, 12.94999999999999929, -1.612082860990529776 ) ) ;
#4425 = COLOUR_RGB ( '',0.2862745098039215508, 0.6431372549019607199, 0.8666666666666666963 ) ;
#4426 = FACE_BOUND ( 'NONE', #1373, .T. ) ;
#4427 = DIRECTION ( 'NONE',  ( 1.000000000000000000, 3.334909476821829649E-28, 1.794541526872530066E-14 ) ) ;
#4428 = ADVANCED_FACE ( 'NONE', ( #3498 ), #4206, .T. ) ;
#4429 = ADVANCED_FACE ( 'NONE', ( #4610 ), #4591, .T. ) ;
#4430 = ORIENTED_EDGE ( 'NONE', *, *, #4514, .T. ) ;
#4431 = CARTESIAN_POINT ( 'NONE',  ( 7.681739384248460034, 66.32999999999999829, 1.920000000000000151 ) ) ;
#4432 = ORIENTED_EDGE ( 'NONE', *, *, #186, .T. ) ;
#4433 = STYLED_ITEM ( 'NONE', ( #2635 ), #3836 ) ;
#4434 = CARTESIAN_POINT ( 'NONE',  ( 0.0000000000000000000, 7.100000000000000533, -12.69999999999999929 ) ) ;
#4435 = PRESENTATION_LAYER_ASSIGNMENT (  '', '', ( #2980 ) ) ;
#4436 = ORIENTED_EDGE ( 'NONE', *, *, #3027, .T. ) ;
#4437 = CARTESIAN_POINT ( 'NONE',  ( 4.799999999999999822, 11.61764705882350057, -10.16000000000000014 ) ) ;
#4438 = ORIENTED_EDGE ( 'NONE', *, *, #239, .F. ) ;
#4439 = CARTESIAN_POINT ( 'NONE',  ( 3.803828682673589867, 2.603569110966910127, -5.513290071382219715 ) ) ;
#4440 = CARTESIAN_POINT ( 'NONE',  ( 5.200000000000000178, 12.41362307109989871, -11.92776029751389899 ) ) ;
#4441 =( GEOMETRIC_REPRESENTATION_CONTEXT ( 3 ) GLOBAL_UNCERTAINTY_ASSIGNED_CONTEXT ( ( #478 ) ) GLOBAL_UNIT_ASSIGNED_CONTEXT ( ( #3079, #3056, #507 ) ) REPRESENTATION_CONTEXT ( 'NONE', 'WORKASPACE' ) );
#4442 = LINE ( 'NONE', #2959, #1007 ) ;
#4443 = VECTOR ( 'NONE', #1900, 1000.000000000000000 ) ;
#4444 = DIRECTION ( 'NONE',  ( 0.0000000000000000000, -1.000000000000000000, 0.0000000000000000000 ) ) ;
#4445 = DIRECTION ( 'NONE',  ( 0.0000000000000000000, -1.000000000000000000, 0.0000000000000000000 ) ) ;
#4446 = PLANE ( 'NONE',  #640 ) ;
#4447 = ORIENTED_EDGE ( 'NONE', *, *, #1967, .T. ) ;
#4448 = LINE ( 'NONE', #2272, #353 ) ;
#4449 = CARTESIAN_POINT ( 'NONE',  ( 2.799999999999999378, 14.09999999999999964, 0.0000000000000000000 ) ) ;
#4450 = APPLICATION_CONTEXT ( 'automotive_design' ) ;
#4451 = UNCERTAINTY_MEASURE_WITH_UNIT (LENGTH_MEASURE( 1.000000000000000082E-05 ), #971, 'distance_accuracy_value', 'NONE');
#4452 = CARTESIAN_POINT ( 'NONE',  ( 4.400000000000000355, 12.86156426583993984, -11.87424679675905992 ) ) ;
#4453 =( NAMED_UNIT ( * ) SI_UNIT ( $, .STERADIAN. ) SOLID_ANGLE_UNIT ( ) );
#4454 = VERTEX_POINT ( 'NONE', #2138 ) ;
#4455 = DIRECTION ( 'NONE',  ( -1.000000000000000000, 0.0000000000000000000, 0.0000000000000000000 ) ) ;
#4456 = AXIS2_PLACEMENT_3D ( 'NONE', #2006, #4572, #2753 ) ;
#4457 = AXIS2_PLACEMENT_3D ( 'NONE', #3640, #1905, #3080 ) ;
#4458 = EDGE_CURVE ( 'NONE', #787, #439, #555, .T. ) ;
#4459 = EDGE_CURVE ( 'NONE', #3557, #1613, #981, .T. ) ;
#4460 = STYLED_ITEM ( 'NONE', ( #2881 ), #1042 ) ;
#4461 = VERTEX_POINT ( 'NONE', #2072 ) ;
#4462 = DIRECTION ( 'NONE',  ( -0.7327934916262990317, -0.6804510993672779895, 0.0000000000000000000 ) ) ;
#4463 = DIRECTION ( 'NONE',  ( -1.000000000000000000, 0.0000000000000000000, -1.794541526872530066E-14 ) ) ;
#4464 = COLOUR_RGB ( '',0.2862745098039215508, 0.6431372549019607199, 0.8666666666666666963 ) ;
#4465 = VECTOR ( 'NONE', #2834, 1000.000000000000000 ) ;
#4466 = PRESENTATION_STYLE_ASSIGNMENT (( #4101 ) ) ;
#4467 = MECHANICAL_DESIGN_GEOMETRIC_PRESENTATION_REPRESENTATION (  '', ( #3241 ), #337 ) ;
#4468 = PRESENTATION_STYLE_ASSIGNMENT (( #3330 ) ) ;
#4469 = CARTESIAN_POINT ( 'NONE',  ( 5.134046399818389754E-15, 6.700000000000000178, -3.779999999999999805 ) ) ;
#4470 = DIRECTION ( 'NONE',  ( 0.0000000000000000000, -1.000000000000000000, 0.0000000000000000000 ) ) ;
#4471 = DIRECTION ( 'NONE',  ( -1.931148907734990011E-16, 0.0000000000000000000, -1.000000000000000000 ) ) ;
#4472 = SURFACE_SIDE_STYLE ('',( #2321 ) ) ;
#4473 = ORIENTED_EDGE ( 'NONE', *, *, #3274, .F. ) ;
#4474 = VECTOR ( 'NONE', #1984, 1000.000000000000000 ) ;
#4475 = CARTESIAN_POINT ( 'NONE',  ( 4.700000000000000178, 4.984159143999969288, -1.000000000000209832 ) ) ;
#4476 = CARTESIAN_POINT ( 'NONE',  ( 4.400000000000000355, 12.94999999999999929, -8.540423491908452291 ) ) ;
#4477 = COLOUR_RGB ( '',0.2862745098039215508, 0.6431372549019607199, 0.8666666666666666963 ) ;
#4478 = DIRECTION ( 'NONE',  ( 0.0000000000000000000, -0.1961161351381831008, 0.9805806756909204447 ) ) ;
#4479 = ORIENTED_EDGE ( 'NONE', *, *, #945, .T. ) ;
#4480 = EDGE_LOOP ( 'NONE', ( #942, #2448, #2596, #2911 ) ) ;
#4481 = PRESENTATION_LAYER_ASSIGNMENT (  '', '', ( #428 ) ) ;
#4482 = DIRECTION ( 'NONE',  ( 0.0000000000000000000, -0.9805806756909201116, 0.1961161351381840445 ) ) ;
#4483 = AXIS2_PLACEMENT_3D ( 'NONE', #3594, #2967, #3269 ) ;
#4484 = EDGE_CURVE ( 'NONE', #2108, #3383, #3521, .T. ) ;
#4485 = EDGE_CURVE ( 'NONE', #1507, #4378, #4273, .T. ) ;
#4486 = ORIENTED_EDGE ( 'NONE', *, *, #3535, .T. ) ;
#4487 = DIRECTION ( 'NONE',  ( -1.398970545142589993E-16, -1.000000000000000000, 0.0000000000000000000 ) ) ;
#4488 = ORIENTED_EDGE ( 'NONE', *, *, #1322, .T. ) ;
#4489 = VERTEX_POINT ( 'NONE', #4031 ) ;
#4490 = DIRECTION ( 'NONE',  ( -1.259827545673939797E-16, 1.000000000000000000, 0.0000000000000000000 ) ) ;
#4491 = ORIENTED_EDGE ( 'NONE', *, *, #4285, .T. ) ;
#4492 = SURFACE_STYLE_FILL_AREA ( #1972 ) ;
#4493 = FILL_AREA_STYLE_COLOUR ( '', #254 ) ;
#4494 = FACE_OUTER_BOUND ( 'NONE', #283, .T. ) ;
#4495 = AXIS2_PLACEMENT_3D ( 'NONE', #2770, #2803, #602 ) ;
#4496 = LINE ( 'NONE', #4133, #4047 ) ;
#4497 = ORIENTED_EDGE ( 'NONE', *, *, #2054, .F. ) ;
#4498 = CARTESIAN_POINT ( 'NONE',  ( 4.799999999999999822, 12.86156426583980128, 0.0000000000000000000 ) ) ;
#4499 = PLANE ( 'NONE',  #1323 ) ;
#4500 = UNCERTAINTY_MEASURE_WITH_UNIT (LENGTH_MEASURE( 1.000000000000000082E-05 ), #3505, 'distance_accuracy_value', 'NONE');
#4501 = SURFACE_STYLE_USAGE ( .BOTH. , #3041 ) ;
#4502 = ORIENTED_EDGE ( 'NONE', *, *, #3223, .F. ) ;
#4503 = LINE ( 'NONE', #2377, #2945 ) ;
#4504 = ORIENTED_EDGE ( 'NONE', *, *, #3307, .F. ) ;
#4505 = STYLED_ITEM ( 'NONE', ( #3520 ), #3781 ) ;
#4506 = EDGE_LOOP ( 'NONE', ( #4120, #1804, #3320, #2434 ) ) ;
#4507 = ORIENTED_EDGE ( 'NONE', *, *, #2002, .T. ) ;
#4508 = CARTESIAN_POINT ( 'NONE',  ( 1.498756443470180111, 2.299999999999999822, -1.300000000000000044 ) ) ;
#4509 = CARTESIAN_POINT ( 'NONE',  ( 6.500000000000000000, 11.64999999999999858, -10.16000000000000014 ) ) ;
#4510 = FACE_OUTER_BOUND ( 'NONE', #3099, .T. ) ;
#4511 = VERTEX_POINT ( 'NONE', #1064 ) ;
#4512 = VECTOR ( 'NONE', #2822, 1000.000000000000000 ) ;
#4513 = CARTESIAN_POINT ( 'NONE',  ( 5.200000000000000178, 12.41362307109989871, -6.847760297513900696 ) ) ;
#4514 = EDGE_CURVE ( 'NONE', #2670, #3134, #2915, .T. ) ;
#4515 = CARTESIAN_POINT ( 'NONE',  ( 5.200000000000000178, 12.93435702003183962, -8.491368332954536413 ) ) ;
#4516 = EDGE_CURVE ( 'NONE', #287, #1950, #3329, .T. ) ;
#4517 = VECTOR ( 'NONE', #241, 999.9999999999998863 ) ;
#4518 = LINE ( 'NONE', #832, #3007 ) ;
#4519 = CARTESIAN_POINT ( 'NONE',  ( 0.8925833024919769265, 66.32999999999999829, 2.544999999999999929 ) ) ;
#4520 = DIRECTION ( 'NONE',  ( 0.3271105638831670048, 0.0000000000000000000, -0.9449860734402579787 ) ) ;
#4521 = DIRECTION ( 'NONE',  ( 1.794541526872530066E-14, -1.794571435898010095E-14, -1.000000000000000000 ) ) ;
#4522 =( NAMED_UNIT ( * ) PLANE_ANGLE_UNIT ( ) SI_UNIT ( $, .RADIAN. ) );
#4523 = CARTESIAN_POINT ( 'NONE',  ( 1.858775821003269879, 13.84853250811990044, 2.540000000000000036 ) ) ;
#4524 = ORIENTED_EDGE ( 'NONE', *, *, #3257, .F. ) ;
#4525 = LINE ( 'NONE', #1248, #4474 ) ;
#4526 = EDGE_LOOP ( 'NONE', ( #2339, #977, #1159, #1893 ) ) ;
#4527 = EDGE_LOOP ( 'NONE', ( #1729, #2199, #2364, #4507 ) ) ;
#4528 = CARTESIAN_POINT ( 'NONE',  ( 5.200000000000000178, 12.88032890577941103, 1.710780456546906692 ) ) ;
#4529 = CARTESIAN_POINT ( 'NONE',  ( 4.799999999999999822, 12.86156426583980128, -5.080000000000000071 ) ) ;
#4530 = CARTESIAN_POINT ( 'NONE',  ( 1.600000000000000089, 5.299999999999999822, -3.779999999999999805 ) ) ;
#4531 = AXIS2_PLACEMENT_3D ( 'NONE', #285, #1348, #2470 ) ;
#4532 = ORIENTED_EDGE ( 'NONE', *, *, #1648, .T. ) ;
#4533 = DIRECTION ( 'NONE',  ( 0.0000000000000000000, 0.0000000000000000000, -1.000000000000000000 ) ) ;
#4534 = VECTOR ( 'NONE', #4057, 1000.000000000000000 ) ;
#4535 = CARTESIAN_POINT ( 'NONE',  ( 1.600000000000000089, 5.299999999999999822, -6.379999999999999893 ) ) ;
#4536 = DIRECTION ( 'NONE',  ( 0.0000000000000000000, 0.0000000000000000000, -1.000000000000000000 ) ) ;
#4537 = CARTESIAN_POINT ( 'NONE',  ( 5.200000000000000178, 12.89114242096455420, -8.453454429890225441 ) ) ;
#4538 = PRESENTATION_LAYER_ASSIGNMENT (  '', '', ( #1867 ) ) ;
#4539 = CARTESIAN_POINT ( 'NONE',  ( 5.200000000000000178, 12.75618793725179856, 1.726844664420549957 ) ) ;
#4540 = DIRECTION ( 'NONE',  ( 0.0000000000000000000, 0.0000000000000000000, -1.000000000000000000 ) ) ;
#4541 = ADVANCED_FACE ( 'NONE', ( #707 ), #3348, .T. ) ;
#4542 = ADVANCED_FACE ( 'NONE', ( #4079 ), #3658, .F. ) ;
#4543 = PLANE ( 'NONE',  #2088 ) ;
#4544 = AXIS2_PLACEMENT_3D ( 'NONE', #1655, #3123, #591 ) ;
#4545 = UNCERTAINTY_MEASURE_WITH_UNIT (LENGTH_MEASURE( 1.000000000000000082E-05 ), #4336, 'distance_accuracy_value', 'NONE');
#4546 = SURFACE_STYLE_FILL_AREA ( #4162 ) ;
#4547 = CARTESIAN_POINT ( 'NONE',  ( 5.500000000000000000, -3.500000000000000000, -5.379999999999999893 ) ) ;
#4548 = PRESENTATION_STYLE_ASSIGNMENT (( #2036 ) ) ;
#4549 = AXIS2_PLACEMENT_3D ( 'NONE', #2508, #46, #4032 ) ;
#4550 = EDGE_LOOP ( 'NONE', ( #2661, #2353, #4392, #2066 ) ) ;
#4551 = CARTESIAN_POINT ( 'NONE',  ( 5.200000000000000178, 12.94920261174203979, -11.78506527377805924 ) ) ;
#4552 = ORIENTED_EDGE ( 'NONE', *, *, #2195, .T. ) ;
#4553 = LINE ( 'NONE', #4140, #964 ) ;
#4554 = ORIENTED_EDGE ( 'NONE', *, *, #4681, .F. ) ;
#4555 = CARTESIAN_POINT ( 'NONE',  ( 5.200000000000000178, 12.92795948528051042, -1.677530025087430321 ) ) ;
#4556 = ORIENTED_EDGE ( 'NONE', *, *, #3086, .F. ) ;
#4557 = VERTEX_POINT ( 'NONE', #395 ) ;
#4558 = LINE ( 'NONE', #1948, #1712 ) ;
#4559 = MECHANICAL_DESIGN_GEOMETRIC_PRESENTATION_REPRESENTATION (  '', ( #1121 ), #2884 ) ;
#4560 = ORIENTED_EDGE ( 'NONE', *, *, #4570, .F. ) ;
#4561 = FACE_OUTER_BOUND ( 'NONE', #3, .T. ) ;
#4562 = CARTESIAN_POINT ( 'NONE',  ( 7.666390328872330073, 14.09999999999999964, 2.540000000000000036 ) ) ;
#4563 = ORIENTED_EDGE ( 'NONE', *, *, #1474, .F. ) ;
#4564 = CARTESIAN_POINT ( 'NONE',  ( 4.799999999999999822, 12.84999999999999964, -10.16000000000000014 ) ) ;
#4565 = B_SPLINE_CURVE_WITH_KNOTS ( 'NONE', 3,
 ( #368, #3982, #2602, #4053, #2232, #2160, #850, #3635, #1830, #3286, #18, #1472, #2675, #3901, #2281, #3072 ),
 .UNSPECIFIED., .F., .F.,
 ( 4, 3, 3, 3, 3, 4 ),
 ( 0.0000000000000000000, 3.531517381846180402E-05, 7.066450544158462267E-05, 0.0001054618491226605974, 0.0001392987215180697307, 0.0001469974402360755964 ),
 .UNSPECIFIED. ) ;
#4566 = CARTESIAN_POINT ( 'NONE',  ( 5.200000000000000178, 12.90078847566542031, -8.459296799041098325 ) ) ;
#4567 =( NAMED_UNIT ( * ) SI_UNIT ( $, .STERADIAN. ) SOLID_ANGLE_UNIT ( ) );
#4568 = CARTESIAN_POINT ( 'NONE',  ( 6.638586165161050255E-16, 1.800000000000000044, -8.859999999999999432 ) ) ;
#4569 = CARTESIAN_POINT ( 'NONE',  ( 1.300000000000000044, 5.299999999999999822, 1.300000000000000044 ) ) ;
#4570 = EDGE_CURVE ( 'NONE', #521, #4180, #4442, .T. ) ;
#4571 = CARTESIAN_POINT ( 'NONE',  ( 5.200000000000000178, 12.89327681032674100, -6.784820330736279992 ) ) ;
#4572 = DIRECTION ( 'NONE',  ( 1.171453342316279939E-15, 1.000000000000000000, 0.0000000000000000000 ) ) ;
#4573 = DIRECTION ( 'NONE',  ( -1.084202172485509956E-15, -1.000000000000000000, 2.093755841159289733E-31 ) ) ;
#4574 = EDGE_CURVE ( 'NONE', #3124, #703, #3818, .T. ) ;
#4575 = EDGE_CURVE ( 'NONE', #183, #1468, #43, .T. ) ;
#4576 = ORIENTED_EDGE ( 'NONE', *, *, #4340, .T. ) ;
#4577 = ORIENTED_EDGE ( 'NONE', *, *, #3447, .F. ) ;
#4578 = LINE ( 'NONE', #4600, #1650 ) ;
#4579 = ORIENTED_EDGE ( 'NONE', *, *, #3422, .F. ) ;
#4580 = ORIENTED_EDGE ( 'NONE', *, *, #1532, .T. ) ;
#4581 = DIRECTION ( 'NONE',  ( 2.153210529380050327E-16, 0.9805806756909201116, -0.1961161351381840445 ) ) ;
#4582 = PLANE ( 'NONE',  #2406 ) ;
#4583 = EDGE_LOOP ( 'NONE', ( #1326, #2182, #2696, #1748 ) ) ;
#4584 = AXIS2_PLACEMENT_3D ( 'NONE', #998, #2047, #3545 ) ;
#4585 = VERTEX_POINT ( 'NONE', #3684 ) ;
#4586 =( NAMED_UNIT ( * ) SI_UNIT ( $, .STERADIAN. ) SOLID_ANGLE_UNIT ( ) );
#4587 = ORIENTED_EDGE ( 'NONE', *, *, #2473, .F. ) ;
#4588 = DIRECTION ( 'NONE',  ( -0.5000000000000003331, 0.0000000000000000000, -0.8660254037844383745 ) ) ;
#4589 = VECTOR ( 'NONE', #3791, 1000.000000000000114 ) ;
#4590 = UNCERTAINTY_MEASURE_WITH_UNIT (LENGTH_MEASURE( 1.000000000000000082E-05 ), #3758, 'distance_accuracy_value', 'NONE');
#4591 = CONICAL_SURFACE ( 'NONE', #1836, 1.749999999999999778, 0.1159019744065879071 ) ;
#4592 = LINE ( 'NONE', #4568, #1723 ) ;
#4593 = UNCERTAINTY_MEASURE_WITH_UNIT (LENGTH_MEASURE( 1.000000000000000082E-05 ), #2897, 'distance_accuracy_value', 'NONE');
#4594 = CARTESIAN_POINT ( 'NONE',  ( 1.498756443470180111, 2.299999999999999822, -8.859999999999999432 ) ) ;
#4595 = PRESENTATION_STYLE_ASSIGNMENT (( #1742 ) ) ;
#4596 = VERTEX_POINT ( 'NONE', #86 ) ;
#4597 = ORIENTED_EDGE ( 'NONE', *, *, #3224, .F. ) ;
#4598 = CARTESIAN_POINT ( 'NONE',  ( 5.200000000000000178, 12.89327681032674100, -11.86482033073628095 ) ) ;
#4599 = SURFACE_SIDE_STYLE ('',( #4242 ) ) ;
#4600 = CARTESIAN_POINT ( 'NONE',  ( 1.531243556529819916, 0.0000000000000000000, 2.503730669589500302 ) ) ;
#4601 = ORIENTED_EDGE ( 'NONE', *, *, #2994, .F. ) ;
#4602 = EDGE_CURVE ( 'NONE', #1318, #2718, #1542, .T. ) ;
#4603 = ORIENTED_EDGE ( 'NONE', *, *, #4372, .T. ) ;
#4604 = EDGE_CURVE ( 'NONE', #3932, #2928, #4565, .T. ) ;
#4605 = DIRECTION ( 'NONE',  ( 0.0000000000000000000, 0.0000000000000000000, -1.000000000000000000 ) ) ;
#4606 = VERTEX_POINT ( 'NONE', #262 ) ;
#4607 = ORIENTED_EDGE ( 'NONE', *, *, #3504, .F. ) ;
#4608 = DIRECTION ( 'NONE',  ( 0.0000000000000000000, 1.000000000000000000, 0.0000000000000000000 ) ) ;
#4609 = CARTESIAN_POINT ( 'NONE',  ( 4.700000000000000178, -2.500000000000000000, -10.66000000000000014 ) ) ;
#4610 = FACE_OUTER_BOUND ( 'NONE', #4660, .T. ) ;
#4611 = AXIS2_PLACEMENT_3D ( 'NONE', #2211, #3690, #4419 ) ;
#4612 = CARTESIAN_POINT ( 'NONE',  ( 5.200000000000000178, 12.91070467253999077, -3.385302786412163201 ) ) ;
#4613 = VECTOR ( 'NONE', #242, 1000.000000000000000 ) ;
#4614 = ORIENTED_EDGE ( 'NONE', *, *, #775, .T. ) ;
#4615 = VECTOR ( 'NONE', #3374, 1000.000000000000114 ) ;
#4616 = ORIENTED_EDGE ( 'NONE', *, *, #1178, .F. ) ;
#4617 = DIRECTION ( 'NONE',  ( 0.0000000000000000000, 0.0000000000000000000, 1.000000000000000000 ) ) ;
#4618 = FILL_AREA_STYLE ('',( #1321 ) ) ;
#4619 =( GEOMETRIC_REPRESENTATION_CONTEXT ( 3 ) GLOBAL_UNCERTAINTY_ASSIGNED_CONTEXT ( ( #3386 ) ) GLOBAL_UNIT_ASSIGNED_CONTEXT ( ( #1645, #4207, #576 ) ) REPRESENTATION_CONTEXT ( 'NONE', 'WORKASPACE' ) );
#4620 = CARTESIAN_POINT ( 'NONE',  ( 4.700000000000000178, 4.984159143999969288, -11.16000000000019909 ) ) ;
#4621 = ORIENTED_EDGE ( 'NONE', *, *, #1993, .F. ) ;
#4622 = VERTEX_POINT ( 'NONE', #3159 ) ;
#4623 = VECTOR ( 'NONE', #2819, 1000.000000000000000 ) ;
#4624 = LINE ( 'NONE', #4317, #1562 ) ;
#4625 = EDGE_CURVE ( 'NONE', #787, #1247, #1252, .T. ) ;
#4626 = VECTOR ( 'NONE', #3415, 1000.000000000000000 ) ;
#4627 = EDGE_CURVE ( 'NONE', #2477, #2541, #1970, .T. ) ;
#4628 = EDGE_LOOP ( 'NONE', ( #2328, #4447, #2573, #1964 ) ) ;
#4629 = ORIENTED_EDGE ( 'NONE', *, *, #3677, .T. ) ;
#4630 = CARTESIAN_POINT ( 'NONE',  ( 1.498756443470180111, 0.0000000000000000000, -12.69999999999999929 ) ) ;
#4631 = DIRECTION ( 'NONE',  ( 0.0000000000000000000, 0.0000000000000000000, -1.000000000000000000 ) ) ;
#4632 = CARTESIAN_POINT ( 'NONE',  ( 4.400000000000000355, 12.94798944267146190, -6.715789504933066034 ) ) ;
#4633 = ADVANCED_FACE ( 'NONE', ( #2695, #4510, #4147, #4125 ), #1949, .T. ) ;
#4634 = EDGE_CURVE ( 'NONE', #2151, #2370, #3874, .T. ) ;
#4635 = FILL_AREA_STYLE ('',( #3176 ) ) ;
#4636 = ORIENTED_EDGE ( 'NONE', *, *, #246, .F. ) ;
#4637 = DIRECTION ( 'NONE',  ( -1.000000000000000000, 1.171453342316279742E-15, 0.0000000000000000000 ) ) ;
#4638 =( NAMED_UNIT ( * ) SI_UNIT ( $, .STERADIAN. ) SOLID_ANGLE_UNIT ( ) );
#4639 = CARTESIAN_POINT ( 'NONE',  ( 4.400000000000000355, 12.86156426583993984, -1.714246796759085090 ) ) ;
#4640 = ORIENTED_EDGE ( 'NONE', *, *, #157, .T. ) ;
#4641 = CARTESIAN_POINT ( 'NONE',  ( 5.200000000000000178, 12.94973344514886016, -11.78076226691117157 ) ) ;
#4642 = DIRECTION ( 'NONE',  ( -2.153210529380050820E-16, -0.9805806756909203337, -0.1961161351381830731 ) ) ;
#4643 = ORIENTED_EDGE ( 'NONE', *, *, #2757, .T. ) ;
#4644 = DIRECTION ( 'NONE',  ( 0.0000000000000000000, -0.1961161351381831008, 0.9805806756909204447 ) ) ;
#4645 = ORIENTED_EDGE ( 'NONE', *, *, #1798, .T. ) ;
#4646 = ORIENTED_EDGE ( 'NONE', *, *, #3715, .F. ) ;
#4647 = AXIS2_PLACEMENT_3D ( 'NONE', #3267, #4720, #1122 ) ;
#4648 = FACE_OUTER_BOUND ( 'NONE', #753, .T. ) ;
#4649 = LINE ( 'NONE', #4630, #3425 ) ;
#4650 = CARTESIAN_POINT ( 'NONE',  ( 1.300000000000000044, 2.299999999999999822, 1.300000000000000044 ) ) ;
#4651 = CARTESIAN_POINT ( 'NONE',  ( 4.400000000000000355, 12.90078847566542031, -6.780703200958899224 ) ) ;
#4652 = AXIS2_PLACEMENT_3D ( 'NONE', #2462, #4271, #1288 ) ;
#4653 = CARTESIAN_POINT ( 'NONE',  ( 5.200000000000000178, 12.94022597148092224, -3.421977066806416001 ) ) ;
#4654 = VECTOR ( 'NONE', #4297, 999.9999999999998863 ) ;
#4655 = FILL_AREA_STYLE_COLOUR ( '', #3376 ) ;
#4656 = EDGE_CURVE ( 'NONE', #4557, #1909, #1158, .T. ) ;
#4657 = ADVANCED_FACE ( 'NONE', ( #3050 ), #3139, .T. ) ;
#4658 = DIRECTION ( 'NONE',  ( 0.0000000000000000000, 0.0000000000000000000, -1.000000000000000000 ) ) ;
#4659 =( NAMED_UNIT ( * ) PLANE_ANGLE_UNIT ( ) SI_UNIT ( $, .RADIAN. ) );
#4660 = EDGE_LOOP ( 'NONE', ( #3849, #1317, #1700, #446, #1771, #1417, #3281, #4174 ) ) ;
#4661 = VERTEX_POINT ( 'NONE', #1612 ) ;
#4662 = SURFACE_STYLE_FILL_AREA ( #1421 ) ;
#4663 = DIRECTION ( 'NONE',  ( 0.0000000000000000000, 0.0000000000000000000, 1.000000000000000000 ) ) ;
#4664 = STYLED_ITEM ( 'NONE', ( #4466 ), #4633 ) ;
#4665 = ORIENTED_EDGE ( 'NONE', *, *, #2196, .T. ) ;
#4666 = VERTEX_POINT ( 'NONE', #874 ) ;
#4667 = FACE_OUTER_BOUND ( 'NONE', #4293, .T. ) ;
#4668 = ORIENTED_EDGE ( 'NONE', *, *, #1763, .F. ) ;
#4669 = ORIENTED_EDGE ( 'NONE', *, *, #246, .T. ) ;
#4670 = DIRECTION ( 'NONE',  ( -1.000000000000000000, 9.136576017758445997E-16, 0.0000000000000000000 ) ) ;
#4671 = LINE ( 'NONE', #4324, #4314 ) ;
#4672 = CARTESIAN_POINT ( 'NONE',  ( 4.400000000000000355, 12.86672273822259704, -6.793524937923187679 ) ) ;
#4673 = FILL_AREA_STYLE ('',( #1409 ) ) ;
#4674 = DIRECTION ( 'NONE',  ( 0.0000000000000000000, 0.0000000000000000000, -1.000000000000000000 ) ) ;
#4675 = AXIS2_PLACEMENT_3D ( 'NONE', #763, #4422, #3664 ) ;
#4676 = CARTESIAN_POINT ( 'NONE',  ( 5.500000000000000000, -2.500000000000000000, -5.580000000000000071 ) ) ;
#4677 = UNCERTAINTY_MEASURE_WITH_UNIT (LENGTH_MEASURE( 1.000000000000000082E-05 ), #3636, 'distance_accuracy_value', 'NONE');
#4678 = CARTESIAN_POINT ( 'NONE',  ( 4.799999999999999822, 12.94999999999999929, 0.0000000000000000000 ) ) ;
#4679 = PRESENTATION_LAYER_ASSIGNMENT (  '', '', ( #2008 ) ) ;
#4680 = PRESENTATION_LAYER_ASSIGNMENT (  '', '', ( #2009 ) ) ;
#4681 = EDGE_CURVE ( 'NONE', #2130, #650, #1922, .T. ) ;
#4682 =( NAMED_UNIT ( * ) SI_UNIT ( $, .STERADIAN. ) SOLID_ANGLE_UNIT ( ) );
#4683 = EDGE_CURVE ( 'NONE', #841, #3262, #1587, .T. ) ;
#4684 = CARTESIAN_POINT ( 'NONE',  ( 5.200000000000000178, 12.86672273822256329, 1.713524937923193603 ) ) ;
#4685 = ORIENTED_EDGE ( 'NONE', *, *, #2933, .F. ) ;
#4686 = DIRECTION ( 'NONE',  ( 1.794541526872530066E-14, -1.794541526872519968E-14, -1.000000000000000000 ) ) ;
#4687 = STYLED_ITEM ( 'NONE', ( #3765 ), #1475 ) ;
#4688 =( GEOMETRIC_REPRESENTATION_CONTEXT ( 3 ) GLOBAL_UNCERTAINTY_ASSIGNED_CONTEXT ( ( #4210 ) ) GLOBAL_UNIT_ASSIGNED_CONTEXT ( ( #235, #4659, #1032 ) ) REPRESENTATION_CONTEXT ( 'NONE', 'WORKASPACE' ) );
#4689 = CARTESIAN_POINT ( 'NONE',  ( 0.5317393842484610111, 0.0000000000000000000, 1.920000000000000151 ) ) ;
#4690 = VECTOR ( 'NONE', #514, 1000.000000000000000 ) ;
#4691 = EDGE_LOOP ( 'NONE', ( #1255, #4195 ) ) ;
#4692 = VERTEX_POINT ( 'NONE', #1565 ) ;
#4693 = EDGE_LOOP ( 'NONE', ( #2063, #218, #1098, #2040 ) ) ;
#4694 = VECTOR ( 'NONE', #3299, 1000.000000000000000 ) ;
#4695 = PRESENTATION_LAYER_ASSIGNMENT (  '', '', ( #3464 ) ) ;
#4696 = VERTEX_POINT ( 'NONE', #3786 ) ;
#4697 = PLANE ( 'NONE',  #811 ) ;
#4698 = CARTESIAN_POINT ( 'NONE',  ( 5.499999999999869438, 0.0000000000000000000, 2.539999999999910330 ) ) ;
#4699 = CARTESIAN_POINT ( 'NONE',  ( 5.200000000000000178, 12.94999999999999929, -8.547917139009470588 ) ) ;
#4701 = COLOUR_RGB ( '',0.2862745098039215508, 0.6431372549019607199, 0.8666666666666666963 ) ;
#4700 = CARTESIAN_POINT ( 'NONE',  ( 4.400000000000000355, 12.86414866789778699, -6.793937828364079223 ) ) ;
#4702 = CARTESIAN_POINT ( 'NONE',  ( 5.499999999999779732, 0.0000000000000000000, 2.539999999999910330 ) ) ;
#4703 = COLOUR_RGB ( '',0.2862745098039215508, 0.6431372549019607199, 0.8666666666666666963 ) ;
#4704 = CARTESIAN_POINT ( 'NONE',  ( 1.300000000000000044, 2.299999999999999822, -8.859999999999999432 ) ) ;
#4705 = DIRECTION ( 'NONE',  ( -0.9449860734402578677, 0.0000000000000000000, 0.3271105638831669493 ) ) ;
#4706 = DIRECTION ( 'NONE',  ( 0.0000000000000000000, 0.0000000000000000000, 1.000000000000000000 ) ) ;
#4707 = CIRCLE ( 'NONE', #1047, 1.660966932452119682 ) ;
#4708 = SURFACE_SIDE_STYLE ('',( #3250 ) ) ;
#4709 = EDGE_LOOP ( 'NONE', ( #1207, #701, #2817, #4524, #1556, #2762 ) ) ;
#4710 = FACE_OUTER_BOUND ( 'NONE', #870, .T. ) ;
#4711 = PRESENTATION_STYLE_ASSIGNMENT (( #4241 ) ) ;
#4712 = EDGE_CURVE ( 'NONE', #2359, #291, #825, .T. ) ;
#4713 = DIRECTION ( 'NONE',  ( 1.000000000000000000, 0.0000000000000000000, 0.0000000000000000000 ) ) ;
#4714 = CARTESIAN_POINT ( 'NONE',  ( 1.510303448853969943, 7.100000000000000533, 2.540000000000000036 ) ) ;
#4715 = DIRECTION ( 'NONE',  ( 0.0000000000000000000, 0.0000000000000000000, -1.000000000000000000 ) ) ;
#4716 = ORIENTED_EDGE ( 'NONE', *, *, #3858, .F. ) ;
#4717 = DIRECTION ( 'NONE',  ( 0.0000000000000000000, 0.9805806756909203337, 0.1961161351381830731 ) ) ;
#4718 = EDGE_CURVE ( 'NONE', #2526, #1420, #3644, .T. ) ;
#4719 = EDGE_CURVE ( 'NONE', #3652, #3562, #1074, .T. ) ;
#4720 = DIRECTION ( 'NONE',  ( 1.171453342316279939E-15, 1.000000000000000000, 0.0000000000000000000 ) ) ;
#4721 = NEXT_ASSEMBLY_USAGE_OCCURRENCE ( 'NAUO1', ' ', ' ', #2222, #3558, $ ) ;
#4722 = NEXT_ASSEMBLY_USAGE_OCCURRENCE ( 'NAUO2', ' ', ' ', #2222, #3558, $ ) ;
#4723 = NEXT_ASSEMBLY_USAGE_OCCURRENCE ( 'NAUO3', ' ', ' ', #2222, #3558, $ ) ;
#4724 = NEXT_ASSEMBLY_USAGE_OCCURRENCE ( 'NAUO4', ' ', ' ', #2222, #3558, $ ) ;
ENDSEC;
END-ISO-10303-21;
